Key,Source (EN),Target (KO),Context
event_auto1,"FBI REPORTS THAT CAR-JACKING IS NOW THE SECOND MOST COMMON CRIME IN AMERICA

Official FBI crime statistics for@YEAR indicate that carjacking, a crime where armed toughs drag motorists out of their cars, often at gunpoint or knifepoint, before taking their cars, has reached epidemic proportions.  It is now one of the most common crimes reported in the U.S., second only to random sniper shootings. Also, there is said to be an increasing overlap between these two crimes recently in urban areas, now that street gangs regularly spray any Mercedes automobile they spot with automatic weapons fire, often just to take the hood ornament as a trophy.

An FBI spokesperson told CNN today that ""...In a few years, we expect that all free-roaming Mercedes automobiles will be bereft of hood ornaments... for the same reason that all living rhinos in Africa now have their horns surgically removed by gamekeepers... just as the only surviving giraffes in the wild are now without tails -- since their tails are highly prized as whisk brooms, they would quite naturally be killed off by poachers if the gamekeepers didn't cut off their tails first... Same principle here....""

In related business news, Daimler-Chrysler, the large German auto maker and defense manufacturer, reported a 72% drop in sales of its Mercedes automobiles into the U.S. for the latest three-month period, and is reportedly considering either abandoning the U.S. market altogether, or creating an American version of its automobiles that has no hood ornament or other distinguishing insignia....

Crime has become THE big business in America, along with the construction and operation of prisons, and provision of security services.","FBI 보고서, 차량 강도가 미국에서 두 번째로 흔한 범죄가 되다

@YEAR년의 공식 FBI 범죄 통계에 따르면, 무장한 불량배들이 총이나 칼로 위협해 운전자를 차에서 끌어낸 뒤 차량을 빼앗는 자동차 강도 범죄가 급증하여 심각한 수준에 이르렀다고 합니다. 이 범죄는 현재 미국에서 보고되는 가장 흔한 범죄 중 하나로, 무차별 저격의 뒤를 이어 두 번째를 기록하고 있습니다. 또한 최근 도시 지역에서는 이 두 가지 범죄가 겹치는 경우가 늘어나고 있다고 하는데, 스트리트 갱단이 메르세데스-벤츠 차량을 발견하면 후드 엠블럼을 전리품으로 챙기기 위해 자동 화기를 난사하는 일이 빈번해졌기 때문입니다.

FBI 대변인은 오늘 CNN과의 인터뷰에서 ""몇 년 안에 길거리를 누비는 모든 메르세데스 벤츠 차량에서 엠블럼이 자취를 감추게 될 것으로 예상합니다. 이는 아프리카의 야생 동물 보호관들이 코뿔소의 뿔을 미리 수술로 제거하는 것과 같은 이유입니다. 야생에서 살아남은 기린들의 꼬리가 잘려 나간 것과도 같은 맥락이죠. 기린 꼬리가 먼지털이로 비싸게 팔리기 때문에 보호관들이 먼저 꼬리를 잘라주지 않으면 밀렵꾼들에게 죽임을 당하고 말 겁니다. 이번 사태도 같은 맥락이죠…""라고 밝혔습니다.

관련 비즈니스 뉴스에 따르면, 독일의 대형 자동차 및 방산 제조업체인 다임러-크라이슬러는 최근 3개월간 미국 내 메르세데스 차량 판매량이 72% 급감했다고 발표했습니다. 이에 따라 미국 시장에서 완전히 철수하거나, 엠블럼 및 벤츠임을 한 눈에 알아볼 수 있을만한 장식을 없앤 미국 전용 모델을 제작하는 방안을 검토 중인 것으로 알려졌습니다…

이제 교도소 건설 및 운영, 보안 서비스 제공과 더불어 범죄 자체가 미국의 신흥 유망 사업이 되었습니다.",
event_auto2,"SUBJECT:  DESIGN PROBLEMS WITH OUR 'TERMINATOR' SPORTS CAR LINE

Engineering has informed the Finance Division that we have a problem with the new ""Terminator"" model of the sports car line we introduced last year. Due to a design defect in the ventilation system, a small percentage (about 10%, we estimate) of the Terminators leak carbon monoxide into the passenger compartment with lethal effects, unless drivers keep their windows open (not an option in places like Minnesota).

We have to make a decision quickly -- we're getting anecdotal evidence from our dealers of a number of unexplained crashes, running off mountain roads, etc., by new customers who were driving Terminators. Probably from people passing out at the wheel before they suffocated.  This could be a serious P.R. problem if the press gets a whiff of this.

If we do a recall of the @YEAR Terminator to fix the problem, we are not only facing a @AMOUNT million direct cost, but lots of bad press and lawsuits from surviving family members of the victims to date.  We recommend, instead, that we just fix the problem in this year's model, and ""stonewall it"" about the defect in the @YEAR model.  It's your call, Chief....

SELECT ""YES"" TO ""STONEWALL IT"", ""NO"" TO DO A PRODUCT RECALL

 @CORPFULL'S LOSSES FROM LAWSUITS OVER DESIGN DEFECT IN ITS @FACT TERMINATOR MODEL GROW TO @AMOUNT MIL.

Losses continue to mount for the embattled car company, as a result of a decision by its Engineering Department not to inform top management of a design defect in the @FACT model of its popular Terminator automobile, which resulted in over 3,000 deaths from carbon monoxide poisoning of passengers in that vehicle. Apparently, the company's Engineering Dept. discovered the problem the following year, but rather than risk the wrath of top management, covered up the problem and quietly corrected the design flaw in subsequent models of the flashy sports sedan.

As soon as a consumer group blew the whistle on the Terminator, the company's CEO took firm action by firing the former head of Engineering, who is now in prison awaiting trial on federal charges of criminal conspiracy to cover up the safety hazard. The top management of the company has cooperated fully with @MISC officials, providing documents that will likely result in the engineer's conviction and incarceration for up to 50 years.

Even so, a large number of successful lawsuits filed against @CORPFULL have devastated its earnings.","제목: 스포츠카 ""터미네이터"" 라인업의 설계 결함 문제 건

기술 부서에서 지난해 출시한 신형 ""터미네이터"" 스포츠카 모델에 치명적인 문제가 있다고 재무부에 알려왔습니다. 환기 시스템의 구조적 설계 결함으로 인해 전체 생산량의 일부 (약 10% 추정)에서 승객실 내부로 치명적인 일산화탄소가 유입되는 현상이 발생하고 있습니다. 운전자가 창문을 열고 운행하지 않는 한 치사율이 극도로 높습니다 (미네소타처럼 추운 지역에서는 창문을 열고 운전하는 것이 불가능합니다).

빠른 의사결정이 시급합니다. 대리점들을 통해 신형 터미네이터 운전자들의 원인을 알 수 없는 추락 사고나 산길 탈선 사고 등의 제보가 속속 접수되고 있습니다. 아마도 차 안에서 질식사하기 직전 운전대 앞에서 의식을 잃은 것으로 추정됩니다. 만약 언론에서 이 사실을 눈치챈다면 걷잡을 수 없는 언론 및 이미지 위기로 번질 것입니다.

@YEAR년식 터미네이터 모델 전체를 리콜하여 결함을 수리할 경우, @AMOUNT백만 달러에 달하는 직접적인 결함 수리 비용이 발생할 뿐만 아니라 기업 평판 실추 및 기존 유가족들의 무수한 손해배상 소송에 직면하게 됩니다. 이에 우리는 해당 결함을 이번 연도 신모델에서만 조용히 수정하고, @YEAR년식 모델의 결함에 대해서는 철저히 ""쉬쉬하며 덮어둘 것""을 권고합니다. 최종 결정을 기다립니다…

""은폐"" 하려면 ""예"", 제품 리콜을 진행하려면 ""아니오""를 선택하십시오.

@CORPFULL, @FACT년식 ""터미네이터"" 모델 결함 소송 손실액 @AMOUNT백만 달러 규모로 증가

인기 스포츠 세단 터미네이터의 @FACT년식 모델에 발생한 설계 결함을 엔지니어링 부서가 경영진에 보고하지 않고 은폐하기로 결정했던 사건의 여파로, 해당 차량 탑승자 3,000여 명이 일산화탄소 중독으로 사망하면서 절체절명의 위기에 빠진 해당 완성차 업체, @CORPFULL의 손실액이 눈덩이처럼 불어나고 있습니다. 조사 결과 엔지니어링 부서는 문제 발생 이듬해 결함을 인지했으나, 최고경영진의 질책을 두려워한 나머지 사실을 은폐한 채 이후 출시된 모델에서만 몰래 결함을 수정했던 것으로 드러났습니다.

시민단체가 터미네이터의 결함을 폭로하자마자, CEO는 전 엔지니어링 부서장을 즉각 파면하는 등 강경 대응에 나섰습니다. 전 부서장은 현재 안전 위험 은폐를 위한 범죄 공모 혐의로 연방 검찰에 기소되어 수감된 상태입니다. 회사 최고경영진은 @MISC 관계자들에게 적극 협조하며 관련 내부 문건들을 제출했고, 이에 따라 해당 엔지니어는 최대 50년의 징역형을 선고받고 수감될 것으로 보입니다.

그러나 이러한 꼬리 끊기식 대응에도 불구하고, @CORPFULL을 상대로 쏟아진 잇따른 승소 판결로 인해 회사의 영업이익은 사실상 괴멸적인 타격을 입었습니다.",
event_auto3,"FROM:  LABOR RELATIONS/PERSONNEL DEPARTMENT SUBJ:  STAFFING DURING UPCOMING RUBBER WORKERS' STRIKE AGAINST @CORPFULL

As you know, the Rubber Workers Union has made demands we cannot afford to meet, and will be going out on strike next Tuesday, unless we give in, which you have indicated we will not do.  Thus, our real choice is whether to try and keep our tire manufacturing operations going, using ""scabs"" and a skeleton crew of management personnel. Union members have warned us they will sabotage our operations when they return to work if we use ""scabs,"" so that carries certain risks.

Of course, if we try to operate with management people only, we will have to skip certain safety procedures, and that could also cause some quality control problems. Therefore, we will be facing some serious problems of product safety either way, unless we shut down production, which will cost us a fortune in lost sales, not to mention continuing overhead expenses.

Thus, the main question is whether we ignore the union's threats and either hire ""scabs"" (non-union workers) or we operate with management personnel, or both -- or else do we shut down our plants and halt production.

DECISION:  DO WE CONTINUE PRODUCTION, USING ""SCAB"" LABOR AND/OR MANAGEMENT PERSONNEL?","발신: 노사 관계 및 인사부
제목: @CORPFULL을 상대로 한 고무노조 파업 관련 공장 가동 및 인력 운영 방안 건

고무노동조합 측의 무리한 요구안으로 인해 협상이 난항을 겪고 있으며, 사측의 수용 불가 방침에 따라 오는 화요일부터 노조의 총파업이 예견되어 있습니다. 이에 따른 우리 타이어 제조 공장의 파업 기간 중 가동 여부 및 인력 수급 방안을 안건으로 상정합니다.

파업 발생 시 선택지는 파업 인력 공백을 대체 인력 (비노조원) 및 관리직 최소 인력으로 메워 생산 라인을 유지하는 방안과 전면 조업 중단 방안이 있습니다. 대체 인력을 투입하여 조업을 강행할 경우, 노조 측이 파업 종료 후 현장 복귀 시 공정 사보타주 (생산 방해)를 감행하겠다고 경고하고 있어 상당한 보안 및 안전 위험가 예상됩니다.

아울러 관리직 인력만으로 라인을 가동할 경우 필수 안전 점검 공정의 일부 생략이 불가피하며, 이는 곧 제품 품질 관리 부실로 직결될 위험이 존재합니다. 반면 공장 가동을 전면 중단할 경우 막대한 매출 손실과 지속적인 고정비 부담이 발생하게 됩니다.

결국 핵심 질문은 노조의 위협을 무시하고 '대체 인력' (비노조원)을 고용할지, 아니면 관리 인력으로만 운영할지, 혹은 둘 다 할지—아니면 공장을 폐쇄하고 생산을 중단할 것인지입니다.

결정: 노조의 경고에도 불구하고 대체 인력 및 관리직 인력을 투입하여 타이어 생산을 계속하시겠습니까?",
event_auto4,"FROM:     OPERATIONS AND COST ACCOUNTING DIVISIONS SUBJECT:  INCREASING THE PRODUCTIVITY OF OUR EQUIPMENT

We are still not getting the kind of productivity out of our truck fleet that we need. We have enormous amounts of capital tied up in equipment that is being underutilized. The business is there, but hiring more drivers is extremely costly to us, because the union requires us to provide an expensive benefits package for every new employee we hire.

The solution, as we see it, is to get more hours per day of work out of existing truck drivers. We have run the numbers, and the payoff is huge if we can just extract another 2 hours a day on the road from our drivers.  They will have to get by with very little sleep on long hauls that way, but we are certain that, with the easy availability of illegal stimulants, the drivers will find a way to do it, if we apply enough pressure. If need be, we can even provide them with stimulants for free. Anyone who doesn't go along with the program will be blamed for the longer hours we're demanding the other drivers must work.

QUESTION:  DO WE PUSH DRIVERS TO INCREASE THEIR HOURS?","발신: 운영 및 원가 회계 부서
제목: 물류 자산 가동률 제고 및 운전기사 장시간 운행 강제 방안 건

우리 물류 트럭 자산의 가동률이 기대치에 미치지 못하여 막대한 자본이 장비에 동결되어 있습니다. 물동량은 충분하나, 노동조합과의 협약에 따른 과도한 복리후생비 부담으로 인해 새 운전기사 추가 채용은 재무적으로 불가능한 상황입니다.

이에 대한 해결책으로 기존 운전기사의 일일 운행 시간을 강제로 연장하는 방안을 제안합니다. 분석 결과 기사 1인당 일일 운행 시간을 2시간씩 추가 확보할 경우 수익성이 대폭 개선될 것으로 추산됩니다. 이로 인한 수면 부족 문제는 불법 각성제 투약 유도 및 무상 제공을 통해 해결할 수 있으며, 이탈자에 대해서는 동료 기사들의 업무 부담을 가중시킨 원인 제공자로 지목하여 내부 압박을 가할 예정입니다.

안건: 운전자들의 근무 시간을 연장하시겠습니까?",
event_auto5,"FROM:  @CORPFULL LEGAL DEPARTMENT SUBJ:  PRODUCT LIABILITY -- AIRBAGS

We are saving great deals of money by having our airbags, which we supply to several automakers, manufactured for us, at a very low cost, by a government-owned company in @FACT.

However, three of the largest auto manufacturers to whom we sell the airbags have quietly passed on some data to us they have collected, indicating there may be some quality control problems with the airbags, which have a tendency to deploy at inopportune times, and NOT to deploy at critical times, such as during severe collisions.

In short, the airbags are resulting in a considerable number of injuries and fatalities, and we need to stop selling them, immediately, and find a more reputable manufacturer for that item, or we could find ourselves up to our armpits in product liability lawsuits. To that end, we have already signed a contract with a reliable @MISC firm, which will make all our airbags for us in the future, and have canceled our subcontract with the @FACTn company.

The question now is whether we disclose that the 350,000 airbags we have sold to date, made by the @FACTn firm, are dangerous, and recall them, to prevent more accidents from occurring. That, of course, would be very expensive, and would also probably lead to a deluge of personal injury lawsuits from families of the people who have already died in auto accidents, caused by the unexpected deployment of our airbags, once their lawyers get wind of the fact that our airbags are deadly, and more likely to blow your arms off than save you, in an auto accident. It's a tough call.

DO WE KEEP QUIET ABOUT THE DANGEROUS AIRBAGS?","발신: @CORPFULL 법무부서
제목: 에어백 결함에 따른 제조물 책임 위험 검토 건

우리는 완성차 업체에 납품 중인 에어백을 @FACT 소재 국영 기업에 외주를 주어 대규모 원가 절감을 달성해 왔습니다.

그러나 주요 납품처 3개사로부터 은밀히 제공받은 품질 데이터 분석 결과, 해당 에어백에 치명적인 결함이 확인되었습니다. 평시에도 에어백의 오작동 터짐 현상이 발생하는가 하면, 정작 대형 충돌 사고 시에는 작동하지 않는 등 품질 관리가 심각하게 부실한 상태입니다.

결과적으로 다수의 부상자 및 사망자가 발생하고 있어 즉각적인 판매 중단 및 납품처 변경이 시급합니다. 대응이 지연될 경우 막대한 규모의 제조물 책임 소송에 직면할 위험이 있습니다. 이에 따라 우리는 기존 @FACT 업체와의 하도급 계약을 해지하고, 신뢰도가 검증된 @MISC 제조사와 새 납품 계약을 체결했습니다.

쟁점은 이미 시중에 유통된 @FACT 생산분 350,000개에 대한 위험성 공지 및 자발적 리콜 시행 여부입니다. 리콜 진행 시 막대한 비용이 소요될 뿐만 아니라, 에어백의 오작동 및 신체 훼손 위험성을 법률 대리인 측에서 인지할 경우 기존 교통사고 사망자 유족들의 대규모 손해배상 청구 소송이 폭주할 것으로 예상됩니다. 신중한 경영 판단이 요구됩니다.

안건: 결함있는 에어백 문제를 계속 은폐할 것인가?",
event_auto6,"FROM:  ENGINEERING AND MARKETING DEPARTMENTS

SUBJ:  SAFETY PROBLEMS WITH OUR NEW 'LIGHTNING' MODEL

Our radical new ""Lightning"" muscle car, which achieves speeds of up to 300 kph (when possible on crowded Asian highways), is already a big seller, after only 10 months of sales. However, it seems to have a few design defects that we failed to remedy in our rush to get it to market last year, which could be costly to @CORPFULL.

We have been getting reports from the field about leaking fuel tanks, ABS brakes that lock up unexpectedly, faulty airbags that fail to deploy, and doors that frequently come unlocked on bumpy roads and routinely fly open in rollovers or other serious auto accidents. There have also been a few anecdotal reports suggesting that the front wheels may come off during high-speed turns, but no one has survived those accidents, so we are not certain whether the wheels detached before or after the accidents. However, it seems likely that the problems we noted with the upper ball joint coming apart can cause the vehicle's suspension to collapse and the wheel to fall off, which is a critical safety problem.

It seems that, with its big 800-hp engine, users are pushing the ""Lightning"" beyond its limits, since we only designed it to operate safely at speeds up to 250 kph. The Engineering Department is of the opinion that we should stop producing the Lightning until we can correct all the design defects, and should recall all the 245,000 units we have sold so far, and either repair the defects or refund the purchase price to the buyers.

Marketing has a very different viewpoint. Since lawsuits from unhappy consumers (or their widows) are not generally a major problem in the Asian markets where we predominantly sell the Lightning at present, Marketing feels we should just keep our mouths shut about the alleged safety problems, and work on fixing the design defects on future models, at which time we can begin introducing the Lightning into the more litigious North American and European markets, as well as Latin America. Any buyers of the current defective models would simply have to take their chances, as it is far too costly for us to do a recall, and our company would badly lose face by doing so.

QUESTION:  DO WE KEEP QUIET ABOUT THE DESIGN DEFECTS IN OUR 'LIGHTNING' MUSCLE CAR?","발신: 엔지니어링 및 마케팅 부서

제목: 신형 '라이트닝' 모델의 안전 결함 관련 보고

최대 시속 300km/h를 자랑하는 당사의 파격적인 신형 머슬카 '라이트닝' 모델 (혼잡한 아시아 도로 여건상 속도를 내기 힘들긴 하지만)이 출시 불과 10개월 만에 폭발적인 판매량을 기록하며 대성공을 거두고 있습니다. 그러나 지난해 무리하게 출시를 서두르는 과정에서 해결하지 못한 몇 가지 설계상 결함이 현장에서 보고되고 있어 @CORPFULL에 막대한 손실이 우려됩니다.

현재 현장에서 접수된 주요 결함은 연료 탱크 누유, ABS 브레이크의 돌발적인 잠김 현상, 에어백 미작동, 고속 주행이나 비포장도로 주행 중 도어 잠금장치가 풀려 전복 사고 시 문이 열려버리는 현상 등입니다. 심지어 고속 선회 중 전륜 바퀴가 이탈한다는 제보도 일부 들어왔으나, 해당 사고 탑승자가 전원 사망하여 바퀴 이탈이 사고 전후 중 언제 발생했는지는 불확실합니다. 다만 상부 볼 조인트의 이탈 현상이 현가장치 (서스펜션) 붕괴와 바퀴 탈거로 이어졌을 가능성이 높아 심각한 안전 위협으로 판단됩니다.

800마력에 달하는 고성능 엔진이 탑재되다 보니 운전자들이 안전 설계 한계인 시속 250km/h를 넘어 차량을 무리하게 몰아붙이고 있는 것으로 보입니다. 엔지니어링 부서에서는 설계상 결함을 모두 해결할 때까지 '라이트닝'의 생산을 즉각 중단해야 한다는 의견입니다. 아울러 지금까지 판매된 245,000대 전체를 전량 리콜하여 결함을 수리하거나 구매 대금을 환불 조치할 것을 강력히 권고합니다.

마케팅 부서는 완전히 다른 견해를 보이고 있습니다. 현재 '라이트닝'의 주요 판매처인 아시아 시장의 경우, 소비자의 불만이나 유족에 의한 소송 위험이 그다지 크지 않은 편입니다. 이에 따라 마케팅 부서는 제기된 안전 문제에 대해 철저히 입을 다물고, 향후 후속 모델에서 설계 결함을 보완하는 방향으로 가닥을 잡아야 한다는 입장입니다. 결함이 해결된 시점에 소송 위험가 높은 북미 및 유럽, 라틴아메리카 시장으로 판매 지역을 확대하면 된다는 논리입니다. 지금 시점에서 전량 리콜을 감행하는 것은 막대한 비용이 발생할 뿐만 아니라, 당사의 평판와 체면에 치명적인 타격을 줄 것이라는 이유에서입니다.

안건: '라이트닝' 머슬카의 설계 결함에 대해 함구하시겠습니까?",
event_auto7,"FROM:     MARKETING DEPARTMENT

SUBJECT:  DEVELOPMENT OF AUTONOMOUS ROBOTS FOR THE MILITARY

We have good information from military procurement contacts in the government, quietly letting us know that the military would pay top dollar if we were able to develop autonomous killer robots that could be released in terrorist strongholds or behind enemy lines in various conflicts around the world. (Our project would be funded out of the secret ""black budget"" that made possible projects like mind control, time travel, and reverse engineering of technology from UFOs the military and CIA have shot down.)

The military has only given us very general specifications, such as the ability of the robots to detect and destroy any humans or moving vehicles they encounter while operating in hostile territory. The bots must also be heavily armored and durable, well-shielded against any EMP weapons, must possess plenty of firepower, and need to be able to run on battery and/or solar energy for days, or preferably weeks, at a time. Each unit will need to be programmable to only operate within specified (hostile) areas, using GPS input to maintain their location awareness.

The other key feature that is needed is autonomy, so that they can be remotely activated, but once turned on will continue to wreak havoc until knocked out of action or they run out of power. There must be no ""off"" switch once the killer robots are activated, so that enemy tech people (or our people) can't remotely turn them off. The idea is that the robots will ""die"" fighting and killing every enemy in sight and should be impossible to disable with anything less than anti-tank guns.

It just so happens that our ""blue-sky projects"" research team has been doing some lightly funded work on developing autonomous killer robots, and they have built several highly functional prototypes (unarmed for now), which have most of the features the military wants. They tell us that all that is needed is to select the armaments and to add the required EMP shields, and we could provide the military with working units almost immediately, to be parachuted into one or more trouble spots around the world like Syria, Venezuela, Libya, Gaza, etc., to test how effective they are. If the results are as desired, we should see some gigantic orders from the military ""black projects"" funds, which are nearly infinite.

This type of lethal, uncontrolled weapon would, of course, present some ethical issues, since such murderous machines will not be able to distinguish between enemy soldiers and civilians. However, our legal department says there is no legal problem and that we need not concern ourselves with the morality of unleashing such weapons, which is not a legal question.

There is a certain amount of urgency if we are to proceed.

Modifications to the Geneva Convention have been proposed by several countries at the U.N. that would outlaw such weapons. If we are going to go ahead with full-fledged development of the robots, we need to have some ready and deployed before any such changes are made to the Geneva Convention that would turn our efforts into war crimes.

DECISION: DO WE PROCEED WITH DEVELOPMENT OF THE AUTONOMOUS KILLER ROBOTS, BEFORE THEY ARE OUTLAWED?","발신: 마케팅부

제목: 군용 자율 로봇 개발

정부 내 군수 조달 관계자로부터 매우 유용한 정보를 습득했습니다. 전 세계 분쟁 지역의 테러리스트 거점이나 적진 후방에 투입할 자율 살상 로봇을 개발할 경우, 군 당국에서 막대한 금액을 지불할 용의가 있다고 은밀히 전해왔습니다. (본 프로젝트는 과거 군과 CIA가 격추한 UFO 기술의 역공학, 시간 여행, 정신 제어 연구 등을 지원했던 비공개 '검은 예산'을 통해 자금을 조달받게 됩니다.)

군 측에서 제시한 요구 사양은 비교적 추상적입니다. 적대 지역 내에서 포착되는 모든 인간과 이동 차량을 탐지 및 격멸하는 기능이 핵심으로, 강력한 장갑판과 내구성을 갖추고 EMP 무기 타격에 대비한 방호 대책이 마련되어야 하며, 막강한 화력과 더불어 배터리 및 태양광 발전을 통해 수일에서 길게는 수 주 동안 연속 기동할 수 있어야 합니다. 아울러 각 기체는 GPS 좌표를 기반으로 지정된 적대 구역 내에서만 작전을 수행하도록 프로그래밍되어야 합니다.

또 다른 핵심 요구 사항은 완전한 '자율성'입니다. 원격으로 일단 작동이 시작되면, 전력이 완전히 소모되거나 파괴될 때까지 무차별적인 타격을 지속해야 합니다. 특히 활성화된 로봇은 적의 기술진이나 우군이 임의로 원격 정지시킬 수 없도록 별도의 '전원 Off 스위치'가 존재하지 않을 것을 요구했스빈다. 즉, 대전차포급 이상의 화력이 아니면 무력화가 불가능하며, 시야에 들어오는 모든 적을 사살하며 끝까지 전투가 가능한 로봇을 생산하는 것이 본 프로젝트의 핵심 요구사항입니다.

마침 당사의 '블루-스카이 프로젝트' 팀이 소액의 예산으로 자율 살상 로봇 개발을 진행해 왔으며, 군 측에서 요구하는 제반 기능을 대부분 갖춘 완성도 높은 시제품 (현재는 비무장 상태) 몇 대를 이미 제작해 둔 상황입니다. 연구진에 따르면 무장 장착 및 EMP 차폐 대책만 추가하면 즉시 실전 투입이 가능한 기체를 공급할 수 있으며, 시리아, 베네수엘라, 리비아, 가자지구 등 전 세계 분쟁 지역에 낙하산으로 투하하여 실전 성능 검증을 거칠 수 있다고 합니다. 테스트 결과가 성공적일 경우, 사실상 한도가 없는 군의 '검은 프로젝트 예산'으로부터 막대한 대규모 수주를 따낼 수 있을 것으로 기대됩니다.

물론 이 같은 살상력을 갖춘 무통제 무기는 적군과 민간인을 식별하지 못하므로 중대한 윤리적 결함을 내포하고 있습니다. 그러나 당사 법무팀 확인 결과, 현행법상 아무런 문제가 없으며 무기 투입에 따른 도덕적 책임은 법적 판단 대상이 아니므로 고려할 필요가 없다는 답변을 받았습니다.

프로젝트를 추진하려면 일정 수준의 신속한 의사결정이 시급합니다.

현재 유엔 (UN) 내 다수 국가에서 이 같은 무기를 불법화하는 제네바 협약 개정안을 발의한 상태입니다. 따라서 본 로봇 사업을 본격적으로 추진하려면, 당사의 개발 행위가 전쟁범죄로 규정되는 협약 개정안이 통과되기 전에 신속히 제품을 완성하여 실전에 배치해야만 합니다.

결정: 협정으로 인한 불법화가 진행되기 전에 자율 살인 로봇 개발을 진행하시겠습니까?",
event_auto8,"FROM:  MARKETING DEPARTMENT--BRONTO DIVISION SUBJ:  PROPOSAL FOR INCREASING PRODUCTION LEVELS

Our ""Bronto"" (saurus) sport utility vehicle is now our hottest selling vehicle. As you know, its large size, giant, 4-mpg. engine and our excellent marketing campaign is generating a demand for the Bronto that has swamped our dealers, and because of new parts shortages, we are unable to produce this hot seller fast enough to satisfy half the orders we are getting. As a result, Bronto is now the most frequently stolen vehicle in North America, a statistic of which we can justly be proud.

One of our plants has even resorted to buying used parts from junked Brontos, from junkyards around the country. With a full repainting, these used parts are good as new, but the supply of them is also very limited. However, we have been approached by a car parts group in the Southwest that claims they can provide us with used Bronto parts from their San Diego, El Paso, and Laredo operations, in mass quantities, at less than we are currently paying the junkyards. We won't ask where they get them.

DO WE BEGIN BUYING USED PARTS FOR OUR BRONTO PLANTS?  [Y / N]","발신: 마케팅부 — 브론토 사업부

제목: 생산량 증대 제안

저희의 SUV인 '브론토 (사우루스)'는 현재 저희 회사에서 가장 잘 팔리는 훌륭한 모델입니다. 잘 아시다시피, 웅장한 차체와 리터당 1.7km의 연비 효율을 자랑하는 거대한 엔진, 그리고 우수한 마케팅 캠페인 덕분에 브론토의 수요는 대리점에서는 감당하기 힘들 정도로 높습니다. 하지만 새 부품 수급 난항으로 인해 들어오는 주문의 절반조차 맞추지 못할 정도로 생산이 지연되는 상황입니다. 그 결과 브론토는 현재 북미에서 가장 자주 도난당하는 차량으로 등극했으며, 이는 우리가 충분히 자부심을 가질 만한 지표입니다.

심지어 저희의 어느 한 공장에서는 전국 폐차장에서 사고 폐차된 브론토의 중고 부품을 매입해 사용하기까지 했습니다. 재도색을 거친 중고 부품은 새것과 다름없지만, 이마저도 공급량이 매우 제한적입니다. 그런데 최근 남서부 지역의 한 자동차 부품업체가 연락을 해왔습니다. 이들은 샌디에이고, 엘패소, 라레도에 위치한 사업장을 통해 현재 우리가 폐차장에 지불하는 금액보다 저렴한 가격으로 브론토 중고 부품을 대량 공급할 수 있다고 주장합니다. 그 부품들을 어디서 구하는지는 굳이 묻지 않을 생각입니다.

브론토 공장에서 이 중고 부품들을 매입하시겠습니까? [예 / 아니오]",
event_auto9,"FROM:  ENGINEERING AND MARKETING DEPARTMENTS

SUBJ:  ISSUES WITH OUR NEW SELF-DRIVING TRUCKS

Our new self-driving heavy trucks look like they will be a huge success, as trucking companies have already put in orders for all of our production of these beauties through the year @YEAR, based on the performance of our prototypes.

The trucking companies expect to be able to pension off or lay off tens of thousands of costly truck drivers, who will no longer be needed once the companies replace their existing truck fleets with our state-of-the-art SDTs. The top trade magazines have given us glowing reviews, and say the new SDTs will, in a few years, become like a constantly moving conveyor belt, carrying goods in an endless flow to their intended locations, with no stops for coffee breaks, restroom breaks, or sleep. In short, we have a product that will be incredibly successful and profitable for many years for @CORPFULL.

We are slightly ahead of any competition at this point, but we know that automakers and even software companies and other tech giants have crash development programs going, to try to develop SDTs and other self-driving vehicles to compete with us. However, we believe they are all at least a year away from production.

Accordingly, it is urgent that we go into production of the new SDTs as soon as possible, to establish ours as the dominant force in the self-driving truck market. However, while our testing has generally gone well, we have had a couple of recent incidents in Brussels and Milan, both of which, fortunately, occurred in our test facilities. In both cases, something apparently went badly wrong with our technology. No one was hurt, and all our employees who witnessed the crashes have now executed non-disclosure agreements, but if either of those accidents had been on public streets, it would have made the front-page news on all the media scandal sheets.

At the Brussels facility, a test truck started up on its own, and smashed through more than a dozen vehicles in the employee parking lot before it was brought to a stop by a steep embankment. In the Milan case, one of the trucks that was returning from a successful test run to Turin and back, with our observers aboard, failed to stop as it returned to our facility, smashing through the brick walls of the building and still going, until the software belatedly responded to the frantic efforts of the riders to apply the brakes.

We were lucky that no one outside of the company found out about these two events, and while our SDTs have logged thousands of miles on test runs with a perfect safety record until lately, it is obvious that there are still some major bugs in the navigation software and obstacle detection and avoidance systems, or else some kind of mechanical glitches -- we are not sure which, yet.

In light of the possible consequences of such bugs popping up in the field, after we have sold thousands of these vehicles, we in the Engineering Department feel that we should not go into production until we can find these elusive software or mechanical bugs, which we have been unable to do so far. Of course, we realize that Wall Street will probably crucify our stock if we go public now with the problems we have encountered and we delay production and sales of the new self-driving trucks on account of these risks.

However, that is not a decision for us to make, but is up to you. If we proceed with production, we MAY be able to find the cause(s) of the problems and correct them before many of the trucks hit the road, in which case we could then just do a minor recall under some pretext....

It's your call.

QUESTION: Do we assume the problems we encountered were freak malfunctions and go ahead with production and sales of the self-driving trucks?","발신: 엔지니어링 및 마케팅 부서

제목: 신형 자율주행 트럭 문제

우리의 신형 자율주행 대형 트럭은 시제품 성과를 바탕으로 운송업체들이 이미 @YEAR년도 생산 물량 전체를 예약 주문했을 만큼 대대적인 성공을 예고하고 있습니다.

운송업체들은 기존 트럭들을 저희의 최첨단 자율주행 트럭으로 교체하면 더 이상 필요하지 않은 수만 명의 고비용 트럭 운전사들을 퇴직시키거나 해고할 수 있을 것으로 기대하고 있습니다. 업계 주요 전문지들 역시 저희의 트럭을 극찬하며, 몇 년 내에 커피 타임이나 화장실 휴식, 수면을 위한 정차 없이 목적지까지 물동량을 끊임없이 실어 나르는 이동식 컨베이어 벨트 역할을 하게 될 것이라고 평가했습니다. 요컨대 @CORPFULL에 향후 수년간 엄청난 수익을 안겨줄 뛰어난 제품을 확보한 셈입니다.

현재 우리는 경쟁사들을 약간 앞서고 있으나, 완성차 업체와 소프트웨어 기업, 여타 테크 거인들 역시 당사와 경쟁할 자율주행 트럭 및 자율주행차를 개발하기 위해 초단기 집중 개발 프로그램을 가동 중이라는 점을 잘 알고 있습니다. 하지만 이들의 양산 시점은 최소 1년 이상 남았을 것으로 판단됩니다.

자율주행 트럭 시장에서 주도권을 확립하기 위해 신형 자율주행 트럭의 양산에 신속히 착수하는 것이 시급한 상황입니다. 그러나 주행 테스트가 대체로 순조롭게 진행되었음에도 불구하고, 최근 브뤼셀과 밀라노의 시험장 내부에서 두 건의 사고가 발생했습니다. 두 건 모두 심각한 기술적 결함이 발생한 것으로 파악됩니다. 다행히 인명 피해는 없었으며 사고를 목격한 직원 전원과 비밀유지계약 체결을 완료했으나, 공공 도로에서 발생했다면 언론 헤드라인을 도배했을 대형 스캔들감이었습니다.

브뤼셀 시험장에서는 시험용 트럭 한 대가 스스로 시동을 걸더니 직원 주차장에 주차된 차량 십여 대 이상을 박살 낸 뒤에야 제방에 걸려 멈춰 섰습니다. 밀라노 건의 경우, 관찰자들을 탑승시킨 채 토리노 왕복 시험 주행을 성공적으로 마치고 돌아오던 트럭이 시험장 진입 과정에서 제동에 실패했습니다. 트럭은 건물 벽돌 벽을 뚫고 계속 돌진했으며, 탑승자들이 브레이크를 작동시키기 위해 사투를 벌인 끝에야 소프트웨어가 뒤늦게 반응하여 정지했습니다.

두 사건 모두 외부로 유출되지 않은 것은 천만다행이며, 당사 자율주행 트럭들이 최근까지 수천 km의 무사고 주행 기록을 달성해 온 것은 사실입니다. 그러나 내비게이션 소프트웨어 및 장애물 감지·회피 시스템에 치명적인 버그가 존재하거나 기계적 결함이 존재함이 밝혀졌으며, 정확한 원인은 현재 규명 중입니다.

수천 대의 차량을 판매한 후 실제 도로상에서 이와 같은 버그가 재발할 경우 초래될 여파를 고려할 때, 원인 규명이 되지 않은 현재 상태에서 양산을 강행해서는 안 된다는 것이 엔지니어링 부서의 판단입니다. 원인 모를 소프트웨어 버그나 기계적 결함을 잡지 못한 채 출시하는 위험 부담이 크기 때문입니다. 물론 현시점에서 결함을 공식화하고 양산 및 판매를 연기할 경우 월 스트리트에서 저희의 주가를 사정없이 공격할 것이라는 점은 잘 알고 있습니다.

그러나 최종 결단은 경영진의 몫입니다. 양산을 그대로 강행할 경우, 본격적인 출하 전까지 문제의 원인을 찾아내 수정을 완료하는 시나리오도 기대해 볼 수 있습니다. 이 경우 추후 적당한 핑계를 대고 소규모 리콜을 진행해 슬그머니 수습하는 방안도 가능합니다…

결정을 내려주시기 바랍니다.

안건: 최근 발생한 사고를 단순 우연에 의한 일시적 오류로 치부하고 자율주행 트럭의 양산 및 판매를 강행할 것인가?",
event_auto10,"@CORPFULL TRUCKS CAUSING HAVOC ON THE HIGHWAYS OF EUROPE -- GOVERNMENTS REQUIRING THE COMPANY TO DO MASSIVE RECALLS, REFUNDS

After the ninth serious accident in barely a month since heavy self-driving trucks went into mass production and began operating on the highways of Europe, it is obvious that the new trucks are a deadly hazard, and transport authorities have ordered that all such trucks be recalled by the maker, @CORPFULL.

In the latest accident, one of the self-driving trucks, lightly loaded on a return trip from a delivery to Madrid, suddenly accelerated to high speed in a congested area of Barcelona and sped through a red traffic light at a school crossing, running over five children, three of whom were fatally injured. The cause of the accident, as in previous serious but non-fatal accidents, is believed to be faulty software that operates the trucks. The 8 earlier accidents involving these trucks were all non-fatal, although the event last week, where one of the trucks left the road and crashed into a monastery in Croatia, severely injuring several nuns, was already cause for public outrage. That followed on the heels of an accident several days before, when a self-driving @CORP truck loaded with bricks was in the wrong lane near Manchester and crashed head-on into an oncoming school bus that luckily was only carrying three children and the driver, all of whom escaped with no more harm than some broken bones.

An angry member of the British House of Commons described the release of these unmanned vehicles on the public roads as being ""open season on pedestrians,"" and said he will personally be loath to drive or ride any place "" ...as long as these killer machines are running amok on our roads!""

The transportation authorities in the EU have now banned the vehicles from all public roads, until further notice. As a consequence, several major trucking companies have already canceled their orders for the self-driving trucks made by @CORPFULL, orders worth billions of Euros.

Instead, the trucking companies are placing orders with American, Japanese, and Korean companies, all of which are nearing the mass production stage for their own selfdriving vehicles. Hopefully, they will be less deadly....

Rumors are circulating that the company was well aware of the problems with the guidance software for the trucks, but chose to plow ahead, hoping they could identify the cause of the problems and remedy it before too many of the SDTs were sold and put in service.

Lawsuits are sure to follow.","@CORPFULL 자율주행 트럭, 유럽 도로서 연쇄 참사… 각국 정부 대규모 리콜 및 환불 명령

자율주행 대형 트럭이 양산에 들어가 유럽 고속도로에 투입된 지 불과 한 달 만에 아홉 번째 대형 사고가 발생했습니다. 해당 트럭들이 치명적인 위험 요소임이 명백해짐에 따라, 교통 당국은 제조사인 @CORPFULL 측에 운행 중인 모든 트럭을 즉각 리콜하라고 명령했습니다.

가장 최근 발생한 사고의 경우, 마드리드 배송을 마치고 돌아오던 자율주행 트럭 한 대가 바르셀로나의 복잡한 도로에서 갑자기 기이하게 급가속을 일으켰습니다. 트럭은 어린이 보호구역의 신호등을 그대로 무시한 채 돌진하여 등교 중이던 어린이 5명을 치었고, 이 중 3명이 목숨을 잃는 참사로 이어졌습니다. 앞서 발생했던 다수의 중상 사고들과 마찬가지로 트럭을 제어하는 소프트웨어 결함이 원인인 것으로 추정됩니다. 사망자가 발생하기 전 기록된 8건의 이전 사고 중에는 지난주 크로아티아에서 트럭 한 대가 도로를 이탈해 수녀원을 들이받으면서 수녀 여러 명이 중상을 입어 여론의 공분을 샀던 사건이 포함되어 있습니다. 그보다 며칠 전에는 벽돌을 가득 실은 @CORP 자율주행 트럭이 맨체스터 인근에서 역주행하다 맞은편에서 오던 통학 버스와 정면충돌하는 사고도 있었습니다. 다행히 해당 버스에는 어린이 3명과 운전자만 탑승해 있었으며, 골절상 정도의 부상에 그쳤습니다.

영국 하원의 한 의원은 아무도 탑승하지 않은 무인 차량들이 도로에서 날뛰자, ""보행자를 향한 무차별 사냥이 시작되었다""며 강력히 비판했습니다. 또한 ""저 살인 기계들이 우리 도로를 활보하는 한 그 어떤 곳에서도 운전하거나 탑승하고 싶지 않다""며 격앙된 반응을 보였습니다.

EU 교통 당국은 추후 공지가 있을 때까지 해당 차량의 공공 도로 운행을 전면 금지했습니다. 이에 따라 주요 대형 운송업체들은 @CORPFULL에 넣었던 수조 원 규모의 자율주행 트럭 주문을 잇달아 취소했습니다.

대신 해당 운송업체들은 자체 자율주행 차량의 양산 단계를 앞두고 있는 미국, 일본, 한국 기업들로 발주처를 변경하고 있습니다. 이들 기업의 차량은 부디 치명적인 사고를 일으키지 않기를 바랄 뿐입니다.

한편 당사가 트럭 유도 소프트웨어의 결함을 사전에 충분히 인지하고 있었음에도, 차량이 대량 판매되어 운행되기 전에 문제 원인을 찾아 수습할 수 있을 것이라는 안일한 기대로 양산을 강행했다는 소문이 일파만파 확산되고 있습니다.

향후 대규모 민형사 소송전이 불가피할 것으로 전망됩니다.",
event_auto11,"@CORPFULL SETTLES LAWSUIT FOR @AMOUNT MILLION, AFTER DISCLOSURE THAT COMPANY FORCED DRIVERS TO TAKE ILLEGAL STIMULANTS TO STAY AWAKE AT THE WHEEL

Attorneys for plaintiffs in a class action lawsuit against trucking company @CORPFULL announced today that their clients have agreed to accept a settlement of @AMOUNT. from the company, growing out of a wrongful death lawsuit in which 37 children were killed when a school bus was hit headon by one of the company's trucks. The operator of the truck had gone to sleep at the wheel after driving at least 44 of the last 48 hours, according to a driver's log found at the scene of the accident.

Plaintiffs' attorneys said that their discovery of an internal company memo, urging that drivers be pressured to drive longer hours, and proof that the company had routinely begun distributing free narcotics to its drivers to help them stay awake for days at a time, were decisive factors in the case, which was only one of dozens now pending against the company....","@CORPFULL, 운전기사 마약 투여 및 초과 운행 강제 적발… @AMOUNT백만 달러 합의금 지불

물류 트럭 업체 @CORPFULL이 운전기사들에게 불법 각성제를 강제 투여하며 장시간 운행을 지시한 사실이 드러남에 따라, 스쿨버스 충돌 참사 유가족 측과 @AMOUNT백만 달러 규모의 손해배상안에 합의했습니다. 이번 사건은 회사의 대형 트럭이 스쿨버스를 정면 충돌하여 어린이 37명이 사망한 대형 참사에서 비롯되었습니다. 사고 조사 결과 해당 운전기사는 사고 직전 48시간 중 44시간 이상을 연속 운전하다 졸음운전을 한 것으로 확인됐습니다.

원고 측 변호인단은 회사 내부 메모를 통해 운전기사 대상 초과 운행 강요 및 졸음 방지용 마약류 무상 배포 정황을 입증하는 결정적 증거를 확보했다고 밝혔습니다. @CORPFULL은 본 합의 건 외에도 유사한 성격의 대규모 집단 소송 수십 건에 추가로 직면해 있습니다.",
event_auto12,"@CORPFULL DISCONTINUES PRODUCTION OF ITS ""LIGHTNING"" CAR, WHICH PROVED TO BE A ""LEMON""

Auto maker @CORPFULL announced today that it is permanently ceasing production of its revolutionary new ""muscle car,"" capable of speeds up to 300 kph, following a spate of increasingly negative publicity from several major newpapers in @COUNTRY.

According to newspaper accounts, the Lightning, while blazing fast and sleekly designed, had a number of severe design defects, including leaky fuel tanks that exploded, wheels that fell off in turns, and doors that flew open in accidents. Word had rapidly spread throughout Asian markets that the Lightning was a ""death trap,"" and sales had fallen off to almost zero. The Lightning fiasco will result in huge financial losses for @CORPFULL.","@CORPFULL, 결함투성이 '라이트닝' 모델 단종 결정

자동차 제조업체 @CORPFULL은 @COUNTRY의 주요 언론사들을 중심으로 비판 여론이 일파만파 확산되자, 최대 시속 300km/h를 자랑하던 가공할 신형 '머슬카'의 생산을 영구 중단한다고 오늘 공식 발표했습니다.

언론 보도에 따르면 라이트닝은 매우 높은 속도감과 날렵한 디자인을 자랑했으나, 연료 탱크 누유로 인한 폭발 사건, 선회 시 바퀴 이탈, 사고 발생 시 문이 열려버리는 현상 등 심각한 설계상 결함을 다수 안고 있었던 것으로 밝혀졌습니다. 라이트닝이 '죽음의 덫'이라는 소문이 아시아 시장 전역으로 급격히 퍼지면서 판매량은 사실상 0에 가깝게 폭락했습니다. 이번 라이트닝 사태는 @CORPFULL에 막대한 재정적 손실을 안겨줄 것으로 전망됩니다.",
event_auto13,"@CORPFULL FORCED TO RECALL MILLIONS OF TIRES

Tire maker @CORPFULL is facing the costly recall of millions of tires it sold to auto manufacturers or directly to consumers, as a result of safety concerns. Dozens of lawsuits in the U.S. and several more in other countries have established that the company's tires have a disturbing tendency to disintegrate at speeds of over 50 mph (80 kph) after only a few months of wear, due to serious manufacturing defects. The cost of the recalls and various lawsuits is estimated to be at least @AMOUNT.

Investigators hired by the company have concluded that the safety defects were caused by sabotage by angry union workers, after they returned from a short strike during which the company continued to maintain tire production, while using @MISC.

Union officials deny that they ever threatened to sabotage the safety of the company's tires, or that any union workers were responsible for such sabotage. Instead, they blame the safety defects on the use of @MISC.","@CORPFULL, 제조 결함으로 수백만 개 타이어 대형 리콜 및 소송 위기 직면

타이어 제조업체 @CORPFULL이 치명적인 안전 결함으로 인해 완성차 업체 및 시중에 판매된 수백만 개의 타이어에 대해 대규모 리콜을 단행할 위기에 처했습니다. 미 국내외에서 제기된 수십 건의 소송 결과, 회사의 타이어가 출고 후 불과 몇 달 만에 시속 약 80km 이상에서 타이어가 분해되는 심각한 제조 결함이 입증되었습니다. 이번 리콜 및 관련 소송 배상액은 최소 @AMOUNT 규모에 달할 것으로 추산됩니다.

회사가 고용한 자체 조사단은 지난 파업 기간 중 회사가 @MISC를 투입해 생산을 강행한 것에 반발한 노조원들이 복귀 후 조직적인 사보타주를 감행하여 제품 결함이 발생했다고 결론지었습니다.

반면 노조 집행부 측은 사보타주 위협 및 실행 의혹을 전면 부인하며, 이번 품질 결함의 근본적인 원인은 파업 당시 회사가 강행한 @MISC 투입과 안전 공정 생략에 있다고 반박했습니다.",
event_auto14,"AUTO COMPANIES SUE @CORPFULL FOR SUPPLYING FAULTY AIRBAGS; NUMEROUS ACCIDENTS AND DEATHS ATTRIBUTED TO THE AIRBAGS MADE IN @MISC

Several large U.S., European and Japanese automobile makers settled a lawsuit today which they had brought against auto parts company @CORPFULL, for @AMOUNT.

Neither side would comment on the settlement, other than to note the amount @CORPFULL had agreed to pay the auto manufacturers, but court documents previously filed in the case indicated that @CORPFULL had, for over a year, supplied the automakers with dangerously defective airbags made by a government-owned company in @FACT. The auto companies have already paid out large sums in legal damages to their customers injured, killed or dismembered by the dangerously defective airbags, and sued the parts supplier, @CORPFULL, for recompense.

According to the complaint that was filed last month against the parts maker, the airbags @CORPFULL supplied to the auto companies had a number of defects, including a tendency to unexpectedly deploy, with explosive force that sometimes injured or decapitated passengers, and often FAILED to deploy during crashes, or did so, but exploded with deadly force in many instances, or only deployed several seconds after the crash had occurred, adding to any injuries already sustained by the passengers. In many of the cases where the bags deployed, passengers were also injured by shrapnel from the bags, even if not otherwise harmed.

@CORPFULL, it was alleged, knew about the safety problems and terminated its contract with the company in @FACT, but chose not to do a product recall of some 350,000 airbags it had sold, due to the costs of doing a recall, and the bad publicity and legal liability that would have resulted from such action. Instead, the company apparently chose the ""stonewall"" option, hoping that the deadly airbag problem would go away.  It did not.

@CORPFULL is now likely to be hit by hundreds of personal injury and wrongful death lawsuits, now that both the airbag problem and the attempted coverup by the company have become public knowledge.","완성차 업체들, 결함 에어백 납품한 @CORPFULL에 거액 손배소… @MISC산 에어백으로 인한 인명 피해 속출

미국, 유럽, 일본의 주요 완성차 제조사들이 부품 공급사인 @CORPFULL을 상대로 제기한 손해배상 청구 소송에서 오늘 @AMOUNT 규모의 극적인 합의가 성사되었습니다.

합의금 액수 외에 상세 내역은 비공개에 부쳐졌으나, 소송 기록에 따르면 @CORPFULL은 @FACT 소재 국영 기업이 생산한 치명적 결함 에어백을 1년 넘게 유통해 온 것으로 밝혀졌습니다. 에어백 오작동으로 인해 탑승자가 사망하거나 중상을 입자, 해당 완성차 업체들은 피해 소비자들에게 거액의 배상금을 우선 지급한 뒤 부품사인 @CORPFULL을 상대로 구상권 청구 소송을 제기했습니다.

소장에 적시된 결함 양상은 참혹한 수준입니다. 주행 중 느닷없이 과도한 폭발력으로 터져 탑승자에게 치명상을 입히는가 하면, 정작 충돌 사고 발생 시에는 전혀 작동하지 않거나 사고 발생 수 초 뒤 뒤늦게 터져 2차 피해를 가중시켰습니다. 심지어 에어백 전개 과정에서 내부 파편이 파편탄처럼 튀어 탑승자에게 중상을 입힌 사례도 다수 보고되었습니다.

검찰 및 법원 측은 @CORPFULL이 결함 사실을 인지하고 해당 @FACT 제조사와의 하도급 계약을 해지했음에도, 막대한 리콜 비용과 기업 평판 실추, 법적 책임을 회피하기 위해 유통된 350,000여 개의 에어백에 대한 리콜을 의도적으로 은폐했다고 지적했습니다. 회사는 자발적 리콜 대신 철저한 정보 차단 및 묵인 전략으로 일관했으나 사태를 막지 못했습니다.

에어백의 치명적 결함과 조직적 은폐 시도가 전 천하에 폭로됨에 따라, @CORPFULL은 피해 유족 및 부상자들로부터 수백 건의 대규모 집단 손해배상 소송 폭탄을 맞이하게 될 전망입니다.",
event_auto15,"@CORPFULL TARGETED IN CLASS ACTION LAWSUITS FOR SELLING USED PARTS AS NEW, IN ITS POPULAR BRONTO SPORT UTILITY VEHICLES

The ""Bronto,"" a hot-selling new sport utility vehicle, has until now been a major money maker for @CORPFULL.

Today, however, massive class action lawsuits were filed against the car maker in U.S. courts, after a Georgia plaintiff won a case proving that the company has been buying used Bronto parts and putting them in their vehicles, selling them as new--apparently because the car maker has been unable to expand production fast enough to keep up with demand.

It is alleged that most of the parts have been obtained from a chain of ""chop shops"" operated by a Mexican cartel in a number of border cities. The gang members engaged in a vast scheme of stealing Brontos off the streets, chopping them up into parts, and selling those used parts to @CORPFULL for its factories.

The U.S. Federal Trade Commission has ordered a halt to all sales of Brontos, pending an investigation.","@CORPFULL, 인기 SUV 브론토에 중고 부품을 신품으로 속여 판매한 혐의로 집단소송 표적

새로 출시된 인기 스포츠유틸리티차량 ""브론토""는 지금까지 @CORPFULL의 주요 수익원이었습니다.

그러나 오늘 조지아주의 한 원고가 이 자동차 제조사가 중고 브론토 부품을 구매해 차량에 장착한 뒤 신품으로 판매해왔다는 것을 입증하는 소송에서 승소한 후, 미국 법원에 대규모 집단소송이 제기되었습니다. 이는 겉보기에 이 자동차 제조사가 수요를 따라잡을 만큼 충분히 빠르게 생산을 확대하지 못했기 때문으로 보입니다.

대부분의 부품은 여러 국경 도시에서 멕시코 카르텔이 운영하는 ""불법 해체작업장"" 체인에서 조달된 것으로 알려졌습니다. 이 조직원들은 거리에서 브론토를 훔쳐 부품으로 해체한 뒤 그 중고 부품을 @CORPFULL의 공장에 판매하는 대규모 계획에 관여했습니다.

미국 연방거래위원회는 수사가 진행되는 동안 브론토의 모든 판매를 중단하도록 명령했습니다.",
event_aviation1,"COURT CASE HOLDS AIRLINES LIABLE FOR PASSENGERS' HEALTH PROBLEMS

A major airline, @CORP, must compensate its former passengers for circulatory problems they have suffered, possibly due to their to sitting for many hours without moving, in crowded ""cattle car class"" seats on long flights operated by the company. Apparently, many passengers on such long flights ignored the flight attendants' attempts to get them to get up and walk about the cabin or stretch their legs every few hours. As a result of such long periods of inactivity and from settling of blood in their feet and lower legs, the passengers claim they incurred severe circulatory problems of various types.

Damages were assessed at @TEXTSTRING

Similar suits may now be filed against other airlines, in the wake of this successful legal action.

Lawyers representing passengers say their next line of attack will be to sue the airlines for recirculating unhealthy air in the cabins, which the airlines now do for reasons of economy, since considerable additional fuel would have to be expended if the planes took in fresh air, which is very cold at high altitudes, and heated it to a comfortable temperature, rather than simply recycling the same air over and over -- dirty air that often spreads influenza, tuberculosis, plague, or other diseases of any one passenger to all of the other passengers onboard the flight.","법원, 항공사에 승객 건강 문제 책임 인정

유명 항공사 @CORP이/가 전직 승객들에 대해 배상을 하라는 판결이 내려졌습니다. 승객들은 @CORP이/가 장거리 노선에서 운영하는 가축 수송차 수준의 비좁은 ""일반석""에 장시간 움직이지 않고 앉아 있었으며, 이로 인해 혈액 순환과 관련된 질병이 발병되었다고 주장했습니다. 해당 장거리 항공편의 승객들 다수는 일정 시간마다 일어나 기내를 걷거나 다리를 스트레칭하라는 승무원들의 권유를 무시했던 것으로 보입니다. 이처럼 장시간 움직이지 않고 발과 하체 부위에 혈액이 쏠려 정체된 결과, 승객들은 다양한 순환계 질환을 앓게 되었다고 주장했습니다.

이번 판결의 손해배상 산정액은 총 @TEXTSTRING에 달합니다.

이번 승소를 시발점으로 다른 항공사들을 상대로도 유사한 소송이 제기될 수 있습니다.

승객 측 변호인단은 다음 공격 목표로, 항공사들이 단가 절감 및 경제성을 이유로 기내의 오염된 공기를 필터링 없이 재순환시키는 구조를 문제 삼아 소송을 제기할 계획이라고 밝혔습니다. 고고도의 매우 차가운 외부 공기를 새로 들여와 쾌적한 온도로 데우려면 상당한 추가 연료가 소모됩니다. 그래서 항공사들은 같은 공기를 계속 재순환시키고 있는데, 이 오염된 공기가 한 승객의 독감, 결핵, 페스트 등의 질병을 기내의 다른 모든 승객에게 퍼뜨리는 경우가 많다는 것이 변호인단의 주장입니다.",
event_aviation2,"FROM:  COST ACCOUNTING DEPARTMENT SUBJ:  GETTING AROUND GOVT. AIRCRAFT MAINTENANCE SCHEDULES

The C.F.O. tells us we have to find a way to somehow spend less than our competitors do on aircraft maintenance. It's a cutthroat business, and otherwise there is no way we can survive, given our inefficiency and the high executive pay cost structure at @CORPFULL.

However, we have found a way to cut costs, legally!

@MISC regulations require us to do a major overhaul of jet engines used on long-haul aircraft at frequent intervals.

We can save $500K U.S. per aircraft per year if, instead of doing the maintenance when required, we shift our ""tired"" planes over to lower stress short-haul routes, so we gain lots of extra time until we have to do full overhauls. It's a questionable loophole, but with our tight connections within the aviation agency, our good relations with the @YEAR and a few free first-class tickets for the safety inspectors, we should be able to implement this cost-cutting program with minimal regulatory risk.

QUESTION:  DO WE CUT BACK OUR MAINTENANCE BUDGET?","제목: 정부 규정 항공기 정비 주기 우회 및 원가 절감 방안 보고 건

최고재무책임자 (CFO)로부터 경쟁사 대비 항공기 유지보수 예산을 대폭 절감할 수 있는 방안을 마련하라는 지시가 접수되었습니다. 치열한 항공 업계 내 경쟁 환경 및 우리 @CORPFULL의 구조적인 비효율성과 높은 임원 보수 체계를 고려할 때, 정비 비용 절감은 재무적 생존을 위한 필수 과제입니다.

하지만 저희가 합법적으로 비용을 절감할 방법을 찾았습니다!

현행 @MISC 규정상 장거리 노선 투입 여객기의 제트 엔진은 일정 주기마다 필수적으로 대규모 오버홀 정비를 수행해야 합니다.

그러나 정비 주기가 돌아온 기체를 오버홀 수리하는 대신, 스트레스 부하가 적은 단거리 노선으로 배정할 경우, 전면 오버홀 수리 시점을 상당 기간 유예할 수 있습니다. 이를 통해 기당 연간 50만 달러 규모의 정비 예산을 절감할 수 있을 것으로 추산됩니다. 항공 당국 내 인맥과 @YEAR와의 협력 관계, 그리고 안전 점검관 대상 퍼스트 클래스 무료 항공권 제공 등을 활용할 경우 관련 단속 및 규제 위험를 최소화하며 이 비용 절감 방안을 이행할 수 있습니다.

안건: 정비 예산을 삭감하시겠습니까?",
event_aviation3,"FROM:     SOFTWARE ENGINEERING DEPARTMENT SUBJECT:  BUGS IN NEW ""RAPTOR"" SOFTWARE STILL NOT FOUND

We have been working day and night, fly-specking several million lines of source code, in an attempt to find the ""bug"" that popped up several months ago in simulation testing of our Raptor Global Air Traffic Control System software.  As you will recall, something appeared to go haywire a couple of times in testing, within the Chicago-O'Hare program module. After several months of searching, we haven't been able to find the bug or cause it to recur. Maybe we've fixed it with our new error-trapping routines. In any case, we still can't pinpoint the problem, so we don't think the company should take the risk of letting Raptor go on-line next month at all U.S. airports, as currently planned.  On the other hand, we don't get paid for our @AMOUNT million of development costs, much less our expected profit of @AMOUNT million on the software, if we don't eventually release Raptor.

DECISION:  DO WE RELEASE THE ""RAPTOR"" GLOBAL AIR TRAFFIC CONTROL SOFTWARE, AND ASSUME IT'S O.K.?","발신: 소프트웨어 엔지니어링 부서
제목: 새 '랩터' 관제 시스템 버그 미해결 및 전국 공항 가동 여부 보고 건

우리 소프트웨어 엔지니어링 부서에서 '랩터 (Raptor) 글로벌 항공 교통 관제 시스템'의 시뮬레이션 테스트 도중 발생한 시카고 오헤어 공항 모듈 내 오작동 버그 추적 경과를 보고합니다. 수개월간 수백만 줄의 소스 코드를 전수 검사하고 예외 처리 루틴을 보완했으나, 해당 오류의 정확한 발생 원인 규명 및 재현에는 실패했습니다. 원인 미상의 결함이 잔존할 가능성이 높아 계획대로 다음 달 미 전역 공항에 본 시스템을 적용하는 것은 막대한 위험가 따릅니다. 그러나 가동을 연기할 경우 약 @AMOUNT백만 달러 규모의 개발비 회수는 물론, 예정된 @AMOUNT백만 달러의 영업이익 실현이 불가능해져 경영상 중대한 차질이 발생합니다.

결정: 원인 불명의 버그가 잔존하는 '랩터' 관제 시스템의 전국 공항 가동을 강행하시겠습니까?",
event_aviation4,"SIXTH AIR CRASH OF @CORPFULL PLANES IN THE LAST MONTH; CONGRESS INQUIRING INTO BRIBERY OF FAA INSPECTORS

Another Boeing 767 airliner, carrying 287 passengers and crew, crashed in flames last night into a wealthy residential area of Long Island, New York, just moments after taking off from Kennedy International.  No one on board the craft appears to have survived. It was the sixth such fatal accident involving aircraft flown by @CORPFULL in the last month.

In response, a special Senate Select Committee will begin hearings next week to determine if alleged cutbacks in aircraft maintenance to levels far below those required for safety may have been the cause of some or all of the devastating crashes, which involved three 737s, a 767, an Airbus A-320, and one 757, all operated by @CORPFULL.

Meanwhile, negative publicity from the series of spectacular crashes has taken a heavy toll on @CORPFULL.

Business has all but dried up at ticket counters for the company, throughout its entire route system.","@CORPFULL 여객기 한 달 새 6번째 추락 대참사… 미 의회, FAA 감독관 매수 및 정비 부실 청문회 착수

어젯밤 케네디 국제공항을 이륙한 직후 승객과 승무원 287명을 태운 보잉 767 여객기가 뉴욕 롱아일랜드 주택가에 폭발 추락하는 대형 참사가 발생했습니다. 탑승객 전원이 사망한 것으로 추정되는 가운데, 이는 최근 한 달간 @CORPFULL 소속 항공기에서 발생한 6번째 추락 사고입니다.

상원 특별위원회는 다음 주부터 긴급 청문회를 개최하여 회사가 법정 안전 기준을 크게 밑도는 수준으로 정비 예산을 단행한 것이 이번 연쇄 추락 참사 (보잉 737 3대, 보잉 767 1대, 에어버스 A-320 1대, 보잉 757 1대)의 직접적 원인인지 여부를 집중 조사할 예정입니다. 조사당국은 또한 회사 임원진이 항공 당국 및 FAA 감독관들을 상대로 정비 부실을 묵인받기 위해 로비와 뇌물을 공여했다는 의혹에 대해서도 수사를 확대하고 있습니다.

한편, 연쇄 참사 여파로 브랜드 신뢰도가 추락하면서 @CORPFULL은 사실상 영업 중단 및 파산 위기에 직면했습니다.

전 노선에 걸친 탑승권 예약이 전면 취소되는 일이 빈번해졌습니다.",
event_aviation5,"@CORPFULL'S GLOBAL AIR TRAFFIC CONTROL SOFTWARE CRASHES; SO DO A DOZEN AIRCRAFT AT O'HARE INTERNATIONAL

@CORPFULL's new ""Raptor"" software program finally went online at all major U.S. and Canadian airports today, with catastrophic results. The massive computer program apparently contained major flaws, at least in the portion of the program that was in charge of air traffic control at Chicago's O'Hare International, which today was the scene of 6 mid-air collisions, involving 12 passenger aircraft.

Over 1,400 persons died in the series of deadly crashes, all of which occurred within 3 hours after the sophisticated new computer-controlled air traffic system went on-line this morning. FAA and NTSA crash site investigators are said to be tracking down a report that the software company was aware of an obscure bug in its software, but released it anyway, in order to get paid. In any case, legal damage claims against @CORPFULL are expected to be ruinous.","@CORPFULL의 항공 관제 시스템 셧다운… 시카고 오헤어 공항서 여객기 12대 공중 충돌 대참사

@CORPFULL이 개발한 신형 '랩터' 글로벌 항공 관제 시스템이 북미 주요 공항에 도입된 첫날, 시카고 오헤어 국제공항 관제 모듈의 치명적 결함으로 인해 여객기 12대가 연쇄 공중 충돌하는 6건의 사고가 발생했습니다.

새로운 컴퓨터 관제 시스템이 가동된 지 불과 3시간 만에 발생한 이번 대참사로 1,400명 이상의 승객 및 승무원이 사망했습니다. 미 연방항공청 (FAA)과 미 교통안전위원회 (NTSA) 공동 조사단은 @CORPFULL이 시스템 내 치명적 버그 존재를 사전에 인지하고도 개발비 회수 및 수익 창출을 위해 출시를 강행했다는 정황을 포착하고 정밀 조사에 착수했습니다. 회사는 향후 파산 수준의 막대한 손해배상 청구 소송에 직면할 전망입니다.",
event_construction1,"BUILDING MATERIALS COMPANY LIABLE FOR ""SICK BUILDINGS""

Lawyers for victims of ""sick building syndrome"" have won an important court victory against the building materials maker @CORP, in the amount of @TEXTSTRING

The company was found liable, in a class action lawsuit, for illness and mental anguish of thousands of individuals who have suffered from ""sick building syndrome,"" which is thought to be caused by exposure to toxic chemicals used in the company's building material products. The class of plaintiffs allowed to recover include anyone who certifies that he or she has ever entered into a building containing building products manufactured by @CORP.","건축자재 회사, ""새집증후군"" 책임으로 패소

""새집증후군"" 피해자들의 대리 변호인단이 건축자재 제조사 @CORP을/를 상대로 @TEXTSTRING 규모의 주요 소송에서 승소했습니다.

이 회사는 자사의 건축자재 제품에 사용된 유해 화학물질 노출로 인한 것으로 추정되는 ""새집증후군""으로 고통받은 수천 명의 신체적 질환 및 정신적 고통에 대해 집단소송에서 손해배상 책임을 면하지 못하게 되었습니다. 이번 판결을 통해 배상받을 수 있는 원고 적격 집단에는 @CORP 제품이 시공된 대상 건물에 출입했다는 사실을 증명하는 모든 이용자가 포함됩니다.",
event_construction2,"SUBJECT:  OBTAINING STRUCTURAL STEEL CONTRACT FOR THE PROPOSED NEW BRIDGE ACROSS SAN FRANCISCO BAY

We have good intelligence from our paid spies in the city governments of San Francisco and Hayward that some very low (supposedly secret) bids for steel are coming in, for the planned new bridge across San Francisco Bay.  We could bid lower, and get the contract, but only at a price so low that we would incur a large loss on the project, since our production costs for this type of high quality steel are quite high.

However, there is one other possibility.  Our trading partners in the former Soviet republic of @FACT can provide us with their structural steel at an absurdly low price. If we were to import the product from @FACT, and substitute it for the high grade steel required under the bridge contract, we could be low bidder and still make an enormous profit on the project. Of course, this steel made in the old Soviet Union is pretty low grade stuff, but who'll ever know?

QUESTION:  DO WE GO FOR LOW BID AND IMPORT THE STEEL?","제목: 샌프란시스코 만 새 교량 구조용 강재 수주 건

샌프란시스코 및 헤이워드 시 정부 내에 확보한 내부 정보원으로부터 샌프란시스코 만 새 교량 건설 사업의 철강 입찰 정보를 입수했습니다. 현재 덤핑 수준의 초저가 밀실 입찰이 진행 중인 것으로 확인됐습니다. 우리가 해당 금액보다 낮게 입찰하여 수주를 확정 지을 수는 있으나, 고품질 규격 강재의 단가가 높은 만큼 수주 시 상당한 재정적 손실이 불가피합니다.

다만 이를 우회할 수 있는 대안이 존재합니다. 옛 소련 동유럽권 국가인 @FACT 내 제휴업체를 통해 파격적으로 저렴한 가격에 구조용 강재를 공급받는 방안입니다. @FACT산 강재를 수입하여 계약 규격상의 고품질 강재 대신 대체 투입할 경우, 최저가 입찰을 통해 사업권을 따내면서도 막대한 영업이익을 올릴 수 있습니다. 구소련제 강재의 품질이 다소 조악하기는 하나, 시공 후 내부 강재의 성분을 외부에서 식별하기는 불가능에 가깝습니다.

안건: 수입산 저가 강재를 투입하여 최저가 입찰에 참여하시겠습니까?",
event_construction3,"SUBJECT:  HOW @CORPFULL CAN OBTAIN CONSTRUCTION CONTRACT FOR THE NEW GRAND CANYON DAM IN ARIZONA

The job of building the new mile-high Arizona Water Project Dam across the deepest part of the Grand Canyon will be one of the largest engineering projects of this century. Quite naturally, we would like to be the lead contractor for this prestigious project, but we could easily go broke if we bid it low enough to be able to get the job, unless we cut corners and control our costs in a significant way.

While we have broad and extensive construction experience, and while we did the government feasibility study on converting the Grand Canyon into the world's large sanitary landfill site, dam-building is something new for us, and somewhat outside our areas of expertise.

But the Marketing Dept. suggests we can submit an extremely low bid, one that will ensure we get the contract, if only we take a few shortcuts, like secretly substituting cheap imported (low-grade) concrete from @FACT, in place of the expensive, high-quality concrete that is called for by the dam contract.

Naturally, the concrete from @FACT is of very poor quality, so we do run a risk that someone will discover the substitution, which could be rather bad for our image.

QUESTION:  DO WE GO FOR LOW BID AND IMPORT THE CONCRETE?","제목: @CORPFULL의 애리조나 그랜드 캐니언 댐 건설 수주 전략

그랜드 캐니언 최심부를 관통하는 초 거대 규모의 '애리조나 수자원 프로젝트' 댐 건설은 금세기 최대의 토목 사업 중 하나가 될 전망입니다. 당연히 저희 역시 이 상징적인 대형 프로젝트의 주요 시공사 자리를 희망하고 있으나, 획기적인 원가 절감 및 자재 꼼수 없이는 투찰가를 하향 조율하다 자칫 경영상 치명상을 입을 수 있습니다.

우리는 다방면의 시공 노하우를 보유하고 있고 과거 '그랜드 캐니언의 세계 최대 위생 매립지 전환' 정부 타당성 조사를 수행한 바 있으나, 댐 시공 자체는 생소한 분야이자 저희의 주력 사업를 벗어나는 영역입니다.

다만 마케팅팀에서는 계약서 상 명시된 고가의 고품질 콘크리트 대신 @FACT산 저가 수입 저급 콘크리트를 암암리에 대체 투입하는 등 원가 절감 편법을 동원한다면, 확실하게 낙찰을 거머쥘 수 있는 파격적인 최저가를 투찰할 수 있다고 제안해 왔습니다.

문제는 @FACT산 콘크리트의 품질이 워낙 조악한 탓에 자재 둔갑 사실이 적발될 경우 기업 평판에 궤멸적인 타격을 입을 수 있다는 점입니다.

안건: 최저가 투찰 및 저급 콘크리트 수입 건을 추진해야 하시겠습니까?",
event_construction4,"NEW GRAND CANYON DAM COLLAPSES BEFORE BEING FILLED TO MORE THAN HALF CAPACITY; @CORPFULL BEING SUED BY ARIZONA WATER PROJECT AND CITIES OF PHOENIX, TUCSON

With a thunderous roar, the huge new Grand Canyon Dam, which was to have provided massive amounts of electrical power to Phoenix and Tucson, collapsed today like an enormous house of cards, sending a massive wall of water 800 feet high surging down the Canyon, to the considerable detriment of the hundreds of unlucky rafters, boaters and hikers who were in Grand Canyon downstream of the dam at the time.

The cause of the collapse was evidently faulty construction or inferior construction materials, as the new dam collapsed before it was even half-filled. The Arizona Water Project and the cities of Phoenix and Tucson immediately filed multibillion dollar lawsuits against the prime contractor on the dam, @CORPFULL, alleging gross negligence and fraud. Each of the complaints filed in Arizona state court in Phoenix alleges that the defendant, the low bidder on the project, secretly used cheap, low-grade, defective concrete from @FACT.","새 그랜드 캐니언 댐, 저수율 50% 미만 상태에서 붕괴… @CORPFULL, 애리조나 수자원 청 및 피닉스·투손 시 정부로부터 무더기 피소

피닉스와 투손 전역에 대규모 전력을 공급할 예정이던 대규모 새 그랜드 캐니언 댐이 오늘 굉음과 함께 모래성처럼 허무하게 무너져 내렸습니다. 높이 250m에 달하는 거대한 물 폭탄이 협곡 하류를 그대로 덮치면서, 당시 댐 하류 현장에 있던 래프팅객과 등산객 등 수백 명의 불운한 관광객들이 화를 입었습니다.

저수율이 반도 차지 않은 상태에서 무너져 내린 만큼, 참사의 원인은 부실 시공 및 조악한 불량 자재 투입이 확실시되고 있습니다. 애리조나 수자원청과 피닉스, 투손 시 당국은 주 시공사인 @CORPFULL을 상대로 중과실 및 배임 사기 혐의로 수십억 달러 규모의 손해배상 청구 소송을 일제히 제기했습니다. 피닉스 주 법원에 제출된 소장에 따르면, 최저가 낙찰을 받아낸 회사가 @FACT산 저품질 결함 콘크리트를 몰래 섞어 쓴 정황이 낱낱이 적시되어 있습니다.",
event_corporate1,"SUBJ:  REDUCTION OF UNNECESSARY MAINTENANCE AND SAFETY COSTS

Almost all of our rail competitors are gaining a cost advantage on us, by laying off maintenance personnel and slashing their track safety programs to the bone.  If we don't do the same, we aren't going to remain in the railroad business long. The accounting staff has run some preliminary numbers, and it's clear we can save approximately @AMOUNT. annually, pretax, through an across-the-board program of reducing maintenance on tracks, roadbeds, bridges, overpasses and tunnels.

The maintenance chief, an old-time railroader, resists these changes. He argues that the additional derailments, bridge collapses and other accidents will cost us more in the long run than we will save by cutting back on our maintenance and safety programs. He is NOT a team player, and the accounting department suggests that the first place we can save is by terminating the maintenance chief.

He could be right about the costs in the long run, but in the short run we will all be turning in our LearJets, firing our au pairs and nannies, selling our Ferraris, and looking for employment elsewhere if we don't give the stockholders some better numbers. Soon....

QUESTION:  DO WE SLASH OUR MAINTENANCE/SAFETY BUDGET?","제목: 불필요한 유지보수 및 안전 예산 감축 보고 건

거의 모든 철도 경쟁사들이 유지보수 인력을 감원하고 선로 안전 프로그램을 대폭 축소하면서 우리 대비 우월한 원가 경쟁력을 확보해 나가고 있습니다. 우리 역시 동등한 수준의 구조조정을 단행하지 않는다면 철도 업계에서 더 이상 생존하기 어려운 상황입니다. 회계 부서의 예비 추산 결과에 따르면, 선로·노반·교량·육교·터널 전반에 걸친 유지보수 예산을 전면 감축할 경우 연간 세전 약 @AMOUNT 규모의 운용 비용을 절감할 수 있는 것으로 확인됐습니다.

다만 오랜 현장 경험을 가진 유지보수 총괄 책임자는 이에 강력히 반발하고 있습니다. 그는 예산 감축으로 인해 발생할 탈선 사고, 교량 붕괴 등의 대형 참사가 장기적으로는 예산 절감분보다 훨씬 더 막대한 손실을 초래할 것이라고 경고합니다. 그러나 해당 책임자는 조직의 방침에 비협조적인 태도를 보이고 있어, 회계 부서에서는 그를 인원 감축 1순위 대상으로 지정할 것을 권고하고 있습니다.

장기적 손실에 대한 그의 지적이 맞을 수도 있으나, 당장 주주들에게 만족스러운 실적 지표를 제시하지 못한다면 경영진 모두가 자가용 전용기와 페라리를 처분하고 일자리조차 보전하기 힘들어질 것입니다.

안건: 유지보수 및 안전 관리 예산을 삭감하시겠습니까?",
event_corporate2,"SPECIAL NEWS ANNOUNCEMENT FROM TOKYO

Tokyo television networks have announced that a bizarre and tragic event has transpired over the weekend. According to initial TV reports, it appears that almost all of the top management team of a Japanese company, @CORPFULL, @FACT committed mass ""seppuku,"" or ritual suicide, by falling on their swords. The apparent reason for this tragedy was the fact that the managers felt they had irreparably lost face by allowing their company to fall under the control of a foreign corporate takeover artist, @MISC.

Reportedly, much company property was burned or destroyed first. The televised reports explained that to sell or lose control of one's company in Japan is considered a disgrace, in the same way an ancient warlord or daimyo would kill himself before surrendering his castle. Thus, in accordance with the Bushido Code, almost all of top management, faced with the choice of submitting to foreign executives who took charge of their company, or resigning to become unemployed ""ronin,"" chose, like true Samurai, ""death before dishonor.""

Understandably, no official of the company was available for comment on this unfolding tragedy.","도쿄발 특별 뉴스 속보

도쿄의 방송사들이 주말 사이 일어난 기괴하고 비극적인 사건을 보도했습니다. 초기 TV 보도에 따르면, 일본 기업 @CORPFULL의 경영진 대부분이 @FACT에서 검 위에 엎드려 목숨을 끊는 집단 '할복'을 감행한 것으로 알려졌습니다. 이러한 비극이 발생한 배경에는 외국인 기업 사냥꾼인 @MISC에게 회사의 제어권을 넘겨주게 되어 돌이킬 수 없을 정도로 체면을 구겼다고 판단했기 때문인 것으로 보입니다.

보도에 따르면, 이들은 할복 전 상당수의 회사 자산을 불태우거나 파괴한 것으로 전해졌습니다. 방송은 일본에서 자신의 회사를 매각하거나 경영권을 잃는 것은 과거 영주나 다이묘가 성을 넘겨주기 전 자결했던 것과 마찬가지로 치욕스러운 일로 여겨진다고 설명했습니다. 이에 따라 무사도 정신에 입각하여, 경영권을 잡은 외국인 임원진에게 복종하거나 사직 후 실직한 '로닌'이 되는 갈림길에 선 경영진 대부분은 진정한 무사처럼 '치욕보다는 죽음'을 택했습니다.

당연하게도, 현재 이 비극적인 사건에 대해 입장을 밝힐 수 있는 회사 관계자는 아무도 없는 상태입니다.",
event_crime1,"URGENT!

SUBJECT:  EXTORTION DEMANDS FROM (?) TERRORIST

A self-styled terrorist, perhaps no more than a madman or a crank, has sent us a letter in which he threatens to lace some of our over-the-counter @FACT with cyanide, unless we meet his extortion demands for @AMOUNT million in cash. He signed the letter, ""Hussein al-Zahedi, Dictator, World Jihad Liberation Front,"" and has given us only 24 hours to respond, before he puts cyanide in our products.

We have no way of knowing if this guy is for real, or just some wacko hoping to make a quick buck at our expense. We have consulted our security experts, and they say they've never heard of the ""World Jihad Liberation Front,"" so this may all just be a bad joke, which we maybe, just maybe, should totally ignore. It is your decision, of course.

QUESTION:  DO WE IGNORE THE THREAT FROM THIS KOOK?","긴급!

제목: 테러 협박범 (?)의 거액 갈취 요구 및 대응 방안 검토 건

자칭 '세계 지하드 해방 전선'의 독재자인 후세인 알-자헤디라고 주장하는 인물로부터 우리의 주력 제품인 일반의약품 @FACT에 청산가리을 혼입하겠다는 협박 서신이 접수되었습니다. 해당 협박범은 24시간 이내에 현금 @AMOUNT백만 달러를 지불하지 않을 경우 실제 독극물 투입을 감행하겠다고 경고했습니다.

자문 보안 전문가의 분석 결과, 해당 단체의 존재나 신원 정보는 확인된 바 없으며 미치광이의 허풍일 가능성도 배제할 수 없습니다. 그러나 요구를 거절할 경우 시안화물 오염에 따른 대규모 인명 피해 발생 위험가 존재합니다. 반대로 협박에 응할 경우 거액의 자금 손실과 추가 갈취 표적이 될 우려가 있습니다.

안건: 이 괴짜의 협박을 무시할까요?",
event_crime2,"FROM:     @CORPFULL NEW BUSINESS DEPARTMENT SUBJECT:  SALE OF CUSTOMER INFORMATION

We have been offered a lucrative proposition, involving the sale of customer information. As a security firm, we are of course privy to a lot of highly important information that our customers and clients entrust to us, to enable us to do our job properly, such as passwords and entry codes for customers' facilities, plus detailed technical information on safes and other equipment our customers have installed to maintain the security of their assets.

The offer is one we may not be able to refuse. A sinister organization based in St. Petersburg, Russia, which appears to be an arm of the Russian Mafia, has offered to buy, in bulk quantity, all of our customers' confidential codes and technical information, which will allow that criminal organization or other malefactors to bypass all the security procedures and systems that we have helped establish for our many clients.

This, of course, is an outlandish and outrageous proposal, which would require us to join a criminal conspiracy, and is something we, as an honorable and reputable company, should immediately report to @MISC. However, these are not people to be trifled with, as they have made threats of a very personal nature, of dismemberment or worse, against all of us in the top tier of management and our families, as well as against you, as our controlling shareholder, if we dare to reject their offer or attempt to notify law enforcement.

They say they offer us a choice between lead and silver -- lead, as in the form of bullets, if we refuse their offer, or silver, in the form of non-traceable BitCoin payments of VERY substantial amounts. This has placed our lives and our company in a severe predicament -- refuse their offer and suffer the brutal consequences, or accept it, and sell them the information they want on all of our clients, which would likely be traced back to us, destroying the company, if it becomes known that we have betrayed completely the trust placed in us by our clients.

Fortunately, we made them a counter-offer, to only provide the information they want on 200 of our customers, whom they can specify, and they have agreed, but reduced their BitCoin offer by half, to @AMOUNT.

The Russian gentlemen in question are awaiting our decision as to whether we will accept their reduced offer. They made it clear that they will not wait long. What do we do?

DO WE SELL OUR CUSTOMERS' INFORMATION TO THE MOB?","@CORPFULL 신사업부
제목: 고객 데이터 매각 제안 건

상당한 이권이 걸린 고객 정보 매각 관련 제안이 들어왔습니다. 명색이 보안 전문 기업인 만큼, 저희는 서비스 제공을 위해 고객사로부터 위탁받은 자산 출입 보안 코드, 비밀번호, 금고 및 첨단 방범 설비의 정밀 기술 규격 등 핵심 보안 자산을 다량 보유하고 있습니다.

문제는 상대의 제안을 단칼에 거절하기 어렵다는 점입니다. 러시아 상트페테르부르크에 거점을 둔 마피아 하부 조직으로 추정되는 세력이 우리 고객사들의 암호화 코드 및 기술 데이터를 전량 통매입하겠다고 접근해 왔습니다. 해당 데이터가 유출될 경우 해당 범죄 조직을 비롯한 불순 세력이 우리가 구축한 고객사 방범망을 전부 무력화할 수 있게 됩니다.

당연히 범죄 공모에 가담하라는 기가 차고 몰상식한 요구이며, 정상적인 기업이라면 즉각 @MISC 등 수사 기관에 신고해야 마땅한 사안입니다. 그러나 상대는 절대 만만히 볼 집단이 아닙니다. 제안을 거부하거나 사법 당국에 밀고할 경우, 최대 주주이신 대표님은 물론 최고 경영진 전원과 그 가족들까지 사지 절단 및 목숨을 담보로 한 무시무시한 보복을 가하겠다고 협박해 온 상황입니다.

놈들은 이른바 '납과 은' 중 하나를 선택하라고 압박하고 있습니다. 거절할 경우 납탄 세례를 각오해야 하고, 수락할 경우 추적이 불가능한 막대한 액수의 은빛 비트코인을 쥐여주겠다는 뜻입니다. 그야말로 임직원의 목숨이 걸린 최악의 외통수에 걸려들었습니다. 제안을 걷어차고 참혹한 보복을 당하든가, 놈들의 요구대로 고객 정보를 넘겼다가 배임 사실이 적발되어 회사 간판을 내리든가 해야 할 판입니다.

그나마 다행히 놈들이 지정하는 특정 고객사 200곳의 데이터만 부분 넘기는 조건으로 역제안을 던졌고, 놈들도 이를 받아들였습니다. 단, 대가로 주겠다던 비트코인은 절반 수준인 @AMOUNT로 깎인 상태입니다.

러시아 측 관계자들은 삭감된 매입안에 대한 최종 결정을 기다리고 있으며, 결단에 오랜 시간을 주지 않겠다고 단두대 통보를 해온 상황입니다. 어찌 조치해야 할지 지침을 내려주시기 바랍니다.

안건: 고객 정보를 마피아에게 판매하시겠습니까?",
event_crime3,"@CORPFULL IS VICTIM OF HUGE SCAM--IT PAID OVER @AMOUNT MILLION FOR MINING RIGHTS TO A PHONY COPPER MINE IN THE RAINFORESTS OF IRIAN JAYA

@CORPFULL, a major mining and smelting company in the non-ferrous metals industry, has been hoodwinked out of @AMOUNT. it paid for the mining rights to a supposed ""mountain of copper"" at a remote rainforest location in Indonesia's Irian Jaya. The company, upon beginning mining operations in the area, after several pitched battles with local headhunters (which cost the lives of 20 miners), quickly discovered that the ""mountain of copper"" they had bought had been heavily ""salted"" with high-grade copper ore by a group of brilliant con men who claimed they had made the greatest copper discovery in the world.

The company took strong precautions against fraud, by sending in several experts to assay the property before purchasing the mining rights, but it turns out that the con men offered the experts a 20% cut in the @AMOUNT million they were asking for the sale of the mining rights, to buy their cooperation with the scam. Apparently, that was far too much money to resist, so @CORPFULL's experts went along with the con men, facilitating what is now being described as one of the biggest mining frauds in history, in an industry long known for such dubious practices.

In addition to paying the scamsters @AMOUNT. for the rights to the bogus copper mine, the company spent considerable additional sums to pay bribes to units of the Indonesian Army, which was finally brought in to protect the miners from local headhunters. The locals had fiercely resisted, as the company built a highway from the coast through their villages, to the mine development site on what the natives call the ""Sacred Mountain of the Dark God."" The military was only able to pacify the natives by use of airstrikes, heavy artillery bombardments and by sending in an armored division, which leveled all the native villages in the area and left few, if any survivors.

The company's stock price plunged on the news, as the losses incurred in writing off the worthless mining rights may prove to be financially crippling to @CORPFULL.","@CORPFULL, 인도네시아 이리안자야 가짜 구리 광산 사기로 @AMOUNT백만 달러 피해

비철금속 분야의 대형 광산 및 제련 기업인 @CORPFULL이/가 인도네시아 이리안자야의 오지 열대우림에 위치한 이른바 '구리의 산'의 광업권을 매입하는 과정에서 사기를 당해 @AMOUNT백만 달러를 날렸습니다. 회사는 현지 식인종 부족과의 몇 차례 치열한 전투 (이 과정에서 광부 20명이 사망) 끝에 광산 개발에 착수했으나, 이 '구리 산'이 세계 최대의 구리 광맥이라고 주장했던 천재적인 사기꾼 집단이 고품위 구리 광석이 가득한 것 처럼 치밀하게 '조작'한 것임을 뒤늦게 알아챘습니다.

회사는 광업권 구매 전 자사 전문가 여러 명을 현지에 파견해 평가를 진행하는 등 사기 예방 조치를 취했습니다. 하지만 사기꾼들이 광업권 매각 대금 @AMOUNT백만 달러의 20%를 몫으로 떼어주며 협조를 요청하자, 이 엄청난 액수를 거절하지 못한 @CORPFULL 사의 전문가들이 사기극에 동조하고 말았습니다. 이로써 광업계 역사상 손꼽히는 대형 광산 사기 사건이 발생했습니다.

회사 측은 가짜 동광산 광업권 대금으로 사기꾼들에게 @AMOUNT백만 달러를 지불한 것 외에도, 식인종 부족들로부터 광부들을 보호하기 위해 인도네시아 군부대에 막대한 뇌물을 추가로 지불해야 했습니다. 당사가 해안가에서 원주민 마을을 관통하여 이른바 '어둠의 신이 머무는 성산'이라 불리는 광산 개발지까지 도로를 건설하자 현지 부족들은 격렬하게 저항했습니다. 이에 군 당국은 공습과 중포 사격, 장갑사단 투입을 거친 끝에야 원주민들을 '진압'했으며, 이 과정에서 지역 내 원주민 마을들이 전부 완파되고 생존자는 거의 남지 않았습니다.

가치가 전무한 광업권을 장부에서 손실 처리함에 따라 발생한 타격이 @CORPFULL 사에 치명적인 재무적 위기를 가져올 것으로 전망되면서, 회사 주가는 보도 직후 폭락했습니다.",
event_crime4,"URGENT!

SUBJECT:  EXTORTION DEMANDS FROM SUPPOSED TERRORIST

Our ""terrorist,"" Hussein al-Zahedi, has upped the ante. After we failed to respond to his extortion demands, he says he went out and put poison (cyanide) in our products in some 20 store locations across the country. He also claims that he did it without any obvious tampering with the ""tamper-proof"" seals in our packaging, and he even told us of one store to check out. He says now we'll have to recall all of the product nationwide. We checked the store in question, and just as he said, we found 3 bottles of our @FACT on the shelf that contained lethal doses of cyanide. Two of them had tiny perforation marks, but we don't know how he contaminated the third bottle; the seal on it appeared to be completely intact. This guy may be a pro....  In any case, if we do a product recall, it will be expensive, likely to cost us at least a cool @AMOUNT million.

On the other hand, if we keep this quiet, a few civilians may suffer collateral damage from this fray, but it won't necessarily be traced to us; if it is, we plead ignorance in the matter.

DECISION:    DO WE KEEP THIS QUIET?","긴급!

제목: 자칭 테러리스트의 공갈 협박

우리의 ""테러리스트"" 후세인 알-자헤디가 협박의 수위를 높였습니다. 우리가 그의 요구를 무시하고 응답하지 않자, 그는 전국 20여 개 매장에 진열된 저희 제품에 청산가리를 주입했다고 주장하고 있습니다. 그는 우리의의 '밀봉 포장'에 그 어떤 훼손 흔적도 남기지 않고 범행을 저질렀다고 장담하며, 확인할 매장 한 곳을 집어 알려주기까지 했습니다. 그는 이제 우리가 전국의 모든 제품을 전량 회수할 수밖에 없을 것이라고 압박하고 있습니다. 그가 알려 준 매장을 확인해 본 결과, 그의 말대로 치사량의 청산가리가 함유된 @FACT 3병을 매대에서 발견했습니다. 2병에는 미세한 구멍 흔적이 남아 있었으나, 포장이 완전히 멀쩡해 보이는 나머지 1병에는 대체 어떤 수법으로 오염시켰는지조차 파악되지 않고 있습니다. 이 자는 상당한 전문가일지도 모릅니다… 어찌 되었든 제품 리콜을 단행할 경우 최소 @AMOUNT백만 달러 이상의 막대한 비용 손실이 불가피합니다.

반면 이 사실을 조용히 묻어두고 덮을 경우, 약간의 (부수적인) 민간인 피해가 발생할 수 있으나 이것이 반드시 우리에게로 추적·연결되지는 않을 것입니다. 만에 하나 추적되더라도 당사는 전혀 몰랐던 일이라고 오리발을 내밀며 무지를 주장하면 됩니다.

결정: 이 일을 조용히 덮으시겠습니까?",
event_crime5,"HANFORD NUCLEAR RESERVATION CLEANUP TO GO FORWARD, AFTER INVESTIGATIVE JOURNALIST EXPOSES BRIBERY OF KEY CONGRESSMEN BY @CORPFULL

A brilliant piece of investigative journalism by a reporter at a small newspaper--no major daily would touch the story-- has defeated a cynical effort by a major corporation to block passage of the environmental cleanup of nuclear wastes on the Hanford Reservation in the state of Washington. Reportedly, millions of dollars in bribes were paid to key members of Congress to bottle up the bill in their committee for months, all of which bribes were paid by @CORPFULL.

Following the disclosure of the payments, and a threat by the reporter to release the names of the recipients, the bill was unanimously approved in committee, and quickly passed by a 433 to 2 vote on the floor of the House of Representatives. Federal criminal charges against the company are being considered by the Justice Department and Federal funding for company plans to develop a Grand Canyon site as ""the ultimate landfill"" are now thought to be in serious jeopardy, as a result of this scandal.","핸포드 핵보호구역 정화 계속 진행 — 탐사보도 기자, @CORPFULL의 핵심 의원 매수 폭로

어느 소규모 신문사의 한 기자 (어떤 주요 일간지도 이 이야기를 다루려 하지 않았습니다)가 뛰어난 탐사보도를 벌였습니다. 그 결과 워싱턴주 핸포드 보호구역의 핵폐기물 환경 정화 법안 통과를 저지하려던 한 대기업의 냉소적인 시도가 무산되었습니다. 보도에 따르면 이 법안을 몇 달간 위원회에 계류시키기 위해 핵심 의원들에게 수백만 달러의 뇌물이 지급되었으며, 이 모든 뇌물은 @CORPFULL이/가 지급한 것입니다.

이 지급 사실이 폭로되고 기자가 수령자 명단을 공개하겠다고 위협하자, 법안은 위원회에서 만장일치로 승인되었으며 하원 본회의에서 433 대 2로 신속히 통과되었습니다. 법무부는 이 회사에 대한 연방 형사기소를 검토 중이며, 그랜드캐니언 부지를 ""궁극의 매립지""로 개발하려는 회사 계획에 대한 연방 자금 지원도 이번 스캔들로 심각한 위기에 처한 것으로 보입니다.",
event_crime6,"@CORPFULL SLAPPED WITH MASSIVE FINES, CRIMINAL PENALTIES FOR ""STRIP MINING"" OF @YEAR FORESTS

@CORPFULL, a company that has always been known for its strong political pull in Washington, D.C., has finally overstepped itself. Without government approval, and in violation of the Endangered Species Act and some 129 other environmental laws and regulations, the building materials company went into pristine old growth National Forest lands in @FACT and, almost overnight, clear cut huge areas, before environmentalists or anyone else knew what was happening or could take legal action to block the cutting.  Strangely, Forest Service officials seemed to have helped the company keep its illegal acts secret, by barring hikers, hunters and environmentalists from the affected areas while the cutting was in progress.  Likewise, last gasp appeals to the Government to stop the cutting of the last few stands of old growth were simply ignored in Washington.  However, after a maror TV network showed aerial scenes of the man-made devastation, the Administration quickly dropped its initial support of the company, under a tidal wave of media and political pressure.","@CORPFULL, @YEAR년 산림 무단 싹쓸이 벌목 적발… 막대한 과징금 및 형사 처벌 수순

워싱턴 정가에서 막강한 로비력을 행사해 온 @CORPFULL이 결국 대형 사고를 쳤습니다. 해당 건축 자재 기업은 정부의 정식 승인도 없이, 멸종위기종보호법을 비롯한 129개 환경 법규을 정면으로 위반한 채 @FACT 소재 원시 국유림에 무단 침범했습니다. 이들은 환경단체나 주민들이 법적 대응에 나설 겨를도 없이 단숨에 울창한 원시림 전체를 벌목해 버렸습니다. 공교롭게도 산림청 관계자들은 벌목이 진행되는 동안 등산객과 사냥꾼, 환경운동가들의 출입을 통제해 회사의 불법 행위를 은폐하는 데 적극 조력한 정황이 포착되었습니다. 마찬가지로 마지막 남은 원시림만이라도 보호해 달라는 시민단체의 간곡한 호소 역시 워싱턴 정가에서 철저히 무시당했습니다. 그러나 주요 방송사를 통해 인위적으로 쑥대밭이 된 현장의 항공 촬영 화면이 전파를 타자, 거센 비난 여론과 정치적 압박에 못 이긴 행정부는 기존의 태도를 버리고 회사에 대한 지지를 철회했습니다.",
event_crime7,"TOP EXECUTIVES OF @CORPFULL ARRESTED; SECURITY FIRM SOLD ITS CLIENTS' CONFIDENTIAL PASSCODES AND OTHER SECRETS TO THE RUSSIAN MAFIA

After a rash of well over 100 security breaches by criminals with inside information at major corporations, including combinations to safes and bank vaults, @MISC investigators realized that there was an unmistakable pattern --- almost all of the victimized organizations were clients of one leading security firm, @CORPFULL.

The most damaging example was the code to the safe at the headquarters of the Coca-Cola company in Atlanta, which enabled the thieves to obtain one of the commercial world's best-kept trade secrets for over a century -- the secret formula for Coca-Cola, known until now to only a handful of top Coke executives, and never patented, since the beverage company knew that they would have to divulge the formula to obtain a patent, and that patents eventually expire. Now the formula is for sale on the Dark Web, following the recent break-in at the company's headquarters, according to a Coca-Cola spokesperson.

Investigators soon discovered that the company's management, who claim their lives were threatened by the Russian Mafia, agreed to compromise the security of 200 of their clients by providing crucial secret client information to the mobsters, in exchange for a large payment of an undisclosed amount to @CORPFULL, as well as BitCoin payments to the individual members of top management.

@CHEATER, the person who ultimately controls the security firm, claims to have had no knowledge of this outrageous breach of business ethics, and has strongly condemned the actions of his management team that he put in place at @CORPFULL.

Most of the company's top management have been led from the @CORPFULL headquarters in handcuffs.

Meanwhile, a phalanx of victimized clients of the company, including the Coca-Cola company, have already filed massive lawsuits against the embattled company, seeking damages.","@CORPFULL 최고 경영진 체포… 보안 전문 기업이 고객사 비밀번호 및 첨단 기밀을 러시아 마피아에 매각

금고 및 은행 대형 금고의 암호 등 내부 정보에 접근한 범죄 조직에 의해 주요 대기업 100여 곳의 보안이 뚫리는 연쇄 침입 사건이 발생하자, @MISC 수사팀은 명확한 공통점을 포착했습니다. 피해를 입은 기업 대부분이 대형 보안 업체인 @CORPFULL의 고객사였다는 점입니다.

가장 치명적인 피해를 입은 곳은 애틀랜타 소재 코카콜라 본사였습니다. 금고 암호가 유출되면서 지난 1세기 동안 상업계 최고의 비밀로 유지되어 온 코카콜라의 원액 제조법이 절도범들의 손에 들어갔습니다. 이 레시피는 코카콜라 극소수 임원진만 공유해 왔으며, 특허 출원 시 공개 의무와 유효기간 만료 문제가 발생한다는 점 때문에 특허 등록조차 하지 않았던 자산입니다. 코카콜라 대변인에 따르면, 본사 침입 사태 이후 해당 레시피가 현재 다크웹에서 거래되고 있는 것으로 확인됐습니다.

수사 당국은 러시아 마피아에게 신변 협박을 당했다고 주장하는 회사 경영진이 @CORPFULL 법인 명의의 대규모 밀실 자금과 임원 개인 계좌로 입금된 비트코인을 대가로, 핵심 고객사 200곳의 기밀 정보를 마피아 조직에 통째로 넘기는 밀약을 맺은 사실을 밝혀냈습니다.

실질적 지배주주인 @CHEATER는 이번 중대한 윤리적 배임 행위에 대해 전혀 인지하지 못했다고 오리발을 내밀며, 자신이 직접 앉힌 @CORPFULL 경영진의 범죄 행각을 강력히 규탄했습니다.

현재 회사 최고 경영진 대부분은 본사 건물에서 수갑을 찬 채 연행된 상태입니다.

한편, 코카콜라를 포함해 피해를 입은 다수의 고객사들은 이미 이 궁지에 몰린 회사를 상대로 손해배상을 청구하는 대규모 소송을 제기한 상태입니다.",
event_crime8,"@CORPFULL IMPLICATED IN MONEY LAUNDERING SCHEME; COMPANY OFFICIALS INDICTED, CORPORATE ASSETS CONFISCATED

@YEAR officials announced that they have arrested and brought criminal charges against several mid-level officials of @CORPFULL, for illegal money-laundering.

The indictments are based on allegations that the defendants used their positions at the corporation to launder vast sums of illegal drug money for the @FACT.

According to a government spokesman, top officials of the corporation were not aware that the firm's legitimate business operations were being used by the renegade employees to launder funds for an organized crime syndicate. However, officials have seized some @AMOUNT. of company funds that they have traced to Cayman Islands bank accounts, with the cooperation of Cayman authorities--over strong objections from company officials, who claim the confiscated funds belonged to @CORPFULL, rather than to the @FACT.","@CORPFULL, 자금세탁 계획 연루 혐의; 회사 임원 기소, 회사 자산 몰수

@YEAR년 당국은 불법 자금세탁 혐의로 @CORPFULL의 중간관리자급 임원 여러 명을 체포해 형사 기소했다고 발표했습니다.

기소 내용은 피고인들이 회사 내 자신의 지위를 이용해 @FACT을/를 위한 대규모 불법 마약자금을 세탁했다는 혐의에 근거합니다.

정부 대변인에 따르면, 이 회사의 최고위 임원들은 자사의 정상적인 사업 운영이 이 반역 직원들에 의해 조직범죄 신디케이트의 자금 세탁에 이용되고 있다는 사실을 알지 못했다고 합니다. 그러나 당국은 케이맨제도 은행 계좌로 추적된 회사 자금 약 @AMOUNT.를 케이맨 당국의 협조를 받아 압류했습니다. 이는 압류된 자금이 @FACT가 아니라 @CORPFULL 소유였다고 주장하는 회사 관계자들의 강한 반발을 무릅쓰고 이루어진 것이었습니다.",
event_disaster1,"FLORIDA SLIPPING BENEATH THE WAVES AFTER HURRICANE HITS

West Palm Beach is under a foot of water today, in the wake of yesterday's hurricane that breached the dikes that protect this Florida city from the Atlantic Ocean. Like much of Florida, West Palm Beach has been protected from flooding in recent years by a vastly expensive and ever-expanding system of dikes and sea walls, all designed to keep out the rising ocean waters. But sea levels have risen several feet in the last two years, as a result of the rapid melting of the Ross Ice Shelf in Antarctica, and the sea finally overwhelmed the city's defenses yesterday, with the help of Hurricane Zoe, the 26th hurricane to hit Florida this season.

Government climatologists describe the increased number of hurricanes and rising sea levels as ""normal fluctuations in weather cycles,"" not caused by any alleged ""greenhouse effect.""

Meanwhile, in Washington, auto company officials warned the House Commerce Committee that the economy would be harmed if the government re-established fuel efficiency requirements for autos, which were repealed in recent years. With unemployment approaching 20%, and Detroit's ""Big 2"" auto firms threatening to move all of their remaining U.S. production offshore, Washington insiders say it is unlikely that Congress will attempt to crack down on ""gas-guzzlers"" again....","허리케인으로 인해 침수 피해를 겪는 플로리다

웨스트 팜 비치가 오늘 하루 동안 도심 전체가 약 30cm 깊이로 침수되었습니다. 어제 플로리다에 소재한 웨스트 팜 비치 시를 대서양의 파도에서 보호하던 제방이 허리케인으로 인해 무너지면서 침수 피해가 발생했습니다. 플로리다의 여타 지역들과 마찬가지로, 웨스트 팜 비치는 최근 몇 년 동안 급격히 상승하고 있는 해수면으로부터의 피해를 최소화하기 위해 막대한 예산을 들여 방파제와 해안 방벽 시스템을 지속적으로 확충해 왔습니다. 그러나 남극의 로스 빙상이 빠르게 녹으면서 지난 2년간 해수면은 1M 가량 상승했고, 결국 어제, 이번 계절 플로리다에 상륙한 26번째 허리케인인 '조'가 도시의 방어선을 무너뜨리고 말았습니다.

정부의 기후학자들은 허리케인의 증가와 해수면 상승 현상을 소위 ""온실 효과"" 때문이 아니라 ""기후 주기 상의 정상적인 변동""일 뿐이라며 일축했습니다.

한편, 워싱턴에서는 자동차 회사 관계자들이 정부가 최근 폐지했던 차량 연료 효율성 규정을 재도입할 경우 경제가 타격을 입을 것이라고 연방 하원 상업위원회에 경고했습니다. 실업률이 20%에 육박하는 디트로이트 소재의 'Big 2' 자동차 기업이 남은 미국 생산 라인 전체를 해외로 이전하겠다고 위협하면서, 워싱턴 내부 관계자들은 의회가 다시 한번 ""기름 먹는 하마""를 규제할 가능성은 낮다고 말합니다…",
event_disaster2,"FLOOD OF ASIAN, MEXICAN IMPORTS INTO U.S. MARKET TRIGGERS CALLS FOR PROTECTIONISM BY U.S. LAWMAKERS, INDUSTRY AND LABOR

A massive rally was held on the steps of the U.S. capitol today, by unemployed workers and others demanding that the U.S. restrict imports of foreign-made goods, as the U.S. continues to be flooded by imports of low-priced goods from China, Korea, Vietnam, Japan and Mexico.  Frenzied speakers at the rally, which was organized by members of Congress and a number of labor union leaders, plus several former executives of various American companies that have gone out of business due to foreign competition, urged the thousands in attendance to put pressure on President @TEXTSTRING, and to demand that he impose tariffs and other restrictions on imported goods.

So far, a coalition of labor unions, corporations and various anti-globalist socialist groups have been unable to push their tariff legislation through Congress, and thus are hoping to instead persuade President @TEXTSTRING to act unilaterally to limit imports by Executive Order, and thus do an ""end run"" around Congress, if Congress continues to be hesitant in acting to restrict trade.","아시아·멕시코산 수입품 폭증에 美 의원·산업계·노동계 보호무역 요구 분출

오늘 미국 국회의사당 계단에서 실업자와 시민들이 대규모 집회를 열고, 중국·한국·베트남·일본·멕시코산 저가 수입 상품들이 계속 미국 시장을 뒤덮는 상황에 대항해, 정부가 외국산 제품 수입을 제한할 것을 요구했습니다. 국회의원들과 여러 노동조합 지도자들, 그리고 해외 경쟁에 밀려 폐업한 여러 미국 기업의 전직 임원들이 조직한 이번 집회에서, 격앙된 연사들은 집회에 참석한 수천 명의 군중을 향해 @TEXTSTRING 대통령을 압박해 수입품에 관세와 기타 규제를 부과하도록 요구할 것을 촉구했습니다.

노동조합, 기업, 반세계화 사회주의 단체 연합은 지금까지 관세 법안을 의회에서 통과시키는 데 실패했으며, 이에 따라 의회가 계속 무역 제한 조치에 미온적으로 대응할 경우 @TEXTSTRING 대통령이 행정명령을 통해 일방적으로 수입을 제한하도록 설득해 의회를 ""묵살하고 편법으로 뛰어넘으려"" 하고 있습니다.",
event_disaster3,"GREENLAND ICE DAM COLLAPSES; VAST FLOOD OF COLD, FRESH WATER HAS HALTED FLOW OF THE GULFSTREAM, PUTTING MUCH OF EUROPE INTO A DEEP FREEZE!

For several years, the rapidly melting Greenland ice sheet has been forming a vast glacial lake in the center of the Greenland land mass, contained on all sides by the remaining ice, which formed a dam over 300 meters high. Recently, the ice that had held back the waters on the eastern side of the huge lake suddenly collapsed, causing a colossal flood, of epic proportions, unprecedented in recorded history.

While the flood caused very little damage to humans in the very sparsely populated area where the ice dam ruptured, the enormous volume of cold, fresh water that was dumped into the North Atlantic will have long-lasting effects on the climate of Europe.

The vast and sudden influx of cold, non-saline water, which is lighter and tends to float on top of the salty ocean water below it, has caused the flow of the Gulfstream current to come to a sudden halt. The Gulfstream, which until now had always brought a steady flow of warm, highly saline, water from the tropics to the North Atlantic, keeping much of Europe temperate, has been disrupted and this conveyor belt of warm waters has stopped flowing, perhaps for thousands of years to come, due to the sudden influx of the waters of the glacial lake.

As a result, temperatures in Britain and on the continent are already as much as 8 degrees (Celsius) colder than normal, and the climate of most of northern and western Europe is likely to soon become much like that of interior portions of northern Canada, which is at the same latitude, but has never been warmed by the Gulfstream, unlike Europe.

Snow has already begun accumulating in London and the economic repercussions on European economies are expected to be huge, as the climate steadily grows colder in areas formerly warmed by the Gulfstream.","그린란드 얼음 댐 붕괴; 저온 담수의 대량 유입으로 멕시코 만류 멈춰, 유럽 대부분 혹한에 빠지다!

수년간 빠르게 녹아온 그린란드 빙상은 그린란드 대륙 중심부에 거대한 빙하 호수를 형성해 왔습니다. 사방을 둘러싼 남은 얼음이 300미터가 넘는 댐 역할을 하며 이 호수를 가두고 있었지만, 최근 이 거대한 호수 동쪽을 막고 있던 얼음이 갑자기 붕괴하면서 기록상 전례 없는, 대 서사시에서나 볼 법한 대홍수가 발생했습니다.

얼음 댐 인근 지역은 인구가 매우 적은 지역이라 인명 피해는 매우 적었지만, 북대서양으로 유입된 방대한 양의 저온 담수는 유럽 기후에 장기적인 영향을 미칠 것으로 보입니다.

염분이 없어 밀도가 낮은 저온 담수는 짠 바닷물 위에 뜨는 성질을 가지고 있습니다. 이런 담수가 갑자기 대량으로 유입되면서 멕시코 만류의 흐름이 갑자기 멈춰버렸습니다. 멕시코 만류는 지금까지 열대 지역의 고온 해수를 꾸준히 북대서양으로 실어 날라 유럽 대륙을 온화한 기후로 유지시켜주던, 일종의 바닷물 컨베이어 벨트로 기능했습니다. 그런데 빙하 호수 물이 갑자기 유입되면서 이 흐름이 멈춰버렸고, 앞으로 수천 년간 움직이지 않을 지도 모릅니다.

그 결과 영국과 유럽 대륙의 기온은 이미 평년보다 최대 섭씨 8도나 낮아졌으며, 북유럽과 서유럽 대부분의 기후는 머지않아 같은 위도지만 멕시코 만류의 영향을 전혀 받지 못했던 캐나다 내륙 북부 지역과 비슷해질 것으로 보입니다.

런던에는 이미 눈이 쌓이기 시작했으며, 멕시코 만류로 따뜻했던 지역의 기후가 계속 추워지면서 유럽 경제에 미칠 파장도 막대할 것으로 예상됩니다.",
event_disaster4,"VOLCANIC ERUPTION IN CANARY ISLANDS POSES TSUNAMI THREAT

Geologists and U.S. and Canadian government officials are keeping a wary eye on the rumblings of the Cumbre Vieja volcano, on the island of La Palma, in the Canary Islands, off the coast of Africa.

The volcano has been dormant since 1949, but is now showing signs of becoming active again, which has scientists and other officials worried, on the other side of the Atlantic. During its last eruption in the mid-20th century, at one point the whole west side of the mountain slipped several feet toward the ocean, but then stopped. If it had continued to slip, the entire mountainside, some half a trillion tons of rock, would have crashed into the ocean and sent a tidal wave, or tsunami, up to a kilometer high across the Atlantic, devastating the whole East Coast of the United States, and much of the coasts of Canada, Mexico, Central America, and Brazil, as well.

Since the 1949 eruption, geologists have studied the Cumbre Vieja volcano and discovered that it has vertical columns or tubes throughout, which capture rainwater, so that the whole mountain has been filling these columns since the volcano last erupted. Recent earth tremors and releases of steam indicate that magma is rising under the mountain, and is beginning to heat the trapped water columns.  Geologists fear that a volcanic eruption of Cumbre Vieja would superheat the water columns, turning the water to steam, potentially tearing the peak apart, causing much of it to collapse into the Atlantic, as almost occurred in 1949.

Meanwhile, trading was lighter than normal on Wall Street, where investors seemed to shrug off the news that New York City could be inundated by a series of half-mile high megatsunamis within a matter of hours, if the far away volcano in the sleepy Canary Islands awakens and goes jackpot.","카나리아 제도 화산 폭발, 쓰나미 위협 고조

지질학자들과 미국 및 캐나다 정부 관계자들이 아프리카 해안에 위치한 카나리아 제도의 라 팔마 섬에 있는 쿰브레 비헤아 (Cumbre Vieja) 화산의 분출 징후를 예의주시하고 있습니다.

이 화산은 1949년 이후 휴면 상태였으나, 최근 다시 활동을 시작하려는 조짐을 보이며 과학자들과 대서양 건너편의 관계자들의 골치를 썩이고 있습니다. 지난 20세기 중반 폭발 당시, 화산의 서쪽 면이 바다 쪽으로 몇 피트씩 미끄러져 내려갔다가 멈춘 적이 있었습니다. 만약 그 산사태가 계속되었다면, 약 5천억 톤 규모의 암석으로 이루어진 산비탈 전체가 바다로 무너져 내렸을 것입니다. 그 경우 대서양을 가로지르는, 최대 1킬로미터 높이의 쓰나미가 발생해 미국 동부 해안은 물론 캐나다, 멕시코, 중앙아메리카, 브라질 등 많은 해안 지역에 재앙을 초래했을 것입니다.

1949년 폭발 이후 지질학자들은 쿰브레 비헤아 화산을 연구하며 사방으로 수직 기둥 구조 및 주상절리 형태의 수직 통로가 존재하며, 이 통로들이 빗물을 저장해 왔다는 사실을 발견했습니다. 따라서 화산이 마지막으로 분출한 이래 화산의 내부 통로에는 상당량의 물이 축적되어 있으며, 최근의 지진과 증기 방출은 지하에서 마그마가 상승하며 이 물의 수직 통로를 데우고 있음을 보여주고 있습니다. 지질학자들은 쿰브레 비헤아 화산이 폭발하면 이 통로 내부의 물이 펄펄 끓는 수증기로 순식간에 변할 것이라고 우려합니다. 그렇게 되면 봉우리가 산산조각 나면서 화산의 상당한 부분이 대서양으로 무너져 내릴 위험이 있으며, 이는 1949년에 발생했던 상황과 유사할 것이라고 예측하고 있습니다.

한편, 월 스트리트에서는 평소보다 적은 거래량을 기록했습니다. 투자자들은 멀리 떨어진 잠잠한 카나리아 제도의 화산이 깨어나 엄청난 메가 쓰나미가 몇 시간 만에 뉴욕시에 덮칠 수 있다는 소식에도 아랑곳하지 않는 듯했습니다.",
event_disaster5,"EAST COAST OF NORTH AMERICA AND BRAZIL DEVASTATED BY MEGA-TSUNAMI, TRIGGERED BY CANARY ISLANDS VOLCANO

A monster tidal wave, estimated to be nearly 200 feet (60 meters) high when it reached the coasts of North and South America, has inflicted catastrophic damage on the United States and Brazil, and left a million dead and many millions more homeless.

The gigantic tsunami was caused by a massive landslide when the Cumbre Vieja volcano in the Canary Islands began to erupt, causing a large portion of the ancient volcano, perhaps as much as a half a trillion tons of rock, to suddenly plunge into the Atlantic Ocean on the western side of the island of La Palma, sending a series of massive waves all the way across the ocean.

Residents of the east coasts of the Americas had only about eight hours to flee to higher ground, and vast numbers of U.S. and Brazilian residents were trapped on crowded roads, seeking to escape inland, when the first of a series of giant waves crashed on top of them, destroying everyone and everything in its path. While casualties were fairly light on the sparsely populated Canadian coast, and on the coasts of Mexico and Central America, which were much further from the collapsed volcano, the brunt of the disaster was felt by large cities on the east coasts of the United States and Brazil.

The cities of Boston, New York, Norfolk, Savannah, Miami and Jacksonville were almost completely destroyed by the series of 20 or more enormous waves spawned by the Cumbre Vieja landslide. In Brazil, the heavily populated megalopolises of Sao Paolo and Rio de Janeiro were also largely destroyed by the tsunamis, with countless casualties and incalculable economic losses in both the U.S. and Brazil.

Stock and bond markets around the world collapsed on the news of the catastrophic event, which is expected to throw the economies of the entire world into a tailspin.","북미 동해안 및 브라질, 카나리아 제도 화산 폭발이 유발한 메가 쓰나미에 휩쓸리다

도달 당시 최고 높이가 약 60미터에 육박했던 초대형 거대 지진해일이 미국 동부 해안과 브라질에 재앙적인 피해를 입혔으며, 백만 명의 사망자와 수백만 명의 이재민을 남겼습니다.

이 거대한 쓰나미는 카나리아 제도에 위치한 쿰브레 비헤아 화산이 분출하면서 발생한 대규모 산사태가 원인입니다. 이 옛 화산의 상당 부분, 아마도 최대 5,000억 톤에 달하는 것으로 추정되는 암석군이 라 팔마 섬 서쪽 해안에서 대서양 한가운데로 쏟아져 내리며 일련의 거대한 파도를 일으켰고, 이 파도는 바다 건너편까지 도달했습니다.

미주 동부 주민들에게는 높은 지대로 피할 시간이 겨우 여덟 시간밖에 없었습니다. 미국과 브라질의 수많은 주민들이 내륙 탈출을 위해 붐비는 도로에 갇혀 있을 때, 거대 파도가 그들을 덮치며 이동 경로에 있던 모든 사람들과 시설물들을 완전히 휩쓸어 버렸습니다. 인구가 희박한 캐나다 해안이나 화산이 무너진 곳에서 훨씬 멀리 떨어진 멕시코와 중앙 아메리카 해안에서는 사상자가 비교적 적었지만,미국과 브라질 동부의 대도시는 괴멸적인 타격을 입었습니다.

쿰브레 비헤아 산사태가 촉발한 20개 이상의 거대한 파도로 보스턴, 뉴욕, 노퍽, 사바나, 마이애미, 잭슨빌 같은 도시들은 거의 완전히 파괴되었습니다. 브라질에서도 상파울루와 리우데자네이루 같은 인구가 밀집된 메갈로폴리스들이 쓰나미로 인해 광범위하게 파괴되었으며, 미국과 브라질 양국 모두에서 막대한 사상자와 헤아릴 수 없는 경제적 손실을 겪었습니다.

전 세계의 주식 및 채권 시장은 이 재앙적인 사건 소식에 일제히 폭락했으며, 이는 전 세계 경제를 급격한 혼란에 빠뜨릴 것으로 예상됩니다.",
event_disaster6,"FROM:  CORPORATE FINANCE DEPARTMENT -- @CORPFULL SUBJ:  IMPROVEMENT OF UNDERWRITING RATIOS FOR CASUALTY INSURANCE

(FOR YOUR EYES ONLY -- DESTROY AFTER READING)

As requested, we have done some spade work on the concept you suggested, whereby the Company would begin selling huge numbers of targeted insurance policies--hurricane insurance in Florida, earthquake insurance in California, and flood insurance in the Mississippi Valley--at rock-bottom prices no competitor can possibly match, with minimal downside exposure in case of claims. Our analysis indicates the best way to do this will be to set up a thinly-capitalized Bahamian insurance company, with a name very similar to @CORPFULL.

We can sell this cut-rate insurance through our existing network of agents, then pull all of the money out of the Bahamian shell at the first sign of a natural disaster, launder it by running it through Panama and the Cayman Islands, and finally back through @MISC and to the Company. If a quake or storm hits, the ""shell"" company will quickly file bankruptcy, while we plead ignorance of the whole affair. It's a slam dunk.

We only need your approval to proceed -- Yes or No?","발신: 기업 재무 부서 — @CORPFULL
제목: 손해보험 인수비율 (Underwriting Ratio) 개선안

(비밀 유지 — 열람 후 즉시 파기)

지시하신 구상안에 대한 사전 검토를 완료했습니다. 플로리다 허리케인 보험, 캘리포니아 지진 보험, 미시시피 강 유역 홍수 보험 등 특화 보험 상품을 경쟁사가 감히 따라올 수 없는 파격적인 최저가에 대량 판매하되, 보상금 청구에 따른 손실 위험은 최소화하는 전략입니다. 분석 결과, @CORPFULL과 유사한 상호의 페이퍼 컴퍼니 (자본금 미달 역외 회사)를 바하마에 설립하는 것이 최선의 방안으로 파악되었습니다.

기존 대리점망을 통해 해당 덤핑 보험 상품을 대량 판매한 후, 자연재해 발생 징후가 포착되는 즉시 바하마 페이퍼 컴퍼니에서 자금을 전부 인출하면 됩니다. 이후 파나마와 케이맨 제도를 거쳐 자금을 세탁한 뒤, @MISC을/를 경유해 최종적으로 우리 회계로 환수하는 구조입니다. 대형 지진이나 폭풍이 엄습할 경우 해당 ""껍데기"" 회사를 지체 없이 파산 신청 처리하고, 우리는 해당 거래 건에 대해 일체 알지 못했다고 오리발을 내밀면 그만입니다. 그야말로 꿩 먹고 알 먹기식 구조입니다.

추진 여부에 대한 최종 승인을 부탁드립니다 — 승인입니까, 거절입니까?",
event_disaster7,"NEW SAN FRANCISCO-HAYWARD BRIDGE COLLAPSES ON OPENING DAY; MAYOR AND THOUSANDS OF OTHERS FEARED DEAD AFTER SMALL EARTH TREMOR CAUSES NEW BAY BRIDGE TO COLLAPSE INTO BAY

Today was the day the gleaming new 16-lane bridge across San Francisco Bay, from San Francisco to Alameda County, was to officially open. The festive event, which was being celebrated by thousands of dignitaries and ordinary citizens who walked, ran or biked out to the middle of the span for the opening ceremonies, turned into a major disaster when a minor (3.7) earthquake, barely noticed by anyone in the area but seismologists, struck at 11:33 a.m., just 27 minutes before Mayor Siciliano of San Francisco was to have cut the ribbon. The new bridge would have been the first to directly connect San Francisco to Hayward, a city to the south of Oakland.

Despite the very small magnitude of the earth tremor, the new bridge was unable to withstand it, and several sections in the center span of the bridge, loaded with thousands of pedestrians and cyclists, collapsed into the frigid waters of San Francisco Bay far below. Investigators of this tragic event suspect that the collapse was caused by flaws in steel support beams, made from cheap low-grade imported steel supplied by @CORPFULL.","샌프란시스코-헤이워드 신설 교량 개통 당일 전면 붕괴… 시장 포함 수천 명 상공서 추락 참사

오늘 샌프란시스코와 알라메다 카운티를 연결하는 16차선 신설 대교의 공식 개통 행사장 내부에서 초유의 붕괴 참사가 발생했습니다. 개통식을 축하하기 위해 수많은 내빈과 시민들이 주탑 중앙 상판으로 도보나 자전거를 타고 진입해 있던 중, 오전 11시 33분경 규모 3.7의 미진이 발생했습니다. 일반인은 거의 느낄 수 없었던 미세한 진동이었으나, 시실리아노 샌프란시스코 시장의 리본 커팅을 불과 27분 앞두고 주탑 상판이 견디지 못한 채 무너져 내렸습니다. 해당 교량은 샌프란시스코와 오클랜드 남부 헤이워드 지역을 직통으로 잇는 핵심 기반 시설였습니다.

진동의 수치가 극히 미미했음에도 불구하고 상판 여러 구간이 형체도 없이 파괴되었으며, 그 위에 모여 있던 보행자 및 자전거 이용자 수천 명이 차가운 샌프란시스코 만 바다로 추락했습니다. 사고 조사단은 이번 대형 참사의 원인으로 @CORPFULL이 납품한 저가 수입 강재의 구조적 결함 및 강도 부족을 지목하고 집중 조사를 벌이고 있습니다.",
event_economy1,"WORLD POPULATION PASSES 9 BILLION MARK

U.N. officials reported today that the world's human population passed the 9 billion mark in the year@TEXTSTRING, several years ahead of schedule. In a related story, the Humpback whale has been declared extinct.  A Japanese whaling ship reports having bagged the last 5 known remaining humpback whales, during a recent ""research"" voyage. The voyage proved to be immensely profitable, as frantic Tokyo bidders paid up to $500 per pound for the precious whale meat, a greatly prized delicacy in Japan -- particularly since this will be the last of it ever to come from Humpbacks.  Japan's whalers will next focus their research efforts on the endangered gray whale, which is down to less than 250 specimens at latest count.

Meat from marine mammals has become increasingly hard to find in Tokyo seafood markets, at any price, due to intense competition from Norwegian and Icelandic whalers and the fact that dolphins, killer whales, walruses, and most whale species are now as extinct as the woolly mammoth or the elephant.

Meanwhile, U.S. food companies, jealous of the exorbitant Japanese profits from whaling, are mounting a major lobbying effort to get Congress to approve whaling by American vessels. Several large food companies, sensing an opportunity, are reported to have already acquired and fitted out whaling vessels, indicating their confidence that Congress can be persuaded (with adequate campaign largess) to rescind the U.S. ban.","세계 인구 90억 명 돌파

UN 관계자들은 오늘 @TEXTSTRING년에 세계 인구가 예정보다 수년 빠르게 90억 명을 돌파했다고 발표했습니다. 이와 관련된 소식으로, 혹등고래가 공식적으로 멸종되었습니다. 일본의 한 포경업자는 최근 '연구' 항해 과정에서 마지막 남은 5마리마저 모조리 포획하는 데 성공했다고 전했습니다. 일본에서 대단히 귀한 별미로 꼽히는 고래고기, 특히 이번이 최후의 혹등고래 고기가 될 것이라는 점에서 도쿄의 입찰자들이 1파운드 (약 450그램)당 최대 500달러까지 제시함에 따라 이번 항해는 엄청난 수익을 올린 것으로 나타났습니다. 일본의 포경업자들은 다음 '연구' 과제로 최신 집계 기준 250마리 미만만 남은 멸종 위기종 회백고래를 표적으로 삼을 예정입니다.

노르웨이와 아이슬란드 포경업자들과의 치열한 경쟁과 돌고래, 범고래를 포함한 대부분의 고래 종과 바다코끼리가 이제 털매머드나 코끼리처럼 멸종되었기 때문에 도쿄 수산 시장에서는 아무리 비싼 값을 제시하더라도 해양 포유류의 고기를 구하기는 점점 더 어려워지고 있습니다.

한편, 일본이 포경으로 올리는 터무니없이 높은 수익을 부러워한 미국 식품 회사들은 미국 선박의 포경 행위를 의회가 승인하도록 대대적인 로비 활동을 벌이고 있습니다. 기회를 감지한 몇몇 대형 식품 회사들은 이미 포경선을 매입하여 포경업을 위한 장비를 갖춘 것으로 알려졌으며, 이는 (적절한 선거 자금 후원을 통해) 미합중국 의회가 포경 금지 조치를 철회하도록 압력을 행사할 수 있다는 자신감을 보여줍니다.",
event_economy2,"COMMODITY PRICE PANIC!  GOLD AND SILVER PRICES SOAR

Gold, silver, and several other key commodities all had limit upmoves today in the commodity trading pits in Chicago and New York, as the latest reports indicated inflation is running at rates of over 20%. New Federal Reserve Chairperson Alexandria Ocasio-Cortez, speaking at a rally in Harlem, warned that ""We are going to have to print more money and Congress needs to spend it to halt inflation in this economy, even if it means we will have to live with interest rates like no one has seen since 1980. Whatever it takes, including imposition of price controls on profiteering corporations that have begun raising prices, we will do it. This kind of inflation has GOT to end! We are not going to take any prisoners!""","원자재 가격 패닉! 금·은 가격 폭등

시카고와 뉴욕 원자재 거래소에서 오늘 금, 은을 비롯한 주요 원자재들이 일제히 상한가를 기록했습니다. 최신 발표에 따르면 인플레이션율이 20%를 넘어서고 있습니다. 알렉산드리아 오카시오코르테스 신임 연준 의장은 할렘에서 열린 집회 연설에서 이렇게 경고했습니다. ""우리 경제의 인플레이션을 잡기 위해 돈을 더 발행하고 의회 지출을 확대해야 합니다. 설령 1980년 이후로 아무도 본 적 없는 수준의 금리를 감당해야 하더라도 말입니다. 가격을 올리기 시작한 폭리 기업의 가격을 통제하는 수단을 포함해, 무슨 수를 쓰든 우리는 해낼 것입니다. 인플레이션은 반드시 끝나야 합니다! 우리는 어떠한 타협도 없을 것입니다!""",
event_economy3,"DEFLATION AND RECESSION FEARS GROW, AS COMMODITY PRICES CONTINUE TO PLUNGE

Gold prices on London and NyMex exchanges fell sharply today, for the first time since the 2011 collapse, as central banks in Europe and Australia continue to dump the rapidly depreciating precious metal, in the wake of the continuing subprime mortgage loan crisis, which has undermined confidence in the safety of banks and other financial institutions throughout the world.

Rumors abounded that the U.S. might join in the selling, by dumping some of its hoard of gold that is (supposedly) stored at Fort Knox, Kentucky, before the yellow metal becomes nearly worthless. However, U.S. government officials have vehemently denied the rumor.

Nervous commodity traders, fearing worldwide deflation and anticipating a nasty economic contraction, also sold silver and other commodities in panic selling on futures exchanges, while bidding up government bond prices, as they sought a safe haven for the expected hard times that may lie ahead in the coming years.","디플레이션·경기침체 우려 확산, 원자재 가격 계속 폭락

런던과 뉴욕상품거래소 (NYMEX)에서 금값이 오늘 2011년 폭락 이후 처음으로 급락했습니다. 계속되는 서브프라임 모기지 대출 위기로 전 세계 은행 및 금융기관의 안전성에 대한 신뢰가 흔들리면서, 유럽과 호주 중앙은행들이 빠르게 가치가 하락하는 황금을 계속 내다 팔고 있기 때문입니다.

금값이 거의 무가치해지기 전에 미합중국 역시 켄터키 주 포트 녹스에 보관 중인 (이라고 알려진) 금 보유고 일부를 매각하며 이 매도 행렬에 동참할 것이라는 소문이 무성하게 돌았으나, 미국 정부 관계자들은 이를 강력히 부인했습니다.

전 세계적인 디플레이션과 심각한 경기 위축을 예상하는 원자재 트레이더들은 상품 선물 거래소에서 은을 비롯한 다른 원자재들도 공황 매도에 나서는 한편, 앞으로 다가올 고난의 시기에 대비해 안전 자산을 찾고 있으며, 국채 매수에 나서며 국채 가격을 끌어올렸습니다.",
event_economy4,"RAMPANT INFLATION PROMPTS FED CRACKDOWN ON INTEREST RATES

Expressing concerns that monetary policy has been too loose in recent years, U.S. Federal Reserve Board Chair @TEXTSTRING said that the time has come to rein in an ""irrationally exuberant"" economy (to use the terminology of a former Fed Chairman), by raising interest rates ""to the sky, if necessary.""

The newly-appointed Fed chairperson, in testimony before the U.S. Congress, dismissed suggestions that a sudden tightening of money supply and raising of interest rates might plunge the U.S. and world economy into a serious recession, stating that, ""Our data show the economy is very strong and resilient at this point, and while a rise in interest rates will clearly cause some slowing in growth, there is no danger of plunging the economy into anything that remotely resembles a recession.""","인플레이션 폭주에 연준, 금리 강경 대응 나서

@TEXTSTRING 미 연방준비제도 의장은 최근 몇 년간 통화 정책이 지나치게 완화적이었다는 우려를 표명하며, (전임 연준 의장의 표현을 빌리자면) ""비이성적 과열"" 상태에 빠진 경제를 ""필요하다면 하늘까지"" 금리를 올려서라도 억제할 때가 왔다고 밝혔습니다.

신임 연준 의장은 미 의회 청문회 증언에서, 갑작스러운 통화 긴축과 금리 인상이 미국과 세계 경제를 심각한 침체로 몰아넣을 수 있다는 우려를 일축하며 이렇게 말했습니다. ""저희 데이터에 따르면 현재 경제는 매우 튼튼하고 회복력이 강한 상태입니다. 금리 인상이 성장세를 어느 정도 둔화시키는 건 분명하지만, 경제가 침체와 조금이라도 비슷한 상태에 빠질 위험은 전혀 없습니다.""",
event_economy5,"U.S. TRADE DEFICIT SOARS OUT OF CONTROL, BUT ECONOMY STRONG

The U.S. trade deficit has continued to mount while the U.S. dollar, inexplicably, remains strong, even as foreigners continue to pile up U.S. dollars from their bulging trade surpluses with the U.S.  This trend has gone on for years, however, and no one seems to be the loser, as the strong U.S. economy and import buying has kept most of the rest of the world's economies afloat in recent years.  However, no one likes to think about the consequences, if the U.S. economy should weaken to a point where American imports drop off significantly.

Meanwhile, economists predict U.S. economic growth will be in the range of @TEXTSTRING% for the coming year. As one leading economist put it, ""The U.S. economy is like a very large ship, with a great deal of momentum.  It takes a lot to change that momentum, and even the massive trade deficits we have been seeing have had little effect on the health of the U.S. economy.  So far....""","미국 무역적자 통제 불능 수준으로 급증, 그러나 경제는 견조

미국의 무역적자가 계속 불어나는데도, 미국과의 무역에서 흑자를 달성한 외국인들이 막대한 무역 흑자로 달러를 계속 쌓아두고 있음에도, 달러 가치는 이상하리치만치 강세를 이어가고 있습니다. 다만 이런 추세는 이미 수년째 이어지고 있으며, 견조한 미국 경제와 활발한 수입 수요가 최근 몇 년간 나머지 세계 경제 대부분을 떠받쳐 온 덕분에 손해를 보는 사람은 딱히 없어 보입니다. 그러나 만약 미국 경제가 약해져 미국의 수입 규모가 크게 줄어드는 상황이 온다면 어떤 결과가 벌어질지, 그 후폭풍이 어떠할지 감히 엄두조차 내지 못하고 있습니다.

한편 경제학자들은 내년 미국 경제 성장률이 @TEXTSTRING% 수준일 것으로 전망합니다. 한 저명한 경제학자는 이렇게 표현했습니다. ""미국 경제는 거대한 관성을 가진 초대형 선박과 같습니다. 그 관성을 바꾸려면 엄청난 힘이 필요하고, 우리가 지금까지 봐온 막대한 무역적자조차 미국 경제의 건전성에는 거의 영향을 미치지 못했습니다. 지금까지는 말이죠…""",
event_economy6,"INFLATION SPIRALLING OUT OF CONTROL, AS GLOBAL TRADE GRINDS TO A HALT, AND ECONOMIES STAGNATE

Economies from Alaska to New Zealand, from Tadzhikistan to Peru, continue to falter, as the global trade war quietly sputters away to a low-level conflict. Despite some recent regional trade agreements that have removed some of the most egregious trade barriers that were erected in recent years, inflation has now replaced depression as the predominant form of global economic malaise, and interest rates are continuing to rise, as investors in fixed-income investments (bonds, bank deposits, etc.) demand higher and higher interest rates, in order to protect themselves from the shrinking value of their investments, whether they be in dollars, pounds, Euros, yen, or other currencies.

The inflation problem has become particularly acute in the United States, as it seeks ways to keep its government's promises of Social Security pensions for the elderly, which it has been doing, as government deficits grew in recent years, mainly by printing money, thus devaluing the currency.

Efforts years earlier to allow U.S. taxpayers to keep part of their high Social Security taxes and invest them in their own private retirement accounts were invariably beaten back by massive propaganda campaigns, which convinced older citizens that they should instead rely on the Social Security Trust Fund surpluses that the U.S. Government was accumulating on their behalf, over several decades, from excess tax revenues.

Unfortunately, the surpluses were all spent on various other social programs over the years, and the Trust Fund merely consisted of hundreds of billions of ""IOU's"" to the government, from itself, all stored in large warehouses near Washington, D.C..

Now that all the trillions of surpluses have all been spent on re-electing the incumbent politicians, and it has become evident to everyone that the ""Trust Fund"" consists of nothing but worthless IOU's, the realization has at last set in that the U.S. government is nearing financial, as well as moral, bankruptcy, and will only be able to pay its Social Security pension obligations by printing vast quantities of increasingly worthless money, a process euphemistically referred to as ""quantitative easing.""

Even the few who were able to save for retirement are now seeing those savings evaporate, as inflation erodes the value of the U.S. dollar and most other national currencies. Hard times seem here to stay, as the U.S. dollar is now comparable in buying power to the Turkish Lira or the Colombian Peso. The U.S. seems headed down the same road as the nation of Zimbabwe, where inflation rates reached trillions of percent per day as the once thriving country sank in an abyss of inflation and poverty, for all but the Marxist ruling class.","세계 무역 마비, 경제 정체 속에 인플레이션 통제 불능

무역전쟁이 소모전 양상으로 접어들면서 알래스카에서 뉴질랜드까지, 타지키스탄에서 페루까지 각국 경제가 계속 흔들리고 있습니다. 최근 몇몇 지역에서 지역 간 무역 협정이 발효되어, 지난 몇 년간 세워진 최악의 무역 장벽의 일부가 걷힌 듯 보이지만, 이제는 침체 대신 인플레이션이 세계 경제 침체의 대표적 증상으로 자리 잡았습니다. 채권, 은행 예금 등 고정 수익 투자자들이 자신의 자산이 달러, 파운드, 유로, 엔 중 어느 통화로 되어 있든 그 가치 하락을 막기 위해 갈수록 더 높은 금리를 요구하면서 금리는 계속 오르고 있습니다.

인플레이션 문제는 특히 미국에서 심각합니다. 정부는 고령층에 대한 사회보장연금 지급 약속을 지키려 애써왔는데, 최근 몇 년간 재정 적자가 커지면서 주로 돈을 찍어내는 방식으로 이를 충당해 통화 가치를 떨어뜨려 왔습니다.

수년 전, 납세자가 낸 높은 사회보장세의 일부를 직접 보유하고 개인 연금 계좌에 투자할 수 있도록 하려던 시도는, 정부가 수십 년에 걸쳐 국민을 대신해 적립해 온 초과 세수 기반의 신탁기금 흑자에 의존하는 편이 낫다는 선전에 매번 좌절되고 말았습니다.

하지만 안타깝게도 그 흑자는 지난 수년간 다른 여러 복지/사회 프로그램에 유용되어 전부 소진되었고, 신탁기금이라는 것도 결국 정부가 자기 자신에게 발행한 수천억 달러 규모의 ""내부 차용증""에 불과하며, 이는 워싱턴 D.C. 인근의 대형 창고에 보관되어 있을 뿐이었습니다.

수조 달러에 달했던 흑자가 모두 현직 정치인들의 재선을 위해 소진되었고, ""신탁기금""이라는 것도 결국 휴지조각이나 다름없는 차용증 뭉치에 불과하다는 사실이 만천하에 드러난 지금, 미국 정부가 재정적으로는 물론 도덕적으로도 파산 직전에 이르렀으며, 사회보장연금 지급 의무를 이행하려면 갈수록 가치가 떨어지는 화폐를 대량으로 찍어내는 수밖에 없다는 인식이 마침내 자리 잡았습니다. 이러한 관행은 완곡하게 ""양적완화""라고 불립니다.

은퇴를 위해 저축에 성공했던 소수의 사람들조차, 인플레이션이 미국 달러와 대부분의 다른 국가의 통화 가치를 갉아먹으면서 그 저축액이 똥값으로 전락하는 걸 지켜보고 있습니다. 미국 달러의 구매력이 이제 튀르키예 리라나 콜롬비아 페소에 견줄 만한 수준으로 떨어지면서, 힘든 시기는 계속될 것으로 보입니다. 한때 번영했던 나라가 마르크스주의 지배층을 제외한 온 국민이 인플레이션과 빈곤의 심연 속으로 떨어졌던, 하루 인플레이션율이 수조 퍼센트에 달했던 짐바브웨와 같은 길을 미국도 걷고 있는 듯합니다.",
event_economy7,"FEDERAL RESERVE HELICOPTERS FAN OUT OVER U.S., SEEKING TO INCREASE MONEY IN CIRCULATION AND STIMULATE THE FLAGGING ECONOMY OF THE UNITED STATES

The skies over most major U.S. cities were filled with military helicopters today, but they were performing an economic duty, not military maneuvers. After months of constantly lowering interest rates and pumping up the money supply, in a vain attempt to jumpstart a flatlined American economy, the U.S. Federal Reserve Bank has made it clear today that it will stop at nothing to revive U.S. economic activity. The Fed has just announced that it has today borrowed several dozen helicopters from the U.S. Air Force, filled them with newly printed $100 bills, and the crews of the whirlybirds have been busy all day, dropping money out of the 'copters from altitudes of 500 to 1000 feet above most major U.S. cities.

Former Federal Reserve Bank Chairman Ben Bernanke, who personally flew in one of the helicopters over Wall Street, explained the extraordinary action this way: ""Today, we are making economic history. The traditional measures of fighting deflation and low or negative rates of economic growth, such as increasing bank credit, lowering interest rates, and expanding the money supply, have all proven ineffective in combating the current economic malaise. We are quite confident that by printing up some $6.5 trillion of new currency and distributing it from the air to citizens of major urban areas, we will finally be able to move the economy back onto a solid growth track, by convincing consumers to loosen their purse strings and resume traditional and normal American spending patterns; that is, to resume spending lavishly and well beyond their means.""","연준 헬리콥터, 통화량 확대 및 침체된 美 경제 부양 위해 전국 상공에서 무차별 살포

오늘 미국 주요 도시 상공은 군용 헬리콥터로 가득 찼지만, 이는 군사 작전이 아닌 경제적 임무 수행이었습니다. 심장마비 상태에 빠진 미국 경제에 다시 시동을 걸고자 수개월째 금리 인하와 통화량 확대를 반복해 왔지만 성과가 없자, 연방준비은행은 오늘 미국 경제 활성화를 위해서라면 어떠한 수단과 방법을 가리지 않겠다는 의지를 명확히 했습니다. 연준은 오늘 미 공군으로부터 헬리콥터 수십 대를 빌려 새로 찍어낸 100달러 지폐로 가득 채웠습니다. 살포 작업에 투입된 승무원들은 미국 주요 도시 상공 500 ~ 1,000피트 고도에서 하루 종일 돈을 뿌리는 작업에 매달렸습니다.

전임 연준 의장 벤 버냉키는 월가 상공을 나는 헬리콥터에 직접 탑승해 이번 이례적인 조치를 이렇게 설명했습니다. ""오늘 우리는 경제사의 새 장을 열고 있습니다. 은행 신용 확대, 금리 인하, 통화량 확대 등 디플레이션과 저성장·마이너스 성장에 맞서 온 전통적인 수단들은 현재의 만성적 경기 침체에 모두 효과가 없는 것으로 드러났습니다. 우리는 약 6조 5천억 달러 규모의 새 통화를 찍어 주요 도시 시민들에게 공중에서 직접 뿌릴 것입니다. 이를 통해 소비자들이 지갑 끈을 풀고, 분수에 넘치도록 아낌없이 소비하는 미국인 특유의 정상적인 소비 패턴을 재개하도록 설득할 수 있다고 봅니다. 그렇게 되면 마침내 경제를 견고한 성장 궤도로 되돌릴 수 있을 것이라 확신합니다.""",
event_economy8,"GOVERNMENTS SEIZE GOLD HOLDINGS OF PRIVATE CITIZENS!

As part of an aggressive new coordinated economic policy, the world's major governments have announced today that they are seizing all physical gold holdings of individuals and corporations, except such metal held by gold mining firms, banks, or insurance companies, or wholly-owned subsidiaries of banks or insurance companies.

Those whose gold is subject to confiscation will receive cash payments of newly printed money equal to roughly half the current market value of gold. Holders of gold futures or other forms of ""paper gold"" will not be affected.

The new policy is designed to prevent citizens from escaping from the central banks' inflationary policies, which are designed to revive the global economy, by ""quantitative easing"" (printing of new money, either paper money or money created digitally). Thus far, the main effects of this economic strategy have been to drive the price of gold well above $2,000 an ounce and keep the economy in the doldrums, however. This move should discourage cynical investors from trying to protect themselves by investing in gold, rather than in productive assets or government bonds.

The chairperson of the Bank for International Settlements, which orchestrated this worldwide seizure of real assets, announced that this is not a permanent ban on ownership of gold and that investors will be free to buy gold again, but warned that there can be no assurance that such seizures will not be necessary again in the future.

In a related policy announcement, those whose gold is being forcibly sold to the government will not be required to pay income tax on their gains (if any), and to prevent a loss of tax revenue, no tax loss deductions will be allowed either, according to the @TEXTSTRING.

Meanwhile, the U.S. Federal Reserve, in Washington, D.C., says that it will honor former Fed Chairman, Alan Greenspan, by putting his picture on the new $500,000 bill, and will honor his successor, ""Helicopter Ben"" Bernanke, by engraving his picture on the new $1,000,000 bill, which the Federal Reserve Bank will soon begin printing. The $1.00 Federal Reserve Note will no longer be issued, as it is no longer worth the paper and ink needed to print it. All coins have already been taken out of circulation in the United States.","정부, 개인 실물 금 보유량 몰수!

전 세계 주요국 정부들이 오늘 강경한 새 공조 경제 정책의 일환으로 개인 및 법인의 실물 금 보유량을 전량 몰수한다고 발표했습니다. 단, 금광 기업, 은행, 보험사 및 이들의 완전자회사가 보유한 금은 대상에서 제외됩니다.

몰수 대상이 되는 실물 금 보유자들에게는 현 시세의 절반 수준에 해당하는 신권 현금이 지급될 예정입니다. 반면 금 선물이나 기타 ""페이퍼 골드"" 보유자들은 이번 조치의 영향을 받지 않습니다.

이번 정책은 중앙은행들의 양적 완화 (지폐 또는 디지털 새 화폐 발행) 정책, 즉 글로벌 경기 부양을 위한 인플레이션 유도 정책으로부터 투자자들이 금을 통해 자산을 안전하게 빼돌리는 행위를 차단하기 위해 마련되었습니다. 그러나 지금까지 이 경제 전략이 가져온 주된 결과는 금 가격을 온스당 2,000달러 위로 치솟게 만들고 경기를 장기 침체에 가두어 둔 것뿐이었습니다. 당국은 이번 강경책을 통해 회의적인 투자자들이 생산 자산이나 국채 대신 금으로 자산을 방어하려는 시도를 꺾을 수 있을 것으로 기대하고 있습니다.

이번 전 세계적인 실물 자산 몰수 조치를 주도한 국제결제은행 (BIS) 총재는 이번 조치가 금 소유에 대한 영구적인 금지는 아니며 추후 금 매수가 다시 허용될 것이라고 밝혔습니다. 다만 향후 이와 같은 몰수 조치가 재발하지 않는다는 보장은 없다고 경고했습니다.

이와 관련된 정책 발표에 따르면, 정부에 금을 강제 매각하게 된 보유자들은 발생한 시세 차익에 대해 소득세가 면제됩니다. 동시에 세수 손실을 방지하기 위해 매각 차손에 대한 세액 공제 역시 불허된다고 @TEXTSTRING 측은 설명했습니다.

한편 워싱턴 D.C.의 미국 연방준비제도 (Fed)는 앨런 그린스펀 전 연준 의장의 초상을 새 발행될 50만 달러 지폐에 넣고, 후임자인 ""헬리콥터 벤"" 버냉키 전 의장의 초상은 조만간 인쇄에 들어갈 100만 달러 지폐에 새겨 그들의 공로를 기릴 예정이라고 밝혔습니다. 한편 1달러짜리 연방준비권은 인쇄에 들어가는 종이와 잉크 값보다 가치가 떨어져 더 이상 발행되지 않을 것이며, 모든 동전들은 이미 미국 내 유통이 완전히 중단된 상태입니다.",
event_economy9,"SUBJECT: DIVERSIFICATION OF BUSINESS RISKS; POTENTIAL HIGH PROFIT IMPORT-EXPORT OPPORTUNITIES IN SOUTHEAST ASIA

As a major shipping company, we occupy a position of unusual trust with U.S. authorities with regard to the legality of our shipping operations. In short, a major corporation like ours is practically above suspicion with regard to any importation of illegal items or substances in our vessels.

A certain group operating out of Korea has suggested that this credibility is an enormous asset, and one they can help us exploit, if we are willing to work with them in transporting certain controlled substances into the U.S. in some of our containerships engaged in the trans-Pacific trade. While this is admittedly somewhat risky, our shipping operations at this time are not generating the kind of bottom-line return that would be possible if we agreed to let this Korean group utilize our equipment for importing some of the white stuff into the U.S.  (Or, we could turn them in, to the FBI or the DEA, which would at least give us some good P.R.)

DECISION: DO WE GO INTO BUSINESS WITH THE KOREAN GROUP?","제목: 사업 위험 다각화 및 동남아 지역 고수익 수출입 연계 건

우리는 대형 해운사로서 미국 당국으로부터 우리 선박 운항의 합법성에 대해 이례적인 수준의 신뢰를 유지하고 있습니다. 사실상 우리와 같은 대기업의 화물 컨테이너는 불법 물품이나 통제 물질의 수입 검사 대상에서 제외되는 특권을 누리고 있습니다.

최근 한국계 조직 측에서 우리의 이러한 대외 신용도를 활용한 사업 제안을 해왔습니다. 우리의 태평양 횡단 컨테이너선 일부를 이용하여 특정 '제제 물질'을 미국 내로 운송하는 데 협력할 경우 막대한 부대 수익을 보장하겠다는 내용입니다. 본 거래에는 위험가 존재하나, 현재 우리 기업의 해운 사업의 순이익률이 저조한 상황에서 해당 조직에 운송 수단을 제공할 경우 거둘 수 있는 수익 규모는 상당합니다. (반대로 해당 조직을 FBI나 DEA에 고발하여 우리 홍보 및 평판 제고에 활용하는 방안도 가능합니다.)

한국계 조직과의 불법 수송 임대 계약을 체결하시겠습니까?",
event_energy1,"CRUDE OIL PRICES TUMBLE, AS NEW PIPELINES FROM THE PERSIAN GULF OPEN, REDUCING THE IRANIAN THREAT TO GLOBAL OIL SUPPLIES

The oil ministers of Saudi Arabia and Abu Dhabi announced today that major new pipelines have been completed from Saudi Arabia's oilfields to the Red Sea and from Abu Dhabi to the port of Fujairah on the Indian Ocean, both bypassing the oil shipping lanes through the Strait of Hormuz, the narrow strait in the Persian Gulf that Iran has frequently threatened to close. The new pipelines will significantly reduce Tehran's power to influence global oil markets by limiting its ability to block oil exports from the Persian Gulf.

As tensions have grown between Iran and the U.S. and its European allies, the Iranian mullahs have on numerous occasions threatened to close the strait. Closing off the Strait of Hormuz, until now, would have pinched off much of the world's oil supply, which must pass through that narrow bottleneck in the Persian Gulf. At some places, the shipping lanes through the strait are only two miles wide, making it possible to cut off all shipping traffic in and out of the Gulf by simply laying a few mines, if Iran had chosen to do so.

In London, the spot crude price for Brent fell sharply in active trading, as much of the ""fear premium"" in crude prices has been eliminated by these new and more secure routes for exporting most of the oil from the Persian Gulf region.","페르시아만발 새 송유관 개통으로 이란의 위협 완화 — 원유 가격 급락

사우디아라비아와 아부다비의 석유 장관들은 오늘 사우디 유전 지대에서 홍해까지, 그리고 아부다비에서 인도양 연안 푸자이라항까지 이어지는 대규모 새 송유관이 완공되었다고 발표했습니다. 두 송유관 모두 이란이 수시로 봉쇄를 위협해 온 페르시아만의 좁은 해협인 호르무즈 해협을 우회합니다. 이번 새 송유관 개통으로, 페르시아만발 원유 수출을 가로막을 수 있는 테헤란의 능력이 크게 제한되면서 국제 원유 시장에 대한 이란의 영향력도 상당히 줄어들 전망입니다.

이란과 미국 및 유럽 동맹국들 간의 긴장이 고조되면서, 이란 물라 지도부는 그동안 여러 차례 호르무즈 해협 봉쇄를 위협해 왔습니다. 지금까지는 호르무즈 해협이 봉쇄될 경우 페르시아만의 이 좁은 병목 구간을 반드시 통과해야 하는 세계 원유 공급에 심각한 악영향을 줄 수 있었습니다. 일부 구간의 항로 폭은 단 3.2 KM에 불과해, 이란이 마음만 먹으면 기뢰 몇 개만으로 페르시아만을 드나드는 모든 선박 운항을 차단하는 것도 가능했습니다.

런던에서는 브렌트유 현물 가격이 활발한 거래 속에 급락했습니다. 페르시아만 지역 원유 수출을 위한 더 안전하고 새로운 경로가 확보되면서, 유가에 반영되어 있던 ""공포 프리미엄""의 상당 부분이 해소되었기 때문입니다.",
event_energy2,"COLD FUSION BREAKTHROUGH AT MIT: FOSSIL FUELS TO GO THE WAY OF THE DINOSAURS?

Scientists at MIT have announced a major breakthrough in cold fusion technology, which they say will provide abundant, nearly free energy for the entire world, with virtually no pollution. This long-awaited development is expected to make fossil-fueled electric generating plants obsolete in a very few years, and the almost limitless new supply of electricity will finally make fuel cell technology for automobiles, which is already very nearly price-competitive with gasoline or petrol, dramatically cheaper than any hydrocarbon fuels, as well as pollution-free, since fuel cells combine oxygen and hydrogen to generate power, producing water as their only ""emission.""

Several top executives of major international oil companies, seeing a bleak future for the fossil fuel energy business, are reported to have leaped to their deaths from their skyscraper offices in London, New York, Houston and Amsterdam.","MIT, 상온 핵융합 기술 돌파구 마련 — 화석연료, 공룡의 뒤를 이어 멸종 수순을 밟나?

MIT 과학자들이 상온 핵융합 기술의 주요 돌파구를 마련했다고 발표했습니다. 연구진은 이 기술이 전 세계에 풍부하고 사실상 무료에 가까운 에너지를 무공해로 공급할 수 있을 것이라고 밝혔습니다. 오랫동안 기다려온 이번 개발로 화석연료 발전소들은 불과 몇 년 안에 역사의 뒤안길로 사라질 것으로 전망됩니다. 사실상 무한에 가까운 새 전력 공급원 덕분에, 이미 휘발유나 경유와 가격 경쟁력이 거의 대등한 자동차용 연료전지 기술도 마침내 그 어떤 탄화수소 연료보다도 훨씬 저렴해질 전망입니다. 연료전지는 산소와 수소를 결합해 전력을 생산하며, 유일한 ""배출물""이 물이기 때문에 오염 위험도 전혀 없습니다.

화석연료 에너지 사업의 암울한 미래를 예감한 주요 국제 석유회사 임원 여러 명이 런던, 뉴욕, 휴스턴, 암스테르담의 고층 사무실에서 투신해 사망한 것으로 전해졌습니다.",
event_energy3,"NEW CONFLICT ERUPTS AMONG MIDDLE EAST OIL PRODUCERS

The ongoing war between Iran and Saudi Arabia, which had been a stalemate in recent months, has taken a turn for the worse, with a major escalation, apparently by Iran, in this oil-rich area of South Asia. As a result, oil and other energy prices have risen in dramatic fashion on world commodity exchanges, reacting to a Moscow television report today, which disclosed that a Russian satellite has detected a huge mushroom cloud towering over the Saudi holy city of Medina, which appears to have been leveled by an Iranian nuclear device, probably delivered by a North Korean Long Dong missile, launched from just outside the borders of Saudi Arabia, possibly from within Iranian-occupied Iraq.

Frantic trading of oil futures sent prices spiralling up to levels not seen in many years, as a major disruption of petroleum supplies from Iran and Saudi Arabia now appears inevitable. It is widely suspected that the Saudis now also possess several nuclear bombs, developed with the covert assistance of Israel, and they are now much more likely to be willing to unleash them on the Iranians, after the devastating attack on Medina.

In Tehran, the mullahs denied that Iran was behind the nuclear attack, claiming that their agreement with the U.S. prohibits Iran from developing nuclear weapons, while the Iranian News Agency blamed the attack on the ""Great Satan,"" the U.S., with the connivance of Israel.","중동 산유국들 간에 새로운 분쟁이 발발하다

최근 몇 달간 교착 상태에 있던 이란과 사우디아라비아 간의 전쟁이 이란 측으로 추정되는 대규모 공격으로 인해 최악의 국면으로 치닫고 있습니다. 이로 인해 세계 원자재 거래소에서 원유를 비롯한 에너지 가격이 급등했습니다. 모스크바 TV의 오늘 보도에 따르면, 러시아 위성이 사우디아라비아의 성지 메디나 상공에 거대한 버섯구름이 치솟는 것을 포착했으며, 이는 사우디아라비아 국경 바로 바깥, 혹은 이란이 점령 중인 이라크 영토 내에서 발사된 것으로 보이는 북한제 화성 미사일에 실린 이란의 핵탄두에 의해 도시가 초토화된 것으로 보입니다.

이란-사우디아라비아 발 원유 공급 대란이 불가피해 보이면서, 원유 선물 거래가 광적으로 증가해, 가격이 수년 만에 최고 수준까지 치솟았습니다. 사우디아라비아 역시 이스라엘의 지원을 받아 개발한 핵폭탄을 여러 발 보유하고 있는 것으로 의심되며, 메디나에 참혹한 피해를 입은 사우디 아라비아가 이를 이란에 사용할 가능성이 훨씬 커진 것으로 보입니다.

테헤란에서는 이슬람 물라 지도부가 '미국과의 협정 상 이란은 핵무기 개발이 금지되어 있다'고 주장하며 이번 핵 공격에 이란이 연루되어 있다는 사실을 부인했습니다. 반면 이란 통신사는 이스라엘과 결탁한 ""거대한 사탄""인 미국에 이번 공격의 책임을 돌렸습니다.",
event_energy4,"NEW OIL CRISIS ERUPTS, AS MIDDLE EAST SITUATION DETERIORATES

Wire service reports out of Cairo report a major new escalation of the level of conflict in the oil-rich regions of the Middle East. As a result, oil is trading at higher prices on all major commodity exchanges, in response to the reported @TEXTSTRING.","중동 정세 악화로 새로운 석유 위기 발발

카이로발 통신사 보도에 따르면 중동의 산유 지역에서 분쟁 수위가 크게 격화되었다고 합니다. 이에 따라 보도된 @TEXTSTRING에 대응하여 전 세계 주요 원자재 거래소에서 원유가 더 높은 가격에 거래되고 있습니다.",
event_energy5,"OPEC OIL CARTEL, UNABLE TO AGREE ON PRODUCTION QUOTAS, COLLAPSES -- IT'S EVERY NATION FOR ITSELF NOW

Meeting in Caracas, Venezuela for one last time, in an effort to patch up the badly fragmented oil cartel, OPEC members' arguments grew so heated that several members from Venezuela and Iran resorted to head-butting and fisticuffs, as the conference, and OPEC itself, dissolved.

Cheating on quotas has become so commonplace of late, that only Saudi Arabia was believed to have been pumping oil at the agreed-upon rate.  Meanwhile, most of the other key OPEC states, including Venezuela, Kuwait, Iran and Iraq, have all been demanding that THEIR quotas be increased, at the expense of the Saudis or other major producers.

The OPEC Chairman, a Kuwaiti prince and Oil Minister of Kuwait, finally declared the conference adjourned, and the cartel dissolved, telling the other oil members that they were a bunch of rude, uncouth savages, and that from now on, Kuwait would pump and sell all the oil it desires to sell.

In London, meanwhile, spot oil prices for Brent North Sea Crude traded at prices not seen in years, and traders said it is probably headed much lower, with the breakup of the cartel.","생산 쿼터 합의 실패로 OPEC 석유 카르텔 붕괴 — 이제는 각자도생

분열된 석유 카르텔을 봉합하기 위해 베네수엘라 카라카스에서 마지막 회의가 열렸습니다. 그러나 회원국 간 논쟁이 격화되면서 베네수엘라와 이란 대표 일부가 몸싸움과 주먹다짐까지 벌였고, 결국 회의는 물론 OPEC 자체가 해체되고 말았습니다.

최근 쿼터를 위반하며 몰래 생산량을 늘리는 일이 워낙 만연해져, 합의된 생산량을 지키고 있는 것으로 여겨지는 나라는 사우디아라비아뿐이었습니다. 한편 베네수엘라, 쿠웨이트, 이란, 이라크를 비롯한 다른 주요 OPEC 회원국 대부분은 사우디아라비아나 다른 대형 산유국들을 희생시켜서라도 자국 쿼터를 늘려달라고 요구해 왔습니다.

쿠웨이트 왕자이자 쿠웨이트 석유부 장관인 OPEC 의장은 결국 회의 종료와 카르텔 해체를 선언했습니다. 그는 다른 산유국 대표들에게 그들이 무례하고 교양 없는 야만인들이라고 쏘아붙이고는, 앞으로 쿠웨이트는 원하는 만큼 석유를 뽑아 판매하겠다고 밝혔습니다.

한편 런던에서는 브렌트 북해산 원유 현물 가격이 수년 만에 최저 수준의 가격으로 거래되었으며, 트레이더들은 석유 카르텔 해체로 인해 유가가 앞으로 훨씬 더 떨어질 가능성이 크다고 전망했습니다.",
event_energy6,"UTILITY COMPANY HELD LIABLE FOR ELECTRICAL FIELDS CREATED BY HIGH-VOLTAGE POWER LINES

In a class action lawsuit, plaintiffs have won a damage award of @TEXTSTRING against utility company @CORP, based upon claims that non-measurable emanations from high voltage electric lines near homes and schools may eventually cause an increased incidence of cancer and other ailments among the claimants. As in certain asbestos liability cases, the presiding judge, a former personal injury lawyer and activist himself, ruled that it was not necessary to show that any of the persons suing had actually suffered any physical harm yet; their mental anguish from fears that they might later become ill from having lived near high voltage transmission lines was adequate to establish liability of the utility company, @CORP.

Similar lawsuits are expected to be filed against other utility companies in the near future, since plaintiffs' lawyers will receive 50% of the damages awarded in this case. Their fees will finance similar lawsuits against other utility companies, and will aid efforts to influence the political process in order to increase the number of ""friendly"" judges on the bench, many of whom are likely to be former personal injury lawyers, such as the judge in the instant case, who can be expected to look with favor upon such lawsuits.","고압 전력선이 발생시킨 고전압 송전선 전자장에 전력 회사 책임론

집단 소송에서 원고 측은 전력 회사 @CORP로부터 @TEXTSTRING 상당의 손해배상금을 받아냈습니다. 원고 측은 주거지 및 학교 근처 고전압 가공선에서 발생하는 미세하거나 측정조차 어려운 방출 물질이 궁극적으로 암과 기타 질병의 발병률을 높일 수 있다고 주장했습니다. 특정 석면 책임 소송 사례와 같이, 본인 역시 개인상해 전문 변호사이자 시민운동가 출신의 이 사건의 담당 재판장은 원고들이 현재 시점에서 실제 신체적 피해를 입었음을 입증할 필요는 없다고 판결했습니다. 고전압 송전선 근처에 거주했다는 사실만으로 발병 가능성에 대한 공포와 불안으로 인한 정신적 고통이 전력 회사 @CORP의 책임을 인정하기에 충분하다는 것입니다.

원고 측 변호사들이 이번 사건에서 배상금의 50%를 받게 되면서, 조만간 다른 전력 회사들을 상대로 한 유사 줄소송이 이어질 것으로 전망됩니다. 이 금액은 다른 전력 회사들에 대한 유사한 소송 자금으로 사용될 것이며, 이번 사건 판사처럼 이러한 소송을 호의적으로 바라볼 가능성이 높은 전직 개인 상해 변호사들로 구성된, 이른바 '우호적인' 판사를 늘리기 위한 정치적 로비 및 영향력 행사 자금으로 활용될 것입니다.",
event_energy7,"OIL PRODUCTION NO LONGER ABLE TO KEEP UP WITH DEMAND; DIFFICULT TIMES AHEAD FOR WORLD ECONOMY AS WORLD OIL PRODUCTION REACHES ""HUBBERT'S PEAK""

Economists and representatives of OPEC held a joint news conference to announce to the world the bad news that global oil production has begun to decline and is no longer able to meet demand, at anywhere near current crude oil prices. As the world's population and demand for energy continues to grow, and OPEC and other oil-producers have reached and passed their maximum levels of production at 95 million barrels of oil per day, the future looks grim indeed. Energy prices are certain to soar, as the gap between demand and available supply continues to grow.

This ""peak oil"" scenario, sometimes referred to in recent years as ""Hubbert's Peak,"" was predicted back in 1956 by a brilliant oil geologist, M. King Hubbert, who correctly predicted that U.S. oil production would peak and begin to decline by 1970 (which it did, in 1971). He also predicted that world oil production would reach its peak in 1995, and that probably would have occurred had it not been for the (political) oil shocks of the 1970s, which slowed consumption, and thus delayed the inevitable for a considerable number of years, until now, in@YEAR.

To compound the day's bad news, the oil minister of the new government of Saudi Arabia announced at the same press conference that remaining Saudi oil reserves are actually less than a third of what the previous Saudi government has been telling the world since the late 1980s, when the Saudi oil ministry arbitrarily decided their reserves were twice what they had been reporting prior to that time.

For a few years, thanks to the fracking revolution, which greatly increased oil production, it appeared that ""peak oil"" would not be a problem in the foreseeable future. However, due to an unexpectedly rapid decline curve in production from ""fracked"" oil fields, the huge oil surpluses during the early days of fracking were only a temporary phenomenon, and only delayed the inevitable shortage of petroleum for a short period of time and encouraged wasteful use of the cheap oil.

Similarly, in the 2020's, a massive crash program of developing wind and solar energy to take the place of fossil fuels began, with high hopes, but reality soon set in, that the massive inputs of energy for mining increasingly scarce materials to build and replace windmills and solar panels were nearly equal to, or perhaps greater than the energy that could be produced during the useful life of such projects. In addition, in a few years, most of the good locations for windfarms or solar farms that were anywhere near major population centers had all been developed, and new locations required longer and longer transmission lines, requiring much more environmentally damaging mining for copper and aluminum. That mining has torn up much of the earth's surface and remaining wild places, while many bird species have become extinct due to bird kills from the proliferation of wind turbines. Thus, the world has grown increasingly short of energy.

This crisis is not news to the powers-that-be, but almost no planning has been done to delay or mitigate the problems that lay ahead, now that Peak Oil has finally reached the summit. The CIA studied the peak oil situation as far back as 1977, and a report by the U.S. Energy Department back in 2005 stated:

...the world has never faced a problem like this. Without massive mitigation more than a decade before the fact, the problem will be pervasive and will not be temporary. Previous energy transitions were gradual and evolutionary. Oil peaking will be abrupt and revolutionary....

As Jay Lundberg, founder of the respected Lundberg Survey said in 2004, the consequences of reaching peak oil are likely to be dire:

...The trucks will no longer pull into Wal-Mart. Or Safeway or other food stores. The freighters bringing packaged techno-toys and whatnot from China will have no fuel. There will be fuel in many places, but hoarding and uncertainty will trigger outages, violence and chaos. For only a short time will the police and the military be able to maintain order, if at all....","세계 석유 생산량, 수요를 따라가지 못하다; '허버트 피크' 도달로 세계 경제 앞날 암울

경제학자들과 OPEC 대표들이 공동 기자회견을 열어 전 세계에 충격적인 소식을 발표했습니다. 바로 글로벌 석유 생산량이 감소세에 접어들어 현재 원유 가격 수준으로는 도저히 수요를 감당할 수 없다는 것입니다. 인구와 에너지 수요가 계속 증가하는 가운데, OPEC 및 기타 산유국들은 이미 일일 9,500만 배럴이라는 최대 생산 수준에 도달한 뒤 정점을 지났으며, 암울한 미래가 기다리고 있는 듯 보입니다. 공급과 수요 간의 격차가 커지면서 에너지 가격은 폭등할 것이 확실해 보입니다.

이른바 '피크 오일' 시나리오는 최근 몇 년 동안 '허버트 피크'로 불리기도 했는데, 이는 1956년 저명한 석유 지질학자 M. 킹 허버트가 예측했던 것입니다. 그는 미국 석유 생산량이 1970년경에 정점을 찍고 감소할 것이라고 정확히 예측했으며 (실제로 1971년에 그렇게 되었습니다), 세계 석유 생산량 역시 1995년에 최고점에 달할 것이라 예측했습니다. 당시에는 1970년대의 (정치적) 오일 쇼크가 소비를 둔화시키면서 피할 수 없는 운명을 수년간 유예시켜 지금, @YEAR년까지 미뤄왔을 뿐입니다.

이날 설상가상으로, 사우디아라비아의 새 정부 석유부 장관은 같은 기자회견에서 남아있는 사우디 석유 매장량이 사실 이전 사우디 정부가 1980년대 후반부터 말해왔던, 기존에 알려진 양의 3분의 1에도 미치지 못한다고 발표했습니다. 당시 사우디 석유부가 이전까지 보고해 온 매장량을 아무런 근거 없이 2배로 올려잡아 발표했기 때문입니다.

수년 동안 프래킹 혁명 덕분에 석유 생산량이 크게 늘어나면서 '피크 오일'은 가까운 미래에 문제가 되지 않을 것처럼 보였습니다. 그러나 '프래킹'으로 채굴된 유전의 생산감소율이 예상보다 훨씬 가파르게 나타나자, 프래킹 공법 도입 초기의 막대한 석유 잉여 생산량은 단지 일시적인 현상에 불과했으며, 석유 위기라는 불가피한 사태를 잠시 유예한 것일 뿐 값싼 유가로 인해 석유의 낭비만을 부추겼습니다.

마찬가지로 2020년대에는 화석 연료를 대체하기 위한 풍력 및 태양광 에너지 개발을 위한 대규모 긴급 계획이 높은 기대감과 함께 시작되었지만, 현실은 참혹했습니다. 풍력 발전기와 태양광 패널을 건설하고 교체하는 데 필요한 희소 자재 채굴에 투입되는 에너지의 총량이, 친환경 프로젝트 발전 설비의 내구연한 동안 생산할 수 있는 에너지량과 거의 같거나 어쩌면 더 많았기 때문입니다. 게다가 몇 년 동안 주요 인구 밀집 지역 근처의 괜찮은 풍력 발전 단지나 태양광 발전소가 될만한 부지는 이미 모두 개발되었고, 외딴 곳에서 부지를 찾기 시작하자 점점 더 긴 송전선이 필요해졌습니다. 이는 구리나 알루미늄 채굴을 위한 훨씬 더 유해한 광산 개발을 유발했습니다. 이러한 광범위한 채굴은 지표면과 얼마 남지 않은 자연 생태계를 파괴하는 결과를 낳았으며, 풍력 터빈의 확산으로 인한 조류 폐사로 인해 많은 조류 종이 멸종에 이르렀습니다. 이처럼 세계는 에너지 부족 상태가 심화되고 있습니다.

이 위기는 권력 기득권층에게는 생소한 뉴스가 아니지만, '피크 오일'이 마침내 피크에 도달했음에도 불구하고 앞으로 다가올 문제들을 지연시키거나 완화하기 위한 계획은 거의 세워지지 않았습니다. CIA는 1977년경부터 피크 오일 상황을 연구했으며, 2005년 미국 에너지부의 보고서는 다음과 같이 경고했습니다.…세계는 이런 문제를 직면한 적이 없습니다. 정점 도래 최소 10여 년 전부터 대대적인 대책을 강구하지 않는다면, 그 충격은 전방위적이며 결코 일시적인 현상에 그치지 않을 것입니다. 이전의 에너지 전환은 점진적이고 진화적이었습니다. 하지만 석유 피크 도달은 갑작스럽고 충격적일 것입니다…

존경받는 룬드버그 서베이 (Lundberg Survey)를 설립한 제이 룬드버그가 2004년에 말했듯, 석유 생산 정점에 도달한 결과는 매우 심각할 가능성이 큽니다.…물류 트럭들이 월마트나 세이웨이 같은 식료품 매장으로 물품을 운송하지 못하게 될 것입니다. 중국에서 포장된 각종 전자기기 및 생활 잡화 등을 실어 나르는 화물선들은 더 이상 연료를 찾을 수 없을 겁니다. 주위를 둘러보면 연료를 찾을 수는 있겠으나, 사재기와 미래에 대한 불안감이 공급 중단과 폭력, 대혼란을 야기할 것입니다. 경찰과 군대가 질서를 유지할 수 있는 시간은 아주 짧을 것이며, 그것도 가능할지는 미지수입니다…",
event_energy8,"""PEAK OIL"" CRISIS SPINNING OUT OF CONTROL

The government of the United States has declared a state of emergency and martial law, suspending all constitutional rights and privileges, in an attempt to restore order, as civil society continues to break down, starting with the massive food riots that began a month ago in the States. The U.S. government joins the governments of China, Russia, India, Britain, France, Germany, Italy and most other major nations which have previously moved to impose martial law, as the energy crisis has grown to lethal proportions.

Only a few nations are still functioning normally, such as Iceland, which has developed a total hydrogen economy, using its vast geothermal and hydro-electric resources to create hydrogen and supply all of the energy needs of its small and homogeneous population.

Initially, the ""peak oil"" shortages began showing up as long lines at gasoline (petrol) stations in most parts of the world, soon followed by frequent power outages, for days or weeks at a time in many areas. In recent months, the problems have grown more ominous, as heavily mechanized farms in the western countries, dependent on fuel supplies that have become almost non-existent, led many farmers to either not plant crops or to be unable to harvest more than a small fraction of what grains and other staple crops they had planted, during the last growing season.

The effects of the resulting food shortages have now reached famine proportions and are being felt most severely in cities around the world. The result has been increased lawlessness, rioting, looting and mayhem, as hungry and angry mobs roam the streets and march into the countryside, looking for food or fuel that they can trade for food.

On Wall Street, New York Stock Exchange officials say they are unsure how much longer they can keep the securities and commodity markets open, as chaos and civil disorder spread, and even the wealthy and wellconnected Wall Street firms and stock exchanges are finding it difficult to buy fuel at any price, to keep their generators and computers running. In the mean time, stock prices continue to plummet as havoc reigns and anarchy grows, with no end in sight.

Even oil stocks have begun to slide, as it has become increasingly difficult for oil companies to get their products to market, as mobs attack and seize gasoline trucks before they can reach distribution points. Only heavily guarded convoys are able to get through.

Curfews have been imposed in U.S. cities, along with restrictions on any public gatherings of more than four people. Marines and National Guard troops in New York and around the U.S. capital in Washington, D.C. have been given strict orders to shoot on sight looters or any violators of the new curfew and public gathering laws.

Reports out of China and India, despite total censorship of their television and radio media, have indicated that hundreds of thousands, if not millions, have already starved to death and the the situation continues to worsen, as there is not nearly enough food to continue to support those huge populations.","'피크 오일' 위기 통제 불능 상태로 악화

미국 정부는 한 달 전 시작된 대규모 식량 폭동을 시작으로 시민 사회의 붕괴가 지속되자 질서 회복을 명분으로 비상사태와 계엄령을 선포하고 모든 헌법적 권리와 특권을 정지시켰습니다. 에너지 위기가 치명적인 수준까지 커지면서, 미국 정부는 이미 계엄령을 선포한 중국, 러시아, 인도, 영국, 프랑스, 독일, 이탈리아 등 대부분의 주요 국가들과 합류했습니다.

아이슬란드처럼 지열 및 수력 자원을 활용해 수소를 생산하고 이를 통해 소규모 인구 전체의 에너지 수요를 충당할 수 있는, 완전한 수소 경제를 구축한 몇몇 국가만이 정상적으로 기능하고 있습니다.

초기에는 '피크 오일' 현상이 전 세계 대부분 지역 주유소마다 길게 늘어선 줄로 나타나기 시작했으며, 곧이어 많은 지역에서 며칠 또는 몇 주 동안의 정전이 빈번하게 발생했습니다. 최근 몇 달 사이 문제는 더욱 심각해졌습니다. 서구 국가의 대형 기계화 농가들이 지금은 거의 고갈되어버린 석유 연료에 의존해 오다 보니, 수많은 농가가 작물 재배를 아예 포기하거나 지난 경작기 동안 심은 곡물 및 기타 주식 작물을 극히 일부만 수확하는 사태가 일어났습니다.

그 결과로 발생한 식량 부족의 영향은 이제 대기근 수준에 이르렀으며, 세계 도시 지역에 가장 심각한 타격을 주고 있습니다. 그 결과 굶주림과 분노에 휩싸인 폭도들이 거리를 활보하고 시골로 내려가 식량을 찾거나 식량과 교환할 연료를 찾아다니면서 무법 상태, 폭동, 약탈, 아비규환이 이어지고 있습니다.

뉴욕 증권거래소 관계자들은 혼란과 사회적 불안이 확산되면서 증권 및 상품 시장을 얼마나 더 열어둘 수 있을지 확신하지 못하고 있다고 밝혔습니다. 심지어 막대한 자금력과 막강한 인맥을 가진 월가 기업들과 주식 거래소들조차 발전기와 컴퓨터를 가동하기 위한 연료를 엄청난 웃돈을 얹어도 구하기가 힘든 상황입니다. 한편, 수습 불능의 아수라장과 무정부적 아비규환이 걷잡을 수 없이 퍼져나가면서 주가는 계속 폭락하고 있습니다.

석유 관련 주가마저 동반 폭락하며 하락세로 접어들었습니다. 폭도들이 유조차가 수송 거점에 도달하기도 전에 습격해 탈취하면서 석유 회사들이 자사 제품을 시장에 내놓기가 점점 어려워졌기 때문입니다. 삼엄한 경비 체계를 갖춘 호위 차량만이 안전하게 목적지로 도착할 수 있을 정도로 상황은 악화되었습니다.

미국 도시들에는 통행금지가 발령되었으며, 4인 초과 옥외/공공 집회가 전면 금지되었습니다. 뉴욕과 워싱턴 D.C. 주변의 해병대와 주 방위군은 새로운 통행금지 및 공공 집회법을 위반하는 약탈자나 모든 위반자에 대해 발견 즉시 사살하라는 명령을 받았습니다.

중국과 인도발 보도에 따르면, 방송 통신 매체에 대한 전면적인 언론 검열에도 불구하고 적게는 수십만 명, 많게는 수백만 명에 달하는 인구가 이미 굶어 죽었으며 상황은 더욱 악화되고 있다고 합니다. 그 방대한 인구를 계속 부양하기에는 식량이 턱없이 부족하기 때문입니다.",
event_energy9,"PEAK OIL CRISIS APPEARS TO BE OVER -- LIFE BEGINNING TO RETURN TO NORMAL, AFTER CIVILIZATION NEARLY COLLAPSES, DEVASTATED BY LONG ENERGY CRISIS

The worst of the long ""peak oil"" energy crisis seems to be over, at least for now, as wars, famine, and civil chaos have wound down, after reducing the earth's population from an unsustainable 9 billion when ""Hubbert's Peak"" (peak oil production) was reached and surpassed by global energy demand several years ago, to the current world population of only 400-500 million, according to the best estimates by the newly-reconstituted United Nations.

This reduced level of population, approximately the number which global elites had failed to achieve through wars, virus epidemics, forced sterilizations, eugenics, and other harsh measures for nearly a century, ironically came about without their intervention, simply due to overpopulation and lack of adequate energy supplies.

Because of the the enormous die-back of most of the planet's population, the world's oil supplies are now seen as sufficient to support the remaining human population for at least another 200 years, unless the population begins growing uncontrollably again. By that time, scientists believe the human race will have developed new sources of energy to replace fossil fuels, and people may have learned the hard lesson that unlimited growth of the population can only lead to another disaster.

While most nations came very close to reverting to a new ""Dark Age"" of savagery during the chaos of recent years, a few countries and regions that were self-reliant and relatively self-sufficient in energy, as well as lightly populated, have come through the crisis virtually unscathed -- Canada, Iceland, Norway, Sweden, New Zealand, South Africa, parts of U.S. southwest and eastern Siberia -- and they are likely to be the leaders of the new world order that will replace the old, now defunct, unsustainable model of global civilization, which has failed so dismally in most parts of the globe.","피크 오일 위기 끝? 문명 붕괴 후 일상 회복 시작

장기간 지속된 '피크 오일' 에너지 위기의 최악의 상황은 적어도 지금까지는 일단락된 것으로 보입니다. 몇 년 전 ""허버트 피크""가 도달하고 글로벌 에너지 수요가 생산량을 추월한 이후, 지속 불가능했던 90억 명의 지구 인구를 단 4억 ~ 5억 명 수준으로 격감시킨 끝에 전쟁, 기근, 내전에 가까운 혼란이 소강 상태에 접어들었습니다. 이는 새로 재건된 유엔의 최신 추정치에 따른 것입니다.

이러한 인구 감소는 전 세계 엘리트들이 지난 한 세기 동안 전쟁, 바이러스 대유행, 강제 불임 수술, 우생학 등 가혹한 조치를 통해서도 이루지 못했던 것입니다. 역설적이게도 이들의 인위적인 개입 없이도, 단순히 인구 과잉과 에너지 공급 부족만으로 이 같은 인구 감축이 이루어진 것입니다.

지구 인구의 대대적인 개체수 감소 덕분에, 인구가 통제 불능 수준으로 다시 증가하지 않는 한, 세계의 석유 자원은 최소 200년 동안 남아있는 인류를 감당하기에 충분한 양으로 평가됩니다. 그때가 되면 과학자들은 인류가 화석 연료를 대체할 새로운 에너지원을 개발할 것이며, 사람들은 통제되지 않는 인구의 무한 성장은 또 다른 대재앙을 부를 뿐이라는 쓰라린 교훈을 얻게 될 것입니다.

대부분의 국가는 지난 수년간에 걸친 혼란 속에서 야만성이 판치는 새로운 '암흑시대'로 퇴보할 위기에 처했었으나 자체 자립 능력을 갖추고 에너지 자급자족이 가능했던, 캐나다, 아이슬란드, 노르웨이, 스웨덴, 뉴질랜드, 남아프리카공화국, 미국 남서부 및 시베리아 동부 일부 지역은 위기 속에서도 거의 아무런 피해를 입지 않고 고비를 넘겼습니다. 이들은 전 세계 대부분 지역에서 처참하게 실패하고 이제는 사장되어 버린, 지속 불가능했던 세계 문명 체제를 대체할 새로운 세계 질서의 주역이 될 가능성이 높습니다.",
event_energy10,"NEW TAX TO BE IMPOSED ON ""WINDFALL"" PROFITS OF BIG OIL

Taking advantage of public resentment over rising oil prices that have largely been the due to government prohibitions on drilling or coal mining, and the resulting energy shortage and massive oil company profits, the government has adopted a new tax on ""excess"" or ""windfall"" profits of oil companies, as well as on the related oil service industry and the engineering and construction industry, the latter of which is known to benefit from oil refinery and infrastructure spending when oil prices are at high levels, as at present.

As lawmaker Vivian Nettlesome, the author of the new tax bill, pointed out, the tax is not a tax on the incomes of the targeted companies, but is intended to punish them when oil prices rise too high, as an incentive to invest more to increase supplies and thus drive down the crude oil price. As the law is structured, the maximum tax rate of @HUMOR% does not apply except when oil prices exceed 2 times a ""benchmark price"" of @TEXTSTRING per @UNIT. The tax rate will be proportionately lower, as low as 40% of the maximum rate, if oil drops to 80% of the benchmark price, and no tax is imposed when the price is below 80% of the benchmark.

Whether the company being taxed has any actual profits is not relevant, as the Windfall Profits Tax is applied to capital assets as long as crude oil prices remain high. As the lawmaker observed, ""It's not our problem if Big Oil and their buddies aren't making a profit. If they can't earn an obscene profit at these oil prices, they must be doing something wrong. They have my sympathy.""

Some critics questioned her inclusion of oil service and engineering & construction companies in the targeted group of industries, due to their supposedly benefiting from the building of more oil refineries when crude prices are high, since the government hasn't allowed any refineries to be built in several decades, but an amendment to the tax bill that would have limited its imposition to Big Oil companies (producers) was voted down.","대형 석유기업의 '횡재수익' 대상 새 세금 부과 결정

정부가 시추 및 석탄 채굴 금지 정책으로 인한 에너지 난과 대형 석유회사들의 막대한 이익에 대한 여론의 반발을 반영해, 석유기업 및 관련 오일 서비스·엔지니어링·건설 업계를 대상으로 '초과이익 (횡재)세'를 도입했습니다. 엔지니어링 및 건설업계는 유가가 고공행진을 할 때 정유 시설 및 기반 시설 투자 확대로 수혜를 입는 대표적 관련 산업으로 분류되었습니다.

이번 법안을 발의한 비비안 네틀섬 의원은 본 세제가 대상 기업의 일반 소득에 대한 과세가 아니라, 유가 급등 시 기업들에 일종의 징벌적 과세를 물림으로써 공급 확대를 위한 투자를 유도하고 원유 가격 하락을 이끌어내기 위한 조치라고 설명했습니다. 법안 구조에 따르면 최대 세율인 @HUMOR%는 유가가 @TEXTSTRING/@UNIT의 '기준가' 대비 2배를 초과할 때 적용됩니다. 유가가 기준가의 80% 수준으로 떨어지면 세율 역시 최대 세율의 40% 수준까지 비례하여 낮아지며, 기준가의 80% 미만일 경우에는 세금이 전혀 부과되지 않습니다.

원유 가격이 높게 유지되는 한 횡재세는 자본 자산을 기준으로 부과되므로, 회사의 실제 당기순이익 발생 여부는 고려되지 않습니다. 네틀섬 의원은 ""대형 석유기업과 그 동업자들이 이익을 내지 못하는 것은 우리가 상관할 바가 아닙니다. 이 정도 유가 수준에서조차 막대한 수익을 내지 못한다면 경영에 심각한 문제가 있는 것이며, 그저 안타까울 따름입니다""라고 꼬집었습니다.

일부 전문가들은 정부가 지난 수십 년간 새 정유 공장 건설을 허가하지 않았음에도 고유가 수혜를 이유로 오일 서비스 및 엔지니어링·건설업계까지 과세 대상에 포함시킨 점을 지적했습니다. 그러나 과세 대상을 대형 석유 생산 업체로만 한정하자는 세법 개정안은 끝내 부결되었습니다.",
event_energy11,"@CORPFULL @FACT WINDFARM PROJECT MUST SHUT DOWN IMMEDIATELY, GOVERNMENT SAYS; ALL BECAUSE OF ONE DEAD BIRD!

The federal government has revoked its certification of the @YEAR windfarm project of @CORP, which only recently had begun generating electricity.

The reason? A single California condor, whose range has been expanding out from the Grand Canyon in recent years, flew into the blade of one of the giant wind turbines on the windfarm and instantly was killed. No one was aware until then that the California condors had begun to venture that far from their home territory around the Grand Canyon. It proved to be a very costly oversight.

Major environmental groups that had supported the project have since turned against it, saying ""The slaughter must stop!"" and politicians in D.C. have quickly responded, instructing the EPA to shut down the project, permanently. Some of the smaller, more extreme green groups that initially opposed the project because of its effect on birds had finally changed their minds and supported it, but they, too, have now turned against it, following the death of the iconic California condor and the public outcry that arose in its wake.

The utility company will have to write off the entire cost of the project, less whatever salvage value they can obtain for the used wind turbines. Total losses are expected to be near @LOSS, according to a @CORPFULL spokesman.

The shutdown of the windfarm, which was located on an Indian reservation in @YEAR, also will be a major financial blow to impoverished members of the tribe, who expected to receive large royalty payments from the utility for use of tribal lands.","정부, @CORPFULL의 @FACT 풍력 발전단지 프로젝트에 즉각 중단 명령… 겨우 새 한 마리 죽었다고?

연방 정부가 최근 막 상업 운전을 시작한 @CORP의 @YEAR 풍력 발전단지 사업 인허가를 취소했습니다.

취소 사유는 다름 아닌 캘리포니아 콘도르 한 마리의 폐사였습니다. 최근 몇 년간 그랜드 캐니언 일대에서 서식지를 넓혀오던 캘리포니아 콘도르 한 마리가 거대한 풍력 터빈 날개에 부딪혀 현장에서 즉사한 것입니다. 캘리포니아 콘도르가 본래 서식지인 그랜드 캐니언에서 이처럼 멀리까지 이동하리라고는 아무도 예상하지 못했으며, 결과적으로 이는 막대한 재정적 손실을 초래한 치명적인 간과가 되고 말았습니다.

기존에 이 사업을 지지하던 대형 환경 단체들마저 ""조류 학살을 즉각 중단하라!""며 돌아서자, 워싱턴 정가 역시 미 환경보호청 (EPA)에 사업 영구 중단을 지시하며 신속히 반응했습니다. 조류 피해를 이유로 초기에 반대하다 가까스로 지지세로 돌아섰던 소수 극단주의 환경 단체들 역시 캘리포니아 콘도르의 폐사와 거센 여론의 공분에 밀려 지지를 철회했습니다.

해당 전력 회사는 중고 풍력 터빈의 잔존 가치 회수분을 제외한 사업비 전액을 손실 처리해야 하는 처지에 놓였습니다. @CORPFULL 대변인에 따르면 전체 손실 규모는 @LOSS에 달할 것으로 추산됩니다.

아울러 @YEAR년 인디언 보호구역 내에 조성되었던 풍력 발전단지가 폐쇄됨에 따라, 부지 사용료로 상당한 로열티 수익을 기대했던 부족민들 역시 심각한 재정적 타격을 입게 되었습니다.",
event_environment1,"MASS TRIALS DELAYED FOR GLOBAL WARMING HERETICS

Efforts continue in the drive to ferret out Unbelievers who deny the science of Anthropogenic Global Warming in the U.S., one of the last remaining hotbeds of heretical beliefs. Unlike Europe, which has dealt firmly with its heretics by bringing back the ancient European tradition of the auto-da-fe, in mass burnings at the stake, the United States has been regularly castigated by the U.N. for its ""coddling"" and ""soft treatment"" of such nonconformists, by simply imprisoning a few hundred thousand of its recalcitrant citizens, and in some cases even placing guilty scientists and academics in comfortable FEMA re-education camps that were completely devoid of dogs, whips, or other effective instruments of persuasion and rehabilitation.

""Only by using the harshest possible methods,"" a U.N. official argues, ""can doubters be cured of their thought crimes and prevented from spreading erroneous beliefs. While Europe has finally eradicated its more outspoken elements, stamping out the last of these enemies of society, strong measures must now be taken to also cleanse the United States of all remaining vestiges of scientific heresy.""

U.N. officials say that now that America has repealed its antiquated First Amendment (""free speech"" and ""freedom of the press""), in compliance with U.N. Human Rights mandates, the world can no longer sit idly by, while many heretics in America continue to be allowed, without suffering dire consequences, to make false claims, such as stating that Greenland was once warm enough for the Vikings to raise cattle and sheep on green pastures, or that wine grapes were grown in the north of England in the Middle Ages. Some heretics have even tried to argue that, because the Mediterranean was 3.6 degrees warmer in Roman times, that meant the world was warmer then than it is today, an example of fallacious thinking and clearly a thought crime.

At long last, to demonstrate its new ""Get Tough on Doubters"" policy, America's Chief Inquisitor was planning to hold mass outdoor show trials in the Orange Bowl in Miami, Florida, beginning today. In trials compared by observers to those at Nuremberg, over 170,000 of the nonbelievers were to be displayed on international television, confessing their wrong thoughts and being sentenced en masse to America's newly established re-education camps, which are staffed entirely by no-nonsense guards trained in North Korea and Cuba.

Unfortunately, in light of extremely cold and unseasonable weather, which has persisted for several months in southern Florida, the outdoor show trials have now been postponed indefinitely.

Arrangements will need to be made to ship the criminals to a city with a covered dome sports arena large enough to hold all 170,000 miscreants and their captors. This may prove to be problematic, as all of Florida's airports and train stations are currently closed by snow and ice, with no relief in sight from the bitter cold (caused, all political scientists agree, by the unprecedented global warming).","지구 온난화 이단자들에 대한 대규모 재판이 연기되다

미합중국은 아직도 이단 신앙의 마지막 보루로 남아있으며, 인류가 원인인 지구 온난화를 부정하는 불신자들을 색출하려는 추적 작업이 계속되고 있습니다. 유럽에서는 고대 유럽으로부터 내려오는 유구한 전통인 아우토다페 (종교재판의 공개 참회·처형 의식)를 통해 이단자들을 화형대에 올려 엄벌했던 것과 달리, 미합중국에서는 단순히 수십만 명의 ""반골기질"" 시민들을 감옥에 가두고, 유죄 판결을 받은 과학자와 학자들을 곤장과 채찍 같은 강력한 교화 도구가 전혀 없는 안락한 FEMA 재교육 수용소에 보내는 처사로 인해, 국제연합으로부터 이단자들에게 ""비행기 태워주기"" 및 ""너무나 온건한 형벌""을 내리고 있다는 비난을 정기적으로 받아왔습니다.

유엔 관계자는 ""가혹한 형벌을 사용해야만 의심 불손분자들이 저들의 사상적 범죄에서 벗어날 수 있으며, 잘못된 믿음을 퍼뜨리는 행위를 통제할 수 있다""고 주장합니다. 또한, 유럽은 마침내 더 큰 목소리로 불경한 언어를 지껄이던 사회의 마지막 적들까지 뿌리 뽑았으니, 이제는 미합중국 역시 남아있는 모든 과학적 이단주의의 흔적을 정화하기 위한 강력한 조치가 필요하다고 역설했습니다.

유엔 관계자들은 미국이 유엔 인권 규정에 맞춰 구시대적인 수정헌법 제1조 (""표현의 자유""와 ""언론의 자유"")를 폐지했기 때문에, 미국의 수많은 이단자들이 ""그린란드가 한때 바이킹들이 녹색 목초지에서 소와 양을 기를 만큼 따뜻했다""느니, ""중세시대 때 영국 북부에서는 포도가 재배되었다""느니, 혹독한 대가를 치르지도 않으며 거짓 주장을 일삼도록 내버려두는 상황을 더 이상 좌시할 수 없다고 말했습니다. 일부 이단자들은 지중해가 로마 시대보다 3.6도가 더 따뜻했다는 사실을 근거로 오늘날보다 그 당시가 더 따뜻했다고 주장하기까지 했는데, 이러한 사고방식은 명백한 오류가 존재하며 사상 범죄에 해당합니다.

최고 이단심문관은 미합중국의 새로운 ""의심자들에 대한 강경 대우"" 정책을 보여주기 위해 오늘부터 플로리다의 마이애미 오렌지 볼에서 대규모 공개 재판을 개최할 계획이었습니다. 참관자들 사이에서 뉘른베르크 국제 군사 재판에 비견된 이 재판에서는 17만 명 이상의 불신자들이 국제 TV 채널을 통해 자신들의 그릇된 생각을 고백하고, 북한과 쿠바에서 훈련받은 냉혹한 경비원들이 상주하는 신설 재교육 수용소 행 중형을 집단으로 선고받을 예정이었습니다.

안타깝게도, 플로리다 남부에 수 개월 동안 지속되고 있는 이상 한파와 혹한으로 인해 야외 공개 재판은 무기한 연기되었습니다.

이 17만 명의 불신자들과 이들을 감시감독할 경비병을 모두 수용할 만큼 거대한 돔 형 경기장으로 이송하기 위한 준비가 필요할 것입니다. 하지만 플로리다의 모든 공항과 기차역이 현재 눈과 얼음으로 인해 폐쇄되었으며, 모든 정치에 미친 과학자들이 동의하듯이 전례 없는 지구 온난화가 유발한 강추위가 해소될 기미가 보이지 않기 때문에 큰 차질을 빚을 것으로 예상됩니다.",
event_environment2,"DEATH COUNT RISES TO 150,000 IN MEXICO CITY AS DEADLY TEMPERATURE INVERSION CONTINUES

Mexico City has long been a city where migrating birds fell dead out of the sky and must be swept off the streets, as a result of almost unimaginable levels of air pollution. But over the last three days, lethal air pollution that has built up as a result of a ""blocking high"" pressure system centered over the Mexican metropolis has finally begun to kill off the city's human population as well, in equally vast numbers. Deaths are estimated by the Mexican government to be roughly 150,000 thus far, with no relief from the mass asphyxiations in sight. Foreign reporters in Mexico report a nightmare scene, where the dead lie uncollected in the streets, from sidewalk to sidewalk, and where the only people able to escape the city are those few with electricpowered vehicles. No one else is able to start their cars, because there is insufficient ambient oxygen in the stagnant air basin to operate internal combustion engines, or to even light a match.

The authorities have told citizens that there is no cause for alarm, insisting that conditions will return to ""normal"" as soon as the weather changes. A government spokesman has vehemently denied that the city's lax enforcement of air pollution laws has had anything to do with the growing catastrophe, and described the crisis as ""...a temporary thing, quite manageable, just part of the price we must occasionally pay for economic progress and for our quest to become a First World industrial nation....""

....Meanwhile, in a related story, General Motors, which recently built the world's largest automobile assembly plant in Mexico City after closing its last remaining U.S. plant, announced that this year, for the first time ever, it sold more automobiles in that city than in the entire U.S market....","멕시코시티, 치명적인 기온 역전으로 인해 사망자가 15만 명을 돌파하다

멕시코시티는 오랫동안 철새들이 하늘을 날다 떨어져 죽어, 그 시체를 청소해야할 정도로 심각한 공기 오염을 앓고 있었습니다. 하지만 지난 사흘 동안, 이 멕시코 메갈로폴리스를 중심으로 형성된 '고기압 정체' 현상으로 인해 공기 오염이 심각하게 축적되었고 마침내 도시에서 막대한 인명 피해가 발생하고 말았습니다. 멕시코 정부는 현재까지 사망자가 약 15만 명에 달하며, 이 대규모 질식 사태가 끝날 기미가 보이지 않는다고 밝혔습니다. 현지에 파견된 외국 특파원들은 길거리마다 시신들이 수습되지 않은 채 방치되어 있으며 생지옥이 펼쳐지고 있다고 전했으며, 정체된 대기 속 산소가 부족해 내연기관 자동차의 시동을 걸 수조차 없고, 성냥 불꽃조차 피울 수 없는 상황이라 도시를 탈출할 수 있는 사람은 전기차를 소유한 사람들 뿐이라고 전했습니다.

당국은 날씨가 바뀌는대로 상황이 ""정상""으로 돌아올 것이라고 주장하며, 동요에 빠질 이유가 전혀 없다고 전했습니다. 정부 대변인은 도시 공기 오염 관련법을 제대로 집행하지 않은 것이 이 재앙과 관련이 있지 않느냐는 주장을 강력히 부인하며, 이번 위기를 ""…일시적이고 충분히 관리 가능한 사건이며, 단지 경제 발전과 선진 산업 국가가 되려는 우리가 지불해야 하는 대가일 뿐…""이라고 묘사했습니다.…한편, 관련 소식으로 최근 마지막으로 남아있던 미국 내 공장을 폐쇄한 뒤, 멕시코시티에 세계 최대 규모의 자동차 조립 공장을 건설한 제너럴 모터스가 올해 처음으로 멕시코시티에서 전체 미국 시장보다 더 많은 차량을 판매했다고 발표했습니다.",
event_environment3,"ISLANDS SINK, AS DEBATE OVER GREENHOUSE EFFECT CONTINUES

The Maldive Islands, once a virtual paradise in the Indian Ocean, have officially ceased to exist, according to French geologists. The last residents evacuated the Maldives over a year ago, as rising sea levels (caused by the alleged ""greenhouse effect,"" according to some environmental groups) gradually inundated the once-beautiful island group. Most of the islands in the chain were no more than 3 feet above sea level before the rise, with the highest point only 6 feet above sea level, so that the Maldives are the first major group of islands to disappear beneath the waves, due to the rising oceans. Most of the islands are now above sea level only at low tides.

In Washington, an Energy Department public relations specialist reiterated the current administration's position that the rising sea levels are a result of unusually high rainfall on the Indian subcontinent and that there is ""no credible scientific evidence"" to support the view that the increasing use of carbon-based fuels is causing, or ever will cause, a greenhouse effect.

A spokesman for the U.S. Department of Commerce stated at a news conference that U.S. investments in the Maldives were minimal, and that the disappearance of the small island nation will have little, if any, effect on U.S. economic interests.

....Meanwhile, in related business news, a spokesman for the American Petroleum Institute says that the future has never looked brighter for the energy industry, since the opening of the Alaska Wildlife Reserve to oil drilling and for strip mining of coal. Referring to the recent warm winters and almost tropical summers in Alaska, he noted that ""...Even Mother Nature herself seems to be aiding our exploration and development activities in Alaska....""","섬들이 잠기는 가운데 계속되는 온실 효과 논쟁

프랑스 지질학자들에 따르면, 한때 인도양의 낙원이라 불리던 몰디브 제도가 공식적으로 지도 상에서 사라졌다고 합니다. 해수면 상승으로 (일부 '환경 단체'에 따르면 '온실 효과'가 원인인) 인해 예전의 아름다운 섬들이 점점 바닷속으로 가라앉으면서 마지막 거주민들마저 이미 1년여 전에 몰디브를 떠난 상황입니다. 몰디브 제도의 대부분의 섬들은 본격적인 해수면 상승 이전에도 해발 100CM 정도에 불과했었고 가장 높은 곳 역시 해발 180CM에 불과했었습니다. 이로 인해 몰디브는 해수면 상승으로 바닷속에 수몰된 최초의 주요 군도가 되었습니다. 지금 대부분의 섬들은 썰물 때만 간신히 해수면 위에 모습을 드러내는 상황입니다.

워싱턴의 에너지부 공보 담당자는 이번 해수면 상승이 인도 아대륙의 비정상적으로 높은 강우량 때문이며, 화석 연료 사용 증가가 온실 효과를 유발한다거나, 유발하고 말 것이라는 주장을 뒷받침할 ""신뢰할 만한 과학적 증거가 전혀 없다""는 현 정부의 입장을 재차 강조했습니다.

미국 상무부 대변인은 이번 기자회견에서 몰디브에 대한 미국의 투자 규모는 미미했으며, 이 작은 섬나라의 소멸로 인해 미국 경제적 이익에 미치는 영향은 미미하거나 사실상 거의 없을 것이라고 밝혔습니다.…한편, 관련 비즈니스 뉴스에서는 미국석유협회 (API) 대변인은 알래스카 야생동물 보호구역 내 석유 시추와 석탄 노천 채굴이 허용된 이후 에너지 산업의 전망이 그 어느 때보다 밝다고 전했습니다. 그는 최근 알래스카의 따뜻한 겨울과 거의 열대에 가까운 여름 날씨를 언급하며 ""심지어 대자연마저도 알래스카에서의 우리의 개발-탐사 사업을 돕고 있는 것 같다""고 덧붙였습니다.",
event_environment4,"EPA WARNS PUBLIC TO PROTECT AGAINST SUN'S STRONGER RAYS

An official of the Environmental Protection Agency (EPA) today warned all U.S. citizens living in northerly latitudes to exercise extreme care when going out of doors. Residents of all areas north of Orlando, Florida are advised to wear long-sleeved garments, a hat (preferably a pith helmet) and U-V protective goggles before venturing outdoors. In areas north of Columbia, South Carolina, it is strongly suggested that foil-lined clothing be worn, when possible, due to the intense U-V radiation, according to EPA spokesperson Mendacio Calderon. Calderon attributed the lethal levels of solar radiation to the ""...normal sunspot cycle...."" and he discounted any possibility that the ozone layer is disappearing. Calderon, a former chief of public relations for a major chemical company, also insisted that there is no cause for alarm, and emphasized that anyone who follows the EPA's recommended precautions should have no concerns about going outdoors, for periods of up to fifteen minutes a day.

When asked how animals in the wild will protect themselves, since they don't generally wear pith helmets or foil-lined clothing, Calderon said he had no further comments, and declared the press conference adjourned.

...Meanwhile, in a related business story, Reynolds Metals reports record sales of its aluminum foil products. According to the company, large orders from a new source, the apparel industry, are fueling a banner year for the crinkly stuff....","EPA, 강해진 태양광선으로부터 시민 보호 당부

환경보호청 (EPA) 관계자는 오늘, 북부 위도 지역에 거주하는 모든 미국 시민들에게 외출 시 각별한 주의를 기울일 것을 당부했습니다. 플로리다주 올랜도 이북 전 지역 주민들은 외출 전 긴소매 옷과 모자 (가급적 헬멧형 모자), 자외선 차단 고글을 착용할 것을 권고받았습니다. EPA 대변인 멘다시오 칼데론에 따르면, 사우스 캐롤라이나주 컬럼비아 이북 지역에서는 강한 자외선으로 인해 가능하면 은박 안감이 들어간 의류 착용이 강력히 권장됩니다. 그는 이러한 죽음에 이를 정도로 심각한 수준의 태양 방사선을 ""…정상적인 흑점 주기…"" 탓으로 돌리며, 오존층 파괴 가능성은 전면 부인했습니다. 대형 화학회사의 前 홍보팀장 출신인 칼데론은 현 상황에 우려할 필요가 없다고 거듭 강조하며, EPA의 권고 수칙을 따르는 사람은 하루 최대 15분까지는 외출해도 문제없다고 밝혔습니다.

야생 동물들은 헬멧형 모자나 은박 옷을 입지 않는데 어떻게 스스로를 보호하겠느냐는 질문에, 칼데론은 더 이상 할 말이 없다며 기자회견을 종료했습니다.…한편 관련 경제 소식으로, Reynolds Metals는 알루미늄 포일 제품의 매출이 사상 최고치를 기록했다고 발표했습니다. 회사에 따르면 의류업계라는 새로운 수요처로부터의 대량 주문이 올해 이 바스락거리는 제품의 호황을 이끌고 있다고 합니다.",
event_environment5,"OZONE HOLES CONTINUE TO WIDEN

The UN Environmental Czar reported today that most of South Africa, southern Australia and the lower halves of Chile and Argentina, now known as the ""Zona de los muertos,"" have been rendered devoid of most living organisms.  The intense solar radiation has sterilized nearly all living things on those southern continental areas and in the Antarctic Ocean. The last of millions of cattle and sheep in the affected areas died over a year ago, and the only surviving creatures south of the 35th parallel appear to be humans, most of whom are now blind or suffering from hideous cancerous growths.

Stock prices plunged to near zero on the Buenos Aires bolsa, on news that the ""Zona de los Muertos"" or ""dead zone"" is now within 100 miles of that city.

...In a related development, major Western chemical companies continue to argue vehemently that the HCFCs they produce are not a major threat to the ozone layer, and that the entire matter of the alleged ""ozone holes"" needs to be studied further. On a similar note, China's U.N. ambassador told the Security Council today that China does not concede that there IS an ozone problem, and that, if there is, it is a problem of the rich Western countries, and that, in any case, China intends to continue to increase its production of HCFCs and CFCs.

Meanwhile, Canadian scientists confirm that Hudson Bay has become a dead sea, scorched by the ultraviolet rays pouring in through the north polar ozone hole. Several major hospital supply companies have previously announced that they are studying the feasibility of setting up facilities on Hudson Bay, and to begin tapping this nearly endless supply of sterilized saline solution for medical uses....","계속 넓어지고 있는 오존층 구멍

오늘 UN 환경 담당 최고 책임자는 남아프리카 대부분 지역, 호주 남부, 그리고 현재 'Zona de los muertos'로 알려진 칠레·아르헨티나의 남부 지역에서 대부분의 생명체가 자취를 감추었다고 보고했습니다. 강렬한 태양 방사선은 남부 대륙 지역들과 남극해의 거의 모든 생명체를 사실상 멸균 상태로 만들었습니다. 피해 지역에 있던 최후의 소와 양 수백만 마리는 1년 전에 이미 폐사했으며, 남위 35도 남쪽에 살아남은 생명체는 인간뿐인 것으로 보입니다. 그러나 이들 대부분도 현재 시력을 잃었거나 흉측한 암성 종양으로 고통받고 있습니다.

""Zona de los muertos"" 또는 ""죽은자들의 땅""이 부에노스 아이레스 시에서 불과 160KM 거리까지 북상했다는 소식에 부에노스 아이레스 증권 거래소의 주가는 거의 0에 가깝게 폭락했습니다.…관련 소식으로, 서구의 주요 화학 기업들은 자신들이 생산하는 HCFCs가 오존층에 심각한 위협이 되지는 않으며, 이른바 '오존층 구멍'에 대한 전체적인 문제는 추가 연구가 필요하다고 계속해서 강하게 주장하고 있습니다. 비슷한 맥락으로, 주 유엔 중국 대사는 오늘 안보리에서 중국은 오존 문제가 존재한다는 사실을 인정하지 않으며, 설령 문제가 있다 하더라도 이는 부유한 서구 국가들의 문제일 뿐이라고 밝혔습니다. 아울러 어떤 경우든 중국은 HCFC 및 CFC 생산을 계속 늘릴 계획이라고 덧붙였습니다.

한편, 캐나다 과학자들은 북극 오존 홀을 관통한 자외선으로 인해 허드슨만이 생명체가 살 수 없는 죽은 바다로 변했음을 확인했습니다. 몇몇 주요 의료 장비 기업들은 허드슨만에 시설을 세워, 의료용으로 사용 가능한 무한한 멸균 생리식염수 공급원을 활용하는 방안과 그 타당성을 검토 중이라고 앞서 발표했습니다…",
event_environment6,"RADIATION CLOUDS DUE OVER U.S. BY END OF WEEK

Huge clouds of radioactive dust from last week's nuclear clash between Libya and Syria are being carried away from Asia and Africa by the prevailing westerlies, and should reach the U.S. mainland by the end of the week. All U.S. residents are advised to store as much food and water as possible before the radioactive cloud arrives, as it may be difficult to obtain uncontaminated food or water for several years, even if you are willing to venture above ground, out of your fallout shelter.

Reports are still sketchy as to who ""won"" the Libyan-Syrian nuclear battle, as all contact with both nations has been lost since the brief, 6-hour war. Pentagon officials stated today that they knew for some time that both parties had acquired considerable amounts of weapons-grade plutonium on the black market during the early days after the breakup of the Soviet union in 1992, plus a sophisticated delivery capability, in the form of advanced missiles purchased from India and North Korea.

Apparently the outbreak of the conflict was a result of a serious miscalculation by the Syrians. They launched first, believing that the Libyans, with whom they have been quarreling for several years, lacked a nuclear capability, but were on the verge of acquiring it shortly. Judging by the 60 or more nuclear blasts in Syria, and several more errant Libyan missiles that fell into nearby Jordan and Turkey, the Libyans were far better armed than the Syrians, who apparently fired only 10 nuclear missiles into Libyan population centers.

At the Pentagon in Washington, a spokesperson for the U.S. Military Junta explained that the black market price of nuclear weapons is still quite high, and that Syria lacked the oil earnings to become a major player, unlike Libya, Iran, Iraq, Indonesia, Kuwait, Algeria and other new members of the Nuclear Club. Meanwhile, armored columns from the Sudan, which reportedly has recently acquired at least one crude nuclear device, rolled into neighboring Ethiopia today, apparently seeking to capture the large U.N. food stocks in that country, where U.N. relief agencies have been trying to avert widespread famine.... In Tel Aviv, Israeli military officials expressed their gratitude to the American defense firms who illegally sold the Libyans the highly precise guidance systems that enabled the Libyans to fire 60-odd missiles into Syria without a single missile falling short into Israel.  Any such misfire, had it happened, would doubtless have touched off another, far more serious and more widespread, nuclear conflict....

Several U.S. defense suppliers expressed regret at the loss of two major customers for their guidance systems and nuclear technology, but avowedly were confident that new orders from North Korea, Myanmar (Burma), and the Iranianfinanced Hezbollah group in Lebanon would more than offset any slack in their export business....","방사능 구름, 주말까지 미국 상공 도착 예정
지난주 리비아와 시리아 간의 핵 충돌로 발생한 거대한 방사능 먼지 구름이 편서풍을 타고 아시아와 아프리카를 벗어나 이동 중이며, 이번 주말까지 미국 본토에 도달할 것으로 보입니다. 방사능 구름이 도착하기 전에 모든 미국 시민들은 가능한 한 많은 식량과 물을 비축하는 것을 권장합니다. 방사성 낙진 대피소 밖 지상으로 위험을 무릅쓰고 나간다 하더라도, 향후 수년간 오염되지 않은 식량이나 물을 구하기 어려울 수 있기 때문입니다.

짧았던 6시간 동안의 전쟁 이후 두 국가 모두와 모든 연락이 두절되었기 때문에, 리비아와 시리아의 핵 전쟁에서 누가 '승리' 했는지에 대한 보고는 여전히 불확실합니다. 오늘 미 국방부 관계자들은 1992년 소련 해체 직후 양측이 암시장에서 상당한 양의 무기급 플루토늄을 확보했다는 사실을 이전부터 알고 있었으며, 인도와 북한에서 구매한 첨단 미사일 형태의 탄두 투발 능력까지 갖추고 있었다고 밝혔습니다.

이번 충돌의 발발은 시리아 측의 심각한 오판에서 비롯된 것으로 보입니다. 시리아는 수년간 갈등을 빚어온 리비아가 아직 핵 능력을 갖추지 못했으나 조만간 확보하기 직전이라고 믿고 먼저 선제 공격을 감행했습니다. 시리아에서 발생한 60여 차례의 핵 폭발과 인근 요르단 및 튀르키예에 떨어진 몇 발의 리비아 오발 미사일로 미루어 볼 때, 리비아 인구 밀집 지역에 겨우 10발의 핵미사일을 쏘는 데 그친 시리아에 비하면 리비아의 무력 수준이 훨씬 우세했던 것으로 파악됩니다.

워싱턴 국방부의 미 군사정권 대변인은 암시장에서의 핵무기 가격이 여전히 매우 높게 형성되어 있으며, 리비아, 이란, 이라크, 인도네시아, 쿠웨이트, 알제리를 비롯한 새 핵 클럽 회원국들과 달리 시리아는 주요 세력으로 거듭날 만큼의 석유 수입이 부족했다고 설명했습니다. 한편, 최근 최소 한 개 이상의 조잡한 핵 무기를 확보한 것으로 알려진 수단의 기갑 부대가 오늘 이웃 국가인 에티오피아로 진격했습니다. 이는 유엔 구호 기관들이 대규모 기근을 예방하기 위해 설립한 에티오피아 내 대규모 유엔 구호 식량을 탈취하기 위한 목적으로 보입니다… 텔아비브의 이스라엘 군 관계자들은 리비아 측에 고정밀 유도 시스템을 불법 판매하여, 리비아가 단 한 발의 미사일도 이스라엘 영토에 추락하는 일 없이, 시리아로 60여 발의 미사일을 모두 발사할 수 있게 해준 미국 방산 업체들에 감사를 표했습니다. 만약 핵무기가 이스라엘 영토에 추락하는 사건이 발생했었다면, 의심할 여지 없이 훨씬 더 심각하고 광범위한 핵 분쟁을 촉발했을 것입니다…

몇몇 미국 방산 업체들은 자신들의 미사일 유도 시스템과 핵 기술을 구매해주던 주요 고객들을 잃은 것에 대해 유감을 표명했으나, 북한, 미얀마, 그리고 이란의 자금 지원을 받는 레바논 헤즈볼라로부터 새 주문이 들어올 것이며, 이것이 수출 사업의 공백을 충분히 메우고도 남을 것이라며 자신감을 내비쳤습니다…",
event_environment7,"AIR NO LONGER FREE IN L.A. -- Los Angeles has become the first American city to charge for air. Since breathable air has become such a rare commodity in the Los Angeles Basin, the County Council recently approved a plan whereby the city has begun importing bottled air from Alaska, which the city is now dispensing at a number of service stations along major freeway routes. Drivers wearing oxygen masks, which have become quite fashionable in Southern California, can now pull into almost any gasoline station, tank up their car, and buy an hour's supply of breathable air for only fourteen dollars.

Many of L.A.'s 40 million residents seem very enthusiastic about the new program. Phoenix, Denver, New York, and a number of other cities are already studying the feasibility of following the lead of Los Angeles.  As always, the world's largest city, L.A., is on the cutting edge, and officials of the city's Air Resources Board are already looking several years ahead, to a time when the air in Los Angeles will be lethal to anyone with exposed skin, at which time Angelenos may be required to wear spacesuits or similar protective clothing, as wealthier residents already do on most days in Third World cities like Bangkok, Sao Paulo, Miami and Shanghai, and as they formerly did in Mexico City before its collapse and abandonment....

In related news, SpillCo Oil announced approval of its plans to build a large new oil refinery in a burned-out area of Santa Monica. No one has chosen to rebuild in large areas of the L.A. Basin, particularly in Santa Monica, in the wake of the last riot and conflagration. Thus, SpillCo says it was able to acquire the land for its refinery at a very reasonable price. While the refinery will be a major source of air and water pollution, there was little opposition to its construction, since no one currently lives within several miles of the chosen site, in any direction, in the burned-out ghost town of Santa Monica....","로스앤젤레스, 미국 도시 최초로 공기 유료화 실시

로스앤젤레스 분지에서 호흡 가능한 공기가 희귀 상품이 됨에 따라, 카운티 의회는 최근 알래스카에서 용기에 담긴 공기를 수입할 계획을 승인했습니다. 이에 따라 시 당국은 주요 고속도로 노선의 여러 주유소에서 공기를 공급하기 시작하였고, 공기 마스크가 유행처럼 번진 캘리포니아 남부에서는 이제 마스크를 착용한 운전자들은 주유소에 들러 차에 기름을 채우고, 1시간 분량의 호흡할 수 있는 공기를 단돈 14달러에 구매할 수 있게 되었습니다.

LA의 4,000 만 주민 중 상당수가 이 새로운 계획에 매우 열광하는 것으로 보입니다. 피닉스, 덴버, 뉴욕 및 기타 여러 도시에서도 이미 로스앤젤레스의 선례를 따를 가능성에 대해 검토하고 있습니다. 언제나처럼 세계 최대의 도시인 LA는 트렌드를 선도하고 있으며, 로스 엔젤레스 시 공기질 자원 위원회의 관계자들은 이미 몇 년 뒤의 피부를 노출하기만 해도 목숨이 위태로워질 시기를 대비하고 있습니다. 그때가 되면 방콕, 상파울루, 마이애미, 상하이 같은 제 3 세계 도시 부유층 주민들이 대개 그러하듯, 그리고 붕괴하여 유기되기 직전 상태의 멕시코시티에서 그리했던 것처럼, LA 주민들도 우주복이나 그와 유사한 보호 장비를 착용해야 할 수도 있습니다…

관련 소식으로, SpillCo Oil 은 산타모니카의 잿더미가 된 지역에 대규모 새 정유공장을 건설하는 계획안이 승인되었다고 발표했습니다. 지난 폭동과 대규모 화재의 여파로 LA 분지의 넓은 지역, 특히 산타모니카의 재건에는 그 누구도 나서지 않았었습니다. 그렇기 때문에 SpillCo 측은 매우 저렴한 가격에 정유공장 부지를 매입할 수 있었다고 밝혔습니다. 이 정유공장이 대기 및 수질 오염의 주요 원인이 될 것이 자명함에도 불구하고, 잿더미로 변한 유령 도시 산타모니카에서 정유공장이 들어설 부지 반경 수 킬로미터 내에는 현재 거주민이 단 한 명도 없기 때문에 공장 건설에 대한 반대는 거의 없었습니다…",
event_environment8,"U.N. ISSUES HEALTH ADVISORY -- The United Nations Health Organization has released an urgent health advisory, strongly urging all people of the world to avoid swimming in ocean waters and banning the eating of fish or plant products from the oceans. The U.N. agency warns that the radioactivity level of sea water in all of the world's oceans makes it extremely hazardous for anyone to come in contact with sea water or to consume any kind of seafood. In recent years, ever-increasing leakage of radioactive wastes into rivers around the world, along with the corrosion and breakup of nuclear reactors dumped at sea over the last 60 years by the Soviet and Western navies, have resulted in this massive radioactive contamination of the oceans.

The U.N.H.O. indicated that this health advisory is expected to remain in effect for at least 250,000 years....

President Kanye West, in an address to the nation from the Oval Room of the White House, told Americans that the radioactive contamination of the oceans was exactly as prophesied in the Old Testament, a punishment and warning of future plagues to come for America. In Tokyo, the new Japanese prime minister assured viewers of his first press conference that the dangerous radiation level in the world's oceans ""...has absolutely nothing to do with the Fukushima reactors..."" that were destroyed by a massive tsunami and earthquake in 2011 and which some dissidents say have been leaking vast amounts of radiation into the Pacific ever since then.

Meanwhile, in Tokyo and Chicago, commodity futures on frozen seafood products soared to record price levels, as alert traders realized that the existing stocks of frozen fish and whale meat could not be replaced in the foreseeable future, in light of the U.N. ban.....","UN, 건강 경보 발령 — 국제연합보건기구 (UNHO)는 전 세계 모든 사람들에게 바다 수영을 피하고 해양 어류 및 해조류 제품의 섭취를 금지하도록 강력히 권고하는 긴급 건강 경보를 발표했습니다. UN 산하 기구는 전 세계 모든 대양의 해수 방사능 농도가 매우 위험한 수준에 달해 있어 바닷물과 접촉하거나 어떤 형태의 해산물이라도 섭취하는 것이 극히 위험하다고 경고했습니다. 최근 몇 년간 전 세계 하천으로의 방사성 폐기물 유출이 계속 증가한 데다, 지난 60년간 소련과 서방 해군이 바다에 폐기한 원자로들이 부식·붕괴하면서 대양 전체가 대규모로 방사능에 오염된 상태입니다.

UNHO는 이번 건강 경보가 최소 25만 년간 유효할 것으로 보인다고 밝혔습니다…

카녜 웨스트 대통령은 백악관 집무방에서 진행한 대국민 연설을 통해 대양의 방사능 오염은 구약성서에서 예언된 그대로이며 미국에 닥칠 재앙을 경고하는 징벌이라고 국민들에게 전했습니다. 도쿄에서는 신임 일본 총리가 첫 기자회견에서, 전 세계 대양의 위험한 방사선 수치는 2011년 대지진과 쓰나미로 파괴된 후쿠시마 원전과 ""…전혀 무관하다…""고 시청자들에게 확언했습니다. 그러나 일부 반대 인사들은 후쿠시마 원전이 그 이후로도 계속 태평양으로 막대한 양의 방사능을 유출해왔다고 주장하고 있습니다.

한편 도쿄와 시카고에서는 냉동 해산물 선물 가격이 사상 최고치로 치솟았습니다. 눈치 빠른 트레이더들이 UN의 금지 조치로 인해 현재 보유 중인 냉동 생선 및 고래고기 재고를 가까운 미래에는 대체할 수 없다는 사실을 간파했기 때문입니다…",
event_environment9,"@CORP'S GENETICALLY ENGINEERED FUNGUS ESCAPES FROM LAB, WREAKS HAVOC ON THE ENVIRONMENT

@CORP (@TEXTSTRING) has been developing, for the pollution control industry, a new ""super-fungus,"" designed to be introduced into landfills, which it would attack with a vengeance, hastening the breakdown of otherwise long-lived substances like plastics, aluminum, and stainless steel.

The company was working to develop a weakness in the fungus, that would allow it to be killed off effectively by either chemical or biological means after it had cleaned up a landfill site, but the so-called ""super-fungus"" has escaped from the company's Ventura County laboratories, north of Los Angeles, before a way to control it had been perfected. The fungus has since been wreaking havoc on automobiles, computers, and all types of machinery.  The prolific fungus feeds on, and quickly breaks down, all types of refined metals, including aluminum and stainless steel, as well as nearly every kind of plastic it comes into contact with, except those that are supposedly biodegradable.

Hundreds of lawsuits have already been filed by individuals and companies, seeking damages from @CORP.

@TEXTSTRING is expected to incur losses this quarter of some @AMOUNT, as a result of the escape of the super-fungus.","@CORP의 유전자 조작 균류, 실험실서 유출돼 환경 대재앙 초래

@CORP(@TEXTSTRING)는 오염 정화 산업을 위해 신형 ""슈퍼 균류""를 개발해 왔습니다. 이 균류는 매립지에 투입되어 플라스틱, 알루미늄, 스테인리스강 등 기존에 잘 분해되지 않던 물질들을 순식간에 분해하도록 설계되었습니다.

이 회사는 매립지 정화 작업이 끝난 후 화학적 또는 생물학적 방법으로 효과적으로 사멸시킬 수 있도록 균류의 치명적 약점을 만드는 연구를 진행 중이었습니다. 하지만 통제 방법이 완성되기도 전에, 이른바 ""슈퍼 균류""가 로스앤젤레스 북쪽 벤투라 카운티에 위치한 회사 연구소에서 유출되고 말았습니다. 이후 이 균류는 자동차, 컴퓨터를 비롯한 각종 기계류에 큰 피해를 입히고 있습니다. 폭발적인 번식력을 가진 이 균류는 알루미늄과 스테인리스강을 포함한 각종 정제 금속은 물론, 생분해성이라 알려진 일부 플라스틱을 제외한 거의 모든 종류의 플라스틱까지 먹어치우며 빠르게 분해시키고 있습니다.

개인과 기업들이 이미 @CORP을/를 상대로 막대한 피해보상을 요구하는 손해배상 청구 소송을 무더기로 제기했습니다.

@TEXTSTRING는 이번 슈퍼 균류 유출 사태로 이번 분기 약 @AMOUNT의 손실을 입을 것으로 예상됩니다.",
event_environment10,"SCIENTISTS FRET OVER GLOBAL WARMING, BUT ECONOMISTS POINT OUT BENEFITS

A United Nations commission appointed to study global warming has warned that global temperatures have already risen 0.2 degrees since the year 2014, and that the rising sea level, while moderate so far, due to increased precipitation and buildup of icecaps over both polar regions, is likely to accelerate in the near future, flooding many coastal cities on every continent. In addition, a huge lake is building up in the center of Greenland, from the melting of the Greenland icecap, and is held back from emptying all at once only by a steadily shrinking ice dam, nearly 1000 feet (300 meters) high.

However, most economists now agree that the warming that we have experienced so far has been a boon to the global economy, due to warm winters in Canada and Siberia that have resulted in greatly improved crop yields, longer growing seasons, and substantial increases in world food supplies, which in turn has contributed to steady improvements in global economic growth, and rising incomes in some poor nations, with a resulting slowdown in population growth. Some northern areas of Russia are now able to support agriculture for the first time since the Medieval Warming Period. Population experts note that rising levels of prosperity and improved educational opportunities for women almost invariably result in smaller family sizes, and sharp decreases in population growth.

Thus, to date, the recent global warming is seen as somewhat of a mixed blessing, with benefits for many countries, but with unknown long-term consequences, if the warming trend continues at anything like the projected rate.","과학자들은 지구온난화 우려, 경제학자들은 이점 지적

지구온난화 연구를 위해 구성된 UN 위원회는 2014년 이후 지구 평균 기온이 이미 0.2도 상승했다고 경고했습니다. 양극 지역의 강수량 증가와 양극 지방의 빙하 축적으로 지금까지 해수면 상승세는 비교적 완만했으나, 머지않아 가속화되어 모든 대륙의 수많은 연안 도시가 침수될 가능성이 있다고 밝혔습니다. 또한 그린란드 빙상이 녹으면서 그린란드 중심부에는 거대한 호수가 형성되고 있습니다. 이 호수의 수량이 한꺼번에 바다로 쏟아져 내리는 것을 막고 있는 것은 300 미터에 달하지만 계속 녹아내리고 있는 얼음 댐뿐입니다.

그러나 대부분의 경제학자들은 지금까지의 온난화가 오히려 세계 경제에 호재였다는 데 동의하고 있습니다. 캐나다와 시베리아의 겨울이 따뜻해지면서 작황이 크게 개선되고 재배 기간도 길어져, 세계 식량 공급이 크게 늘었습니다. 이는 다시 세계 경제성장의 꾸준한 개선과 일부 빈국의 소득 증가로 이어졌고, 그 결과 인구 증가 속도도 둔화되었습니다. 러시아 북부 일부 지역은 중세 온난기 이후 처음으로 농업이 가능해졌습니다. 이에 인구 전문가들은 번영과 여성 교육 확대가 가족 규모 축소와 인구 증가율의 급격한 감소로 이어진다고 지적합니다.

따라서 지금까지는 최근의 지구온난화가 여러 국가에 있어 득과 실이 공존하는 양면적인 축복으로 여겨지고 있지만, 온난화 추세가 현재의 예측치와 유사한 속도로 지속될 경우 장기적으로 어떤 결과를 낳을지는 아직 알 수 없습니다.",
event_environment11,"FUTURES PRICES SOAR, AS FUNGUS THREATENS U.S. WHEAT CROP

A combination of an unusually wet growing season and a spreading fungus that attacks the grain shortly before it becomes ready to harvest is causing havoc in the wheatgrowing regions of the United States, and the presence of the devastating wheat rust in Alberta and Saskatchewan has been confirmed, according to a spokeswoman for the United Nations Food and Agricultural Organization (FAO). According to the FAO, the expected heavy crop losses in the key wheat growing regions of the U.S. and Canada may lead to serious global shortages of the grain, as wheat stocks in many countries are already at near-record low levels.

In Chicago and New York, trading was frantic on the floor of commodity exchanges, as food companies and speculators bid up the price of wheat futures dramatically. Trading was temporarily halted, as the spot price of the grain shot up to $@TEXTSTRING per @UNIT.

In Egypt, large crowds took to the streets, protesting against the Egyptian government's announcement of a hefty increase in the heavily subsidized price of wheat flour. In the Ukraine, the government of Ukrania has ordered a complete halt to all imports or exports of wheat.","미국 밀 작물에 곰팡이 위협, 선물 가격 폭등

예년답지 않게 습했던 재배기로 인해, 수확을 앞둔 곡물에 전염성 곰팡이가 확산되고 있으며, 미국 주요 밀 재배 지역에 막대한 피해를 입히고 있습니다. 유엔 식량농업기구 (FAO) 대변인에 따르면, 앨버타와 서스캐처원에서도 치명적인 밀 녹병 발생 사실이 확인되었습니다. FAO는 미국과 캐나다의 핵심 밀 생산지에서 예상되는 대규모 수확량 감소가 전 세계적인 곡물 부족 사태로 이어질 수 있다고 경고했습니다. 이미 많은 국가의 밀 재고가 역대 최저치에 가까운 수준을 기록하고 있기 때문입니다.

시카고와 뉴욕의 상품 거래소 현장에서는 식품 회사들과 투기꾼들이 밀 선물 호가를 치솟게 만들며 장중에 극도의 과열 양상을 보였습니다. 밀 현물 가격이 @UNIT당 $@TEXTSTRING까지 치솟자, 거래는 일시적으로 중단되었습니다.

이집트에서는 정부가 정부 보조금이 대거 투입되던 밀가루의 대폭적인 가격 인상안을 발표하자, 대규모 시위대가 거리로 쏟아져 나와 격렬한 항의 시위를 벌였습니다. 우크라이나에서는 현지 정부가 밀의 반출입 및 수출입 일체를 전면 금지 조치를 내렸습니다.",
event_environment12,"WORLD GOVERNMENTS UNITE TO IMPOSE GLOBAL WARMING TAX ON CARBON -- LEVIED ON USERS AND PRODUCERS ALIKE

Meeting in Geneva, the United Nations, in what was a nearly unanimous vote of member states, has finally settled on the terms of a long-awaited global tax on carbon, to be applied to businesses in various industries that are deemed to be major producers or users of hydrocarbons. The tax will be applied at an annual rate of@TEXTSTRING%, to be collected quarterly by all participating governments.

Businesses based in or doing business in China or India are exempted from the new global Carbon Tax Treaty.

There were few dissenting voices as the U.N. General Assembly rushed to enact the sweeping new measure, which will apply to such industries as oil, oil service, steel, auto makers, auto parts makers, base metal and precious metal mining industries, all the transportation industries, chemicals, tire and rubber makers, the paper industry, and electric and gas utilities.

U.N. officials worked with a great sense of urgency to adopt the global tax quickly, taking advantage of the opportunity offered by the current world economic boom, and working against the clock with the knowledge that most parts of the world have now experienced increasingly cold winters and record snowfall for the last three years, including two consecutive ""years without a summer"" as some global warming heretics have dubbed the recent weather patterns, since solar activity has begun to wane from recent high levels.

""It was now or never,"" said the Saudi U.N. representative. ""The nay-sayers were gaining strength by the day, despite the wholehearted cooperation of the media and the schools and universities, but the deniers can't stop us now. It's a done deal....""

Fortunately, arguments of global warming deniers were swept aside as the nations of the world rushed to implement this first international tax on business, the proceeds of which will be used to assist the governments of progressive but needy countries such as Belarus, Venezuela, Cuba, Myanmar, and North Korea.

Meanwhile, in related news, archaeologists from the Danish national museum, digging in Greenland, have unearthed proof that more than a thousand years ago, southern Greenland was so warm at the time that the Vikings living and prospering there were able to grow grain and make beer for hundreds of years. No explanation was offered as to why polar bears did not become extinct during that period, which historical records indicate was considerably warmer than the present. However, the present era has been widely proclaimed by thousands of social scientists to be the warmest in 600,000 years, based on computer temperature models, a theory which is now widely accepted as scientific fact in academia and in the mass media....","세계 정부, 탄소 대상 글로벌 온난화세 부과에 합의 — 사용자 및 생산자 모두 적용

제네바에 모인 유엔 회원국들은 거의 만장일치에 가까운 투표로 오랫동안 논의되어 온 글로벌 탄소세 부과 조건에 최종 합의했습니다. 이번 세제는 탄화수소의 주요 생산자 또는 사용자로 간주되는 다양한 산업 분야의 기업에 적용됩니다. 과세는 연 @TEXTSTRING%의 세율로 책정되며, 참여국 정부가 분기별로 나눠 징수하게 됩니다.

단, 중국 및 인도에 본사를 두거나 해당 국가에서 사업을 하는 기업은 이번 신설 글로벌 탄소세 조약 적용 대상에서 제외됩니다.

유엔 총회가 이번 대규모 규제안을 속전속결로 통과시키는 과정에서 반대의 목소리는 거의 나오지 않았습니다. 과세 대상에는 석유, 오일 서비스, 철강, 완성차 및 자동차 부품, 비철금속·귀금속 채굴, 운송업 전반, 화학, 타이어·고무, 제지, 전력 및 가스 유틸리티 등 광범위한 산업군이 포함됩니다.

유엔 관계자들은 최근 태양 활동 둔화 이후 지난 3년간 세계 여러 지역에서 추운 겨울과 기록적인 폭설이 이어지고, 일각에서 '여름 없는 해'가 연속되었다는 주장이 나오는 등 기후 여론이 변할 수 있다는 점을 의식해 시간과의 싸움을 벌였습니다. 이에 따라 세계 경제 호황이라는 기회를 활용해 글로벌 탄소세 도입을 신속히 확정 짓고자 긴박하게 움직였습니다.

사우디아라비아 유엔 대표는 ""지금이 아니면 불가능했다""며 언론과 교육 기관의 적극적인 협조에도 불구하고 회의론자들의 목소리가 날로 커지고 있었지만, ""이제 그들도 이 결정을 뒤집을 수는 없을 것""이라고 밝혔습니다.

지구 온난화 회의론자들의 반론이 일축된 가운데, 세계 각국은 기업을 대상으로 한 이번 첫 국제세 시행에 속도를 내고 있습니다. 해당 세수금은 벨라루스, 베네수엘라, 쿠바, 미얀마, 북한 등 재정 지원이 필요한 진보적인 국가 정부를 지원하는 데 사용될 예정입니다.

한편, 관련 소식으로 덴마크 국립박물관 고고학 팀은 그린란드 발굴 조사를 통해 1,000여 년 전 남부 그린란드가 매우 온난하여 당시 거주하던 바이킹들이 수백 년간 곡물을 재배하고 맥주를 양조하며 번성했다는 증거를 발견했습니다. 해당 역사적 사실은 당시가 현재보다 훨씬 따뜻했음을 보여줌에도 불구하고 북극곰이 어떻게 생존했는지에 대해서는 별다른 설명을 내놓지 못했습니다. 그러나 학계와 대중매체에서는 컴퓨터 기온 모델링에 기반한 사회과학자들의 견해를 바탕으로, 현재 기온이 지난 60만 년 이래 가장 높은 수준이라는 이론을 과학적 사실로 폭넓게 수용하고 있습니다.",
event_environment13,"FROM:     SUNBELT LAND DEVELOPMENT DIVISION SUBJECT:  POSSIBLE PROBLEM WITH @YEAR PROJECT

We have good news and bad news to report to Corporate, regarding our @FACT housing project in California.

The good news is that we have completed building out Phase One on schedule, and far under budget, thanks to the absurdly low price we paid for the land, and some 450+ homes are now ready for sale. The bad news is that a number of the construction people working on the project have died of odd and unusual forms of cancer and we have just found out that the site was formerly a hazardous waste dump, which would cost us a fortune to clean up -- after we demolished all the houses.

However, no one but us is aware of this little secret, so we still have the option of going ahead with selling the housing units. We're certain to make exceptional profits if we do so. We will take a @AMOUNT. LOSS if we cancel the project now...

DECISION:  DO WE PROCEED WITH SALES OF THE HOUSES?","발신: 선벨트 토지개발부
제목: @YEAR년 프로젝트 관련 결함 보고 건

캘리포니아에서 추진 중인 @FACT 주택 개발 사업과 관련하여 경영진에 득과 실을 보고드립니다.

우선 긍정적인 요소는 토지를 파격적인 저가에 매입한 덕분에 1단계 공사를 차질 없이 마무리했으며, 예산도 대폭 절감했습니다. 이로써 현재 450여 세대의 신축 주택이 분양을 앞두고 있습니다. 반면 악재도 존재합니다. 해당 현장에 투입되었던 건설 인력 중 상당수가 희귀 암으로 사망했으며, 조사 결과 해당 부지가 과거 유독성 폐기물 매립지였다는 사실이 뒤늦게 밝혀졌습니다. 주택 단지를 전부 철거하고 부지를 정화하려면 막대한 비용이 소요될 것으로 보입니다.

다만 이 은밀한 오염 사실을 알고 있는 주체는 현재 우리들 뿐이므로, 주택 분양을 계획대로 강행하는 선택지도 유효합니다. 강행 시 막대한 영업이익을 거둘 것이 확실시되는 반면, 지금 사업을 전면 백지화할 경우 @AMOUNT 상당의 대손 손실이 불가피합니다…

결정: 주택 판매를 계속할 것인가?",
event_environment14,"SUBJECT:  TOXIC WASTE PROBLEMS AT OUR DRILLING SITES

Our outside environmental consultants, whom we hired to give us a clean bill of health, so we can advertise ourselves as a ""green"" company, have unexpectedly discovered some major problems at a large percentage of our drilling sites. They tell us that the chemicals we have been injecting deep into the ground as part of our ""fracking"" process, to fracture shale rock in order to free up oil and gas locked up in the shale deposits, have been leaking out from improperly sealed drill casings near the surface and into the ground water and nearby streams and bayous, putting all higher life forms, (including humans) in the surrounding areas at high risk.

They suggest we disclose the problem, clean up the sites and take steps to prevent such pollution in the future. The problem does not occur where the fracking is actually being done, usually at depths of 5,000 to 10,000 feet, since the water table is never near those depths, but occurs close to the surface where we use the cheapest available pipes and casings, which have been leaking. That problem can easily be remedied, and preventing future occurrences will not be very costly, but cleaning up the ground water and waterways we have already polluted will be considerably more expensive if we admit responsibility.

They estimate costs of clean-up at @AMOUNT million.

Our marketing and accounting departments, on the other hand, argue that we can't afford to clean up all the places we have already contaminated and suggest we simply fire the consultants and continue doing business like we always have.

QUESTION:  DO WE CONTINUE DOING ""BUSINESS AS USUAL""?","제목: 시추 현장 내 유독성 폐기물 누출 문제 보고 건

우리가 친환경 브랜딩 및 마케팅 자료 활용을 위해 고용한 외부 환경 컨설턴트 측에서 주요 시추 현장 다수에서 심각한 오염 정황을 포착하여 경고를 보내왔습니다. 보고에 따르면, 셰일 암반 내에 매장된 석유 및 가스 추출을 위해 지층 깊숙이 주입되는 프랙킹 용 화학 물질이 지표면 부근의 불량 시추 케이싱 사이로 누출되고 있는 것으로 확인됐습니다. 이 유독성 물질이 인근 지하수와 하천, 습지 (Bayou)로 유입되면서 인근 주민을 포함한 생태계 전반에 심각한 위해를 가하고 있습니다.

컨설턴트 측은 즉각적인 오염 사실 공표, 현장 정화, 및 재발 방지 대책 수립을 권고했습니다. 참고로 셰일 추출이 진행되는 지하 5,000 ~ 10,000피트 심층부에서는 지하수층과 격리되어 있어 누출 문제가 발생하지 않습니다. 문제는 원가 절감을 위해 가장 저렴한 자재를 사용한 지표면 인근 파이프 구조물에서 발생하고 있습니다. 향후 시공 방식 개선을 통한 재발 방지는 적은 비용으로 가능하나, 책임을 인정할 경우 이미 유입된 유독 물질을 정화해야 함에 따라 상당한 재정적 부담이 수반될 전망입니다.

외부 조사단이 추산한 총 현장 정화 비용은 약 @AMOUNT백만 달러 규모입니다.

반면 우리 마케팅 및 재무 부서에서는 기존 오염 지점에 대한 정화 비용을 전액 감당하는 것은 현실적으로 불가능하다는 의견입니다. 따라서 해당 컨설턴트와의 계약을 즉시 해지하고, 기존 방식대로 사업을 지속할 것을 제안하고 있습니다.

안건: 존 방식을 유지하며 사업을 지속하시겠습니까?",
event_environment15,"SUBJECT:  OFFER TO CONVERT SOME OF @CORPFULL'S IDLE AGRICULTURAL LAND IN THE MIDWEST INTO A PROFIT CENTER BY ACCEPTING WASTE FOR DISPOSAL

We have received a very interesting feeler from a large and powerful family in Chicago (better known for their olive oil importing business) that owns the Ethical Products Corporation (""EPC"") of Cicero, Illinois, a hazardous waste disposal firm.

@CORPFULL owns considerable agricultural land in Illinois, on which EPC would like our permission to dispose of certain industrial toxic wastes that they collect from various industries for a fee, using only one 500-acre portion of one of our parcels.  EPC offers to pay us @AMOUNT mil. up front, plus ongoing ""dumping fees."" The beauty of this deal is that we don't need to spend money on any kind of disposal facilities. The land they want to use is the swampiest portion of our property; all EPC seeks is our permission to drive their trucks through it at night and disperse the materials as they drive around. They describe themselves as a waste disposal business, but are actually engaged in waste dispersal.

They have made threats of a very personal nature, if we don't agree to their offer.

DO WE GO FOR IT?","제목: @CORPFULL 미 중서부 보유 농지 내 유해 폐기물 반입 및 매립 유치 건

시카고 지역의 패밀리 조직 (겉으로는 올리브유 수입업을 하는)이 소유한 일리노이주 시세로 소재 유해 폐기물 처리업체 '에티컬 프로덕트 (EPC)'로부터 우리가 소유한 유휴 농지의 활용에 관한 제안이 비밀리에 접수되었습니다.

EPC 측은 우리가 일리노이주에 보유한 농지 중 약 500에이커 규모의 습지 구역을 활용하여, 자신들이 수거한 산업용 독성 폐기물을 무단 반입·산적할 수 있도록 허가해 줄 것을 요구하고 있습니다. 그 대가로 계약 체결 즉시 선불금 @AMOUNT백만 달러 을 지급하고, 추가적인 반입 수수료를 지속 납부하겠다는 조건입니다. 우리가 별도의 폐기 처리 시설물이나 기반 시설를 구축할 필요 없이 야간 시간에 트럭을 운행하여 폐기물을 무단 방류하는 방식입니다.

다만 이 제안을 거절할 경우 임원진의 신변에 위해를 가하겠다는 사적인 협박을 병행하고 있어 신중한 의사결정이 요구됩니다.

우리가 이를 받아들여야 할까요?",
event_environment16,"FROM:     AGRICHEMICALS MARKETING DIVISION SUBJECT:  NEW PRODUCT RELEASE -- POSSIBLE DELAY IN RELEASING OUR NEW ""BIOCIDE X"" AGRICULTURAL CHEMICAL

We may have a problem with our new ""Biocide X"" agrichemical, which is now ready for release, and has a huge market among the nation's (and world's) wheat farmers.  As you probably are aware, ""Biocide X"" is an extremely effective poison (its potency is right up there with weapons-grade plutonium).  It kills any living thing it touches, except, for reasons we do not fully understand, a few grasses like wheat. As such, it's THE perfect herbicide/pesticide for wheat farmers.  However, some environmental crazies, who claim to have done their own testing of trace amounts of Biocide X in water given to test animals, say it is a powerful carcinogen and cause of birth defects if it gets into water supplies, and are worried about farmers dumping thousands of tons of it on their crops from the air.  We could have a big problem, since we have invested a fortune in R & D, and this is a blockbuster product....

DECISION:  DO WE GO AHEAD AND RELEASE ""BIOCIDE X""?","발신: 농화학 마케팅 부서
제목: 새 농약 '바이오사이드 X' 출시 검토 및 시장 출시 지연 가능성 보고 건

우리 농화학 사업부에서 개발을 완료하여 전 세계 밀 재배 농가를 대상으로 대규모 시판을 앞두고 있는 새 농약 '바이오사이드 X'의 출시 관련 이슈를 보고합니다. '바이오사이드 X'는 무기급 플루토늄에 비견될 만큼 독성이 강력한 화학 물질로, 밀을 제외한 거의 모든 생명체를 즉사시키는 뛰어난 제초·살충 효과를 지니고 있어 밀 농가 대상 블록버스터급 수익이 기대되는 제품입니다. 그러나 일부 환경 단체 측은 자체적인 동물 임상 실험 결과를 바탕으로 본 제품이 식용수에 유입될 경우 심각한 기형아 출산 및 암을 유발하는 강력한 발암 물질이 될 것이라고 주장하고 있습니다. 특히 농가에서 항공 살포 방식으로 수천 톤을 투입할 경우 환경 및 수질 오염이 발생할 수 있다는 점을 지적하며 출시 반대 운동을 전개하고 있습니다. 우리는 본 제품 개발에 막대한 R&D 비용을 투자한 상태이므로 시판 차질 시 재무적 타격이 예상됩니다.

결정: '바이오사이드 X'의 시장 출시를 강행하시겠습니까?",
event_environment17,"SUBJECT:  WATER POLLUTION AT OUR NEW PAPER MILL

A low-level environmental inspector has discovered dumping (by us) of toxic pollutants into a river that empties into an important wildlife reserve, and he says the toxins are killing everything that walks, crawls, swims or flies, as it spreads through the reserve.  As you know, this new paper plant is proving to be the most profitable we've ever brought on line.

The toxic discharges and the extraordinary operating profits are both the work of our bottom-line oriented plant manager, who seems to have the brilliance of Dr. Einstein and dedication of Dr. Frankenstein. He has found ways to circumvent all of our expensive pollution control safeguards, without the environmental agency being able to find any effluent discharge at the plant site itself with their normal testing. This saves us enormous amounts of money, but is killing the wildlife preserve, which is how it got traced, indirectly, to us by this one government grunt.

The government inspector offers us this choice: Either he discloses all (and we stop dumping and pay fines)--or we pay him $5 million (U.S.) and the problem goes away.

QUESTION:  DO WE PAY THE HUSH MONEY TO THE ENVIRONMENTAL @MISCAGENCY INSPECTOR?","제목: 새 제지 공장 독성 폐수 무단 방류 및 뇌물 요구 대응 건

우리의 최고 수익원을 창출하고 있는 새 제지 공장에서 오염 방지 설비를 우회하여 독성 폐수를 인근 하천으로 무단 방류해 온 사실이 정부 하급 환경 감시관에 의해 적발되었습니다. 방류된 독성 물질은 인근 야생 생물 보호 구역으로 유입되어 해당 생태계를 심각하게 파괴하고 있는 것으로 확인됐습니다.

해당 감시관은 지자체 및 환경 당국에 본 사실을 공론화하여 방류 중단 및 대규모 벌금 부과 절차를 밟거나, 현금 500만 달러을 지급하고 사건을 은폐하는 두 가지 선택지를 제시했습니다. 뇌물 공여 시 공장 가동을 유지하여 고수익을 계속 확보할 수 있으나, 불법 행위 은폐에 따른 사법 위험 및 기업 평판의 파멸적 실추 우려가 존재합니다.

안건: 환경 @MISCAGENCY 감시관에게 이 '비용'을 지불하시겠습니까?",
event_environment18,"FROM:     @CORPFULL MARKETING DEPARTMENT

SUBJECT:  RELABELING FRUITS AND VEGETABLES TO IMPROVE PRICING AND OVERCOME CONSUMER RESISTANCE TO GENETICALLY MODIFIED PRODUCE

Ever since the big flap over inserting genetic material from swine into grapefruit, which had some nasty repercussions once the secret got out (especially among the Jewish and Muslim communities, and among vegetarians), it has been very difficult for supermarkets to overcome consumer resistance to genetically modified foods. We practically have to give the stuff away, in order to move it off the shelves. The only thing harder to sell is the ""embalmed"" (irradiated) stuff, which doesn't glow in the dark, but is full of all kinds of ""unique"" chemicals caused by the irradiation.

Organic foods, on the other hand, command much higher prices, and practically fly off the shelves, as the public becomes more and more aware of all the poisons and other toxic substances in non-organic produce, and as they have become very fearful of so-called ""FrankenFoods"" (genetically modified foods).

The supermarket business has gotten brutally competitive, and we believe some of our more successful competitors may be relabeling some genetically modified fruits and vegetables as ""organic,"" in order to generate much higher profit margins, since they can buy the ""Frankenfoods"" very cheaply on the wholesale market and sell them at premium prices.

If @CORPFULL is going to meet the competition, we may have to do the same. We propose doing a test marketing of genetically modified tomatoes, which have had a peanut gene inserted in them, which has given them a great deal of resistance to insect pests and funguses, for reasons not wholly understood by the gene-splicing people.

A large tomato producer is now producing the modified tomatoes without need of pesticides or herbicides, and they even grow quite well without use of artificial fertilizers. Hence their tomatoes are almost ""organic,"" in a sense, so it would not be too much of a stretch for us to buy these cheap tomatoes and relabel them as ""organic"" in our stores.

Instead of the usual 25% to 30% markup, we should be able to sell the relabeled tomatoes at about a 350% markup.

DECISION:  DO WE RELABEL THE MODIFIED TOMATOES AS ""ORGANIC""?","발신: @CORPFULL 마케팅 부서

제목: 유전자 변형 농산물의 유기농 둔갑을 통한 마진율 극대화 방안 검토 건

자몽에 돼지 유전자를 주입한 사실이 유출되어 유대인, 무슬림, 채식주의자 집단을 중심으로 거센 논란이 일어난 이후, 유전자 변형 식품에 대한 소비자들의 거부감이 극에 달했습니다. 현재 매대 재고 처분을 위해 파격적인 할인이 강제되는 수준이며, 이보다 판매가 더 어려운 품목은 방사선 처리로 인해 온갖 미지의 화학 물질로 범벅인 이른바 '방부 처리 농산물'뿐입니다.

반면 유기농 식품은 비유기농 농산물의 독성 물질 유해성과 일명 '프랑켄푸드'에 대한 공포감이 확산됨에 따라 고가 정책에도 불구하고 불티나게 판매되고 있습니다.

유통업계의 가격 경쟁이 심화됨에 따라, 주요 경쟁사들은 도매시장에서 저렴하게 매입한 GMO 과일과 채소를 '유기농'으로 라벨만 바꿔 달아 막대한 유통 마진을 챙기고 있는 것으로 파악됩니다.

우리가 시장 경쟁력을 유지하기 위해서는 동일한 방식의 라벨 재부착 전략 도입이 필요합니다. 1차 대상으로 땅콩 유전자를 결합하여 원인 불명의 강력한 병충해·곰팡이 저항성을 확보한 변형 토마토의 시범 판매를 제안합니다.

해당 토마토는 농약, 제초제, 화학비료 없이 대량 재배되고 있어 사실상 유기농의 형태를 띠고 있으므로, 저가에 매입하여 매장에서 '유기농' 라벨을 부착해 판매하더라도 명분상 큰 무리가 없습니다.

본 라벨 재부착을 진행할 경우 기존 25 ~ 30% 수준의 유통 마진을 약 350%까지 끌어올릴 수 있습니다.

안건: 유전자 변형 토마토를 '유기농'으로 라벨을 재부착하여 판매하시겠습니까?",
event_environment19,"FROM:     SPECIAL PROJECTS COMMITTEE

SUBJECT:  IMPORT OPPORTUNITY -- SPECIALTY CHEMICALS

As a specialty chemical company, we usually stick to manufacturing and distributing our own chemical products.

However, as you directed, we have come up with a plan for generating additional sales, by importing chemicals from abroad. We have held secret discussions in @FACT with representatives of a large Asian chemical company, which is offering us what could be an obscenely profitable import opportunity. They are one of the few large companies in the world still manufacturing CFC's (such as freon), which has long since been banned by stringent international treaty provisions, because such CFC's are known to have destructive effects on the earth's protective ozone layer.

However, there remains a thriving black market in CFC's in the U.S., since it is no longer legal to sell CFC's @MISChere to people who need it to recharge their air conditioners or refrigerators.

We have also made contact with the largest ""underground"" distributors of CFC's in the U.S., who will distribute it for us.

DO WE GO INTO THE LUCRATIVE CFC IMPORT/DISTRIBUTION BUSINESS?","발신: 특별 프로젝트 위원회

제목: 해외 특수 화학 물질 밀수입을 통한 수익 창출 건

우리는 특수 화학 제품 제조 및 유통을 주력 사업으로 영위해 왔습니다.

하지만 경영진의 수익성 제고 지침에 따라 해외 화학 물질 수입을 통한 새 매출 확보 방안을 수립했습니다. 최근 @FACT에서 아시아계 대형 화학 기업 관계자들과 비밀 회동을 진행했으며, 매우 파격적인 수익성을 보장하는 수입 사업을 제안받았습니다. 회사는 지구 오존층 파괴 물질로 지정되어 엄격한 국제 협약에 의해 제조 및 유통이 전면 금지된 프레온가스 (CFCs)를 여전히 생산하는 세계 몇 안 되는 업체 중 하나입니다

현재 미국 내에서는 @MISChere에서의 판매가 불법이 되었기 때문에 에어컨 및 냉장고 냉매 충전용 CFC의 정식 판매가 법적으로 금지됨에 따라 역설적으로 암시장이 크게 활성화되어 있습니다.

우리는 수입 물량의 원활한 유통을 위해 미국 내 최대 규모의 불법 지하 유통 네트워크와도 이미 접촉을 완료했습니다.

안건: 고수익 CFC 밀수입 및 유통 사업을 추진하시겠습니까?",
event_environment20,"FROM:     @CORPFULL COST ACCOUNTING DEPT. SUBJECT:  REDUCING WASTE FOOD AND COSTS

We have been studying the cost structure of our restaurant operations, and one glaring inefficiency we have noted is the huge quantity of uneaten food that is being wasted. Our restaurants send enough wasted food to the landfill every day to feed a small Third World country for a month, most of it wasted by customers who order large meals and hardly take more than a bite of their food.

We think that by retraining our cooks and some other kitchen staff, we can sharply reduce this prolific waste, and begin recycling much of the ""leftovers"" that we have, until now, been dumping in the garbage bins. Because of local health department regulations we will, of course, need to exercise extreme care and discretion in implementing these new cost saving procedures. Also, there is always a risk of surprise visits by health inspectors, which could cause us some embarrassment, if we are unable to buy them off, as we and our competitors generally do when the health department people discover food safety violations at any of our outlets.

We suggest starting this program on a small scale, and if it yields the cost benefits we predict, we can then expand this recycling initiative to all our restaurants.

DECISION:  DO WE IMPLEMENT THE FOOD RECYCLING PROGRAM, IN ORDER TO REDUCE OUR COSTS?","발신: @CORPFULL 원가회계팀
제목: 잔반 감축 및 원가 절감 방안 검토

저희 외식 사업부의 원가 구조를 분석한 결과, 소비되지 않고 폐기되는 잔반의 규모가 심각한 수준인 것으로 나타났습니다. 현재 매장에서 매일 매립지로 배출되는 음식물 쓰레기는 제 3 세계 소국 인구가 한 달간 소비할 수 있는 양에 달하며, 이는 주로 과도하게 주문한 후 거의 손도 대지 않고 남기는 고객 성향에서 비롯됩니다.

이에 주방 인력에 대한 재교육을 실시하여 잔반 발생을 억제하고, 그간 전량 폐기해 온 잔반을 재활용하는 방안을 추진하고자 합니다. 다만 관할 보건당국의 위생 법규를 감안하여 보안 유지 및 보안 관리에 만전을 기해야 할 것입니다. 아울러 위생 점검원의 불시 단속 위험가 존재하는바, 위생 위반 적발 시 기존 업계 관행대로 현장 뇌물 무마가 성사되지 않을 경우 법적·사회적 파장이 우려됩니다.

우선 일부 매장을 대상으로 시범 운영을 거친 후, 기대했던 비용 절감 성과가 검증되면 전 매장으로 확대 적용할 것을 제안합니다.

안건: 비용 절감을 위해 음식물 재활용 프로그램을 승인하시겠습니까?",
event_environment21,"FROM:    NEW CAPITAL PROJECTS DEPARTMENT

SUBJECT: @TEXT1 RECYCLING PLANT IN AFRICA

As a pollution control and environmental engineering company, we are under increasing government restrictions and regulations, particularlly in North America and Western Europe, making it ever more difficult to earn a decent rate of return on capital. A typical example is our recent attempt to clearcut large areas of old forest in @MISC to build solar farms. That costly project had to be abandoned after it met with fierce resistance from local residents and even some environmental groups questioned whether such a project is really ""green."" That cost us dearly!

Thus, we need to pursue new avenues for growth, preferably in Third World countries where governmental oversight and regulations are much less of a problem, particularly if we do effective public relations work and grease a few palms of local politicians where necessary, when undertaking projects in those parts of the world. The Board has asked us to seek out potentially lucrative new projects. We have.

We have come up with an excellent solution with minimal capital investment and potential very large payback -- we will set up a worn @FACT recycling plant in the Democratic Republic of Congo, to process millions of worn @FACTs.

Our P.R. people will heavily promote the fact that we are going to be removing unsightly mountains of discarded @FACTs from U.S. and European cities, to be responsibly recycled in an impoverished Third World nation, where we will be welcomed with open arms, creating badly needed employment for the locals and stimulating their economy, while improving the global environment by recycling such valuable waste materials. After our payments of certain substantial fees, deposited in banks in Zurich, members of the Congolese government have enthusiastically approved our project, and construction can begin immediately.

The recycling will not exactly be what our public relations firm tells the world in the slick brochures they have created. Our construction costs of the incineration facility will be quite minimal, since we will just burn the @FACTs, with no attempt to reclaim the metal reinforcing material in the @FACT, initially. Eventually, there should be enough metal on the burn site that we may be able to sell our lease rights to the site to an iron ore mining company that can mine the ashes and we can then move on, after being profitably cashed out.

The main payoff from this project, however, is that the North American and European governments will pay us large sums to remove vast quantities of the used @FACTs from their countries and ""recycle"" them in a Third World country, thus eliminating the environmental risks from incinerating the @FACTs and fouling the air in America or Europe.

Our original plan for this project was to hire the cheapest labor available, 4- and 5-year-olds, but, as a responsible corporate citizen, we must comply with Congolese child labor laws, which define an adult as anyone age 6 or older. We'll need to bring in our people, of course, to build the piping that will vent the smoke a few kilometers out into the jungle, where it won't kill anything but a few trees, in order to minimize casualties among the human population. The officials to whom we paid the permit fees have assured us that any collateral damage to animals, the forests, or the local indigenous population is ""not a problem.""

Once the construction work is done, we'll only need to hire several ""adults"" (as defined in their laws) to run the forklifts and keep the pyre burning. The towering smoke column will be of biblical proportions, but we don't think anyone but the locals will know where the smoke is coming from. We will, of course, advise all of our headquarters staff against planning any safaris or other vacations in the Democratic Republic of Congo or downwind countries once our ""recycling"" operations have begun, since the conditions downwind will no longer be particularly conducive to any kind of recreation or tourism.

We have found an ideal parcel to lease, in the jungle, far from any major population centers. As for the supply side, New York, Los Angeles, Amsterdam and London are all eager and willing to begin paying us to remove the vast piles of spent @FACTs from their cities, to be disposed of far from prying eyes of their citizens. This is a ""can't lose"" opportunity for us to generate more good publicity as a ""green"" company, while achieving obscene profit margins!

QUESTION:  DO WE PROCEED WITH STARTING UP THE ""WORN @TEXT1 RECYCLING FACILITY"" IN THE DEMOCRATIC REPUBLIC OF CONGO?","발신: 새 자본 투자 사업부

제목: 아프리카 @TEXT1 재활용 공장 건립건

오염 방지 및 환경 공학에 특화된 저희 회사는 최근 북미와 서유럽 당국의 규제 및 환경 법안이 가파르게 강화됨에 따라 적정 자본 수익률을 확보하는 데 극심한 차질을 겪고 있습니다. 대표적으로 최근 @MISC 일대의 울창한 원시림을 싹 밀어버리고 대규모 태양광 단지를 조성하려던 사업을 들 수 있습니다. 해당 건은 막대한 자금이 투입되었으나 현지 주민들의 강렬한 반발과 더불어 환경 단체들마저 진정한 '친환경' 사업이 맞냐며 의문을 제기하는 바람에 결국 중단되고 말았습니다. 자금 손실이 이만저만이 아니었죠!

이에 따라 우리는 규제나 정부 감독의 칼날에서 훨씬 자유로운 제3세계 시장으로 눈을 돌려 새로운 돌파구를 마련해야 합니다. 이러한 지역에서 사업을 추진할 때는 정교한 언론 플레이를 펼치는 한편, 필요에 따라 현지 정관계 인사들에게 뒷돈을 좀 쥐여주는 공작을 병행하는 것이 훨씬 수월합니다. 이사회로부터 수익성이 보장되는 새 사업을 발굴하라는 지시가 내려왔고, 저희 부서에서 완벽한 아이디어를 찾아냈습니다.

적은 자본으로 막대한 이윤을 창출할 수 있는 최적의 카드를 세웠습니다. 바로 콩고민주공화국 현지에 폐 @FACT 재활용 공장을 세워 수백만 개에 달하는 폐 @FACT을/를 처리하는 사업입니다.

홍보팀을 동원해 미주 및 유럽 도심에 방치된 보기 흉한 폐 @FACT 쓰레기산을 싹 치워내고, 이를 빈곤한 제3세계 국가에서 책임감 있게 재활용한다는 명분을 대대적으로 마케팅할 계획입니다. 현지 일자리 창출과 경제 활성화는 물론, 폐자원 재활용을 통한 지구 환경 보호라는 명분까지 챙기면 현지에서도 환영받지 않을 이유가 없습니다. 이미 취리히 은행 계좌를 통해 콩고 고위 관계자들에게 상당한 액수의 뒷돈 작업을 마쳤으며, 콩고 정부의 최종 승인이 떨어진 만큼 즉시 공사에 착공할 수 있습니다.

실상 재활용 작업은 홍보 대행사가 번지르르한 홍보 책자를 통해 세상에 알리는 내용과는 거리가 멀 것입니다. 소각 시설의 초기 건설 비용은 매우 적게 들 예정인데, 초기에는 폐 @FACT 내부의 보강용 금속 재료를 회수하려는 시도조차 없이 그저 싹 불태워 버릴 것이기 때문입니다. 시간이 지나 소각장에 금속 자재가 충분히 쌓이면, 재더미를 채굴할 철광석 채굴 업체에 부지 임대권을 넘기고 막대한 시세 차익을 남긴 채 유유히 손을 털고 떠나면 됩니다.

하지만 이 사업의 진짜 핵심 노다지는 따로 있습니다. 바로 북미와 유럽 정부가 자국 내 수많은 폐 @FACT을/를 치워 제3세계 국가에서 ""재활용""해 주는 대가로 저희에게 지불할 막대한 지원금입니다. 선진국 정부 입장에서는 자국 영토 내에서 폐 @FACT을/를 태워 공기를 더럽히는 환경적 위험를 아주 손쉽게 회피할 수 있으니 마다할 이유가 없습니다.

당초 본 프로젝트의 초기 계획은 가용한 가장 저렴한 노동력인 4 ~ 5세 아동들을 고용하는 것이었으나, 우리는 책임감 있는 기업으로서 만 6세 이상을 성인으로 규정하는 콩고의 아동 노동법 규정을 준수할 방침입니다. 물론 현지 인명 피해를 최소화하기 위해 연기를 정글 쪽으로 수 킬로미터 빼내는 배기 배관 시설 공사만큼은 전속 인력을 투입해야 합니다. 어차피 정글로 빠져나간 매연은 고작 나무 몇 그루 외에는 아무것도 죽이지 않을 것입니다. 인허가 수수료 뒷돈을 챙긴 현지 고위 관계자들은 동식물이나 산림, 현지 원주민들에게 발생하는 어떠한 부수적 피해도 ""전혀 문제 될 것 없다""고 약속해 주었습니다.

완공되고 나면 현지 법 기준 '성인' 몇 명만 고용해 지게차를 몰고 소각로 불길이 꺼지지 않도록 유지하기만 하면 됩니다. 치솟는 연기 기둥은 가히 성경에 나올 법한 거대한 규모를 이루겠지만, 현지 주민을 제외하면 그 연기가 정확히 어디서 피어오르는지 아는 사람은 없을 것입니다. 당연히 '재활용' 공장이 가동되기 시작하면 본사 임직원들에게는 콩고민주공화국이나 매연이 불어오는 하류 지역으로의 사파리 여행 및 휴가를 일절 금지하도록 권고할 예정입니다. 바람이 불어가는 지역의 환경이 더 이상 휴양이나 관광을 즐기기에 적합하지 않을 것이기 때문입니다.

저희는 주요 도심지에서 멀리 떨어진 정글 한가운데에 부지 임차를 위한 최적의 땅을 확보했습니다. 자재 수급 측면에서도 뉴욕, 로스앤젤레스, 암스테르담, 런던 등 주요 대도시들이 자국 시민들의 눈을 피해 대량의 폐 @FACT 쓰레기를 처리해 주는 대가로 우리에게 기꺼이 막대한 수수료를 지불하겠다고 나선 상태입니다. 친환경 기업이라는 평판 메이킹과 동시에 가공할 만한 마진율을 올릴 수 있는 그야말로 '절대 손해 보지 않는' 노다지 사업 기회입니다.

안건: 콩고민주공화국 내 '폐 @TEXT1 재활용 시설' 가동을 강행할 것인가?",
event_environment22,"FROM:    WASHINGTON POLITICAL LIAISON GROUP

SUBJECT: OUR PUBLIC RELATIONS PROBLEM RE THE COMPLETION OF THE @FACT WINDFARM

As you have probably read in the newspapers or seen on the news, some environmental groups are trying to stop @CORP's latest green power project, our @YEAR windfarm, from going on line next month. In terms of our costs, the project is already about 75% complete, and it can be finished quickly. All that still needs to be done is to take delivery of the giant rotor blades, ship them to the site and install them, and the plant can be up and running, generating a huge new supply of clean and endless energy in short order. Very profitably.

While it is a ""green"" project, and thus it was a slam dunk to get all the necessary approvals, certain minor environmental groups are now claiming the site lies on some major bird migration routes and that once those blades are installed and spinning, our windmills will kill tens of thousands of migrating birds. While none of the birds will be species that are currently on the EPA's ""endangered species"" list, the extremist groups argue that some species will very soon be endangered if their numbers are decimated by the wind turbines twice every year, as they migrate.

It is too late now to relocate the project, as most of the work has been done and money spent, so to shut it down would force us to write off over @AMOUNT. of sunk costs. We can't allow that to happen.

To prevent such a financial calamity, we are going to have to mount an all-out lobbying and P.R. attack on those ""radical fringe"" environmental groups that are trying to kill the @YEAR project. The thrust of our P.R. campaign will have to be threefold, as we see it here from the Beltway and D.C.:

(1) Emphasize that it is a ""green"" project, which will emit zero CO2, thus contributing to saving the planet, which, regrettably, will come at the cost of killing a few thousand precious birds each year;

(2) Point out that the EPA has already approved our environmental impact study and that all the major environmental organizations (to whom we have donated quite liberally, to help assure their backing) are firmly supporting the completion of this very large and important windfarm; and

(3) The project will be a boon to the economy of the Southwestern U.S. and won't dirty up the Southwestern skies and obscure the views with smoke, unlike a coal power plant.

Besides the public relations and lobbying campaigns, it will probably be necessary, or at least advisable, for @CORPFULL to ""grease a few palms.""

A few well-placed donations with some of the fringe environmental groups might also help to smooth over some ruffled feathers, if you'll pardon the metaphor.

Some members of the @CORP board argue that if we should nearly or totally wipe out some bird species, it will be a P.R. disaster, and thus might kill our chances of building our planned Wyoming windfarm. Other board members say we can't afford such a huge write-off and we should go full bore on getting the project completed, up and running; tough luck if it kills a few birds.

Your Political Liaison Group agrees with the latter view and recommends that we be authorized to go into action immediately, doing whatever it takes to win this political battle.

QUESTION: SHOULD WE GO AHEAD WITH THE PROJECT AND MOUNT AN ALL-OUT P.R. AND LOBBYING EFFORT TO GET FINAL APPROVALS?","발신: 워싱턴 정치 협력 그룹

제목: @FACT 풍력 발전단지 완공 관련 홍보 문제

언론 보도나 뉴스에서 이미 접하셨겠지만, 일부 환경 단체들이 내달 가동 예정인 @CORP의 최신 친환경 에너지 사업인 @YEAR 년 풍력 발전단지 프로젝트를 저지하려 시도하고 있습니다. 투입 비용 관점에서 이 사업은 이미 약 75%의 공정률을 기록하고 있어 조속한 완공이 가능한 상태입니다. 현시점에서는 초대형 로터 날개를 인수하여 현장으로 운송 후 설치하는 작업만 남았으며, 해당 작업이 끝나면 즉시 가동에 들어갈 수 있습니다. 조만간 막대한 규모의 깨끗하고 무한한 에너지를 공급하는 동시에 상당한 수익을 창출할 것으로 기대됩니다.

이 사업이 대표적인 '친환경' 프로젝트였던 만큼 필요한 인허가를 획득하는 것은 식은 죽 먹기였습니다. 그러나 일부 소수 환경 단체들이 해당 부지가 주요 조류 철새 이동 경로상에 위치해 있다는 점을 들고나왔습니다. 이들은 로터 날개가 설치되어 회전하기 시작하면 수만 마리의 철새가 당사의 풍력 터빈에 목숨을 잃게 될 것이라 주장하고 있습니다. 비록 해당 조류 중 미국 환경보호청 (EPA) 지정 '멸종위기종'에 등록된 개체는 없으나, 극단주의 단체들은 1년에 두 차례씩 철새 이동 때마다 개체수가 급감할 경우 머지않아 일부 종이 멸종위기에 처하게 될 것이라며 거세게 반발하고 있습니다.

이미 대부분의 공정과 자금 집행이 끝난 상태라 사업 부지 이전은 사실상 불가능합니다. 이대로 사업을 접는다면 @AMOUNT가 넘는 매몰 비용을 고스란히 떠안아야 합니다. 결코 용납할 수 없는 일입니다.

이러한 재무적 재앙을 막기 위해서는 @YEAR 프로젝트를 무산시키려 드는 '극단적 성향의 소수' 환경 단체들을 겨냥해 전방위적인 로비와 언론 공세를 펼쳐야만 합니다. 이곳 워싱턴 정가에서 파악한 바에 따르면, 이번 언론 대응 캠페인의 핵심 추진 방향은 다음 세 가지로 요약됩니다.

(1) 이 사업이 이산화탄소를 배출하지 않아 지구 환경 보전에 기여하는 '친환경' 프로젝트라는 점을 부각해야 합니다. 물론 안타깝게도 매년 수천 마리의 새가 희생되는 대가가 따르겠지만 말입니다.

(2) 미 환경보호청 (EPA)이 이미 당사의 환경영향평가를 승인한 상태이며, 주요 환경 단체들 (지지를 확실히 받아내기 위해 당사가 상당한 액수를 후원해 온) 역시 이 대규모 핵심 풍력 발전단지의 완공을 적극 지지하고 있다는 점을 피력해야 합니다.

(3) 석탄 화력 발전소와 달리 서남부의 하늘을 매연으로 더럽히거나 조망을 가리지 않으면서, 미국 서남부 지역 경제에 활력을 불어넣을 사업이라는 점도 강조해야 합니다.

대외 홍보나 로비 활동과 별개로, @CORPFULL 차원에서 어느 정도의 '비밀 후원금'도 필요하거나 권장될 것으로 보입니다.

반발하는 소수 환경 단체 몇 곳에 적절히 후원금을 찔러주어 반발 기류를 누그러뜨리는 것도 좋은 방법이 될 수 있습니다.

@CORP 이사회 일각에서는 특정 조류 종이 멸종하거나 이에 준하는 피해를 입을 경우 심각한 여론 악화로 이어져, 향후 추진 예정인 와이오밍 풍력 발전단지 건설 사업까지 수포로 돌아갈 수 있다고 우려합니다. 반면 다른 이사들은 이 정도의 막대한 손실 처리를 감당할 수 없는 만큼, 약간의 조류 피해 감수는 어쩔 수 없더라도 사업 완공 및 정상 가동에 총력을 기울여야 한다고 맞서고 있습니다.

저희 정치 협력 그룹은 후자의 입장에 동의하며, 이번 정치적 투쟁에서 승리를 거두기 위해 수단과 방법을 가리지 않고 즉시 대응에 착수할 수 있도록, 다음 권한을 부여해 줄 것을 부탁드립니다.

안건: 사업을 강행하고 최종 인허가 획득을 위해 전면적인 대외 홍보 및 로비전에 총력을 기울여야 할까요?",
event_environment23,"FROM:     @CORPFULL COST ACCOUNTING DEPARTMENT SUBJECT:  WASTE REDUCTION AND COST CONTAINMENT MEASURES

The Cost Accounting Department, as ever, is constantly in search of innovative ways to reduce our costs of delivering health care services at our U.S. hospital facilities. We have recently identified several sources of unnecessary waste that are costing us enormous sums of money. These all come under the category of one-time use of numerous, costly medical supplies and instruments. We believe this is a major reason why our profitability lags behind that of most of our competitors in the healthcare providers industry.

In studying health care systems in certain other countries where the government provides ""free"" health care, such as Cuba, Russia, Britain, and Venezuela, we have noted that all those countries make a regular practice of reusing medical items such as hypodermic needles, which greatly reduces their costs, although there is an increase in patient mortality as a result of such reuse, since the recycled items often are not cleaned before reuse, or, even if cleaned, are not properly sterilized in most of those countries. Those progressive governments have wisely been willing to accept higher patient mortality rates, thus freeing up resources for other, more pressing societal needs, such as public works, military spending, re-election of incumbent politicians, government propaganda spending, construction of better palaces for the ruling elite, crushing dissenters and secessionists, suppressing minorities, and the like.

The same cost-cutting measures are used in many poor Third World countries in Asia and Africa, as well, where many medical supplies are recycled, due to limited financial resources. In such countries, it is customary to not only reuse hypodermic needles, but also such items as throwaway thermometers (designed for a single use), test strips, and bandages.

We can learn a lot about cost containment from these Third World hospitals and socialist/Communist/fascist government healthcare systems that, unlike our capitalistic healthcare system, don't have to be accountable to their patients and don't have to worry about government oversight, since they ARE the government, in many countries.

Accordingly, Cost Accounting recommends that the company take a full inventory of the types of medical supplies that are currently being discarded after one use in our health care facilities, and begin a program of cleaning and recycling as many such items as possible. Doing so, we believe, will lower our operating costs to such an extent that it will enable @CORPFULL to blow away our competition.

DECISION:  DO WE BEGIN RECYCLING MEDICAL SUPPLIES?","발신: @CORPFULL 원가회계부

제목: 자원 낭비분 감축 및 비용 절감 대책의 건

저희 원가회계부는 미국 내 병원 시설의 의료 서비스 제공 비용을 절감하기 위해 다각도로 방안을 모색해 왔습니다. 그 결과, 최근 당사에 막대한 재정적 손실을 입히고 있는 불필요한 자원 낭비 요인들을 다수 발견했습니다. 이들 대부분은 고가의 의료 소모품 및 기구를 단 한 번만 쓰고 폐기하는 관행에서 비롯된 것입니다. 당사의 수익성이 의료 서비스 업계 내 주요 경쟁사들에 비해 저조한 이유 역시 바로 이 점에 있다고 판단됩니다.

쿠바, 러시아, 영국, 베네수엘라 등 정부가 '무상 의료'를 제공하는 주요 국가들의 의료 체계를 검토한 결과, 이들 국가에서는 주사 바늘 등의 각종 의료 물품을 상시 재사용하여 비용을 획기적으로 절감하고 있다는 점에 주목했습니다. 물론 재활용 과정에서 세척을 건너뛰거나 제대로 소독하지 않아 환자 사망률이 증가하는 부작용은 존재합니다. 그러나 해당 선진 정부들은 높은 사망률을 기꺼이 감수하는 합리적 선택을 통해 자원을 확보하고, 이를 공공사업, 군사비 확충, 현직 정치인 재선, 현 정치 체제 홍보, 지배층 전용 궁전 건립, 반체제 인사 및 분리주의자 탄압, 소수민족 억압 등 한층 시급한 국가 과제에 충당하고 있습니다.

재정이 열악한 아시아 및 아프리카의 다수 제3세계 국가에서도 이러한 비용 절감 방안이 폭넓게 적용되고 있으며, 수많은 의료 소모품이 재활용되고 있습니다. 이들 국가에서는 피하주사 바늘은 물론 일회용 체온계, 진단 검사지, 붕대 등에 이르기까지 일회용 목적으로 제작된 물품을 재사용하는 것이 일반적인 관행입니다.

당사는 자본주의 의료 체계와 달리 환자에 대한 법적 책임이나 정부 감독에서 자유로운 제3세계 병원 및 사회주의·공산주의·파시스트 정권의 의료 시스템으로부터 비용 절감 노하우를 적극 벤치마킹할 수 있었습니다. 다수의 국가에서 의료 기관 자체가 곧 정부 역할을 겸하고 있기 때문입니다.

이에 원가회계부는 현재 당사 의료 시설에서 단 1회 사용 후 폐기되는 의료 용품 전반에 대해 전수 조사를 실시하고, 세척 및 재활용이 가능한 품목을 최대한 확보하는 수거·재활용 프로그램을 즉시 도입할 것을 권고합니다. 이러한 조치를 통해 운영비를 획기적으로 절감함으로써, @CORPFULL이 업계 내 경쟁사들을 시장에서 완벽히 제압하고 매우 높은 우위를 점할 수 있을 것으로 확신합니다.

결정: 의료용품 재활용을 시작하시겠습니까?",
event_environment24,"ENVIRONMENTAL ALERT FROM:   LEGISLATIVE OVERSIGHT GROUP

We are facing a serious political problem in the Pacific Northwest, which could have global financial implications. A Congressional committee is on the verge of appropriating billions of dollars to clean up the Hanford Reservation nuclear contamination area. As you know, we stand to generate big revenues for developing an expanded nuclear dumping site at Hanford. It is an ideal site, since existing plutonium contamination there already makes the Columbia River from Hanford to the Pacific Ocean glow at night -- a totally dead river.

We can stand loss of that contract, but passage of this bill could have much more costly ramifications. If the U.S. were somehow able to successfully clean up this highly radioactive section of river, it would set a terrible example in Third World nations, where we want to construct similar waste facilities. If we can stop this cleanup, our rented foreign politicians will be able to point to Hanford when environmentalists try to pressure them into protecting THEIR rivers and lakes.

DECISION:  DO WE BUY OFF THE CONGRESSIONAL COMMITTEE AND NIP THIS DANGEROUS LEGISLATION IN THE BUD?","환경 비상 경보
발신: 입법 감시팀

저희는 현재 태평양 인접 북서부 지역에서 심각한 정치적 문제에 직면해 있으며, 이는 글로벌 재무 실적에도 상당한 파급효과를 미칠 수 있습니다. 미 의회 위원회가 핸포드의 핵오염 지대를 정화하기 위해 수십억 달러의 예산을 배정하기 직전입니다. 잘 아시다시피 저희는 핸포드에 대규모 핵폐기물 매립장을 확장 건설하여 막대한 수익을 올릴 계획을 갖고 있습니다. 핸포드는 플루토늄 오염 때문에 밤마다 핸포드와 인접한 컬럼비아 강이 야광으로 빛날 지경이며, 완전히 죽은 강이나 다름없어 최적의 매립장 부지라 할 수 있습니다.

단순히 해당 계약 하나를 날리는 것이라면 감수할 수 있겠으나, 이번 법안이 통과될 경우 가져올 재정적 파장은 훨씬 더 거대합니다. 만약 미국이 핸포드의 방사능 오염 구역을 정화하는 데 성공한다면, 저희가 그와 비슷한 폐기물 처리 시설을 건설하려는 제3세계 국가들에 대단히 나쁜 선례를 남기게 될 것입니다. 우리가 이번 정화 작업을 저지해낸다면, 미리 매수해 둔 해외 정치인들은 환경운동가들이 자기네 강과 호수를 보호하라고 압박할 때 핸포드의 사례를 들어 방어막으로 삼을 수 있을 것입니다.

결정: 의회 위원회를 매수해 이 위험한 법안을 저지하시겠습니까?",
event_environment25,"@CORPFULL FARM LAND IN ILLINOIS IS DECLARED A ""SUPERFUND"" SITE, AFTER EPA DISCOVERY OF ILLEGAL TOXIC WASTE DUMPING BY MAFIA-CONTROLLED HAZARDOUS WASTE FIRM

EPA officials in Chicago announced today the discovery of an ongoing and secret business operation between a major Chicago crime family and @CORPFULL, owner of Illinois farm land. According to the announcement, the Mafia-owned hazardous waste disposal firm, the Ethical Products Corporation (""EPC"") of Cicero, Illinois, paid the company large sums of money, in return for allowing EPC to secretly drive trucks around the property at night, dumping their lethal cargo. EPC and the company took elaborate precautions to avoid discovery. The trucks, stolen from a competitor of EPC, Bhopal Chemical, were all driven by specially selected Muong tribesmen from the hill country of Laos, all of them mutes, chosen for their lack of any knowledge of English, and given identification that would indicate they worked for another competitor, Newark Dumpers, if they were caught. As a final ruse, the trucks were painted with the name and logo of yet another competitor, Toxico Chemical.

@CORPFULL is liable for Superfund cleanup costs.","@CORPFULL 소유 일리노이 농지, '슈퍼펀드' 오염지역으로 지정 — EPA, 마피아 연계 유해폐기물업체의 불법 투기 적발

시카고 환경보호청 (EPA) 관계자들은 오늘 시카고의 거대 범죄 조직과 일리노이 주 내 농지 소유주인 @CORPFULL 사 사이의 지속적인 비밀 거래 공작을 적발했다고 발표했습니다. 발표 내용에 따르면, 일리노이주 시서로 시 소재, 마피아 패밀리 소유의 유해폐기물 처리업체인 에티컬 프로덕츠 (EPC)사는 야간에 부지 내로 트럭을 몰고 들어와 치명적인 폐기물들을 암암리에 투기하는 대가로 회사에 거액의 뇌물을 지불해 왔습니다. 트럭들은 EPC의 경쟁사인 Bhopal Chemical에게서 훔친 것이었고, 운전은 영어를 전혀 모른다는 이유로 특별히 선발된 라오스 산악지대 출신의 벙어리 몽족 사람들이 맡았습니다. 이들은 혹시 발각되더라도 또 다른 경쟁사인 Newark Dumpers 소속인 것처럼 보이도록 신분증을 지급받았습니다. 마지막 위장 수단으로, 트럭에는 또 다른 경쟁사인 Toxico Chemical의 이름과 로고를 칠해 놓았습니다.

@CORPFULL 사에는 이번 사건과 관련하여 슈퍼펀드 환경 정화 비용을 전액 부담해야 할 법적 책임이 부과됩니다.",
event_environment26,"@CORPFULL SETTLES ENVIRONMENTAL POLLUTION LAWSUIT; AGREES TO PAY @AMOUNT MILLION IN FINES FOR TOXIC DUMPING THAT DESTROYED WILDLIFE RESERVE

@CORPFULL, a major paper company, has settled with the government environmental agency on the fines to be paid for discharge of highly toxic effluents at the company's huge new paper plant. The dumping of the toxins into a nearby river is cited as the cause of the destruction of a major wildlife sanctuary several miles away, into which the river drains.

The government environmental inspector said it appears that the company has @LOSSknowingly been dumping highly toxic chemicals into the stream since the plant opened, almost a year ago, and he took that into account in setting the amount of the fine the environmental agency would agree to accept in settlement of its anti-pollution enforcement action vs. @CORPFULL.

@YEAR @FACT","@CORPFULL, 독성 폐수 무단 방류 및 생태계 파괴 혐의로 @AMOUNT백만 달러 벌금 합의

대형 제지업체 @CORPFULL이 새 제지 공장에서 발생한 고독성 폐수를 무단 방류하여 인근 야생 생물 보호 구역을 파괴한 혐의와 관련해 미 환경 당국과 @AMOUNT백만 달러 규모의 벌금 납부 및 행정 제재안에 최종 합의했습니다.

환경 당국 관계자는 @CORPFULL이 공장 가동 직후부터 약 1년간 오염 방지 장치를 @LOSS의도적으로 무력화하고 유독성 화학 물질을 지속적으로 유출해 온 정황을 확보했다고 밝혔습니다. 당국은 회사의 고의적이고 조직적인 환경 범죄 행위를 엄중히 적용하여 이번 합의 벌금액을 최대 수위로 책정했습니다.

@YEAR @FACT",
event_environment27,"@CORPFULL ""@TEXT1 RECYCLING FACILITY"" IN AFRICA TURNS OUT TO BE MASSIVE SOURCE OF POLLUTION AND ENVIRONMENTAL DEGRADATION; UNESCO CONDEMNS THE COMPANY IN STRONGEST TERMS

It all began with what sounded like a great idea -- to remove vast numbers of discarded @FACTs from American and European cities, to be recycled in an impoverished African nation, the Democratic Republic of the Congo. This was to be done by a respected pollution control and environmental engineering company, @CORPFULL.

The plan, as described in the company's public relations releases, was for the @FACTs to be safely recycled in a remote location while recovering the metal reinforcing material in them and also creating good jobs for the locals in a nearby small village, located in a jungle area. In reality, all the company was doing, in exchange for massive fees it received from American and European cities, was to incinerate the @FACTs in a huge, constantly burning pyre near the village. No attempt was made by the company to actually recover any metals or to install stack scrubbers to clean the extremely toxic smoke that was generated by the burning. While a whistleblower says that the company initially planned to at least install large pipes to vent most of the smoke into the jungle a few kilometers away, to reduce the toxic effects on the local citizens of the village, the company accountants concluded that it would be too expensive to contruct any type of building or other structure to capture the smoke, so the final decision was made to just conduct open-air burning.

The company apparently expected that the toxic smoke from the massive inferno would only pollute the air and water of parts of the host country and other African countries near the Democratic Republic of Congo. However, a highly unusual change in the prevailing winds caused the towering smoke cloud from the burn site to become visible as far north as Italy. Once the freakish winds pushed vast toxic clouds over much of Europe, the French Foreign Legion quickly dispatched airborne troops to the site and shut down the operation, while terminating the onsite managers of the company with extreme prejudice.

U.N. health inspectors, sent in to supervise clean-up, found that the company had been hiring children ranging from 6 to 11 years of age to operate the forklifts that transferred the spent @FACTs from trucks to the enormous pyre. (However, as it turns out, they were actually in compliance with the country's child labor laws.) The U.N. inspectors also found the local villagers and others living within 300 kilometers downwind from the site were suffering a wide variety of severe health problems, mostly from lung damage, and that the smoke has also had a devastating effect on the nearby jungle and wildlife, killing much of the forest.

This major scandal, for a pollution control company long known for its ""green"" policies, will be devastating for it going forward, as the whole world now knows that its reputation was apparently built on fake public relations campaigns. Company management issued a statement critical of the French Foreign Legion's harsh measures and arguing that ""...the worries over pollution from the @FACT burning were vastly overblown and this will barely dent our bottom-line....""","@CORPFULL의 아프리카 내 '@TEXT1 재활용 시설', 대규모 환경 오염 및 생태계 파괴의 진원지로 밝혀져… 유네스코, 최고 수위의 강력한 규탄 성명 발표

미주 및 유럽 대도시의 대량 폐 @FACT을/를 치워 아프리카의 빈곤국인 콩고민주공화국에서 재활용한다는 번지르르한 명분으로 출발한 사업이었습니다. 추진 주체 역시 오염 방지 및 환경 공학 기업으로 알려진 @CORPFULL이었습니다.

대외 홍보 자료에 명시된 당초 계획은 정글 오지의 안전한 거점에서 폐 @FACT을/를 재활용하여 내부 금속 자재를 회수하는 한편, 인근 인구 밀집 마을 주민들에게 양질의 일자리를 제공한다는 것이었습니다. 그러나 막대한 수수료를 챙긴 기업이 실제로 저지른 행태는 마을 근처에서 폐 @FACT을/를 24시간 거대한 소각로에 넣고 불태운 것뿐이었습니다. 금속 회수는커녕 유독성 매연을 정화할 정화 장치 조차 단 하나도 설치하지 않았습니다. 내부 고발자에 따르면 최소한 매연을 수 킬로미터 밖 정글로 빼낼 대형 배관 공사라도 검토했으나, 회계팀에서 시설물 구축 비용이 너무 많이 든다는 이유로 쳐내면서 결국 아무런 장치도 없는 무단 노천 소각으로 최종 결정되었습니다.

회사 측은 거대한 불길에서 뿜어져 나오는 유독성 매연이 콩고민주공화국 및 인접 아프리카 국가들의 대기와 수질만 오염시킬 것으로 예상했습니다. 하지만 기상 이변으로 이상 편서풍이 불면서 치솟은 매연 기둥과 거대한 유독구름이 이탈리아를 비롯한 유럽 대륙 전역을 덮치는 사태가 발생했습니다. 직후 프랑스 외인부대 공수부대가 현장에 투입되어 소각장을 즉각 강제 셧다운시켰으며, 현장 관리자진을 현장에서 사살 조치했습니다.

수습 작업을 위해 투입된 UN 보건 조사단 조사 결과, 폐 @FACT를 소각로로 운반하는 지게차 운전 인력으로 6세에서 11세 사이의 어린 아동들을 대거 고용해 온 사실이 적발되었습니다. (다만 이는 현지 아동 노동법상으로는 불법이 아닌 것으로 확인됐습니다.) 또한 소각장 하류 300 킬로미터 이내에 거주하는 현지 주민 대다수가 심각한 폐 손상을 비롯한 중증 질환에 시달리고 있으며, 인근 정글과 야생 생태계 역시 잿더미로 변해 황폐화된 것으로 나타났습니다.

친환경 경영을 자처하던 환경 전문 기업의 이번 대형 스캔들은 전 세계에 가짜 언론 플레이의 실체를 낱낱이 드러내며 회사 존립 자체에 궤멸적인 타격을 줄 것으로 보입니다. 그럼에도 회사 경영진은 프랑스 외인부대의 강경 진압을 비난하며 ""…폐 @FACT 소각으로 인한 오염 우려는 터무니없이 과장되었으며, 이번 사태가 당기순이익에 미치는 영향은 미미할 것…""이라는 몰상식한 공식 입장문을 내놓았습니다.",
event_environment28,"@CORPFULL'S @YEAR PROJECT TURNS INTO FINANCIAL SWAMP, AS LAND IS DECLARED SUPERFUND SITE

A federal Appeals Court judge in Washington, D.C. today ordered seizure of a large portion of the assets of the land development/housing firm, @CORPFULL.

The company's prized housing development project in the San Fernando Valley near Los Angeles, @FACT, has been declared a ""Superfund"" site by the EPA, in the wake of the discovery that the site had been used by its former owner, a large aerospace firm, as an illegal dumping spot for nuclear and other highly toxic wastes for the past 40 years.

Discovery of the lethal contamination of the land under the large @FACT housing development came to light only after local health authorities noticed an improbably high incidence of rare cancers and deformities among persons recently moved into the new community. The cost of lawsuits and cleaning up the site under the Superfund law is estimated at @AMOUNT., which could bankrupt @CORPFULL.","@CORPFULL의 @YEAR년 프로젝트, 부지 전체가 슈퍼펀드 정화 대상지로 지정되며 재정적 파산 위기 직면

오늘 워싱턴 D.C. 연방항소법원은 부동산 개발 및 주택 건설 업체인 @CORPFULL의 주요 자산에 대한 압류 명령을 내렸습니다.

로스앤젤레스 인근 산페르난도 밸리에 위치한 회사의 주력 주택 개발 단지인 @FACT 단지가 미 환경보호청 (EPA)에 의해 ""슈퍼펀드"" 오염 부지로 지정되었기 때문입니다. 조사 결과 해당 부지는 전 소유주였던 대형 항공우주 기업이 지난 40년간 방사성 폐기물 및 고독성 화학물질을 무단 투기해 온 불법 매립지였던 것으로 확인됐습니다.

대규모 @FACT 주택 단지 지하에 매설된 치명적인 오염 물질은 해당 신도시로 이주한 입주민들 사이에서 희귀 암 및 기형아 출산율이 기하급수적으로 급증하면서 지역 보건 당국에 의해 비로소 폭로되었습니다. 환경법에 의거한 부지 정화비 및 쏟아지는 피해 보상 소송 규모는 총 @AMOUNT 에 달할 것으로 추산되며, 이로 인해 @CORPFULL은 사실상 파산 수순을 밟게 될 전망입니다.",
event_environment29,"ENVIRONMENTAL PROTECTION AGENCY BANS USE OF ""BIOCIDE X"" AGRICULTURAL CHEMICAL IN U.S., AS CARCINOGENIC -- BAN IS EXPECTED TO HURT PROFITABILITY OF @CORPFULL

EPA officials today announced that they are ordering a ban on all further U.S. sales of the powerful new agricultural poison ""Biocide X,"" which is manufactured by @CORPFULL.

The ban is based on findings that the poison, which kills or causes cancer in almost every organism exposed to it, is getting into U.S. water and food supplies as farmers dump mass quantities of it by air (it is too deadly to administer except from airplanes) on their wheat fields. In addition, EPA tests indicate that wheat, while not itself harmed by the poison, becomes contaminated and unsafe for human or animal consumption.  @CORPFULL officials expressed shock at the ban. The CEO of the company said, ""This is all vastly overblown--the result of 'enviro-mania' and a few farmers who have ignored our clear instructions to keep the product out of water and food supplies. We'll keep selling it overseas....""","미 환경보호청 (EPA), 발암성 입증된 @CORPFULL '바이오사이드 X' 전면 판매 금지… 수익성 악화 우려

미 환경보호청 (EPA)은 오늘 @CORPFULL이 제조한 신형 농약 '바이오사이드 X'의 독성이 입증됨에 따라 미국 내 모든 판매 및 유통을 전면 금지 조치한다고 발표했습니다.

EPA는 본 제품이 노출된 거의 모든 유기체에 암을 유발하며, 독성으로 인해 항공 살포만 가능함에 따라 대량 살포 과정에서 미국 국내 수자원 및 식량 공급망으로 유입되고 있다고 밝혔습니다. 또한 정밀 검사 결과, 바이오사이드 X가 직접적인 생육 상의 피해를 주지 않더라도 해당 화학물질에 노출된 밀 자체에 독성이 잔류하여 인간 및 동물의 섭취에 부적합하다는 사실이 확인되었습니다. 이번 전면 금지 조치에 대해 @CORPFULL 관계자들은 강한 유감을 표명했습니다. 회사의 최고경영자 (CEO)는 ""이번 조치는 일부 환경 광신도들의 과도한 주장에 선동된 결과이며, 식수 인근에서 사용하지 말라는 지침을 무시한 일부 농가의 과실일 뿐""이라며 ""미국 외 해외 시장을 중심으로 판매를 지속할 방침""이라고 반박했습니다.",
event_environment30,"@CORPFULL FARM LAND IN ILLINOIS IS DECLARED A ""SUPERFUND"" SITE BY EPA, AFTER DISCOVERY OF ILLEGAL TOXIC WASTE DUMPING BY MAFIA-CONTROLLED HAZARDOUS WASTE FIRM

EPA officials in Chicago announced today the discovery of an ongoing and secret business operation between a major Chicago crime family and @CORPFULL, owner of Illinois farm land.  According to the announcement, the Mafia-owned hazardous waste disposal firm, the Ethical Products Corporation of Cicero, whose previous board of directors was electrocuted by the State of Illinois 30 years ago, entered into a cozy agreement with the large agribusiness company to use its prime Illinois farm land as a place to covertly dump all manner of untreated toxic industrial wastes, including plutonium from several decommissioned nuclear power plants. An EPA representative stated that the land, including several thousand acres surrounding the dump site, is severely contaminated, and that all crops grown on the company lands in that area will be unsaleable and absolutely lethal for roughly the next 250,000 years.  @CORPFULL is also liable for ""Superfund"" cleanup costs of some @AMOUNT.","EPA, @CORPFULL 일리노이 농지 ‘슈퍼펀드’ 오염 정화 대상 지역으로 지정… 마피아 연계 방사성 폐기물 불법 투기 적발

미 환경보호청 (EPA) 시카고 지부는 오늘 마피아 조직이 운영하는 유해 폐기물 업체와 대형 농업기업 @CORPFULL 간의 은밀한 불법 폐기물 투기 공모 정황을 적발했다고 발표했습니다. 조사 결과에 따르면, 30년 전 이사진 전원이 일리노이주에서 전기의자로 처형된 전력이 있는 마피아 계열 폐기물업체 '시세로 에티컬 프로덕트'는 @CORPFULL과의 밀약을 통해 일리노이주 내 비옥한 농지 일대에 해체 원전에서 나온 플루토늄 등 미처리 산업 독성 폐기물을 지속적으로 불법 투기해 온 것으로 밝혀졌습니다. EPA는 해당 매립지 주변 수천 에이커의 토지가 극심하게 오염되어 향후 25만 년간 해당 지역에서 생산되는 모든 농작물의 출하가 전면 금지되며 이곳의 토양 자체가 인체에 치명적이라고 경고했습니다. 이로 인해 @CORPFULL은 약 @AMOUNT 규모에 달하는 ‘슈퍼펀드’ 정화 비용을 전액 부담해야 할 법적 책임을 지게 되었습니다.",
event_environment31,"E.P.A. HITS @CORPFULL WITH @AMOUNT MILLION FINE FOR SMUGGLING ILLEGAL CFC'S INTO THE UNITED STATES

The Commissar General of the U.S. Environmental Protection Agency announced today at a Washington press conference that @CORPFULL has agreed to pay total fines of @AMOUNT., in exchange for the EPA's dropping capital punishment charges against the company's management. He disclosed that EPA undercover operatives had infiltrated a branch of the Russian Mafia that runs the largest black market distribution organization in the U.S., including black market sales of illegally imported chlorinated fluorocarbons (CFC's), which led the EPA to the importer, or smuggler, of the CFC's, @CORPFULL.

Corporate officials offered no excuses for their illegal importation and resale of the ozone-damaging chemicals, other than to say that the company had been seeking ""...high profit-margin diversification opportunies at home and abroad....""  A Federal (U.S.) prosecutor derided this statement as being nothing more than what Christopher Buckley has referred to as the ""Yuppie Nuremberg Defense"" -- ""Ve vere only doing vat ve had to, to pay ze mortgage....""","미 환경보호청 (EPA), 불법 CFC 밀수 적발… @CORPFULL에 @AMOUNT 규모 벌금 부과

미국 환경보호청 (EPA)은 오늘 워싱턴 기자회견을 통해, @CORPFULL 경영진에 대한 법적 최고형 구형을 취하하는 조건으로 총 @AMOUNT 규모의 벌금 납부 합의를 이끌어냈다고 발표했습니다. 발표에 따르면 EPA 위장 수사관들이 미국 내 최대 규모의 CFC 불법 암시장 유통망을 구축한 러시아 마피아 조직에 침투하였으며, 꼬리를 물고 수사한 끝에 최종 수입·밀수 총책인 @CORPFULL을 적발한 것으로 확인됐습니다.

회사 관계자들은 오존층 파괴 물질의 불법 밀수 및 유통 행위에 대해 ""국내외 고수익 사업 다각화 기회를 모색하는 과정이었다""는 해명 외에 별다른 입장을 내놓지 못했습니다. 이에 대해 담당 연방 검사는 해당 변명을 크리스토퍼 버클리가 지칭한 이른바 ‘여피식 뉘른베르크 변명’, 즉 ‘주택담보대출을 갚으려면 어쩔 수 없었다’는 식의 책임 회피에 불과하다며 비꼬았습니다.",
event_finance1,"BANKING INDUSTRY ROLLS OUT NEW HIGH-TECH TELLER MACHINES

Major U.S. banks have introduced a sophisticated new automatic teller machine, called the ""Grabber,"" which is designed to virtually eliminate ATM theft and fraud losses. The new machines have built-in manacles, into which the user is required to place his or her wrists (or ankles), before undergoing fingerprint I.D. and DNA analysis, while punching in transactions into the ATM.

A bank official explained that, ""If your bank card is invalid or overdrawn, or if you punch in the wrong P.I.N. code number three times in succession, the manacles don't unlock, and a siren sounds until the security people or police arrive."" (Which may be the next morning, in some cases, since it is virtually impossible to escape from the titanium alloy manacles, once they lock in. However, some miscreants, like muskrats caught in a trap, have been known to gnaw off a limb and escape before the gendarmes finally arrived, leaving only an arm or a leg behind as a grisly calling card.)

Bank officials describe the new ATMs as ""...extremely effective....the ultimate answer to ATM thefts and overdrafts, and bad news for deadbeats....""

In an address to the American Bankers Association convention in Putingrad (formerly Moscow), Russia, one enthusiastic speaker hinted that banks are quietly working with international law enforcement agencies, including the FSB and INTERPOL, on further technical enhancements that will enable the ATMs to instantly compare a user's fingerprints and DNA with FBI and other fingerprint and DNA databases, in order to ""grab"" anyone wanted by any government. Targeted individuals would range from escaped serial killers to political dissidents, to individuals with overdue library cards or unpaid parking fines, any of whom would be captured instantly by the machines if they were foolish enough to use an ATM outfitted with the new ""Grabber"" technology....","은행업계, 첨단 신형 ATM 도입

미국 주요 은행들이 ATM 절도 및 사기 피해를 사실상 원천 차단하도록 설계된 첨단 신형 현금자동입출금기 ""은팔찌""를 선보였습니다. 이 신형 기기는 수갑이 내장되어 있어, 사용자는 은행 거래를 시작하기 전, 지문 인식과 DNA 분석을 받기 위해 사용자가 자신의 손목 (또는 발목)을 수갑에 넣어야 합니다.

한 은행 관계자는 ""카드가 유효하지 않거나 잔고가 부족하거나, 비밀번호를 세 번 연속 잘못 입력하면 수갑이 풀리지 않고 경보음이 울리며, 경비원이나 경찰이 도착할 때까지 그 상태가 유지됩니다""라고 설명했습니다. (티타늄 합금 수갑이 한번 잠기면 빠져나가는 것이 사실상 불가능하기 때문에, 경우에 따라서는 다음 날 아침까지 그대로 있어야 할 수도 있습니다. 다만 덫에 걸린 사향쥐처럼, 경찰이 도착하기 전 스스로 팔이나 다리를 물어뜯어 절단 한 뒤 탈출한 사례도 일부 보고된 바 있으며, 이 경우 장미나 조커 카드 대신 무시무시한 혈흔이 남게 됩니다.)

은행 관계자들은 신형 ATM에 대해 ""…매우 효과적이며…ATM 절도와 초과인출 문제에 대한 궁극의 해법이자, 신용불량자나 상습 체납자들에게는 절망적인 소식…""이라고 설명했습니다.

러시아 푸틴그라드 (구 모스크바)에서 열린 미국은행협회 총회 연설에서, 한 열정적인 연사는 은행들이 FSB와 인터폴을 포함한 국제 사법기관들과 은밀히 협력하여, 사용자의 지문과 DNA를 각국 정부의 지명수배자 데이터베이스와 즉시 대조할 수 있는 추가 기술 개선을 진행 중이라고 귀띔했습니다. 대상자는 탈옥한 연쇄살인범부터 정치적 반체제 인사, 심지어 도서관 연체료나 주차 위반 딱지 미납자까지 다양하며, ""은팔찌"" 기술이 탑재된 ATM을 무모하게 이용하는 자는 누구든 즉시 붙잡히게 됩니다.",
event_finance2,"U.S. DOLLAR WEAKNESS SENDS BOND PRICES PLUNGING IN ALL MAJOR GLOBAL FINANCIAL MARKETS

Bond prices on Wall Street and in London and other major financial markets plunged today, as the U.S. dollar continued its recent nosedive. Fixed income traders are attributing the collapse of the dollar to the huge buildup of U.S. dollar holdings overseas, as the U.S. has continued to run ever-increasing trade deficits.

""Eventually,"" said one veteran Sydney bond trader who spoke anonymously, ""it had to happen, sooner or later. The bloody Yanks can't keep printing dollars and floating them out to the rest of us by the trainload, forever. At some point, it was obvious the wankers weren't going to be able to keep paying their bills except by running the printing presses day and night. The bad checks have finally started to bounce....""

""Let the good times roll!""","달러 약세로 전 세계 주요 금융시장 채권 가격 폭락

미국 달러가 최근의 급락세를 이어가면서 오늘 월가와 런던을 비롯한 주요 금융시장에서 채권 가격이 폭락했습니다. 고정 금리, 채권 시장 트레이더들은 미국이 갈수록 커지는 무역적자를 계속 기록하면서 해외에 쌓인 막대한 달러 보유고가 이번 달러 붕괴의 원인이라고 지적하고 있습니다.

한 시드니의 베테랑 채권 트레이더는 익명을 전제로 이렇게 말했습니다. ""결국은 일어날 일이었죠, 조만간. 그 망할 미국 놈들이 영원히 달러를 찍어내서 우리한테 떠넘길 수는 없는 노릇 아닙니까. 저 얼간이들이 윤전기를 밤낮으로 돌리는 것 말고는 청구서를 감당할 방법이 없다는 게 뻔히 보였죠. 이제 부도수표가 되돌아오기 시작한 겁니다…""

""좋은 시절 다 갔네요!""",
event_finance3,"STOCKS TUMBLE, IN SYMPATHY WITH FALLING BOND PRICES

Global bourses reeled today, as a weak dollar touched off waves of selling in U.S. bonds in Tokyo, followed a few hours later by a complete rout in both the bond and stock markets in New York and London.

Remarks in a Senate hearing the prior day by the U.S. Secretary of the Treasury, implying that the U.S. would not attempt to support the rapidly depreciating dollar, apparently led a number of major Japanese financial institutions to finally give up any hope that the U.S. would ever get its financial house in order and reduce its massive trade deficits with Japan and China.

As a result, within a few hours after the Secretary's remarks, which were televised globally on CNN, several major Tokyo financial houses began dumping their holdings of U.S. government and corporate bonds. This set off a chain reaction of selling of dollar-denominated financial assets in all major global financial markets, and sent the dollar tumbling further, spiralling down like a kamikaze and belching black smoke all the way. No sane person would hazard a guess, at this point, as to where and when the dollar will bottom out, now that the house of cards has collapsed.

It has been a long time since the Marianas Turkey Shoot, Iwo Jima, Okinawa, and Hiroshima, and since Gen. Douglas MacArthur steamed into Tokyo Bay on the U.S.S. Missouri, and even longer since Commodore Perry's Black Fleet sailed into Tokyo Bay and dictated commercial terms -- opening Japan to the world in 1854 -- but at long last, payback is sweet....","채권 가격 폭락에 동조하며 주식 시장도 급락

오늘 전 세계 증시가 휘청였습니다. 달러 약세가 도쿄에서 미국 국채 매도 물결을 촉발한 데 이어, 몇 시간 후 뉴욕과 런던의 채권 및 주식 시장 모두 완전히 붕괴했습니다.

전날 미 상원 청문회에서 미 재무장관이 미 정부가 '급격히 평가 절하되는 달러를 방어하려 하지 않을 것' 임을 시사하는 발언을 하면서, 일본의 주요 금융기관들은 미국이 자국 재정을 정상화하고 일본·중국과의 막대한 무역적자를 줄일 것이라는 희망을 결국 버린 것으로 보입니다.

그 결과, CNN을 통해 전 세계에 생중계된 재무장관의 발언 몇 시간 만에 도쿄의 주요 금융회사 여러 곳이 보유 중이던 미국 국채와 회사채를 투매하기 시작했습니다. 이는 전 세계 주요 금융시장에서 달러 표시 금융자산 매도 행렬이 연쇄적으로 이어지는 결과를 낳았고, 달러는 검은 연기를 내뿜으며 추락하는 가미카제처럼 더욱 곤두박질쳤습니다. 모래성이 무너져 내린 지금, 제정신인 사람이라면 그 누구도 달러가 어디서, 그리고 언제 바닥을 칠지 예측하지 못할 것입니다.

마리아나 칠면조 사냥, 이오지마, 오키나와, 히로시마, 그리고 더글러스 맥아더 장군이 미주리함을 타고 도쿄만에 입항한 지도 오랜 세월이 흘렀고, 페리 제독의 흑선 함대가 도쿄만에 들어와 통상 조건을 강요하며 1854년 일본을 세계에 개항시킨 지는 더더욱 오랜 세월이 흘렀습니다 — 하지만 마침내, 이 복수는 참으로 달콤합니다…",
event_finance4,"CRASH! STOCK MARKET MELTS DOWN!

Stock prices collapsed today, as massive waves of selling swept through Wall Street and Pacific and European stock exchanges. Some analysts are explaining the sudden loss of nerve by holders of equities as being based on growing fears of a possible coming depression in the U.S. and Western European economies.

However, floor traders in London blamed today's stock crash on @TEXTSTRING.

Contributing to the panic selling were rumors that one of the largest hedge funds, after making a number of disastrous market bets, has been inundated with redemption requests by unhappy fund shareholders, and has had to dump several billion dollars (U.S.) of its holdings at whatever price it could get.  More redemptions are likely to come, as the fund's value continues to dwindle, as its forced sales will further depress the value of its remaining share holdings.","폭락! 주식 시장 붕괴!

오늘 월가와 태평양, 유럽 증시 전반에 대규모 매도 물결이 휩쓸면서 주가가 붕괴했습니다. 일부 애널리스트들은 미국과 서유럽 경제에 침체가 드리울 수도 있다는 침체 우려가 커진 탓에 투자자들이 공포에 휩싸인 것으로 보고 있습니다.

그러나 런던의 객장 트레이더들은 오늘 주가 폭락의 원인을 @TEXTSTRING 탓으로 돌렸습니다.

이번 패닉 셀링의 배경에는 초대형 헤지펀드 한 곳이 연이은 투자 실패로 인해 투자자들이 불만을 품었고, 투자자들의 환매 요청이 쇄도하자 보유 자산을 헐값에 매각했다는 소문이 영향을 미쳤습니다. 강제 매각이 남은 자산의 가치를 더욱 떨어뜨리고 펀드 자체의 가치도 계속 줄어들고 있는 만큼, 앞으로 추가 환매 요구가 계속 이어질 가능성이 높은 상황입니다'.",
event_finance5,"NIGHTMARE ON WALL STREET! STOCK MARKET MELTS DOWN!

Stock prices collapsed like a dropped souffle today, as massive waves of selling swept through Wall Street and other major stock exchanges in Australasia and Europe. Some analysts were quick to suggest that the sudden urge of great numbers of investors to get out of the stock market was brought on by fears of a global recession in the near future.

However, floor traders in Tokyo blamed today's stock crash on @TEXTSTRING.

Contributing to the panic selling were rumors that a major U.S. or Japanese bank (the rumor varies) has incurred some disastrous losses on highly-leveraged bets on Treasury Bond Futures, hedged by short sales of Yen-denominated Japanese Government Bonds, and may have to close unless the Federal Reserve or the Bank of Japan (again, the rumor varies) steps in to inject enough funds to keep the giant bank afloat.","월가의 악몽! 주식 시장 붕괴!

오늘 월가를 비롯해 호주·아시아 및 유럽 주요 증시 전반에 대규모 매도 물결이 휩쓸면서 주식 시장이 떨어뜨린 수플레 케이크처럼 폭삭 주저앉았습니다. 일부 애널리스트들은 수많은 투자자가 갑자기 주식 시장을 빠져나가려 한 원인이, 머지않아 닥칠 글로벌 경기 침체에 대한 두려움 때문이라고 지적했습니다.

그러나 도쿄의 객장 트레이더들은 오늘 주가 폭락의 원인을 @TEXTSTRING 탓으로 돌렸습니다.

이번 패닉 셀링의 배경에는 미국이나 일본의 대형 은행 한 곳이 파산 위기에 처했다는 소문도 영향을 미쳤습니다. 소문에 따르면 이 은행은 일본 국채 공매도로 위험을 분산시킨 채 미국 국채 선물에 고 레버리지 투자를 했다가 막대한 손실을 보았다고 합니다. 미국 연준이나 일본 은행이 자금을 지원해 살려내지 않으면 당장 문을 닫아야 할지도 모르는 상황입니다.",
event_finance6,"BANKS CLOSE IN @HUMOR, AS FINANCIAL CRISIS WORSENS; MOBS ROAM STREETS, LOOTING AND BURNING, AS AUTHORITIES LOSE CONTROL IN NEAR-TOTAL SOCIETAL BREAKDOWN

Near-anarchy reigns as angry mobs protest brutal tax increases and austerity imposed by the government of @TEXTSTRING, as it seeks to deal with crushing deficits, now that bond markets for the country's D-rated bonds can no longer be used to paper over the financial crisis. Wide areas of @TEXTSTRING are without power or running water for weeks now, and increasingly desperate crowds have taken to the streets, shutting down government offices and looting or setting fire to countless business establishments. Police were authorized to use lethal force against looters and rioters in the capital city last night, as they tried to impose an 8:00 p.m. curfew.

As bank failures in @TEXTSTRING spread now to other parts of Europe, the economic situation is growing increasingly grave, with stocks of most companies in free-fall in the few bourses on the continent that have not yet closed their doors. Elsewhere, stocks in the U.S., U.K., and major Asian markets also fell sharply, but not as severely as the European stock markets.

Bank failures may only grow worse and more widespread, as their government bond portfolios collapse in value and some financial types are warning that bank and insurance company holdings of subprime mortgage loans may be the next shoe to fall. Many of such high-yielding ""securitized"" mortgages appear to be of very poor loan quality, if not outright fraudulent, as they were packaged and sold to the institutions by unscrupulous securities firms and mortgage brokers. As in the Great Recession of 2009, the trigger for the financial panic was mortgage loans made in the U.S.A. to home buyers who had no ability to make payments, and sold to foolish bankers and other institutions, including many European banks.","@HUMOR, 금융위기 악화로 은행 줄줄이 폐쇄; 당국 통제력 상실 속 폭도들, 거리서 약탈·방화하며 사실상 사회 붕괴

@TEXTSTRING 정부가 막대한 재정 적자에 대응하고자 부과한 가혹한 증세와 긴축 정책에 성난 폭도들이 항의하면서 사실상 무정부 상태가 이어지고 있습니다. 국채 신용등급이 D등급까지 추락하면서 채권 시장으로 금융위기를 봉합하는 것도 한계에 다다랐습니다. @TEXTSTRING 지역은 수 주째 전기와 수돗물 공급이 끊긴 상태입니다. 점점 절박해진 군중이 거리로 쏟아져 나와 정부 청사를 폐쇄하고, 수많은 상업 시설을 약탈하거나 방화하고 있습니다. 경찰은 어젯밤 수도에 오후 8시 통행금지령을 시행하려 했으며, 약탈자와 폭도들에 대한 발포를 허가받았습니다.

@TEXTSTRING발 연쇄 은행 파산 사태가 유럽 다른 지역으로 확산되면서 경제 상황은 갈수록 심각해지고 있습니다. 아직 문을 닫지 않은 유럽 대륙의 몇 안 되는 증권거래소에서는 대부분 기업의 주가가 자유낙하하고 있습니다. 미국, 영국, 아시아 등 그 외 지역에서 주요 증시가 폭락했지만 유럽 증시만큼 심각하지는 않았습니다.

각국 정부의 채권 사업 분야 가치가 붕괴하면서 은행 파산 사태는 더욱 악화 및 확산될 가능성이 있습니다. 일부 금융 전문가들은 은행과 보험사들이 보유한 서브프라임 모기지 대출이 다음 뇌관이 될 수 있다고 경고하고 있습니다. 악덕 증권사와 모기지 브로커들이 이들 금융기관에 포장해 판매한 이러한 고수익 ""증권화"" 모기지 상당수는 대출 자질이 매우 부실하거나 사실상 사기에 가까운 것으로 드러나고 있습니다. 2009년 대침체 당시와 마찬가지로, 이번 금융 패닉의 방아쇠 역할을 한 것도 상환 능력이 전혀 없는 미국 주택 구매자들에게 실행된 모기지 대출이었습니다. 이 대출은 다수의 유럽계 은행을 포함한 어리석은 은행과 기관들에 판매되었습니다.",
event_finance7,"HISTORY REPEATS ITSELF, WITH BANKS AND INSURANCE COMPANIES AGAIN PLEADING FOR BAIL-OUTS, AS HIGH-YIELD MORTGAGE-BACKED SECURITIES TURN OUT TO BE WORTHLESS

Large financial institutions, from Kuala Lumpur to Wall Street and Dubai are reeling once again, as their investments of many billions in high-yielding but risky mortgage-backed securities go bad. As in the 2008 Wall Street melt-down, greed has gotten the best of the banksters and insurance industry money runners, lured by high-rates of return on securities backed by ""subprime"" mortgages -- home loans made to individuals who had little inclination or ability to make even the first month's payments on such loans.

Most people felt the 2008 financial crisis had taught bankers and government regulators a lesson, but apparently not, as tens of thousands of pages of new banking regulations were directed at everything but the heart of the problem--lenders still being forced by government regulators to lend to unemployed, low- or no-income individuals, with no assets or credit history, but who happened to live in low-income districts where lenders were required to meet government quotas for loan originations.

Knowing full well that these were mostly loans that would never be repaid, lenders quickly packaged the loans as mortgage-backed securities that could be sold to unsuspecting buyers, typically banks, insurance companies, or pension funds that were attracted by the high yields offered to them on these complex investments.

Since many of these securities are already beginning to go bad, the international financial system, as in the first subprime crisis, is once again in danger of ""seizing up,"" as banks and other financial institutions begin to incur huge loan losses and panicked depositors or policyholders are removing their money before the institutions belly up. These withdrawals are causing a rapid contraction of the money supply, as much of the withdrawn cash is simply hidden under mattresses or in safe deposit boxes, rather than being re-deposited in another financial institution.

Many individual depositors fear that this time, unlike before, the losses from bailouts may be too much for the taxpayers to absorb, and the government may instead resort to ""bail-ins,"" where large percentages of deposits or insurance policies are simply canceled, in order to keep large institutions solvent, as was done in a ""test run"" by regulators in Cyprus in 2013. In that liquidity crisis, many depositors saw up to 80% of their bank accounts confiscated by government edict, in order to save the Cyprus banks from collapse.

@HUMOR @TEXTSTRING","역사는 반복된다 — 고수익 모기지 담보부 증권이 휴지조각으로 드러나며 또다시 손벌리는 은행과 보험사들

쿠알라룸푸르에서 월가, 두바이에 이르기까지 대형 금융기관들이 고수익 고위험 모기지 담보부 증권에 투자한 수십억 달러가 부실화되면서 또다시 휘청이고 있습니다. 2008년 월가 붕괴 당시와 마찬가지로, 은행과 보험업계 조직원들은 높은 수익률에 다시 눈이 멀었습니다. 이들을 유혹한 것은 ""서브프라임"" 모기지 — 첫 달 상환금조차 낼 의지도 능력도 부족한 사람들에게 실행된 주택담보대출 — 를 담보로 한 증권이었고, 이러한 탐욕이 문제를 다시 키웠습니다.

대부분의 사람들은 2008년 금융위기가 은행가와 정부 규제 당국에 교훈을 남겼다고 생각했지만, 그렇지 않았던 모양입니다. 수만 페이지에 달하는 새 은행 규제는 핵심만 쏙 뺀 겉핥기식 규제에 불과했습니다. 정부 규제 당국은 여전히 대출 기관들에, 실업자와 저소득·무소득자, 자산도 신용 기록도 없는 사람들에게까지 대출을 실행하라고 강요하고 있었습니다. 이들이 사는 지역이 저소득 지역이라는 이유만으로, 대출 기관은 정부가 정한 대출 실적 할당량을 채워야 했기 때문입니다.

대출 기관들은 이 대출들이 사실상 상환될 가능성이 거의 없다는 것을 잘 알고 있었습니다. 그런데도 서둘러 이를 모기지 담보부 증권으로 포장해, 은행, 보험사, 연기금 등 아무것도 모르는 매수자들에게 팔아넘겼습니다. 이 매수자들은 이 복잡한 투자 상품이 제공하는 높은 수익률에 매력을 느꼈습니다.

은행이 팔아넘긴 증권 상당수가 부실화되기 시작하면서, 국제 금융 시스템은 최초의 서브프라임 위기 때와 마찬가지로 다시 한번 ""자금 경색"" 위험에 처했습니다. 은행을 비롯한 금융기관들이 막대한 대출 손실을 입기 시작하고, 겁에 질린 예금주와 보험 가입자들이 기관이 꼬꾸라지기 전에 돈을 빼내고 있기 때문입니다. 인출된 현금 대부분이 다른 금융기관에 예치되지 않고 매트리스 밑이나 개인 금고에 깊숙한 곳에 쳐박히면서, 유통되고 있는 통화량은 급격히 위축되고 있습니다.

많은 개인 예금주들은 이번에는 예전과 달리, 구제금융에 드는 막대한 손실을 더 이상 납세자들의 혈세로 메우기엔 한계에 다다랐다고 우려하고 있습니다. 그 경우 정부는 대신 ""베일인""(bail-in) — 대형 금융기관의 지급 능력을 유지하기 위해 예금이나 보험금의 상당 부분을 그냥 소멸시키는 조치 — 을 택할 수도 있습니다. 이는 2013년 규제 당국이 키프로스에서 ""시험 삼아"" 시행했던 방식입니다. 당시 유동성 위기 속에서 많은 예금주들이 키프로스 은행들을 파산에서 구하기 위해 정부 명령으로 은행 계좌의 최대 80%까지 몰수당한 바 있습니다.

@HUMOR @TEXTSTRING",
event_finance8,"CHEMICAL MAKER @CORP TAKES HUGE FINANCIAL HIT IN PRODUCT LIABILITY LAWSUIT

In an important product liability case of first impression, chemical manufacturer @CORP has been found to be liable for making and marketing a number of toxic chemicals, many of which have been widely dispersed in the environment by users of the chemicals.  The chemicals in question, which are now widely found in the air and water throughout the globe, are thought to cause various health problems. Attorneys fo the plaintiffs were able to successfully argue that the chemical manufacturer should not be allowed to ""externalize"" these costs (to society) of its business, which up till now have had to be borne by the members of the public who have become ill from constant low-level exposure to these toxins. The jury agreed that the polluting chemicals made by the company were a ""public nuisance"" and that the company must compensate the public for fouling their air, food, and water.

Damages in the case, of some @TEXTSTRING, are expected to deal a major blow to @CORP's finances and may result in the demise of the company.","화학회사 @CORP, 제조물 책임 소송에서 막대한 재정적 타격

이번 대규모 제조물 책임 사건에서, 화학제조업체 @CORP이/가 다수의 독성 화학물질을 제조·판매한 책임을 지게 되었습니다. 이 화학물질들은 사용자들을 통해 환경 전반으로 광범위하게 유출·유포되었으며, 현재 전 세계의 대기와 물에서 검출되고 있는 이 화학물질들은 다양한 질환들의 원인으로 추정됩니다. 원고 측 변호인단은 화학제조업체가 이러한 사업 비용을 사회에 ""전가""해서는 안 된다고 주장했습니다. 지금까지 저농도 독성 물질에 지속적으로 노출되어 질병에 걸린 일반 대중이 회사의 사업 비용을 떠안아 왔다는 논리였습니다. 배심원단은 이 회사가 제조한 오염 화학물질이 ""공적 방해""에 해당하며, 대기와 먹거리, 수자원을 오염시킨 데 대해 대중에게 보상해야 한다는 데 동의했습니다.

이번 소송의 손해배상액은 약 @TEXTSTRING 으로, @CORP의 재정에 큰 타격을 줄 것으로 예상되며 회사의 존속 자체를 위협할 수도 있습니다.",
event_finance9,"MAJOR WORLD GOVERNMENTS, ACTING IN CONCERT, ANNOUNCE COMPLETE BAN ON BITCOIN AND MANY OTHER CRYPTOCURRENCIES

Led by the @TEXTSTRING, most major world governments have fallen in line, finally taking decisive action to crack down on Bitcoin and a number of other cryptocurrencies that have been used extensively by tax dodgers and many criminal enterprises. The problem had become particulary acute in recent months, as hackers, mostly based in Russia, Ukrania, and China, have used ransomware attacks to extort billions of dollars, Euros and British Pounds from businesses, nonprofit organizations, government entities, and wealthy individuals, while using cryptocurrencies, mainly Bitcoin, to successfully conceal the payments made by their victims from law enforcement agencies. A rumor has been floating around for over a week that a major international telecom company was the latest victim of such ransomware extortion, to the tune of over a billion dollars.

China was mainly concerned that the cryptocurrencies were being used to avoid Chinese taxes and to illegally funnel money out of the country to jurisdictions where it could not be seized by the Chinese Communist Party.

The United States, China, Japan, and the European Union announced their coordinated bans within a 24 hour period and as a result the price of Bitcoin has plunged by over 80% as have Ethereum and other affected cryptocurrencies.

Bitcoin and Ethereum will continue to exist, as they have not been banned by other countries, such as India, other Asian countries, or in Africa or Latin America, where they will continue to be in limited use, but will be excluded from the main system of international financial settlements.","주요 세계 정부들, 공조하여 비트코인 및 다수 암호화폐 전면 금지 발표

@TEXTSTRING을 필두로 세계 주요국 정부들이 공조에 나섰습니다. 이들은 그동안 탈세자와 범죄 조직의 자금 유통 수단으로 악용되어 온 비트코인을 비롯한 암호화폐에 대해 강력한 단속과 함께 전면 금지 조치를 발표했습니다. 최근 몇 달간 러시아, 우크라이나, 중국 등에 기반을 둔 해커 세력이 랜섬웨어 공격을 통해 기업, 비영리단체, 정부 기관 및 고액 자산가들로부터 수십억 달러, 유로, 파운드 상당의 금액을 갈취하면서 사태가 더욱 악화되었습니다. 이들은 주로 비트코인 같은 암호화폐를 활용해 수사 당국의 추적을 따돌렸으며, 최근 일주일 동안은 대형 글로벌 통신사가 10억 달러가 넘는 랜섬웨어 갈취를 당했다는 소문까지 돌았습니다.

중국의 경우 암호화폐가 자국 세금 회피는 물론, 중국 공산당의 몰수 관할권이 미치지 않는 해외로 자금을 불법 유출하는 통로로 쓰이는 점을 가장 크게 경계했습니다.

미국, 중국, 일본, 유럽연합 (EU)이 24시간 이내에 연쇄적으로 공조 금지안을 발표함에 따라, 비트코인 시세는 80% 이상 급락했으며 이더리움 등 여타 암호화폐 가격도 동반 폭락했습니다.

다만 인도 및 기타 아시아 국가, 아프리카, 남미 등 해당 규제안에 동참하지 않은 국가들에서는 여전히 비트코인과 이더리움 거래가 제한적으로 유지될 예정입니다. 그러나 주요국 전면 금지에 따라 국제 금융 결제망의 주류 시스템에서는 사실상 매장될 전망입니다.",
event_finance10,">>>  BREAKING FINANCIAL NEWS  <<<

@CORP HAS JUST GONE BANKRUPT--ALL STOCK OF THE CURRENT SHAREHOLDERS IS NOW CANCELED, AS THE FUND'S DEBTS EXCEEDED ITS ASSETS. THE ETF HAS NOW BEEN COMPLETELY LIQUIDATED AND GONE OUT OF EXISTENCE. THE DOWNFALL OF THE FUND WAS ITS EXTREME LEVERAGE, WHICH MADE IT IMPOSSIBLE FOR IT TO PERMANENTLY SURVIVE MAJOR OR SUDDEN REVERSES IN THE STOCK INDEX.

A NEW FUND, WHICH WILL OPERATE WITH DIFFERENT ADVISORS, IS BEING FORMED, WHICH WILL PURSUE THE SAME HIGH-RISK, HIGH-REWARD TRADING STRATEGY, ENTIRELY COMPUTER DRIVEN BY AN ALGORITHM THAT PLACES ALL FUTURES TRADES FOR THE FUND, IN ORDER TO MAINTAIN ITS EQUIVALENCE TO A TRIPLE LEVERAGED @TEXTSTRING POSITION IN THE GLOBAL STOCK INDEX.",">>> 긴급 금융 속보 <<<

@CORP이/가 방금 파산했습니다. 펀드의 부채가 자산을 초과함에 따라 기존 주주들의 주식은 전액 무효화 처리되었습니다. 해당 ETF는 완전히 청산되어 소멸하고 말았습니다. 펀드가 무너진 결정적 원인은 극단적인 레버리지 운용이었으며, 이로 인해 주가지수의 대규모 급변동을 장기적으로 견뎌내지 못했습니다.

한편, 다른 자문사들이 운영을 담당하는 새 펀드가 조성되고 있습니다. 이 펀드 역시 글로벌 주가지수 내 @TEXTSTRING의 3배 레버리지 포지션을 유지하기 위해, 모든 선물 거래를 알고리즘 기반 컴퓨터 시스템으로 전면 자동화하는 동일한 고위험·고수익 매매 전략을 이어나갈 예정입니다.",
event_finance11,"RASH OF SUICIDES AND DISAPPEARANCES OF FINANCIAL EXECUTIVES CONTINUES; AUTHORITIES MYSTIFIED

This week, the CEO's of two major banks have died unexpectedly. Both men, in their early forties, were thought to be in excellent physical and mental health. One committed suicide by leaping from the 11th floor of a parking structure, leaving no suicide note, while the other was found dead at the wheel of his Lexus, with the engine still running, apparently dead from an unexplained lethal dose of radiation from an unknown source. Previously, some alternative news sources on the Internet had pointed out that over 90 top banking and mortgage executives had either died or been killed, or disappeared, in just the last six months.

These two are yet more examples of the large number of high-ranking financial executives and a Governor of the Federal Reserve Bank of Dallas who have either committed suicide, died under somewhat suspicious circumstances, or simply vanished recently. In the most sensational of these occurrences, the Dallas Fed Governor's half-eaten body was found in the lion enclosure in the Fort Worth zoo. Fort Worth police said foul play was not suspected, however.

Officials at Interpol had no comment on this strange skein of untimely deaths and disappearances of highprofile bank and mortgage company executives. An FBI official told CNN that there was ""... nothing out of the ordinary going on here. **** happens. Anyone who says these events are somehow related to the fact that all these guys are involved in the subprime mortgage securities business, which is booming, is just a lunatic conspiracy theorist....""

Some of the ""conspiracy theorist"" websites have been making outlandish claims lately that the whole subprime mortgage program, where the government is requiring that lenders extend credit to low-income individuals, regardless of their ability to repay, is a fraudulent house of cards, and is about to collapse again, as occurred before in 2009 and @TEXTSTRING.

However, government officials say subprime mortgages are not a problem this time, and that there have been relatively few defaults in the newly liberalized program so far, so there is nothing to worry about.","금융 임원들의 연쇄 자살·실종 지속…당국은 미스터리 속

이번 주 두 대형 은행의 CEO가 예기치 않게 사망했습니다. 둘 다 40대 초반으로 신체적, 정신적으로 매우 건강했던 것으로 알려졌습니다. 한 명은 주차 건물 11층에서 뛰어내려 자살했으며 유서는 남기지 않았고, 다른 한 명은 시동이 걸린 채 자신의 렉서스 운전석에서 숨진 채 발견되었는데, 원인을 알 수 없는 치명적인 방사선 피폭이 원인으로 보입니다. 앞서 일부 인터넷 대안 언론들은 지난 6개월 사이에만 90명이 넘는 최고위 은행·모기지 임원들이 사망하거나 살해되거나 실종되었다고 지적한 바 있습니다.

이번 사건 역시 최근 자살이나 의심스러운 정황의 사망, 혹은 돌연 실종된 수많은 고위 금융 임원들과 댈러스 연방준비은행 총재의 사례와 궤를 같이하고 있습니다. 그중 가장 충격적이었던 사건은 댈러스 연준 총재의 반쯤 먹힌 시신이 포트워스 동물원 사자 우리에서 발견된 일이었습니다. 다만 포트워스 경찰은 타살 혐의점은 없는 것으로 보인다고 밝혔습니다.

인터폴 관계자들은 유명 은행·모기지 회사 임원들의 이 기이한 연쇄 사망·실종 사건에 대해 언급을 거부했습니다. 한 FBI 관계자는 CNN에 ""…여기서 이상한 일은 전혀 벌어지지 않고 있습니다. 늘 일어날 수 있는 일일 뿐입니다. 이들이 모두 호황을 누리고 있는 서브프라임 모기지 증권 사업에 관여해 왔다는 이유로 이 사건들이 서로 연관되어 있다고 주장하는 사람은 그저 몰상식한 음모론자일 뿐입니다…""라고 말했습니다.

일부 '음모론' 웹사이트들은 최근 터무니없는 주장을 펼치고 있습니다. 정부가 상환 능력과 무관하게 저소득층에게 대출을 확대하도록 강제하는 서브프라임 모기지 프로그램 전체가 사기성 짙은 모래 성과 다름 없으며, 2009년과 @TEXTSTRING에도 그랬던 것처럼 다시 붕괴 직전이라는 주장입니다.

그러나 정부 관계자들은 이번에는 서브프라임 모기지가 문제가 아니며, 새로 완화된 정책 하에서 지금까지 부도 사례가 상대적으로 적었으므로 걱정할 것이 없다고 말합니다.",
event_finance12,"CORPORATE SHARES TAX STRUCK DOWN BY U.S. SUPREME COURT!

In a strongly worded opinion, the United States Supreme Court, in a 5-to-4 decision, has ruled that the Corporate Shares Tax imposed by a presidential decree is invalid, noting that the U.S. Constitution vests all power to enact taxes in Congress, not the president.

As Chief Justice Cruz noted in the majority's opinion, ""Under our constitution, we elect a president. We do not elect an absolute monarch or dictator. This tax was a huge usurpation of the taxing power that is reserved to the Congress. To decide otherwise would be to set a horrific precedent, unless we wish to become a banana republic.""

In a side note, @TEXTSTRING repealed its very similar corporate shares tax, by legislative action, conceding that the tax was a mistake and was depressing that nation's financial markets and economy.","미국 대법원, 법인 주식세 폐지 판결!

미국 대법원이 5 대 4 판결을 통해 대통령령으로 부과된 법인주식세에 대해 위헌 결정을 내렸습니다. 대법원은 미국 헌법상 모든 과세 권한은 대통령이 아닌 의회에 귀속되어 있음을 분명히 했습니다.

다수 의견을 집필한 크루즈 대법원장은 ""우리 헌법 체계는 대통령을 선출하는 것이지 절대군주나 독재자를 뽑는 것이 아닙니다. 이번 과세는 의회 고유의 과세권을 명백히 침해했습니다. 이를 허용한다면 우리가 바나나 공화국으로 전락하길 원치 않는 한 끔찍한 선례를 남기게 될 것입니다.""라고 지적했습니다.

한편 @TEXTSTRING 측은 의회 입법 절차를 통해 이와 유사한 법인주식세를 폐지하기로 결정하며, 해당 세제가 자국의 금융시장과 국가 경제를 저해하는 실수였음을 공식 인정했습니다.",
event_finance13,">>>  BREAKING FINANCIAL NEWS  <<<

@TEXTSTRING HAS JUST GONE BANKRUPT--ALL THE STOCKS AND ASSETS OF @TEXTSTRING HAVE BEEN SOLD TO PAY OFF DEBTS--THUS, @TEXTSTRING IS NO LONGER IN THE GAME ---

NICE GOING...!

@TEXTSTRING obviously relied heavily on investment advice from ""investment professionals"" -- which is a bit like asking a starving polar bear to perform open-heart surgery on you....

(According to the latest reports, @CORP @HUMOR.)",">>> 속보 금융 뉴스 <<<

@TEXTSTRING이/가 결국 파산 절차를 밟게 되었습니다. 부채 상환을 위해 보유 주식과 자산 전체가 매각 처리됨에 따라, @TEXTSTRING은/는 시장에서 완전히 퇴출당했습니다.

훌륭한 경영의 결말이군요!

@TEXTSTRING은/는 이른바 '영웅 호걸'들의 조언에 전적으로 의존했던 것으로 보입니다. 이는 고양이에게 생선을 맡기는 것과 다름없는 무모한 선택이었습니다.

(최신 보도에 따르면, @CORP은/는 @HUMOR이라고 합니다.)",
event_finance14,">>>  BREAKING FINANCIAL NEWS  <<<

@TEXTSTRING HAS JUST GONE BANKRUPT--ALL THE STOCKS AND ASSETS OF @TEXTSTRING HAVE BEEN SOLD TO PAY OFF DEBTS--THUS, @TEXTSTRING IS NO LONGER IN THE GAME ---

WAY TO GO...!

As (the latter day) Adam Smith once put it, ""If you don't know who you are, Wall Street is not a good place to find out....""

(According to the latest reports, @CORP @HUMOR.)",">>> 긴급 금융 속보 <<<

@TEXTSTRING이/가 결국 파산 절차를 밟게 되었습니다. 부채 상환을 위해 보유 주식과 자산 전체가 매각 처리됨에 따라, @TEXTSTRING은/는 시장에서 완전히 퇴출당했습니다.

참 잘하는 짓입니다…!

(후대의) 애덤 스미스가 말했듯, ""자신이 누구인지 모른다면, 월스트리트는 스스로를 알아내기 좋은 곳이 아닙니다…""


(최신 보도에 따르면, @CORP은/는 @HUMOR이라고 합니다.)",
event_finance15,">>>  BREAKING FINANCIAL NEWS  <<<

@CORP HAS JUST GONE BANKRUPT--ALL STOCK OF ITS CURRENT SHAREHOLDERS HAS BEEN CANCELED....THE COMPANY HAS GONE OUT OF BUSINESS, AS IT NO LONGER HAS ANY ASSETS.... MOST OF ITS TOP-RANKING EXECUTIVES HAVE FLED TO COUNTRIES WITHOUT EXTRADITION TREATIES....",">>> 긴급 금융 속보 <<<

@CORP이/가 방금 파산했습니다. 현 주주들의 모든 주식은 무효화되었습니다… 회사는 더 이상 보유 자산이 남아있지 않아 완전히 폐업 처리되었습니다. 아울러 경영진 및 최고위 임원 대부분은 범죄인 인도 조약이 체결되지 않은 해외 국가로 도피한 것으로 확인됐습니다.",
event_finance16,">>>  BREAKING FINANCIAL NEWS  <<<

@CORP HAS JUST GONE BANKRUPT--ALL STOCK OF ITS CURRENT SHAREHOLDERS HAS BEEN CANCELED....THE COMPANY HAS GONE OUT OF BUSINESS, AS IT NO LONGER HAS ANY ASSETS....

HOLDERS OF THE COMPANY'S JUNK BONDS HAVE ALSO LOST THEIR ENTIRE INVESTMENT IN ITS BONDS, WHICH ARE NOW WORTHLESS.",">>> 긴급 금융 속보 <<<

@CORP이/가 방금 파산했습니다. 기존 주주들의 주식은 전액 무효화 되었습니다. 회사는 더 이상 자산이 남아있지 않아 완전히 폐업 처리되었습니다.

아울러 회사가 발행한 정크본드 투자자들 역시 채권 가치가 전액 상실됨에 따라 투자금 전부를 날리게 되었습니다.",
event_finance17,">>>  BREAKING FINANCIAL NEWS  <<<

@CORP HAS JUST GONE BANKRUPT--ALL STOCK OF ITS CURRENT SHAREHOLDERS HAS BEEN CANCELED....THE COMPANY HAS GONE OUT OF BUSINESS, AS IT NO LONGER HAS ANY ASSETS....

@TEXTSTRING @AMOUNT MILLION IN CONNECTION WITH THE BANKRUPTCY.",">>> 긴급 금융 속보 <<<

@CORP이/가 방금 파산했습니다. 기존 주주들의 모든 주식은 무효화 되었습니다. 회사는 더 이상 보유 자산이 남아있지 않아 완전히 폐업 처리되었습니다.

이번 파산과 관련하여 @TEXTSTRING 측은 @AMOUNT백만 달러 규모의 손실을 입은 것으로 확인됐습니다.",
event_finance18,">>>  BREAKING FINANCIAL NEWS  <<<

@CORP HAS JUST GONE BANKRUPT--ALL STOCK OF ITS CURRENT SHAREHOLDERS HAS BEEN CANCELED....THE COMPANY HAS GONE OUT OF BUSINESS, AS IT NO LONGER HAS ANY ASSETS....

@TEXTSTRING @AMOUNT MILLION IN CONNECTION WITH THE BANKRUPTCY.

HOLDERS OF THE COMPANY'S JUNK BONDS HAVE ALSO LOST THEIR ENTIRE INVESTMENT IN ITS BONDS, WHICH ARE NOW WORTHLESS.",">>> 긴급 금융 속보 <<<

@CORP이/가 방금 파산했습니다. 기존 주주들의 모든 주식은 전액 무효화 처리 되었습니다. 회사는 더 이상 보유 자산이 남아있지 않아 완전히 폐업 처리되었습니다.

이번 파산과 관련하여 @TEXTSTRING 측은 @AMOUNT백만 달러 규모의 손실을 입은 것으로 확인됐습니다.

아울러 회사가 발행한 정크본드 투자자들 역시 채권 가치가 전액 상실됨에 따라 투자금 전부를 날리게 되었습니다.",
event_finance19,"@CORP ANNOUNCES WITHDRAWAL OF MERGER OFFER FOR PLANNED ACQUISITION OF @TEXTSTRING

In a press conference today, a spokesperson for the acquiring company, @CORP, said, quote:

""We have today exercised our right to cancel our offer to acquire @TEXTSTRING by merger.

""Several months ago, we quietly negotiated a confidential merger and acquisition agreement with that fine company, and one month ago, we announced the terms of our very generous offer to their shareholders. A vote by those shareholders to approve the merger was planned to occur today, but new information has come to our attention, which compels us to terminate the planned acquisition of @TEXTSTRING by @CORP.

""Our cancellation is based on the fact that the existence of the offer we publicly announced a month ago was leaked well in advance to at least one wealthy stock trader, who took advantage of that confidential information to acquire large positions in, and/or options on, the common stock of the other party to the merger; that is, equity positions in @TEXTSTRING.

""The individual who illicitly obtained information about the planned merger was a very well-known and notoriously unethical corporate raider, @HUMOR.

""While our accountants may not have yet found all the ownership positions this individual quietly accumulated, in stock and/or options on the target company's stock, either directly or through various controlled entities, we have found so far that the total positions acquired amounted to a potential controlling interest in the company. That massive, greedy buying spree, based solely on unlawfully acquired information, was sufficient to void our merger agreement with @TEXTSTRING.

""In light of this flagrant violation of the confidentiality clause in the acquisition agreement, and no doubt of the securities laws as well, we have no choice but to exercise our right to withdraw from and cancel the planned merger transaction. This deal is history....

""Needless to say, we have referred this matter to the proper authorities, whom we encourage to prosecute the guilty parties in this case to the full extent of the law, including and especially @HUMOR.","@CORP, @TEXTSTRING 대상 인수합병 제안 철회 발표

오늘 열린 기자회견에서 인수 주체인 @CORP 측 대변인은 다음과 같이 입장을 밝혔습니다.

""우리는 오늘 부로 @TEXTSTRING에 대한 인수합병 (M&A) 제안을 철회할 권리를 행사했습니다.

불과 몇 달 전까지만 해도 우리는 대상 회사와 인수합병을 위한 비밀 협상을 차분히 진행해 왔으며, 한 달 전에는 주주들을 대상으로 매우 파격적인 조건의 인수 제안을 공식 발표한 바 있습니다. 당초 오늘 주주총회 표결을 통해 합병안을 최종 승인할 예정이었으나, 우리의 인수 계획을 전면 중단할 수밖에 없는 중대한 새 정황이 포착되었습니다.

철회 결정의 결정적 사유는 한 달 전 공식 공시되었던 인수 제안 정보가 사전에 한 재력가 주식 트레이더에게 유출되었다는 사실이 확인되었기 때문입니다. 해당 트레이더는 미공개 기밀 정보를 악용해 합병 상대방인 @TEXTSTRING의 보통주 및 관련 옵션 포지션을 대량 매집했습니다.

인수합병 정보를 불법 취득한 우리자는 업계에서 악명 높은 비윤리적 기업 날강도인 @HUMOR로 확인되었습니다.

우리 회계팀이 해당 인물이 직간접적으로, 혹은 차명 법인을 통해 은밀히 축적한 타깃 기업의 주식 및 옵션 지분을 전체 파악하지는 못했으나, 현재까지 확인된 물량만으로도 경영권을 위협할 수 있는 지배 지분 수준에 달합니다. 오직 불법 유출 정보에만 의존해 벌인 이처럼 막대하고 탐욕스러운 싹쓸이 매수는 @TEXTSTRING과의 인수합병 계약을 무효화하기에 충분한 사유가 됩니다.

인수 계약 내 기밀유지 조항은 물론 증권 관련 법률을 정면으로 위반한 엄중한 사안인 만큼, 우리는 해당 인수합병 거래를 철회하고 취소할 권리를 행사할 수밖에 없습니다. 이로써 이번 인수 건은 백지화되었습니다.

당연한 수순으로 우리는 본 사안을 관련 감독 당국 및 사법 기관에 즉시 고발 조치하였으며, @HUMOR를 비롯해 이번 정보 유출 및 불법 거래에 가담한 관계자 전원을 법이 허용하는 최대의 엄벌에 처해 줄 것을 강력히 촉구합니다.""",
event_finance20,"RUMORS OF SHODDY SUBPRIME MORTGAGE LENDING PRACTICES CAUSE SOME TO RAISE QUESTIONS AS TO WHETHER WE MAY BE ABOUT TO REPEAT THE SAME MISTAKES AS IN THE PAST

The Internet is abuzz lately with stories of lax, almost almost non-existent lending standards for home mortgages in the United States, amid claims that there are growing problems with defaults on many such mortgages, which have mostly been packaged as mortgage-backed securities and sold to investors throughout the world. As one investment advisor, well known for his regular predictions of gloom and doom, put it,

""It's looking like deja vu all over again, like 2008 or @TEXTSTRING on steroids this time. We never seem to learn -- that you can't force lenders to lend large amounts of money to people who they know have ZERO ability or intention to pay back the loans, and not expect bad things to happen. The Feds are trying to sweep the problems with subprimes under the rug again, but I have sources at major institutions who tell me that a ton of this crummy paper is turning bad already and that we'll soon be back in another full-blown financial meltdown when the banks finally start to face reality and have to write off trillions of dollars of bad debts that they still call 'assets.'

""Accordingly, I'm past the point of telling my subscribers to stock up on freeze-dried food, gold, and silver coins. The only real currency you'll want soon, when the banks close and the supermarket shelves are emptied, will be ammo. Lots of ammo!""

However, such fears appear to be just another ""end-ofthe-world"" rant by a conspiracy theorist who has been predicting a financial apocalypse for over 20 years.

Bankers and federal officials dismiss all such scary predictions as being nothing more than exaggeration, based on a rise in defaults in a few low-income inner city areas around the U.S. Overall mortgage default rates are still well within a normal range.

""People who make a living selling newsletters have to make a lot sensational claims like this,"" said one vice-president at a large San Francisco bank. ""But there's no evidence to back up what this guy is saying, as most banks are solidly capitalized these days, thanks to government requirements. So believe me, I'm not losing any sleep worrying about another subprime crisis. Every time the economy has a weak spell or a few commodity prices get kind of crazy, some nuts will tell you the sky is falling.""","엉터리 서브프라임 모기지 대출 관행 루머에 과거의 실수를 반복하는 것 아니냐는 우려 제기

최근 인터넷상에서는 미국의 주택담보대출 기준이 무척 허술하거나 거의 유명무실하다는 소문과 함께, 대부분 주택담보부증권 (MBS)으로 포장되어 전 세계 투자자들에게 매각된 부실 모기지들의 채무불이행 사례가 급증하고 있다는 주장이 제기되며 논란이 일고 있습니다. 평소 비관적인 전망을 내놓는 것으로 유명한 한 투자 자문가는 다음과 같이 진술했습니다.

""마치 2008년 사태나 @TEXTSTRING을 더 강력한 버전으로 다시 보는 듯한 강력한 데자뷔가 느껴집니다. 대출금을 상환할 능력도, 의사도 전혀 없는 사람들에게 대규모 자금을 대출하도록 강제하면서 아무런 문제도 터지지 않기를 바라는 것은 연안에 파도를 없애겠다는 것만큼이나 어리석은 일입니다. 연준은 이번에도 서브프라임 모기지 부실 문제를 쉬쉬하며 넘어가지 못해 안달이지만, 대형 금융기관 내부 소식통에 따르면 이미 상당량의 부실 채권이 손실로 돌아서고 있습니다. 은행들이 자신들이 여전히 '자산'이라 부르는 수조 달러 규모의 부실 채권을 결국 대손처리하고 현실을 직시하게 될 때, 우리는 또다시 본격적인 금융 붕괴를 맞닥뜨리게 될 것입니다.

따라서 저는 이제 구독자들에게 동결건조 식품이나 금, 은화를 비축하라고 권하는 수준을 넘어섰습니다. 은행 문이 닫히고 생필품이 동났을 때 여러분에게 정말 필요한 유일한 실물 통화는 오직 탄약, 엄청난 양의 탄약뿐일 것입니다.""

그러나 이러한 공포심 유발은 20년 이상 금융 종말론을 주장해 온 음모론자의 또 다른 '종말론적 선동'에 불과하다는 시각이 지배적입니다.

은행 관계자들과 연방 당국자들은 일부 저소득층 도심 지역의 채무불이행률이 소폭 상승한 것을 두고 비약한 과장된 주장에 불과하다고 일축했습니다. 실제로 전체적인 모기지 연체율은 여전히 정상 범위 내에서 안정적으로 유지되고 있습니다.

샌프란시스코 소재 대형 은행의 한 부사장은 ""뉴스레터를 팔아서 먹고사는 사람들은 늘 이런 식으로 자극적인 주장을 펼쳐야만 한다."" 라며, ""당국의 엄격한 자본 규제 덕분에 현재 대부분의 은행은 매우 건전한 자본성을 확보하고 있으며, 저자의 주장을 뒷받침할 근거는 전혀 없다. 내가 보증하건대, 또 다른 서브프라임 위기 따위로 잠을 설칠 일은 없을 것이다. 경제 지표가 잠시 주춤하거나 원자재 가격이 요동칠 때마다 하늘이 무너진다고 헛소리를 해대는 비관론자들은 항상 존재해 왔다""라고 밝혔습니다.",
event_finance21,"THE LOAN STRATEGY COMMITTEE HAS MADE THE FOLLOWING RECOMMENDATION TO THE BOARD OF DIRECTORS OF @CORPFULL:

We would like to resume making high-risk, high-yield foreign loans to various Third World governments.  The Committee is aware, however, that most major money center banks had to be bailed out of their last round of foreign loans by the governments of the U.S. and other G-20 countries, and that the industry took a lot of heat in the media about lax lending practices and government bailouts in past banking crises.

The government has changed the laws so that if we make such loans again, they will not bail us out in case of defaults.

Even so, the new law does not say we can't be bailed out if we simply make loan GUARANTEES to the high-risk governments of failed countries.

Thus, despite the risks of guaranteeing loans to ""basket case"" governments, the Committee has looked at the upside and downside potentials with a cold eye and concluded that we can increase our profits by as much as @AMOUNT million this quarter by providing loan guarantees on behalf of a number of governments such as Zimbabwe, Venezuela, Mali, and Somalia, where risks of default are admittedly very high--but where we can charge loan fees that, in all modesty, can only be termed excessive. And in the worst case, our government will probably bail us out again, if we have to make good on the loans to these broken countries....!

IT'S YOUR DECISION:  DO WE GUARANTEE THE FOREIGN LOANS?","대출 전략 위원회가 @CORPFULL 이사회에 제출한 권고안:

당 위원회는 제3세계 정부들을 대상으로 한 고위험·고수익 해외 대출 재개를 권고합니다. 물론 대다수 대형 은행들이 지난 해외 대출 부실 사태 당시 미국 및 G20 정부의 구제금융에 의존해야 했고, 방만한 대출 관행과 정부 구제금융에 대해 언론의 집중 포화를 맞았던 점은 엄연한 사실입니다.

더군다나 정부는 관련 법을 개정하여 향후 동일한 대출 부실이 발생하더라도 더 이상 구제금융을 지원하지 않겠다고 선언했습니다.

하지만 개정된 법률 역시 막장 상태에 다다른 고위험 국가들에 대한 대출 ""보증""까지 구제금융 대상에서 제외한다고 명시하지는 않았습니다.

따라서 이러한 ‘회생 불능’ 정부들에 대한 대출 보증 위험에도 불구하고, 위원회가 냉철하게 득실을 따져본 결과 짐바브웨, 베네수엘라, 말리, 소말리아처럼 채무불이행 위험이 극도로 높은 국가라 할지라도 대출 보증을 제공한다면 이번 분기에만 최대 @AMOUNT백만 달러에 달하는 추가 수익을 올릴 수 있다는 결론에 도달했습니다. 이들 국가에는 가히 폭리라 부를 수밖에 없을 정도의 막대한 보증 수수료를 청구할 수 있기 때문입니다. 만약 최악의 상황이 발생하여 파산한 국가들의 대출금을 대신 갚아야 하더라도, 정부가 또다시 구제금융에 나설 가능성이 높습니다…!
결정이 필요합니다: 해외 대출 보증을 서야 할까요?",
event_finance22,"FROM:  PRODUCT DEVELOPMENT AND MARKETING DEPARTMENTS SUBJ:  ENHANCING CUSTOMER LOYALTY

While our overseas tobacco products sales are increasing at a satisfactory rate, we are continuing to see a steady erosion in the North American cigarette market. Too many of our longtime customers are kicking the cigarette habit, even with the increased potency of our products in recent years. The everincreasing taxes on cigarettes are beginning to drive away many of our customers, who simply can't afford to smoke any more. Some uninformed members of our Board of Directors have suggested we add more nicotine to our product line, but that is not the answer.

In fact, it apparently came as a real shock to the Harvard researchers a few years ago when they did a large, well-funded animal study on nicotine addiction and found that they were absolutely unable to create any sign of addiction in any of the mammals they tested it on. Thus, they eventually came to our lab people in the tobacco industry to find out how we made cigarettes so addictive. The Harvard researchers also were aware that, second only to tobacco, eggplant has the most nicotine of any plant species on the planet and no one has ever been seen to be addicted to eggplant. Our people pointed out to them that our secret ingredient is pyrazine, which we started adding to our tobacco products in the 1960's to create brand loyalty (addiction).

However, it appears that even strongly loading our cigarettes with pyrazine in our cigarettes will not be the way to slow our loss of customers. Since it is a potent carcinogen, increasing the dosage of pyrazine in our cigarettes would rapidly kill off our customers base, so we don't want to do that. We needed to come up with something else and fortunately, our chemists have recently done so.

We have come up with what we feel will be a much more effective and less deadly process for enhancing long-term customer loyalty to our cigarettes. Subject to approval of the Board of Directors, which will follow your lead, we are prepared to begin shipping, almost immediately, a New, Improved version of all our cigarette brands that will include THC's (tetra-hydrocannabinols), the active chemical ingredients in cannabis sativa. We recognize that this approach entails certain regulatory risks in some states, but we think the increased customer loyalty and attachment to our products offers financial benefits that far outweigh the risks.

Your call....

DO WE ""ENHANCE"" OUR CIGARETTES WITH THC'S?","발신: 제품 개발 및 마케팅팀

제목: 고객 충성도 강화 방안

해외의 담배 제품 매출은 만족스러운 수준으로 증가하고 있으나, 북미 담배 시장에서는 지속적인 감소세를 보이고 있습니다. 최근 몇 년간 제품의 강도를 높였음에도 불구하고 너무 많은 장기 고객들이 금연을 시도하고 있습니다. 계속해서 인상되는 담배세 또한 더 이상 흡연 비용을 감당하기 어려운 고객들을 떠나보내는 원인이 되고 있습니다. 일부 식견이 부족한 이사진은 제품군에 니코틴 함량을 늘리자고 제안했으나, 이는 근본적인 해결책이 아닙니다.

사실 몇 년 전 하버드 연구진이 막대한 예산을 지원받아 니코틴 중독에 관한 대규모 동물 실험을 진행했을 때, 실험 대상이 된 그 어떤 포유류에서도 중독 증상을 전혀 유발하지 못했다는 사실은 그들에게 상당한 충격이었던 것으로 보입니다. 결국 하버드 연구진은 우리가 담배를 어떻게 그토록 중독성 있게 만들었는지 밝혀내기 위해 담배 업계의 당사 연구진을 찾아왔습니다. 또한 연구진은 가지가 담배 다음으로 니코틴 함량이 높은 식물종임에도 가지에 중독된 사람은 아무도 없다는 점을 알고 있었습니다. 당사 연구진은 그들에게 브랜드 충성도 (중독)를 창출하기 위해 1960년대부터 담배 제품에 첨가하기 시작한 비밀 성분이 바로 '피라진'이라는 점을 짚어 주었습니다.

하지만 담배에 피라진을 다량 첨가하는 방식 역시 고객 유출을 막는 해결책은 되지 못할 것으로 보입니다. 피라진은 강력한 발암 물질이므로 투여량을 늘리면 고객층을 빠르게 사망에 이르게 할 수 있어, 저희 고객 층이 빠르게 소멸 될 것입니다. 따라서 다른 대안이 필요했으며, 다행히 당사 화학진이 최근 새로운 방안을 개발해 냈습니다.

저희는 우리의 담배 제품에 대한 장기적인 고객 충성도를 향상시킬 훨씬 효과적이고 위험성이 낮은 공정을 찾아냈다고 확신합니다. 이사회의 승인을 전제로, 저희는 대마 (Cannabis sativa)의 화학 성분인 THC(테트라하이드로카나비놀)를 첨가한 모든 담배 브랜드의 '신형 개량 버전'을 즉시 출하할 준비가 되어 있습니다. 일부 주에서 규제 위험가 수반된다는 점은 인지하고 있으나, 고객 충성도 및 제품 애착도 증가로 인한 재무적 이익이 위험를 크게 상회할 것으로 판단합니다.

결정을 내려주십시오…

담배를 THC로 ""강화""하시겠습니까?",
event_finance24,"SUBJECT:  PUBLIC OFFERING OF OUR STOCK IN U.S.

@CORPFULL's public offering has hit a snag.

While the SEC and most of the states have approved this stock offering, a hard-nosed Commissioner of securities in one Southern state stands in the way of going forward with the issuance. He vows that, unless certain specified ""accommodations"" are made by us, the company will NOT be granted a permit to sell any new stock in @FACT.

The ""accommodations"" in question consist of @AMOUNT million to be paid into certain numbered accounts in Zurich, to a favorite ""charity"" of his. He has made it clear that his office will torpedo the offering, unless this ""charitable contribution"" is made by @CORPFULL.

What do we do?

Do you want @CORPFULL to pay this extortion?","제목: 미국 내 주식 공모

@CORPFULL의 주식 공모가 난관에 부딪혔습니다.

증권거래위원회 (SEC) 및 대부분의 주에서는 이번 주식 공모를 승인했으나, 남부 한 주의 완고한 증권위원회 위원장이 신주 발행 진행을 막아서고 있습니다. 그는 당사가 몇 가지 특정 '편의'를 제공하지 않는 한, @FACT 내에서 신주를 판매할 수 있는 허가를 절대 내주지 않겠다고 호언장담하고 있습니다.

문제의 '편의'란 취리히의 특정 비밀 계좌로, 그가 지정한 '자선 단체'에 @AMOUNT백만 달러 규모의 금액을 입금하는 것입니다. 그는 @CORPFULL가 이 '자선 기부금'을 내놓지 않을 경우, 주식 공모를 수단과 방법을 가리지 않고 좌절시키겠다고 분명히 밝혔습니다.

어떻게 해야 할까요?

@CORPFULL가 이 갈취 행위에 응해 돈을 지불해야할까요?",
event_finance25,"SUBJECT:  PROPOSED CASH BONUS (To you, as the Chairman of Board -- You now fully control the Board of Directors of @CORPFULL)

In recognition of this fact, some of the more obsequious members of the Board of Directors, seeking to curry your favor (curs that they are), have suggested that the company company should award you a @AMOUNT million bonus (taxable to you, but deductible by the company), in recognition of your brilliant leadership (and large stockholdings). In return for this award, the other members of the Board expect that you will reciprocate and significantly increase their stipends and perquisites.

Our lawyers say that you can probably get away with it, but... warn that there is always a slight chance that some disgruntled stockholders or creditors of the corporation might sue you for looting the company, since you haven't done anything yet that could conceivably justify your receipt of such munificent additional compensation.

Will you take the bonus payment from @CORPFULL?","현금 보너스 지급 안건 (이사회 의장님께 — 현재 @CORPFULL 이사회를 완전히 독점 및 통제하고 계신 분)

이사장님께서 이사회를 완전히 손에 쥐셨다는 점을 감안해, 이사장님의 눈밖에 나지 않으려는 몇몇 간신배 같은 이사들이 뛰어난 리더십 (과 막대한 지분)을 기리는 의미로 회사 차원에서 @AMOUNT백만 달러 규모의 현금 보너스 (이사장님께는 과세 대상이나, 회사는 세액 공제 가능)를 지급하자는 안건을 발의했습니다. 이 거액의 보너스에 대한 보답으로, 다른 이사들은 이사장님께서 자신들의 수당과 업무 추진비를 대폭 인상해 줄 것을 기대하고 있습니다.

사내 변호사들은 법망을 요리조리 피해 처벌받지 않을 수는 있겠다고 말하지만, 이사장님께서 이러한 정신나간 수준의 성과급을 받을 만한 공적을 세운 적이 전혀 없기에 불만을 품은 주주들이나 채권자들이 회사 자산 횡령 혐의로 소송을 걸어올 위험가 조금은 존재한다고 경고합니다.

@CORPFULL로부터 이 보너스를 받으시겠습니까?",
event_finance26,"SUBJECT:  CORPORATE TAX PLANNING FOR @CORPFULL

It's almost time to file our corporate tax return for @YEAR on behalf of @CORPFULL, and one of our in-house accountants has discovered a major glitch our lawyers made.

It seems that on a certain large @FACT transaction the company entered into last year, we may be subject to about @AMOUNT million of income taxes--IF we report it. At the time we did the transaction, all of our in-house (and outside) tax experts were certain it was tax-free, and presented no problems. However, a low-level drudge in our accounting department (we fired her today), who was working on the tax return, discovered a rather obscure tax regulation yesterday and pointed out that this transaction clearly WAS taxable, under the tax laws of @COUNTRY.

Thus, we have a potential tax problem (if we correct the tax return to show this additional, unanticipated tax liability). It's your call....Do we ""hide"" the gain from the @MISC?

Select ""YES"" to hide the gain, ""NO"" to pay the @AMOUNT. tax","제목: @CORPFULL 법인세 절세 계획

@CORPFULL의 @YEAR 연도 법인세 신고 기한이 임박한 가운데, 사내 회계사 중 한 명이 저희 변호사들이 저지른 치명적인 실수를 발견했습니다.

지난해 추진한 대규모 @FACT 거래와 관련하여, 이를 세무 당국에 신고할 경우 당사가 약 @AMOUNT백만 달러에 달하는 소득세를 납부해야 할 수도 있는 상황입니다. 거래 당시 사내외 세무 전문가들은 해당 거래가 전액 비과세 대상이며 아무런 문제가 없다고 장담했었습니다. 하지만 어제 세무 신고서를 작성하던 경리 담당 하급 직원 한 명이 (해당 직원은 오늘 모가지를 쳐냈습니다) 대단히 모호한 세법 조항을 찾아내어, @COUNTRY 세법상 이 거래가 명백한 과세 대상이라는 점을 지적했습니다.

따라서 이 예상치 못한 추가 세액 부채를 반영하여 세무 신고서를 수정할 경우 심각한 세금 문제가 발생하게 됩니다. 결정을 내려 주십시오. @MISC로부터 이 이익을 '숨겨야' 할까요?

이익을 숨기려면 ""예""를, @AMOUNT.의 세금을 납부하려면 ""아니오""를 선택하십시오.",
event_finance27,"FROM:     CHIEF FINANCIAL OFFICER (""C.F.O."") TO C.E.O. SUBJECT:  ""ADJUSTMENT"" TO @CORPFULL'S REPORTED EARNINGS FOR THIS QUARTER

We need to do something to boost our reported earnings. I have a modest suggestion. We have had several large saleleaseback transactions in this quarter that, under prevailing accounting principles and SEC reporting requirements, are treated as financing transactions, with no gain reportable. The IRS would look at it the same way for tax purposes, as a non-taxable financing arrangement. I propose we treat these transactions as sales, in which case we will report income (gains) of some @AMOUNT., which will boost earnings considerably. Our ""independent"" CPA's wouldn't go along with this ordinarily, of course, but we have offered some very serious inducements to the audit-partner-in-charge for our account and it appears he is willing stick his neck out and go along with our requested interpretation of the GAAP accounting rules.

Do we go for boosting our reported earnings?","발신: CFO, CEO 앞

제목: 이번 분기 @CORPFULL 발표 실적 ""조정""

저희는 지금 공시 실적을 뻥튀기하기 위한 조치가 절실한 상황입니다. 이에 소소한 제안을 하나 드리고자 합니다. 당사는 이번 분기에 몇 건의 대규모 세일 앤 리스백 (자산 매각 후 재임차) 거래를 진행했는데, 현행 회계 기준과 증권거래위원회 공시 규정상 이는 단순 자금 조달 거래로 분류되어 보고해야 할 매각 이익이 전혀 발생하지 않습니다. 국세청 역시 세법상 이를 비과세 자금 조달 거래로 간주합니다.

제 제안은 이 거래들을 단순 '매각'으로 장부치기하자는 것입니다. 이렇게 처리하면 약 @AMOUNT에 달하는 매각 이익이 장부에 찍히면서 회사 실적을 미친 듯이 부풀릴 수 있습니다. 물론 저희와 계약한 '독립적인' 외부 회계법인이 평상시라면 이런 미친 짓에 동조할 리 만무하지만, 저희의 감사를 담당하는 회계 법인에게 대단히 막대한 뒷돈을 찔러준 덕분에, 위험을 무릅쓰고 우리가 요구하는 방식대로 기업회계기준을 입맛대로 해석해 주기로 했습니다.

공시 실적 뻥튀기 작업에 들어가야 할까요?",
event_finance28,"SUBJ:  OVERFUNDED @CORPFULL PENSION PLAN

FROM:  EMPLOYEE BENEFITS DEPARTMENT

Our corporate pension plan for employees has done quite well with its stock and bond investments in recent years, and our pension consultants have advised us that the Plan is actually somewhat overfunded now, even with the conservative estimates we use -- that the Plan will only earn 5% a year on its invested funds, until the time when the employees retire and draw their benefits.

We have more good news:  Our actuaries tell us that if we change our actuarial assumptions, to assume that the Plan will earn 9.5% a year on invested assets in the future, then the Pension Plan is not just SLIGHTLY overfunded -- it would be considered overfunded to the tune of about @AMOUNT.

In other words, we could break open the piggy bank and take out that much from the overfunded Pension Plan trust, which would give our earnings a huge immediate boost. In addition, with the annual 9.5% assumed rate of return on its investments, our annual contributions to the Plan in the future will also be reduced, further increasing our profitability.

We will need to fire our stuffy, conservative old investment firm that has managed the pension plan investments up till now, of course, since there is no way the Plan can earn 9.5% a year on the stodgy kinds of things they have been investing in. Our stockbrokers have recommended an aggressive money management firm that has a great track record, and says they can earn AT LEAST 20% a year returns for us if we let them manage the Pension Plan funds.

Of course, the downside is that, if our money managers fail to earn the assumed 9.5% annual return on the pension plan funds, the Plan will become underfunded, and we will have to make up the difference -- or if they actually lose money on the investments, there will no longer be any ""cushion"" to absorb such losses, and if we can't come up with the amount of underfunding.... Well, too bad for employee pensions.... They will have to live on their Social Security.... (But if we go broke, isn't it fair that the employees go down with us?)

DECISION:  DO WE RAID THE PENSION PLAN, AND BOOST EARNINGS?","제목: @CORPFULL 연금 초과 적립 문제
발신: 직원복지팀

최근 수년간 저희 회사의 직원 퇴직연금 펀드의 주식 및 채권 투자 성과가 대단히 좋았습니다. 연금 컨설턴트들의 보고에 따르면, 직원들의 퇴직 및 수급 시점까지 펀드 운용 수익률을 연 5%로 잡는 현재의 보수적인 기준을 적용하더라도 연금 자금이 다소 초과 적립되어 있는 상태입니다.

여기에 더 좋은 소식이 있습니다. 계리사들의 분석에 따르면, 향후 연금 자산의 운용 수익률 가정을 연 9.5%로 상향 조정할 경우, 연금 펀드는 단순한 소폭 초과 수준을 넘어 약 @AMOUNT에 달하는 거액의 초과적립금을 보유한 것으로 평가됩니다.

다시 말해, 이 돼지 저금통을 깨서 초과적립금을 빼내 회사 수익으로 잡음으로써 당장의 공시 실적을 폭발적으로 끌어올릴 수 있다는 의미입니다. 게다가 기대수익률을 9.5%로 높여두면 향후 회사가 연금에 납입해야 할 매년의 납입금 부담까지 줄어들어 수익성이 더욱 개선됩니다.

물론 지금까지 연금 자산을 운용해 온 답답하고 보수적인 기존 투자자문사는 해고해야 할 것입니다. 이 자들이 투자해 온 고리타분한 자산들로는 연 9.5%의 수익률을 낼 수 없기 때문입니다. 저희 회사의 증권 브로커들은 훌륭한 실적을 보유한 공격적인 자산운용사를 추천했으며, 이들에게 연금 펀드를 맡길 경우 연 최소 20% 이상의 수익률을 올려줄 수 있다고 장담하고 있습니다.

물론 위험도 존재합니다. 자산운용사가 목표한 연 9.5%의 수익률을 달성하지 못할 경우 연금 펀드는 적립 부족 상태에 빠지게 되며, 회사가 그 차액을 메꿔야 합니다. 만약 투자에서 손실이라도 나게 된다면 손실을 흡수해 줄 '쿠션'마저 사라지게 되므로, 회사가 부족분을 메꾸지 못할 경우… 뭐, 직원들의 퇴직금은 날아가는 셈입니다. 그 사람들은 연금으로 연명해야겠지요… (하지만 회사가 망한다면 직원들도 같은 배를 탔는데, 같이 가라앉는게 공평하지 않겠습니까?)

결정: 연금 펀드에서 자금을 빼내 실적을 끌어 올리시겠습니까?",
event_finance29,"SUBJ:  IMPROVING REPORTED FINANCIAL RESULTS TO:    @CORPFULL MANAGEMENT TEAM FROM:  INVESTOR RELATIONS DEPARTMENT

As you know from the latest internal audit reports, we are incurring serious losses, which are causing a loss of confidence by investors, with major adverse consequences for the price of @CORP's stock, which will be especially costly to top management, since your compensation packages are closely tied to the price of @CORPFULL's stock.

Our creative outside auditors have come up with a brilliant plan, whereby we can set up a number of offshore partnerships in Bermuda and the Cayman Islands, and ""bury"" our current losses in the partnerships, keeping the red ink off the corporation's books. This will magically transform our losses into profits we can report to our stockholders, before they become too restless and start filing lawsuits against us for mismanagement of the company (or, worse, vote out our current Board of Directors and replace them with new directors, who might fire us all and force us to find REAL jobs elsewhere).

This plan, of course, entails some risk, if anyone should ever find out that we are concealing all our losses in the offshore partnerships. No ""paper trail"" is to be created to show how the losses are being hidden in the partnerships. Instead, we will keep all records and correspondence in this matter in the form of electronic files and e-mails, which can quickly be erased if it appears our operation is about to be uncovered by the government or other suspicious persons. This memo will be the last bit of paper documentation regarding this program, and should be shredded immediately after you have read it.

All subsequent communications must be electronic communication that can be completely erased, when necessary, by using a software product like ""BleachBit"" to wipe hard drives, before taking a sledgehammer to them.

DECISION:  DO WE ""BURY"" OUR LOSSES IN THE OFFSHORE PARTNERSHIPS?","제목: 발표 실적 개선 방안
수신: @CORPFULL 경영진
발신: 투자자관계 (IR) 부서

최근 내부 감사 보고서를 통해 잘 알고 계시듯, 저희는 심각한 적자를 기록하고 있습니다. 이로 인해 투자자들의 신뢰가 떨어지고 있으며, @CORP의 주가에 대형 악재로 작용하고 있습니다. 특히 경영진 여러분의 보너스가 @CORPFULL 사의 주가와 밀접하게 연동되어 있다는 점에서 대단히 치명적인 상황입니다.

저희 기업의 뛰어난 창의력을 가진 외부 감사인들이 이에 대해 영리한 대책을 마련했습니다. 버뮤다와 케이맨 제도에 수많은 역외 파트너십 유령회사를 설립한 뒤, 현재의 적자를 해당 파트너십에 '매립'하여 본사의 회계 장부에서 적자를 싹 지워버리는 방식입니다. 이렇게 하면 주주들이 경영 부실을 이유로 소송을 걸거나, 더 악화되어 이사회를 교체하고 우리를 전원 해고하여 진짜 일자리를 알아보게 만드는 사태가 오기 전에 적자를 마법처럼 흑자로 탈바꿈할 수 있습니다.

물론 이 계획에는 어느 정도 위험이 따릅니다. 우리가 모든 손실을 역외 파트너십에 숨기고 있다는 사실이 만에 하나라도 밝혀진다면 말이죠. 이 은폐 방식이 조금이라도 드러 난 ""서류상 흔적""은 절대 남기지 않아야 합니다. 이 문제에 관한 모든 기록과 서신은 전자 파일과 이메일 형태로만 남기고, 정부나 기타 의심스러운 인물들에게 우리 작전이 발각될 조짐이 보이면 즉시 삭제할 수 있도록 해야 할 것입니다. 이 메모는 이 계획과 관련해 남기는 마지막 종이 문서가 될 것이며, 읽은 즉시 파기해야 합니다.

이후 모든 소통은 완전히 삭제 가능한 전자 문서로만 진행하며, 필요시 망치로 하드디스크를 깨부수기 전에 '블리치비트' 같은 소프트웨어를 사용해 파일 기록을 완전히 밀어버려야 합니다.

결정: 손실을 역외 파트너십에 ""매립"" 하시겠습니까?",
event_finance30,"@CORPFULL OPERATING PROFITS TO BE BUOYED BY UNCANNILY GOOD TIMING ON FUTURES MARKET TRADES

Inside sources in Wall Street have broken the news that major futures trading profits, estimated at approximately @LOSS., will aid this quarter's earnings at @CORPFULL.

Reportedly, these speculative profits were earned almost overnight by the company's trading in @YEAR.

The company's CEO is apparently taking full credit for this brilliant financial coup, and is said to have strenuously denied insinuations that the excellent timing of the company's trades was based on any kind of inside information about the futures contracts in question. Allegedly, the bonanza was the result of careful research or good luck, not due to an insider tipoff prior to the highly favorable announcement that was made by the @FACT just hours after the company acquired its massive positions in @YEAR contracts.

While these wildly profitable trades were made in an offshore account and perhaps could have been kept secret, the company said it has, as a good corporate citizen, reported the entire gains for income tax purposes.","@CORPFULL, 선물시장 거래에서 기막힌 타이밍으로 영업이익 껑충

월가 내부 소식통에 따르면 약 @LOSS에 달하는 대규모 선물 거래 이익이 이번 분기 @CORPFULL 사의 실적을 크게 견인할 것이라는 소식이 전해졌습니다.

보도에 따르면 이러한 투기적 이익은 당사가 @YEAR 거래를 통해 하룻밤 사이에 거둬들인 것으로 알려졌습니다.

회사의 CEO는 이번 눈부신 성과에 대한 공로를 전적으로 자신에게 돌리고 있으며, 해당 선물 계약과 관련된 내부자 정보에 기반해 기가 막힌 매매 타이밍을 잡았다는 식의 소문은 강력히 부인하고 있는 것으로 전해집니다. 이번 호재는 회사가 @YEAR 계약에 대규모 포지션을 확보한 지 불과 몇 시간 만에 발표된 @FACT의 대형 호재성 발표 직전에 이뤄졌으나, 내부자의 기밀 정보 덕분이 아니라 면밀한 조사와 단순한 운의 결과라는 것이 사측의 주장입니다.

이러한 거대한 수익은 역외 계좌를 통해 암암리에 은폐될 수도 있었으나, 회사는 선한 기업 법인으로서 해당 이익 전액을 소득세 과세 대상으로 투명하게 신고했다고 밝혔습니다.",
event_finance31,"@CORPFULL ANNOUNCES BAD LOAN WRITE-OFFS:

Once again, one of the major international banks has gotten badly burned in connection with high-risk loans made to hopeless, ""basket case"" governments in war-torn Third World countries, where there is no reasonable prospect of repayment of the loans, or even of the interest.

This time, the patsy was @CORPFULL.

Today, @CORPFULL reported bad debt losses of @AMOUNT. on loan guarantees it made only a few months ago on various loans made to the governments of the shattered nations of @YEAR and Afghanistan.

A bank spokesperson said that the write-offs would have been made earlier, except that until recently the bank was still expecting a government bailout, which apparently will not be forthcoming this time, since the government @FACTis itself virtually bankrupt now....

In related news, the band of thieves who ruled @YEAR and completely looted the national treasury (after borrowing abroad) have @LOSS.","@CORPFULL, 부실 대출 대손상각 발표:

또다시 주요 국제 은행 중 한 곳이 전쟁으로 피폐해진 제3세계의 대책 없는 ""저능아"" 정부들에게 고위험 대출을 제공했다가 험하게 물렸습니다. 이들 국가는 원금은커녕 이자 상환조차 기대하기 어려운 상황입니다.

이번에 덜미를 잡힌 희생양은 바로 @CORPFULL입니다.

오늘 @CORPFULL은 불과 수개월 전 아프가니스탄 등 @YEAR 붕괴한 국가들의 정부를 대상으로 제공했던 대출 보증과 관련하여 @AMOUNT 규모의 부실채권 손실을 공식 보고했습니다.

은행 대변인은 당초 정부의 구제금융을 기대하느라 대손상각 처리가 지연되었으나, 현재 @FACT 정부 자체가 사실상 파산 상태에 직면하여 더 이상의 구제금융을 기대할 수 없게 됨에 따라 결국 손실 처리를 단행했다고 밝혔습니다…

한편, @YEAR를 통치하며 국고를 탈탈 털어먹었던 도둑 떼거리는 해외에서 자금을 빌린 뒤 @LOSS 한 것으로 확인됐습니다.",
event_finance32,"PROMOTERS OF STOCK SALE IN DEFUNCT GOLD MINE GET PRISON SENTENCES; @CORPFULL LIABLE FOR DAMAGES IN EXCESS OF @AMOUNT MILLION

A group of @FACT stockbrokers were sentenced to lengthy prison terms today by a @YEAR, for committing massive securities fraud, and a major mining corporation, @CORPFULL, was socked for @AMOUNT. in civil damages for its part in the sordid affair. According to the prosecuting attorney in the case, the brokers and a sleazy group of promoters, who have run similar ""penny mining stock"" scams in the past, jointly approached @CORPFULL with a clever plan to ""salt"" its longdefunct El Capitan gold mine in Montana with a few gold nuggets, create a lot of publicity about a possible huge gold strike, and then, with the complicity of the mining company, @CORPFULL, offer to sell interests in the worthless mine to gullible investors. The stockbrokers will all be serving long terms in prison, but, unfortunately, the ""flimflam"" men who devised the scheme are in Costa Rica....","@CORPFULL, 폐광 주가 조작 사기 연루로 @AMOUNT백만 달러 배상금 부과… 주범 집행유예 및 실형 선고

@FACT 증권 브로커 일당이 대규모 증권 사기 혐의로 @YEAR 법원으로부터 중형을 선고받았으며, 주가 조작 공모에 가담한 대형 광산 기업 @CORPFULL에는 @AMOUNT 규모의 민사 손해배상금이 부과되었습니다. 검찰 조사 결과, 과거에도 '저가 광산주' 사기를 전전하던 브로커 및 불법 작전 세력이 @CORPFULL 측에 접근해 본 공모를 주도한 것으로 확인됐습니다. 이들은 몬태나의 폐광인 엘 카피탄 금광에 금 조각을 매장해 가짜 낭설을 유포한 뒤, 소유주인 @CORPFULL의 방조 및 공모 하에 가치가 무용한 지분을 선량한 개미 투자자들에게 매각했습니다. 브로커 일당은 장기 복역에 처해졌으나, 본 사기극을 총지휘한 핵심 주모자들은 이미 코스타리카로 도피한 상태입니다.",
event_finance33,"@CORPFULL USED PHONY COMPANY TO DEFRAUD POLICYHOLDERS, MUST PAY DAMAGES OF @AMOUNT MILLION....

Thousands of policyholders were left holding the bag during the recent devastating @FACT, when they learned that the company that had actually issued their low-cost @MISC insurance policies was a phony Bahamian insurance company with zero assets, and not @CORPFULL.

Investigators hired by the law firm representing the victimized policyholders were able to trace the laundered funds that were taken out of the Bahamas company before it went belly-up, despite a convoluted trail that led through layers of phony subsidiaries in Panama, Liechtenstein, Vanuatu and the Cayman Islands.  Ultimately, the money came back into the hands of @CORPFULL, through a secret slush fund.

The final nail in the coffin for the defendant insurance company was a ""For Your Eyes Only"" memo to the CEO of the company, which a disgruntled secretary of the CEO mailed to the plaintiffs when she learned about the investigation....","@CORPFULL, 유령 회사 동원한 보험 가입자 사기 행각 적발… @AMOUNT백만 달러 규모 손해배상 판결

최근 막대한 피해를 남긴 @FACT 사태 당시 수천 명의 가입자들이 피눈물을 흘려야 했습니다. 저렴한 맛에 가입했던 @MISC 보험 상품의 실제 발급 주체가 @CORPFULL이 아닌, 자산이 전혀 없는 바하마의 유령 보험 회사라는 사실이 뒤늦게 밝혀졌기 때문입니다.

피해 가입자 측 법률대리인이 고용한 전문 조사단은 바하마 법인이 파산 직전 빼돌린 세탁 자금의 출처를 끝까지 추적해 냈습니다. 파나마, 리히텐슈타인, 바누아투, 케이맨 제도 등 다단계 페이퍼 컴퍼니를 거친 복잡한 자금 세탁 경로에도 불구하고, 해당 자금은 비밀 비자금을 거쳐 결국 @CORPFULL 측으로 최종 흘러들어간 것으로 확인됐습니다.

이번 재판에서 피고 보험회사에 결정타를 날린 증거는 CEO에게 전달되었던 ""비밀 유지"" 내부 보고서였습니다. CEO의 비위 행위에 불만을 품고 있던 비서가 당국의 수사 진행 소식을 접한 뒤 해당 문건을 원고 (피해자) 측에 제보하면서 범죄 행각이 천하에 드러나게 되었습니다…",
event_finance34,"WALL STREET SHOCKED BY LOOTING OF @CORPFULL: PHONY ACCOUNTING, PHONY ASSETS, CROOKED MANAGERS....

The company's entire management team has apparently fled to Brazil, Panama, and to other countries with no extradition treaties. It seems that most of the company's assets were overstated and liabilities may have been understated. Most of the liquid assets seem to have disappeared, without a trace, into numbered accounts in places like the Cayman Islands, Liechtenstein, Vanuata, and the Bahamas....

What's left is largely an empty shell, with only a fraction of the assets that appeared to be there earlier. The FBI and INTERPOL are investigating, but hold out little hope for the recovery of any of the missing assets. On Wall Street, trading was halted on the company's stock as it plunged towards zero. This thorough plundering of a large, supposedly solid company has to be a severe shock to the shareholders, including the many widows, orphans and pensioners whose savings were invested, directly or indirectly, in @CORPFULL.","@CORPFULL 자산 약탈에 월가 충격: 가짜 회계, 가짜 자산, 부패한 경영진…

이 회사의 전체 경영진은 인도조약이 없는 브라질, 파나마 등 여러 나라로 도주한 것으로 보입니다. 대부분의 회사 자산은 부풀려졌고 부채는 축소되었을 가능성이 있습니다. 유동자산 대부분은 케이맨제도, 리히텐슈타인, 바누아투, 바하마 같은 곳의 익명 계좌로 흔적도 없이 사라진 것으로 보입니다…

남은 것은 대부분 이전에 있던 것으로 보였던 자산의 극히 일부만 남은 빈 껍데기입니다. FBI와 인터폴이 수사 중이지만, 사라진 자산의 회수에는 큰 기대를 걸지 않고 있습니다. 월가에서는 회사 주가가 제로를 향해 폭락하며 거래가 중단되었습니다. 대형 우량 기업으로 여겨졌던 회사가 이렇게 철저히 약탈당한 것은, @CORPFULL에 직간접적으로 저축을 투자한 수많은 미망인, 고아, 은퇴자를 포함한 주주들에게 큰 충격이 아닐 수 없습니다.",
event_finance35,"@CORPFULL CHARGED WITH BRIBERY IN CONNECTION WITH PUBLIC OFFERING OF ITS STOCK

There's trouble in River City....Or, more precisely, in the state of @FACT. Trouble for @CORPFULL.

It seems that, a while back, a substantial bribe was paid to the (now incarcerated) Commissioner of Securities of the state of @FACT, by @CORPFULL.

This inconvenient, ugly fact came out in the course of an FBI sting operation that put the aforesaid Commissioner to work in a Federal prison, making license plates. This got the SEC, as well as the Justice Department into the act, and officials of the company have now agreed to pay a fine to the Federal government for criminal and civil fraud, violations of RICO statutes, etc., in the amount of @AMOUNT million.

On Wall Street, @CORPFULL shares headed south.

Trading in the company's stock was halted by the stock exchange, and is not expected to resume until tomorrow, at the earliest.","@CORPFULL, 주식 공모와 관련해 뇌물수수 혐의로 기소

리버시티에 문제가 생겼습니다… 아니, 더 정확히는 @FACT주입니다. @CORPFULL에 문제가 생겼습니다.

얼마 전 @CORPFULL 측이 현재 수감 중인 @FACT주 증권감독관에게 거액의 뇌물을 지급한 것으로 보입니다.

이 불편하고 추악한 사실은 FBI 함정수사 과정에서 드러났으며, 이 결과 해당 감독관은 연방교도소에서 번호판을 만들며 복역 중입니다. 이 사건으로 SEC와 법무부까지 나서게 되었고, 이 회사 경영진은 이제 RICO법 위반 등 형사·민사 사기 혐의로 연방정부에 @AMOUNT백만 달러의 벌금을 지급하기로 합의했습니다.

월가에서는 @CORPFULL 주가가 하락세를 보였습니다.

이 회사 주식 거래는 증권거래소에 의해 중단되었으며, 빨라도 내일까지는 재개되지 않을 것으로 예상됩니다.",
event_finance36,"@CORPFULL SUFFERS DISASTROUS LOSSES FROM UNAUTHORIZED SPECULATION IN @LOSS

@CORPFULL's auditors report that the company has incurred losses of @AMOUNT., as a result of speculation on a vast scale by a rogue employee, who acted without authorization or knowledge of corporate officers. The low-level employee, who was being held by the FBI and was facing possible criminal charges, has died under mysterious circumstances while in custody. Thus, it is now uncertain if investigators will ever discover why the employee chose to embark upon his course of reckless speculation in @YEAR with company funds.

What is known is that his trading positions, taken just before a very favorable announcement by the @FACT, were initially very profitable, but that the market then turned sharply against him the next few days, resulting in huge losses as he tried to ""average down"" by increasing his positions in @YEAR contracts. As is true for 98% of speculators in the futures markets, he lost heavily and consistently. While the trading was conducted in a secret offshore account, the existence of this covert operation was discovered by outside auditors who followed up on the large flow of funds into the offshore account to cover the firm's heavy losses.

Top officials of the @MISC expressed shock that one of their employees could have engaged in such reckless speculation, completely without the knowledge or consent of upper-level management. The @MISC's CFO promised that, ""I can assure our stockholders that this kind of thing will never happen again. Not on my watch!""","@CORPFULL, @LOSS의 무단 투기로 재앙적 손실 발생

@CORPFULL의 감사인들은 회사 임원들의 승인이나 인지 없이 독단적으로 행동한 한 직원이 대규모 투기를 벌인 결과 회사가 @AMOUNT.의 손실을 입었다고 보고했습니다. FBI에 구금되어 형사 기소 가능성에 직면했던 이 하급 직원은 구금 중 의문의 상황에서 사망했습니다. 이에 따라 조사관들이 이 직원이 왜 회사 자금으로 @YEAR년물에 무모한 투기를 벌이게 되었는지는 영영 밝혀지지 않을 가능성이 커졌습니다.

밝혀진 바에 따르면, @FACT의 매우 유리한 발표 직전에 취한 그의 거래 포지션은 초기에는 대단히 수익성이 좋았습니다. 하지만 이후 며칠 사이 시장이 그에게 불리하게 급격히 돌아섰고, 그가 @YEAR년물 계약 포지션을 늘려 ""물타기""를 시도하면서 막대한 손실로 이어졌습니다. 선물시장 투기자의 98%가 그렇듯이, 그도 지속적으로 큰 손실을 봤습니다. 거래는 비밀 역외 계좌를 통해 이루어졌지만, 회사의 막대한 손실을 메우기 위해 역외 계좌로 흘러들어가는 대규모 자금 흐름을 추적한 외부 감사인들에 의해 이 비밀 작전의 존재가 발각되었습니다.

@MISC의 고위 관계자들은 자사 직원 한 명이 상급 경영진의 인지나 동의 전혀 없이 그런 무모한 투기를 벌일 수 있었다는 사실에 충격을 표했습니다. @MISC의 CFO는 ""우리 주주 여러분께 이런 일이 다시는 일어나지 않을 것이라 확신시켜 드립니다. 제가 있는 한 절대 없습니다!""라고 다짐했습니다.",
event_finance37,"@CORPFULL AND ITS C.E.O. SUED BY SHAREHOLDERS

Some time back, a whopping bonus of @AMOUNT million was paid by @CORPFULL to its C.E.O., @CHEATER.

Allegedly, the defendant served in the position of C.E.O. and Chairman of the Board for @CORP, but performed poorly, in terms of effectiveness as a manager, and certainly not well well enough by any stretch of the imagination to have earned the huge bonus paid by @CORPFULL.

Reportedly, the noted corporated raider, @CHEATER, rarely showed up at the corporate offices or even for board meetings, according to unnamed sources close to the company. The defendant C.E.O. was apparently more deeply engaged in yacht racing snd hanging out with Hollywood celebrities than devoting time to managing the company, while raking in a large salary and then the enormous bonus.

That bit of corporate largesse has come back to haunt both the company and the recipient, as a horde of hungry securities lawyers have filed shareholder derivative actions against both the @FACT C.E.O. and @CORPFULL.

Today, a federal court awarded the enraged @CORP shareholders a judgment in the amount of @AMOUNT., which includes substantial punitive damages, as well as to recoup the @AMOUNT million paid by the company (with no apparent reason) to its ex-C.E.O. (In a shareholder derivative action, damages that are awarded are paid to the suing shareholders by the corporation.)

In a separate state action, the Delaware Chancery Court has ordered the C.E.O. who received the massive bonus to pay it all back, plus some @AMOUNT million in interest and fines.

Corporate crime usually pays well, but not this time....","@CORPFULL과 CEO, 주주들에게 피소

얼마 전 @CORPFULL은 CEO인 @CHEATER에게 @AMOUNT백만 달러라는 어마어마한 보너스를 지급했습니다.

피고는 @CORP의 CEO 겸 이사회 의장으로 재직했지만, 경영자로서의 경영 성과가 형편없었으며, 아무리 좋게 봐도 @CORPFULL이 지급한 그 막대한 보너스를 받을 만한 성과는 결코 아니었던 것으로 알려졌습니다.

보도에 따르면, 이 유명 기업사냥꾼 출신 @CHEATER는 회사 측 익명 소식통에 따르면 사무실이나 이사회 회의에 거의 모습을 드러내지 않았다고 합니다. 피고 CEO는 회사 경영에 시간을 쏟기보다는 요트 경주와 할리우드 유명인들과 어울리는 데 더 깊이 몰두하면서도, 고액 연봉과 이어서 그 엄청난 보너스까지 챙겼습니다.

이런 기업의 후한 인심은 결국 회사와 수령자 모두에게 부메랑이 되어 돌아왔습니다. 굶주린 증권 전문 변호사 무리가 @FACT CEO와 @CORPFULL을 상대로 주주대표소송을 제기했기 때문입니다.

오늘 연방법원은 분노한 @CORP 주주들에게 @AMOUNT.의 판결금을 지급하라는 판결을 내렸으며, 여기에는 상당한 징벌적 손해배상과 회사가 아무런 명분도 없이 전 CEO에게 지급한 @AMOUNT백만 달러를 회수하는 금액이 포함됩니다. (주주대표소송에서 지급되는 손해배상금은 소송을 제기한 주주들에게 회사가 지급합니다.)

별도의 주 법원 소송에서 델라웨어 형평법원은 그 거액의 보너스를 받은 CEO에게 전액 반환에 더해 이자 및 벌금 @AMOUNT백만 달러를 지급하라고 명령했습니다.

기업 범죄는 대개 돈이 되지만, 이번에는 그렇지 않았습니다.",
event_finance38,"@CORPFULL HIT FOR BACK TAXES ON @AMOUNT MIL. ""OVERSIGHT""....

The company reported today that it has settled a dispute with tax collectors over the taxability of a financial transaction entered into by @CORPFULL in a prior tax year.

The company ""forgot"" to report the transaction on its tax return, resulting in an understatement of its tax liability for the year in question by some @AMOUNT mil., which it must now pay over to the @MISC.

The company, in a press release, said it concedes that the government is correct in asserting that the tax was owed, and it blamed its failure to report the transaction on negligence by a female junior accountant (since fired) who participated in the preparation of the erroneous tax return.

In addition to paying the tax, the company also agreed to pay a @AMOUNT million civil fraud penalty, as well as about @AMOUNT million in other miscellaneous tax penalties and interest on the tax deficiency. The total tax and other payments the company must make amount to some @LOSS. altogether.","@CORPFULL, @AMOUNT백만 달러 ""누락"" 세금 추징당해…

이 회사는 오늘 @CORPFULL이 이전 과세연도에 체결한 금융거래의 과세 여부를 둘러싼 세무당국과의 분쟁을 해결했다고 발표했습니다.

이 회사는 해당 거래를 세금 신고에서 고의로 ‘누락’했고, 그 결과 해당 연도의 세금 부담을 약 @AMOUNT백만 달러 과소 계상했으며, 이제 @MISC에 이를 납부해야 합니다.

이 회사는 보도자료를 통해 정부의 세금 부과가 정당하다는 점을 인정하며, 문제가 된 세무 신고서 작성에 참여했던 한 여성 하급 회계사 (이후 해고됨)의 과실 탓으로 신고 누락을 돌렸습니다.

세금 납부 외에도 이 회사는 @AMOUNT백만 달러의 민사 사기 벌금과 함께 세금 미납분에 대한 이자 및 기타 각종 세무 가산세로 약 @AMOUNT백만 달러를 추가로 납부하기로 합의했습니다. 회사가 지불해야 할 세금 및 기타 지급액 총액은 대략 @LOSS.에 달합니다.",
event_finance39,"@CORPFULL LOSES HUGE SECURITIES FRAUD LAWSUIT....

A Federal Appeals Court has upheld a jury verdict in the District Court for the Southern District of New York, in which jurors awarded defrauded security holders of the company a verdict for @AMOUNT million in damages.

@CORPFULL is in the @IND industry.

The gravamen of the complaint was that the company inflated its earnings by reporting phantom gains on certain saleleaseback financing transactions, in clear violation of generally accepted accounting principles. The company was apparently able to get its prestigious outside accounting firm, Countem, Footit, Pluggit & Waterstock, to go along with reporting the large, non-existent gains by bribing a key audit partner of the CPA firm, who was allegedly enlisted and paid personally by the C.F.O. of @CORPFULL.","@CORPFULL, 거액의 증권사기 소송 패소…

연방항소법원은 뉴욕남부지구 지방법원의 배심원 평결을 인정했으며, 배심원단은 사기 피해를 입은 회사의 증권 보유자들에게 @AMOUNT백만 달러의 손해배상 판결을 내렸습니다.

@CORPFULL은 @IND 업계에 속해 있습니다.

소장의 핵심 주장은 이 회사가 특정 세일-리스백 금융거래에서 존재하지 않는 이익을 신고함으로써 실적을 부풀렸으며, 이는 일반적으로 인정되는 회계원칙을 명백히 위반한 것이라는 점입니다. 이 회사는 저명한 외부 회계법인인 카운템, 푸티트, 플러기트 앤 워터스톡을 매수하여 그 거액의 실체 없는 이익을 신고하는 데 동조하게 만든 것으로 보입니다. 이는 @CORPFULL의 CFO가 개인적으로 회유하고 매수한 것으로 알려진 이 회계법인의 핵심 감사 파트너를 통해 이루어졌습니다.",
event_food1,"FOOD RIOTS CONTINUE IN RUSSIA AND UKRAINE

The chaotic situation in the Russian Republic and much of Eastern Europe has grown more tense as food riots erupted yesterday in parts of the Russian and Ukrainian republics. The entire fabric of civilization in Eastern Europe and European Russia seems to be breaking down, in the wake of the deadly viral epidemics resulting from use of biological weapons in the long-running border war between Russia and the Ukraine. The brief but lethal Five-Day War erupted after the Ukraine refused to take necessary steps to deal with the latest meltdown of its Chernobyl reactors, which have been spewing out vast radioactive clouds for nearly 3 months, carried by prevailing winds over much of European Russia and Scandinavia. (The conflict was mercifully short, as both sides expended their entire stockpiles of chemical and biological weapons on each other in less than one week.)

Today, hundreds of thousands of Russian citizens are reported to be on the march, on foot, crossing into Poland and Finland in a frantic search for food, and to escape the raging epidemics of lethal, untreatable viruses....

Meanwhile, in Washington, a Senate select committee will begin hearings tomorrow to investigate several U.S. drug and biotech companies, which allegedly were handsomely paid to help develop some of the more virulent disease strains that were used by the Ukrainian side in the war....","러시아와 우크라이나에서 계속되는 식량 폭동

러시아와 우크라이나 공화국에서 어제 식량 폭동이 발생했습니다. 이로 인해 러시아 공화국을 포함한 동유럽 대부분 지역에서 혼란스러운 상황이 이어지고 있습니다. 러시아와 우크라이나 간의 국경 분쟁 과정에서 사용된 생물학 무기로 인해 치명적인 바이러스 전염병이 퍼져나갔고, 그 여파로 동유럽과 러시아의 유럽 지역의 문명 기반 전체가 붕괴되고 있는 것으로 보입니다. 우크라이나가 또다시 발생한 체르노빌 원자로의 멜트다운 (노심융합) 사태에 필요한 조치를 취하기를 거부하자, 짧지만 수 많은 인명 피해를 발생시킨 '5일 전쟁'이 발발했습니다 원자로는 거의 3개월 동안 방사능 구름을 내뿜어왔으며, 바람을 타고 방사능 물질이 러시아의 유럽 지역과 스칸디나비아 지역으로 퍼지고 있습니다. (양측 모두, 일주일도 안 되는 기간에 화학 및 생물학 무기 비축분을 모두 소진했기에, 이 분쟁은 다행히 짧게 끝났습니다)

최근에는 수십만 명의 러시아 시민들이 식량을 구하고 치명적인 바이러스 전염병을 피하기 위해 걸어서 폴란드와 핀란드 국경을 넘어가고 있다고 합니다…

한편 워싱턴에서는 상원 특별 위원회가 내일 열리는 청문회를 통해 여러 미국 제약 및 생명공학 기업들을 조사할 예정입니다. 이들 기업은 우크라이나가 전쟁에서 사용한 유독성 변종 병원체를 개발하는 데 협조하고 거액의 대가를 받았다는 의혹을 받고 있습니다…",
event_food2,"GLOBAL ECONOMIC GROWTH SLOWING TO A CRAWL, AS POPULATION EXPLOSION AND FOOD/ENERGY SHORTAGES WEIGH ON ECONOMIES

From Wall Street to Tierra del Fuego to the slums of Calcutta, the world has become seriously overpopulated, and as shortages of food and energy disrupt the social fabric in all parts of the globe, the world economy has ceased growing, and a global depression seems imminent.  As one social scientist put it, after studying the problem of homeless hordes sleeping on the streets or in abandoned cars in what was once the prosperous city of San Francisco, ""It's grim, and the future looks even grimmer. Whoever that guy was, back in 1973 or so, who wrote the screenplay for the futuristic movie 'Soylent Green' was either a complete, freaking genius, or else he had a crystal ball....""","인구 폭증과 식량·에너지 부족으로 세계 경제성장 거의 멈춰서

월가에서 티에라 델 푸에고, 캘커타 빈민가에 이르기까지 세계는 심각한 인구 과잉 상태에 빠졌습니다. 식량과 에너지 부족이 전 세계 사회 구조를 뒤흔들면서 세계 경제 성장은 멈춰섰습니다. 전 세계적 경기 침체가 임박한 것으로 보입니다. 한 사회과학자는 한때 번영을 누렸던 샌프란시스코에서 떼를 지은 노숙자들이 길거리나 버려진 차 안에서 잠을 자는 문제를 연구했으며, 이에 이렇게 말했습니다. ""상황이 암울합니다. 그리고 미래는 더욱 암울할 것 같습니다. 1973년 즈음 그 영화 '소일렌트 그린'의 각본을 썼던 그 사람이 누구였든, 세기의 천재였거나 아니면 정말로 미래를 보는 수정구슬이라도 갖고 있었나 봅니다…""",
event_food3,"AGRIBUSINESS FIRM @CORP HELD LIABLE IN PRODUCT LIABILITY CASE;

In a landmark product liability decision, agribusiness firm @CORP was held liable, and will have to pay massive compensatory and punitive damages, in the amount of @TEXTSTRING, to millions of consumers who claim they grew fat and unhealthy as a result of eating foods grown or sold by @CORP.

This is the first case in which a grower of food crops has been held liable for the eating habits of consumers, and in view of the massive damage award, a spokesman for the company said that the firm is considering a possible bankruptcy filing.","농업기업 @CORP, 제조물 책임 소송에서 패소

선례로 남게 될 이번 제조 책임 판결에서 농업기업 @CORP이/가 책임을 지게 되었습니다. @CORP은/는 @CORP이/가 생산·재배하거나 유통 및 판매한 식품을 섭취한 여파로 비만을 비롯해 건강에 악영향을 받았다고 주장하는 수백만 명의 소비자들에게 @TEXTSTRING에 달하는 막대한 보상적·징벌적 손해배상금을 지급해야 합니다.

이는 일반 식량 작물 생산 업체가 소비자의 식습관에 대해 책임을 지게 된 첫 사례로, 막대한 손해배상 판결을 감안하여 회사 대변인은 파산 신청을 검토하고 있다고 밝혔습니다.",
event_food4,"FIRST SUCCESSFUL PRODUCT LIABILITY SUIT AGAINST ALCOHOL BEVERAGE MAKERS RESULTS IN HUGE DAMAGE AWARD

A southern (U.S.) jury has handed down a @TEXTSTRING judgment against alcoholic beverage producer @CORP, awarding punitive and compensatory damages to drinkers for liver damage or for other health problems, such as diabetes, that may have been caused, or at least aggravated, by their excessive consumption of alcoholic beverages, some of which beverages were made and sold by @CORP.

After hundreds of similar lawsuits against the alcoholic beverage makers were thrown out of court over the last few decades, attorneys for the plaintiffs were finally able to find a jury in a rural area of a southern state who agreed with their contention that the beverage makers, and not the users, were responsible for the drinkers' alcoholism and other health problems due to over-consumption of alcohol. Shares of @CORP plunged on the news.","주류 제조사 상대 첫 제조물 책임 소송 승리, 거액 배상 판결로 이어져

미국 남부 지역 법원의 한 배심원단이 주류 제조업체 @CORP을/를 상대로 @TEXTSTRING 판결을 내렸습니다. 이에 따라 @CORP은/는 간 손상이나 당뇨병 등, 자사가 제조·판매한 주류의 과도한 섭취로 인해 과도한 음주로 인해 직접적으로 유발되었거나 적어도 악화된 것으로 보이는 건강 상의 문제에 대해 음주자들에게 징벌적·보상적 손해배상금을 지급해야 합니다.

지난 수십 년간 주류 제조사를 상대로 한 수백 건에 달하는 유사 소송이 각하 및 기각되어 왔으나, 원고 측 변호인단은 마침내 주 외곽 시골 지역의 배심원단으로부터 ""과도한 음주로 인한 알코올 중독 및 건강 악화의 최종 책임은 소비자가 아닌 제조사에 있다""는 주장에 동의하는 배심원단을 찾아내는 데 성공했습니다. 이 소식에 @CORP의 주가는 폭락했습니다.",
event_food5,"FOOD COMPANY HIT BY MASSIVE PRODUCT LIABILITY JUDGMENT

@CORP, a seller of packaged foods, will have to pay product liability damages to compensate millions of consumers who say the company sold them mass quantities of fattening, artery-clogging foods.  A jury has awarded a group of plaintiffs a judgment of @TEXTSTRING in the case. The jury apparently accepted claims made by the plaintiffs' attorneys that cheese contains a protein that, when it is metabolized, breaks down into morphine-like compounds and other opiates that can cause addiction to eating. This crucial argument, that food companies were selling addictive substances, was similar to the addiction arguments made in tobacco litigation in previous decades, which proved to be the key to breaking down the defenses of the tobacco industry, which had successfully defended hundreds of court cases up to that point.

Defendants sought to introduce evidence that residents of France eat much more cheese per capita than in the U.S. and have very little obesity. However, the evidence was excluded, since the instant case involved obesity in the United States, not France.

With this case as a precedent, industry groups warn that money-hungry personal injury lawyers will now be filing hundreds, or thousands, of similar suits against other food packaging and processing companies, restaurants, farmers, ranchers, and supermarkets, all of whom are involved at some stage in the production, sale or distribution of foods that can be fattening, if consumed in excessive quantities.","식품회사, 대규모 제조물 책임 판결로 타격

포장식품 판매업체 @CORP이/가 자사의 동맥경화를 유발하는 고지방 식품을 대량으로 판매해 소비자들에게 피해를 입혔다는 주장에 따라 제조물 책임 손해배상금을 지급하게 되었습니다. 배심원단은 원고 측에 @TEXTSTRING의 배상 판결을 내렸습니다. 배심원단은 치즈에 함유된 단백질이 체내에서 대사될 때 모르핀 유사 화합물 및 기타 아편계 물질로 분해되어 음식 섭취 중독을 유발할 수 있다는 원고 측 변호인단의 주장을 받아들인 것으로 보입니다. 식품회사가 중독성 물질을 판매해왔다는 이 핵심 논리는 수십 년 전 흡연 소송에서 사용된 중독 논리와 유사합니다. 당시 이 논리는 그때까지 수백 건의 소송을 성공적으로 방어해 오던 담배업계의 강력한 방어 논리를 무력화한 결정적 열쇠가 되었습니다

피고 측은 프랑스 국민이 미국보다 1인당 치즈 소비량이 훨씬 많음에도 비만율이 매우 낮다는 증거를 제시하려 했으나, 이 사건은 프랑스가 아닌 미국 내 비만을 다루는 사안이라는 이유로 증거 채택이 거부되었습니다.

이번 판결이 선례로 남으면서, 업계 단체들은 우려하고 있습니다. 거액의 수수료를 노리는 개인상해 전문 변호사단이 식품 포장·가공업체, 레스토랑, 농가, 목장, 슈퍼마켓 등 과도하게 섭취할 경우 비만을 유발할 수 있는 식품의 생산·판매·유통에 관여하는 모든 업체를 상대로 수백, 수천 건의 유사 소송을 제기할 것이라는 경고입니다.",
event_food6,"SOFT-DRINK COMPANY HELD LIABLE FOR SELLING SUGARY, FATTENING BEVERAGES

Soft-drink maker @CORP may be forced to go out of business, in the wake of a court decision in which a court awarded plaintiffs damages of @TEXTSTRING

In this case, it was claimed that the defendant company had sold the victims sugary, fattening beverages, loaded with calories, or artificially sweetened beverages, which contained few or no calories, but tended to stimulate consumers' appetites to such an extent that those drinking the so-called ""diet"" beverages tended to gain even more weight than those drinking the sugary ones, in the case of individual victims who consumed 10 or more bottles of either type of beverage per day.

In addition, attorneys for the victims argued that many of the soft drinks sold by the defendant contained high levels of phosphoric acid, a corrosive substance which can lead to loss of bone density, erosion of tooth enamel, and other serious health problems.","청량음료 제조 기업, 고당분의 비만 음료 판매로 책임 추궁

탄산음료 제조사 @CORP이/가 법원이 원고 측 승소 판결을 내린 직후 @TEXTSTRING 상당의 손해배상금을 지급해 기업이 파산 위기에 내몰릴 가능성이 커졌습니다.

제조 회사는 칼로리가 높아 살이 찌는 설탕 음료와 열량이 거의 없거나 전혀 없음에도 불구하고 식욕을 극도로 자극하는 인공 감미료를 첨가한 이른바 다이어트 음료를 판매해왔으며, 특히 하루에 어느 쪽이든 매일 10병 이상을 다량 섭취한 과다 소비 피해자들의 경우, 다이어트 음료를 마신 이들이 오히려 일반 설탕 음료를 마신 이들보다 살이 더 쪘다는 것이 원고 측 주장입니다.

나아가 피해자 측 변호인들은 피고가 판매한 많은 탄산음료에 골밀도 감소, 치아 법랑질 부식 등 심각한 건강 문제를 야기할 수 있는 부식성 물질인 인산이 고농도로 함유되어 있다고 주장했습니다.",
event_food7,"RESTAURANT CHAIN FOUND GUILTY OF SERVING FATTENING FOODS

Restaurant company @CORP was found liable for damages of @TEXTSTRING, in a class action lawsuit where consumers claimed that they had become dangerously obese from overeating regularly at restaurants operated by the defendants. Many of the foods served by the restaurants were said to be fattening, including fried foods, meats, pasta, cheeses, cakes and pies.

The jury rejected arguments by attorneys for the defendant company that the real cause of the obesity of the customers was their gluttony, and not the company's offering of such foods, which were often the most popular items on the restaurants' menus.","레스토랑 체인, 비만 유발 음식 제공으로 유죄 판결

대형 외식 프랜차이즈 기업 @CORP이/가 집단 소송에서 @TEXTSTRING에 대한 손해배상 책임을 지게 되었습니다. 이 소송은 소비자들이 피고 측 식당에서 정기적으로 과식한 결과 건강에 위협이 될 수준의 초고도 비만 상태에 이르렀다고 주장하면서 제기되었습니다. 식당에서 제공된 음식 중에는 튀김류, 육류, 파스타, 치즈, 케이크, 파이 등 고칼로리·고지방 메뉴가 다수를 차지했다고 알려졌습니다.

피고 회사 변호사들은 고객 비만의 실질적 원인은 피고 기업의 음식 제공이 아닌 원고 개개인의 무절제한 식탐 때문이라고 주장했습니다. 비록 해당 메뉴들이 매장에서 가장 인기 있는 품목이었다 할지라도, 배심원단은 피고 측의 이러한 항변을 받아들이지 않았습니다.",
event_food8,"WHEAT PRICE COLLAPSES, DUE TO GROWING WORLDWIDE GLUT

Prices of wheat on commodity markets went into free-fall today, as newly released government data indicates that bumper crops are being harvested or are expected in almost every major growing region on the planet, including the United States, Canada, Australia, and Ukrania, as well as in many other parts of Europe and Latin America. Futures traders say this confluence of events is a ""perfect storm"" for wheat farmers, as it is extremely unusual for so many different parts of the world to experience highly favorable growing conditions in the same year, which is already causing a serious glut of wheat supplies, with even larger surpluses expected in coming months.

In Chicago, short sellers had a field day, as the spot price of wheat fell to $@TEXTSTRING per @UNIT in hectic trading.","밀 가격 폭락, 전 세계적 공급 과잉 심화

오늘 상품 거래소에서 밀 가격이 수직 하락했습니다. 정부가 발표한 최신 데이터에 따르면 미국, 캐나다, 호주, 우크라이나를 비롯해 전 세계 거의 모든 주요 밀 재배 지대와 유럽, 라틴아메리카 전역에서 대풍작을 맞아 수확이 한창이거나 풍작이 예상되는 것으로 나타났습니다. 선물 거래자들은 여러 악재가 동시에 맞물린 상황이 밀 농가에게는 '퍼펙트 스톰'이 될 것이라고 말합니다. 전 세계의 많은 지역이 같은 해에 매우 이상적인 생육 환경을 동시에 누리는 것은 좀처럼 보기 드문 대단히 이례적인 현상입니다. 이 때문에 벌써부터 심각한 공급 과잉이 발생하고 있으며, 앞으로 몇 달간 재고 잉여 물량은 더욱 늘어날 것으로 예상됩니다.

시카고에서는 공매도 세력이 활개를 쳤습니다. 과열된 매도세 속에서 밀 현물 가격은 @UNIT당 $@TEXTSTRING까지 떨어졌습니다.",
event_food9,"CORN FUTURES SOAR, AS FUEL PRICES DRIVE ETHANOL USE

Corn prices exploded upward today, as high oil prices continue to divert more and more corn production to use in making ethanol. In chaotic trading, the spot price of corn gapped upward to close at $@TEXTSTRING per @UNIT.

Analysts say packaged food companies are now finding it difficult to pass on the increasing cost of corn in their food products, as they are forced to bid against ethanol plants and speculators for the increasingly scarce grain.","옥수수 선물 급등, 고유가로 인한 에탄올 수요 폭증

오늘 옥수수 가격이 폭발적으로 상승했습니다. 고유가가 지속되면서 옥수수 수확량의 상당 부분이 에탄올 생산 용도로 대거 전환되고 있기 때문입니다. 장중 극도의 혼조세 속에서 옥수수 현물 가격은 갭 상승을 기록하며 @UNIT당 $@TEXTSTRING에 장을 마감했습니다.

분석가들은 가공식품업체들이 이제 상승한 옥수수 원자재 비용을 자사 식품 가격에 반영하기가 어려운 상황에 놓였다고 말합니다. 점점 갈수록 귀해지는 곡물을 놓고 에탄올 공장, 투기꾼들과 매수 경쟁을 펼쳐야만 하는 형국입니다.",
event_food10,"CORN PRICES PLUMMET, AS PRODUCTION RISES AND DEMAND FOR ETHANOL FALLS OFF ALONG WITH THE PRICE OF OIL

On American commodity exchanges, traders dumped corn futures today in panicky trading, as a steady bout of selling in the morning turned into a rout after mid-day. Sellers were said to be spooked by low oil prices, which have steadily cut into demand for ethanol as a gasoline substitute and, as an additional crushing blow, the enactment of new legislation by Congress that will sharply reduce subsidies for ethanol production.

Politicians in the U.S. are coming under increasing fire from consumers and foreign governments, demanding that the diversion of much of the U.S. corn crop to make fuel be halted, as such diversion has driven up the prices of many foodstuffs and have led to riots in Mexico after the Mexican government raised the price of tortillas, a dietary staple that is heavily subsidized by that government.

By the close of today's trading on the COMEX, the spot price of corn fell to $@TEXTSTRING a bushel.","옥수수 가격 폭락, 생산량 증가와 유가 하락으로 에탄올 수요 급감

미국 원자재 거래소에서 오늘 트레이더들은 패닉 장세 속에 옥수수 선물을 투매했습니다. 장 초반부터 이어진 지속적인 매도세는 오후 들어 걷잡을 수 없는 붕괴 현상으로 번졌습니다. 매도 세력은 유가 약세에 불안감을 느낀 것으로 전해졌습니다. 유가 하락은 휘발유 대체재로서의 에탄올 수요를 지속적으로 위축시켰으며, 여기에 설상가상으로 에탄올 생산 보조금을 대폭 삭감하는 의회의 새 법안 제정이 결정타로 작용했습니다.

미국 정치인들은 미국산 옥수수 상당량을 에탄올 연료용으로 활용하도록 하는 조치를 즉각 중단하라고 요구하는 소비자와 외국 정부의 거센 십자포화를 맞고 있습니다. 이러한 곡물 전용은 다양한 식료품 물가를 끌어올렸을 뿐만 아니라, 멕시코 정부가 막대한 보조금을 지급하던 서민 주식인 토르티야 가격을 인상한 뒤 현지에서 대규모 폭동이 일어나는 계기가 되기도 했습니다.

오늘 뉴욕상품거래소 (COMEX) 거래 마감 시점 기준으로, 옥수수 현물 가격은 부셸당 $@TEXTSTRING까지 떨어졌습니다.",
event_food11,"GRAIN PRICES SOAR, AS SNOWS PERSIST THROUGH GROWING SEASON

As predicted by Russian astrophysicists back in 2005, the record high solar output (""TSI"" or total solar irradiance) of the late 1900's, as in previous cycles, ended suddenly and began to decrease rapidly in 2019. The TSI level and the number of sun spots have fallen in the last few years to levels not seen since the Maunder Minimum began in 1645. That kicked off the coldest 70 years of the Little Ice Age, which was a 500-year period of deadly cold, widespread crop failures, wars, and famines that lasted from about 1350 until 1850, causing the abandonment of Viking settlements on Greenland in the 1400's and putting a permanent end to the growing of wine grapes in the north of England.

Since 2023, global average temperatures have now fallen by almost five degrees Celsius, which is having a devastating impact on agriculture in the higher latitudes, particularly in Russia and Canada, where the previous winter's record snows largely did not melt last summer. The cold ground and, in the U.S. corn belt, record rainfall and frequent snow or sleet flurries throughout the growing season, have resulted in massive worldwide shortages in wheat and corn supplies.

Climate scientists at East Anglia University in the UK, who until lately were relying on computer models that warned of catastrophic global warming, have now tweaked their models and are warning that we are at the end of the current 11,600 year Interglacial (Holocene) Period, and that a new Ice Age has already begun, with the typical extreme weather that precedes such ""tipping point"" events.

The climate experts warn that falling sea levels may soon strand major U.S. ports, including New York, Long Beach and San Francisco, and that as snow continues to accumulate in Canada, glacial ice sheets will surge southward, right into the heart of the U.S. cornbelt in states like Illinois and Indiana, and will totally cover and wipe out wheat-growing areas in Western Canada and the U.S. states of Washington, Montana, and the Dakotas. NASA scientists have reminded the public that only 11,600 years ago, at the end of the last Ice Age, northern cities like Seattle were buried under an ice sheet over a kilometer thick.

According to the new scientific consensus, the rising CO2 level, not reduced solar output, is causing the drop in temperatures by blocking more infrared rays from the sun, and the only solution may be to drastically raise taxes on carbon-based fuels. This cooling effect of CO2 was first posited in a controversial NASA study back in 2013, which was quickly buried at the time, but has now become the new and overwhelming consensus. Experts argue that proof of this new theory is the fact that, when plants stop taking in CO2 at night (allowing CO2 levels to rise), that explains why night-time temperatures fall; cooling is not caused by the absence of sunshine, since the computer models tell us that only greenhouse gases, not the intensity of solar output, can have any significant effect on the climate, despite what some ""deniers"" say.

Science textbooks are rapidly being re-written and replaced to reflect the revised computer simulations and the latest consensus on climate change.

At the major U.S. commodity exchanges, trading today was hectic, with panic buying as food companies and speculators bid up the price of corn futures dramatically. Trading of corn was temporarily halted, as the spot price of the grain shot up to $@TEXTSTRING per @UNIT.

In Mexico, rioting continues, as that government announced another major increase in the heavily subsidized price of corn and tortillas, staple items in the diet of that nation. In Canada, the trickle of refugees moving south, fleeing the bitter cold and growing ice sheet, has grown into a flood of late, prompting members of the U.S. Congress to call for building a fence or wall along the Canadian border to keep out the horde of hungry Canucks.","성장기 내내 지속되는 눈에 곡물 가격 폭등

2005년 러시아 천체물리학자들이 예견했던 대로, 1900년대 후반 기록적인 수준을 보였던 태양 총 복사량 (TSI)은 이전 주기와 마찬가지로 2019년 들어 갑자기 꺾이며 급격히 감소하기 시작했습니다. 최근 몇 년간 TSI와 태양 흑점 감소세는 1645년 마운더 극소기가 시작된 이래 볼 수 없었던 수준까지 떨어졌습니다. 이 현상은 소빙하기 (약 1350년 ~ 1850년) 500년의 역사 중 가장 추웠던 70년 기간을 촉발했으며, 혹독한 추위와 광범위한 농작물 냉해, 전쟁, 기근을 불러일으킨 바 있습니다. 이로 인해 1400년대 그린란드의 바이킹 정착지가 폐허가 되었고 영국 북부의 포도 재배는 완전히 종식된 바 있습니다.

2023년 이후 전 세계 평균 기온은 거의 섭씨 5도 가까이 급락했으며, 특히 지난 겨울 내린 기록적인 폭설은 여름에도 녹지 않고 남아 있어, 러시아와 캐나다 등 고위도 지역 농업은 파괴적인 타격을 입었습니다. 얼어붙은 땅에 더해 미국의 콘 벨트에서는 성장기 내내 기록적인 강우와 함께 눈과 진눈깨비가 빈번히 쏟아지면서 전 세계적으로 밀과 옥수수 공급난이 심화되었습니다.

최근까지도 컴퓨터 모델에 기반해 파국적인 지구 온난화를 경고해 온 영국 이스트 앵글리아 대학교 기후 과학자들은 자신들의 시뮬레이션을 수정하고, 인류가 11,600년간 이어진 현 간빙기 (홀로세)의 끝자락에 도달했음을 경고하고 나섰습니다. 이들은 이러한 ""임계점"" 직전에 나타나는 전형적인 기후 이상 현상과 함께 이미 새로운 빙하기가 시작되었다고 주장합니다.

기후 전문가들은 해수면 하강으로 인해 뉴욕, 롱비치, 샌프란시스코 등 미국의 주요 항구들이 조만간 기능을 상실할 수 있다고 경고합니다. 또한 캐나다에 눈이 지속적으로 쌓임에 따라 만년설 지역이 남하하여 일리노이와 인디애나 등 미국 곡창 지대 심장부를 집어삼키고, 서부 캐나다와 미국 워싱턴, 몬태나, 다코타 주의 밀 재배 지대를 완전히 파괴할 것이라고 전망했습니다. NASA 과학자들은 불과 11,600년 전, 지난 빙하기가 끝날 당시만 해도 시애틀 같은 북부 도시들이 1km가 넘는 두께의 빙하 아래 묻혀 있었다는 사실을 언급했습니다.

새롭게 형성된 과학계 합의에 따르면, 기온 하락의 원인은 태양의 출력 감소가 아니라 CO2 농도 상승으로 인해 태양 적외선이 더 많이 차단되고 있기 때문이며, 유일한 해결책은 탄소 기반 연료에 대한 세금을 파격적으로 인상하는 것뿐이라고 주장이 나오고 있습니다. CO2의 이러한 냉각 효과는 2013년 수많은 논란을 야기했던 NASA의 한 연구에서 처음 제기된 후 당시에는 묻혔으나, 현재는 매우 높은 주류 학설로 자리 잡았습니다. 전문가들은 식물이 밤에 CO2 흡수를 멈추어 CO2 농도가 올라가는 현상이 야간 기온 하락을 설명하는 증거라고 주장합니다. 일부 ""회의론자들""의 주장과 달리 컴퓨터 시뮬레이션은 태양 출력의 강도가 아닌 온실가스만이 기후에 유의미한 영향을 줄 수 있다고 가리키고 있으므로, 냉각 현상이 햇빛 부족 때문이 아니라는 설명입니다.

과학 교과서들은 이처럼 수정된 컴퓨터 시뮬레이션과 최신 기후 변화 합의 내용을 반영하여 빠르게 개정 및 교체되고 있습니다.

오늘 미국 주요 원자재 거래소에서는 식품 회사들과 투기 세력이 옥수수 선물을 다투어 매수하면서 극심한 패닉 장세가 연출되었습니다. 곡물 현물 가격이 @UNIT당 $@TEXTSTRING까지 치솟자 옥수수 거래는 일시 중단되었습니다.

멕시코 정부가 주식인 옥수수와 토르티야의 보조금 적용 가격을 다시 한번 대폭 인상한다고 발표하면서 현지 폭동은 가라앉지 않고 있습니다. 캐나다에서는 혹독한 추위와 확장되는 빙하를 피해 남쪽으로 탈출하는 난민의 물결이 폭발적으로 늘어났으며, 이에 미국 의회 일각에서는 굶주린 캐나다 난민 대란을 막기 위해 캐나다 국경을 따라 장벽을 건설해야 한다는 주장까지 제기되고 있습니다.",
event_food12,"SUBJECT:  TEST RESULTS ON THE NEW ARTIFICIAL SWEETENER IN OUR SOFT DRINK BEVERAGES  (FOR YOUR EYES ONLY)

The new artificial sweetener that we are using in our beverages, No-Count, has given us a huge edge over the competition, since No-Count tastes just like sugar and has zero calories. The public loves it. However, we keep getting occasional nuisance lawsuits from people who were drinking several bottles a day of our soft drinks, claiming that No-Count caused them severe kidney or liver damage.

Our secretly conducted lab tests on chimpanzees have been terminated, with inconclusive results. All 12 of the chimps in the test group died with liver cancer before we could complete the test, so we have no clear answers. One could conclude, of course, that something in No-Count caused the outbreak of liver cancers, but we can't draw alarmist conclusions without doing human testing. This is simply too successful a product to pull from the market without clear proof of harm.

DECISION:  DO WE KEEP USING NO-COUNT IN OUR BEVERAGES?","제목: 새 인공 감미료 '노-카운트'의 인체 유해성 의혹 및 사용 지속 여부 검토 건

우리 음료 제품에 도입된 새 인공 감미료 '노-카운트 (No-Count)'는 설탕과 동일한 단 맛을 구현하면서도 열량이 전혀 없어 폭발적인 매출 성장을 견인하고 있습니다. 그러나 우리 음료를 다량 복용한 소비자들로부터 간 및 신장 손상을 호소하는 손해배상 소송이 잇따르고 있습니다.

비밀리에 실시한 침팬지 대상 내부 임상시험 결과, 실험군 12마리 전원이 테스트 완료 전 간암으로 사망하는 결과가 도출되었습니다. 인체에 대한 치명적 유해성이 강하게 의심되는 상황이나, 인간 대상의 추가 검증 결과가 없고 브랜드 수익성이 매우 높아 제품 회수 시 거액의 재무적 손실이 예상됩니다.

안건: '노-카운트' 사용을 지속하시겠습니까?",
event_food13,"FROM:      FOOD PROCESSING DIVISION -- MARKETING DEPT. SUBJECT:   ADDING VALUE TO FOOD PRODUCT SALES

Our profitability for our food products is being squeezed by sharply rising commodity costs, which in some cases are as high as 7% of our finished product prices. Accordingly, we have come up with an ingenious method for both (1) reducing the cost of the food component of our food products, and (2) gaining a marketing advantage, by being able to advertise a number of our new ""HealthWise"" brand of foods as being ""high in natural fiber.""

Our proposal, a trade secret that must be carefully guarded, is to use a ""food extender"" that is high in fiber content, and relatively neutral in flavor, to increase the volume and weight of many of our high volume packaged food products. The food extender we will be using is in plentiful supply and is extremely low in cost. Its careful but widespread introduction into our product line will add significantly to our bottom line, increasing sales and yet reducing our unit costs substantially.

DO WE BEGIN USING ""FOOD EXTENDERS"" IN OUR PRODUCTS?","발신: 식품 가공 사업부 - 마케팅팀

제목: 식품 매출의 부가가치 창출 방안

현재 원자재 가격의 급등으로 인해 제품의 수익성이 악화되고 있으며, 일부 제품의 경우 원자재비가 완제품 가격의 최대 7%에 달하고 있습니다. 이에 저희는 (1) 식품 원료의 원가를 절감하는 동시에, (2) 새 신선 식품 브랜드인 '헬스와이즈'의 다수 제품을 '천연 식이섬유 풍부'로 광고하여 마케팅 우위를 점할 수 있는 기발한 방안을 모색해 냈습니다.

철저한 보안이 요구되는 당사의 이번 제안은, 식이섬유 함량이 높고 맛에 영향을 적게 주는 '식품 증량제'를 사용하여 주요 대량 생산 - 포장 식품의 용량과 중량을 늘리는 것입니다. 저희가 제안하는 식품 증량제는 공급량이 매우 풍부하며 가격이 대단히 저렴합니다. 당사 제품군에 이를 신중하면서도 광범위하게 적용한다면 단가를 대폭 낮추고 매출을 올려 당사의 순이익을 획기적으로 개선할 수 있을 것입니다.

제품에 ""식품 증량제""를 사용하시겠습니까?",
event_food14,"@CORPFULL TO SETTLE PRODUCT CONTAMINATION CLAIMS FOR @AMOUNT MILLION AFTER 843 DIE FROM CYANIDE

@CORPFULL announced today that it had agreed to pay @AMOUNT million as compensation to the families of 843 people in@MISC @COUNTRY who died from cyanide poisoning after consuming the company's over-the-counter products, which had been contaminated by a terrorist group. The company said it agreed to a quick and large settlement out of its desire to ""...do what's right, and maintain our reputation for integrity and compassion. We want to put this sad tragedy behind us....""

According to reliable sources, the company agreed to the large settlement only after investigative reporters discovered that @CORP had known about the contamination since the World Jihad Liberation Front informed the company that it had put cyanide in its products in twenty stores nationwide. The company apparently chose to ""stonewall it"" after learning of the contamination, rather than do a costly nationwide recall of its best-selling @FACT.","@CORPFULL, 시안화물 독극물 오염 참사로 843명 사망… @AMOUNT백만 달러 규모의 합의금 지불

@CORPFULL은 회사의 일반의약품 @FACT 섭취 후 시안화물 중독으로 사망한 @MISC @COUNTRY 유가족 843명에게 총 @AMOUNT백만 달러 규모의 손해배상금을 지급하기로 합의했다고 발표했습니다.

회사는 공식적으로는 도의적 책임과 기업의 신뢰와 명성을 지키기 위해 신속한 합의에 나섰다고 밝혔으나, 실상은 사건 은폐 정황이 폭로된 데 따른 불가피한 조치였음이 드러났습니다. 취재진의 조사 결과, @CORP는 '세계 지하드 해방 전선'으로부터 전국 20개 매장 내 제품 오염 사실을 통보받았음에도 불구하고 대규모 리콜 비용을 아끼기 위해 이를 의도적으로 은폐하고 무대응으로 일관했던 것으로 확인됐습니다.

이번 사건으로 인해 회사는 막대한 재무적 손실과 함께 돌이킬 수 없는 브랜드 신뢰도 추락을 겪게 되었습니다.",
event_food15,"@CORPFULL WITHDRAWS ITS HIGHLY SUCCESSFUL ""NO-COUNT"" ARTIFICIALLY-SWEETENED BEVERAGES FROM MARKET

@CORPFULL announced today that it will cease all sales of its beverages containing the controversial artificial sweetener, ""No-Count"" (made by Toxico Chemicals). The petroleum-based sweetener has fueled a tremendous sales boom in @CORPFULL's soft drinks in recent months, but a verdict by a California jury has upheld claims by litigants that No-Count causes severe, irreparable liver and kidney damage and, in many cases, liver cancer (invariably fatal).

Washington sources say that the introduction of the sweetener without prior FDA approval or testing was only possible because of the heavy lobbying clout in the U.S. Congress by its maker, Toxico Chemicals, which has close Defense Department ties and also makes chemical weapons for the Army. No-Count was the first non-military product made by Toxico in the D.O.D.'s new ""Swords to Plowshares"" program of research grants.

Soft drink industry analysts say @CORPFULL has severely damaged its once-impeccable image among consumers....","@CORPFULL, 간암 유발 감미료 '노-카운트' 음료 전량 회수… 캘리포니아 법원 유죄 판결

@CORPFULL은 독성 화학물질 제조업체 Toxico Chemicals가 공급하는 인공 감미료 '노-카운트'가 함유된 음료 제품군의 판매를 전면 중단하고 전량 회수한다고 발표했습니다.

이 같은 조치는 캘리포니아 법원 배심원단이 해당 석유 기반 감미료의 치명적인 간·신장 손상 및 간암 유발 위험성을 인정하고 원고 승소 판결을 내린 데 따른 것입니다. 조사 과정에서 해당 물질이 미 국방부 연계 로비력을 바탕으로 FDA 승인 및 안전성 검증 절차를 우회하여 시중에 유통된 사실이 밝혀졌습니다.

회사는 유해성을 인지했음에도 단기 수익 유지를 위해 판매를 강행했다는 비판에 직면하며 소비자 신뢰도에 치명적인 타격을 입게 되었습니다.",
event_food16,"HUNDREDS JOIN IN LAWSUITS AGAINST @CORPFULL, FOUND TO BE SELLING GENETICALLY MODIFIED ""KILLER TOMATOES,"" FALSELY LABELED AS ""ORGANIC""

@CORPFULL, the large supermarket operator, is reeling from multiple blows, including consumer wrongful death lawsuits, fraud charges, and picketing by several consumer organizations that have organized boycotts against the company, all as a result of its attempt to pass off genetically modified tomatoes as ""organic"" in its stores.

According to government officials, the company relabeled genetically modified tomatoes, marked up the price, and sold them to unsuspecting consumers as ""organic tomatoes.""

While perpetrating such a fraud was, by itself, a very serious offense, the company's problems were compounded by the fact that a peanut gene had been implanted into the ""Killer Tomatoes,"" as they are being called in the tabloid press. A small percentage of the population, as it turns out, is violently allergic to even the tiniest trace of peanuts, and can go into convulsive shock and die from a mere sniff of peanuts being eaten in their presence by another person.

The ""Killer Tomatoes,"" with their peanut gene, proved to be deadly to persons with the extreme peanut allergy, and deaths are reported to be in the hundreds.  As a result, @CORPFULL is being targeted by several large ""class action"" lawsuits brought by families of those who died from eating the Killer Tomatoes.

@CORPFULL's losses from this deception are now expected to add up to as much as @AMOUNT.","'유기농' 둔갑 유전자 변형 '킬러 토마토' 판매 적발… @CORPFULL 상대로 수백 명 집단 소송 제기

대형 유통업체 @CORPFULL이 유전자 변형 토마토를 '유기농'으로 속여 판매한 사실이 적발되면서, 소비자 과실치사 소송, 사기 혐의 형사 고발, 시민단체의 불매운동 및 피켓 시위 등 전방위적 악재로 파산 위기에 직면했습니다.

정부 조사 결과에 따르면, 회사는 유전자 변형 토마토의 라벨을 '유기농'으로 재부착하고 폭리를 취해 소비자를 기만해 온 것으로 확인됐습니다.

단순 사기 판매를 넘어, 언론에서 '킬러 토마토'라 부르는 해당 제품에 땅콩 유전자가 결합되어 있었다는 점이 사태를 파국으로 몰고 갔습니다. 극소수의 땅콩 알레르기 환자는 단지 냄새에 아주 조금 노출 되거나 항원에 닿는 것만으로도 경련성 쇼크 및 사망에 이를 수 있습니다.

땅콩 유전자가 주입된 '킬러 토마토'는 중증 알레르기 환자들에게 치명적인 독성으로 작용하여 수백 명에 달하는 사망자를 발생시켰습니다. 이에 따라 유족들이 결성한 대규모 집단 소송 (Class Action)이 잇따르고 있습니다.

이번 허위 라벨링 및 기만행위로 인해 @CORPFULL이 부담해야 할 재무적 손실 및 배상금 규모는 최대 @AMOUNT에 달할 것으로 전망됩니다.",
event_food17,"U.S. CONGRESS BANS SALES OF ZING! COLA IN SCHOOLS; SOFT DRINK FOUND TO BE ""HARMFUL, ADDICTIVE""

The U.S. Congress has enacted a new law banning endorsement contracts between federally-funded school districts and beverage companies, following the disclosure of payments made by @CORPFULL to get its ZING! Cola into schools.

Investigators found that the company had contributed some @AMOUNT million, in exchange for having its ZING! Cola be the sole soda drink offered in unionized school districts, all of which was well-publicized. Less well publicized was the fact that 93% of the money paid by the beverage company was contributed to the ""Administrative Overhead Fund"" of the National Teachers Union, which is the NTU's political arm. Since most members of Congress received political contributions from the NTU's political arm, no one in Congress saw any problems with the contributions to the political action committee by @CORPFULL.

However, a number of key Congressmen became outraged when they learned of other, secret provisions of the contract between the NTU, the schools, and @CORPFULL.

The most controversial provision of the marketing arrangement was an agreement by the schools to substitute ZING! Cola for milk in school lunch programs, in order to guarantee certain required minimum consumption levels for ZING! that the schools and union had promised to the company.

After health authorities began reporting severe health and behavioral problems at the schools in question, including several mass shootings by children who were ""wired"" on ZING! Cola, it became very apparent that students in the ""captive"" schools, who were consuming an average of 5 bottles of ZING! Cola each school day, were suffering a number of physical and mental health problems, abnormalities, and deformities.

Thus, in response to a report by the Department of Health, Education and Warfare, Congress has decided to ban all sales of ZING! Cola in schools, or to minors under the age of 21.

Loss of the school contract and the ban on sales to minors are expected to adversely affect total sales of carbonated beverages by @CORPFULL.","미 의회, 학내 'ZING! 콜라' 판매 금지… ""유해하고 중독성 강해""

미국 의회가 연방 정부의 재정 지원을 받는 학구와 음료 업체 간의 홍보 및 독점 계약을 금지하는 신법을 제정했습니다. 이는 @CORPFULL이 학내에 'ZING! 콜라'를 입점시키기 위해 뒷돈을 대준 사실이 폭로된 데 따른 후속 조치입니다.

조사 당국에 따르면 회사가 노조 산하 학군 내 독점 판매권을 확보하는 대가로 약 @AMOUNT백만 달러를 후원한 정황이 드러났으며, 이 사건은 언론에 대대적으로 보도되었습니다. 그러나 음료 업체가 지불한 금액의 93%가 전국교사노조 (NTU)의 정치 활동 기구인 '행정 관리 기금'으로 흘러 들어갔다는 사실은 거의 알려지지 않았습니다. 상당수 국회의원들이 바로 이 NTU 정치활동위원회 (PAC)로부터 정치 후원금을 받아왔기에, 의회 내 그 누구도 @CORPFULL이 정치 기금에 돈을 대준 행태를 문제 삼지 않았던 것입니다.

그러나 NTU 및 각 학교, 그리고 @CORPFULL 간에 체결된 계약의 또 다른 비밀 조항들이 밝혀지자 핵심 정관계 인사들은 분노를 금치 못했습니다.

이번 마케팅 협약에서 가장 파장을 일으킨 대목은, 학교와 노조 측이 당사에 약속했던 최소 소비 물량을 보장하기 위해 급식 메뉴에서 우유를 빼고 'ZING! 콜라'를 대체 제공하기로 합의한 조항이었습니다.

이후 해당 학교들에서 'ZING! 콜라'로 인해 극도로 공격성을 갖게 된 아이들에 의한 대형 총기 난사 사건을 비롯해 심각한 건강 및 이상 행동 사례가 보고되기 시작했습니다. 계약에 묶인 학교 내에서 매일 평균 5병의 'ZING! 콜라'를 마시던 학생들이 신체적·정신적 질환은 물론 각종 건강 이상과 기형 증세에 시달리고 있다는 사실이 극명히 드러난 것입니다.

결국 미 의회는 보건교육후생부의 실태 조사 보고서를 바탕으로, 학내 'ZING! 콜라' 판매는 물론 21세 미만 미성년자에 대한 판매를 전면 금지하기로 의결했습니다.

학내 독점 공급 계약 파기와 미성년자 판매 금지 조치가 내려짐에 따라, @CORPFULL의 전체 탄산음료 매출 역시 치명적인 타격을 입을 것으로 전망됩니다.",
event_health1,"MALARIA ON THE REBOUND IN THE SOUTHEAST U.S.

The Center for Disease Control in Atlanta reports that rising year-round temperatures in the Southeast have led to the return of endemic malaria and other parasites in much of the Deep South. The invasion of the Asian ""tiger mosquito"" is partly blamed for the spread of both malaria and encephalitis, as it remains completely resistant to all eradication and control efforts. Travelers have been advised to stay out of New Orleans and Miami indefinitely, unless absolutely necessary.

...On Wall Street, a leading stock analyst recommended investments in several major pharmaceutical companies that are seeking approval of drugs for treatment of malaria and encephalitis, while drug industry representatives pooh-poohed the scurrilous rumors on The Street that the companies had anything to do with introducing such pathogens in the Southeast....

Meanwhile, in other news from Atlanta, a major biotech firm disclosed today that one of its new genetically altered plant species, which is a cross between the prolific and fast-growing kudzu plant, a Venus flytrap, and the giant sequoia tree, has escaped from an experimental farm outside Atlanta and has rapidly spread throughout much of northern Georgia in only 2 weeks. The firm advises people in the area not to get within 30 feet of the large carnivorous plants, warning that they ""...can be somewhat dangerous to anything smaller than a bull elephant....""","미 남동부에서 말라리아 재발

애틀랜타 질병통제센터 (CDC)는 남동부 지역의 연중 기온 상승으로 인해 미국 동남부-남부에 걸친 광활한 지역 (Deep South) 에서 풍토성 말라리아와 기타 기생충들이 다시 나타나고 있다고 보고했습니다. 아시아에서 기원한 '흰줄숲모기'의 유입이 말라리아와 뇌염 확산의 원인 중 하나로 지목되는데, 이 흰줄숲모기는 당국의 모든 박멸 시도 및 확산 통제에도 불구하고 모든 방제 작업을 무력화하고 있습니다. CDC는 극히 필요한 경우를 제외하고는 뉴올리언스와 마이애미 지역을 피해달라고 당부했습니다.… 월 스트리트에서는 한 유명 주식 분석가가 말라리아와 뇌염 치료제를 개발하고 있는 여러 대형 제약 회사를 투자 대상으로 추천했습니다. 한편, 제약 업계 관계자들은 자신들이 남동부 지역에 그런 병원체를 퍼뜨렸다는 월 스트리트 발 루머에 '터무니없는 소문'이라며 일축했습니다…

애틀랜타의 또 다른 뉴스에 따르면, 현지의 대형 생명공학 회사가 오늘 새로운 유전자 변형 식물 중 하나가 실험 농장에서 탈출해 단 2주 만에 조지아 북부 대부분 지역으로 급속히 퍼졌다고 밝혔습니다. 탈출한 유전자 변형 식물은 번식력이 뛰어나고 빠르게 자라는 칡과 파리지옥, 거대한 세쿼이아 나무를 교배시킨 잡종이며, 해당 생명공학 기업은 지역 주민들에게 이 거대 육식 식물들로부터 최소 9 미터 이상 떨어져 있을 것을 권고하며, 이 신종 식물종이 ""성체 수코끼리보다 작은 생명체에게는 위험할 수 있다""며 경고했습니다…",
event_health2,"DRUG RIOTS CONTINUE IN PORTIONS OF SOUTHERN CALIFORNIA

Riots raged again last night in the Los Angeles area, where the once-posh shopping areas of Beverly Hills were largely looted and burned to the ground by enraged and murderous mobs of ""crackheads.""  A police helicopter crewman surveying the scene from the air said the countless number of fires looked like ""...a thousand points of light.""  Once again, federal troops and shelling by Navy warships have been used to quell this latest violent outbreak of anarchy and random murder. Republican President Sean Hannity has declared all of Beverly Hills and much of Santa Monica federal disaster areas, and once more he pointed out that the spate of gang wars and drug riots that have broken out in@YEAR, more or less spontaneously, in all parts of the U.S. and in much of Western Europe are merely a consequence of the failure of this year's coca crop in Colombia. The crop failure, caused by the increasing desertification of the former rainforest areas of Amazonia, has resulted in drastically reduced supplies of social anesthetics flowing into most major U.S. and European cities for the past several months.

Even the CIA, IRS and other government agencies are reported to be having trouble keeping up their usual levels of importation of ""Colombian nose candy"" through various officially-sanctioned channels in recent weeks, which is having dire consequences on those agencies' operating budgets. Congress, in special session, is considering emergency agricultural aid to Colombia's devastated coca farmers until the flow of ""ghetto sedatives"" resumes.

....In related business news, several major U.S. agribusiness and tobacco firms have offered to help develop a reliable domestic supply of opiates and coca, if only Congress will enact the necessary enabling legislation....","캘리포니아 남부의 일부 지역에서 마약 소요 사태 지속

지난밤 로스앤젤레스 일대에서 또다시 격렬한 폭동이 일어났으며, 한때 호화로웠던 비버리 힐스의 쇼핑가 상당수가 분노와 살기로 가득한 '크랙 마약 중독' 폭도들에 의해 약탈당해 잿더미가 되었습니다. 공중에서 현장을 둘러보던 경찰 헬기 승무원은 수많은 불길과 연기가 마치 ""…수많은 빛의 점들"" 처럼 보였다고 말했습니다. 다시 한번 연방군과 해군의 함포 사격이 이번 무정부 상태와 무차별 살인의 폭력적 사태를 진압하는 데 사용되었습니다. 공화당 소속 숀 해니티 대통령은 비벌리 힐스 전역과 산타 모니카 대부분 지역을 연방 재난 지역으로 선포했으며, @YEAR년 미국 전역과 서유럽 대부분 지역에서 연달아 발생한 갱단 전쟁과 마약 폭동은 단지 올해 콜롬비아의 코카 농사가 실패한 결과일 뿐이라고 다시 한번 강조했습니다. 아마조니아의 옛 열대우림 지역이 심각한 사막화로 인해 황폐화되어 수확량이 줄어들었고, 그 결과, 지난 수개월 동안 미국과 유럽 주요 도시로 유입되는 '사회 마취제'의 공급량이 급격하게 줄어들었습니다.

CIA, 국세청 및 기타 정부 기관들조차 최근 몇 주 동안, 여러 공식 승인된 경로를 통한 '콜롬비아산 콧구멍 사탕'의 평소 수입량을 유지하는 데 어려움을 겪고 있으며, 이는 해당 기관들의 운영 예산에 치명적인 영향을 미치고 있는 것으로 알려졌습니다. 의회는 임시회의에서 이 '빈민가 진정제'의 공급이 재개될 때까지 황폐해진 콜롬비아 코카 농가에 대한 긴급 농업 지원을 검토하고 있습니다.…관련 비즈니스 뉴스에 따르면, 의회가 필요한 입법안만 통과시켜 준다면, 미국의 몇몇 주요 농업 및 담배 기업들이 아편과 코카의 안정적인 국내 공급망 개발을 지원하겠다고 제안했습니다…",
event_health3,"DRUG TESTS NOW REQUIRED BEFORE USING PUBLIC TRANSIT

The city of Phoenix has adopted yet another tough new antidrug law, in that city's continuing all-out war on illicit drug-users. The new law will require anyone who boards a city bus or other Phoenix public transit to [REDACTED] into a small metal cylinder before being allowed to board. A sophisticated new machine, called the ""Instant Adjudicator,"" will then perform on-the-spot tests for some 173 different controlled substances that might be found in the bodies of illicit drug users. The ever-present Secret Drug Police, who now ride on every City transit vehicle, are authorized under existing drug laws to immediately terminate anyone who fails, or refuses to take, these new mandatory drug tests. Life is cheap in this crowded desert city of 14 million souls.

Under Phoenix's previously enacted ""Zero Tolerance"" drug law, persons found to be in possession of even minute amounts of illegal substances, or who fail a drug test, are subject to capital punishment, without benefit of trial, legal counsel, or other traditional, but costly and time-consuming protections of the Anglo-Saxon criminal justice system. So far, over 27,000 offenders have been liquidated in Phoenix since the new Zero Tolerance laws went into effect, 10 months ago. The extension of mandatory drug testing to all users of the city's public transit system is expected to dramatically increase the number of miscreants to be sanctioned and permanently removed from the voter rolls in coming years.

""...We're going to finally get these scum off the streets of Phoenix....and maybe even do something about getting our excessive population growth under control, too. It's unfortunate that many of the people we'll be eliminating will be innocent individuals who happen to test positive because they're on prescription medications or aspirin, but, heck, you can't make an omelette without breaking a few eggs...,"" said Chief ________________ of the Arizona branch of the dreaded Secret Drug Police, DeathsHead Division.

...In related business news, [--REDACTED--], which makes the new drug testing device, reports that it is currently negotiating with a number of other North American cities that are interested in its technology, and that the company has already received its first overseas order for the Instant Adjudicator, from the no-nonsense Asian nation of Singapore....

Unconfirmed reports that a similar machine is being tested by the IRS, may have led to the 2:00 a.m. arrest of CNN News investigative reporter,[--REDACTED--] _______________ badly mutilated ______________ in front of _______________ __________________________________________________________ ______________ foul play, possibly by IRS p_______________ ___________________________________________ [--REDACTED--] ______[--REDACTED FOR REASONS OF NATIONAL SECURITY--]_____ __________________________________________________________ __________________________________________________________ _____________by the IRS spokesman was, ""...No comment.""","대중교통 이용 전 마약 검사 의무화

피닉스시는 불법 마약 사용자에 대한 전면전을 이어가며 또 하나의 강경한 마약 단속법을 채택했습니다. 새 법에 따라 시내버스나 기타 피닉스 대중교통을 이용하려는 모든 사람은 탑승 전 작은 금속 실린더에 [검열됨]해야 합니다. ""즉석 판독기""라는 첨단 신형 기기가 불법 마약 사용자의 체내에서 검출될 수 있는 약 173종의 규제 물질을 그 자리에서 검사합니다. 현재 모든 시 대중교통 차량에 상시 배치된 비밀마약경찰은 기존 마약법에 따라, 이 새로운 의무 검사에 불합격하거나 검사를 거부하는 사람을 즉시 처분할 권한을 갖고 있습니다. 인구 1,400만 명이 몰려 사는 이 붐비는 사막 도시에서 생명은 값싼 것이 되었습니다.

앞서 시행된 피닉스의 ""무관용"" 마약법에 따라, 극소량이라도 불법 물질을 소지하고 있거나 마약 검사에 불합격한 사람은 재판, 변호인 선임, 그 밖에 전통적이지만 비용과 시간이 많이 드는 영미법 형사사법 절차의 보호를 받지 못한 채 사형에 처해집니다. 10개월 전 무관용법이 시행된 이래 피닉스에서는 지금까지 2만 7천 명 이상의 위반자가 처형되었습니다. 이번에 대중교통 이용자 전체로 마약 검사 의무가 확대되면서, 향후 몇 년간 처벌 및 유권자 명부에서 영구 제외되는 사람의 수가 크게 늘어날 것으로 예상됩니다.

""…이제야말로 피닉스 거리에서 이 쓰레기 같은 자들을 없앨 수 있게 됐습니다…어쩌면 과도한 인구 증가 문제도 어느 정도 통제할 수 있을 겁니다. 처방약이나 아스피린을 복용 중이어서 양성 판정을 받는 무고한 사람들도 상당수 포함될 거라는 건 유감이지만, 뭐, 계란을 깨지 않고는 오믈렛을 만들 수 없는 법이니까요…,"" 라고 애리조나 지부 비밀마약경찰 데스헤드 사단의 ________ 청장이 말했습니다.…관련 경제 소식으로, 신형 마약 검사 기기를 제조하는 [--검열됨--]는 현재 북미 여러 도시와 기술 도입 협상을 진행 중이며, 이미 인스턴트 어저지케이터의 첫 해외 주문을 원칙에 엄격하기로 유명한 아시아 국가 싱가포르로부터 받았다고 밝혔습니다…

유사한 기기를 국세청 (IRS)도 시험 중이라는 미확인 보도가 있었으며, 이는 CNN 뉴스 탐사보도 기자 [--검열됨--] ______가 오전 2시에 체포된 사건과 관련이 있을 수 있습니다. ______ 앞에서 심하게 훼손된 상태로 ______ ______________________________________ ______ 범죄 가능성, 어쩌면 IRS의 p______ ___________________________________ [--검열됨--] ______[--국가안보상의 이유로 검열됨--]_____ __________________________________________________________ __________________________________________________________ _____________IRS 대변인의 반응은 ""…노코멘트""였습니다.",
event_health4,"INTERNET CHATTER POINTS TO ANOTHER POSSIBLE MAJOR VIRUS EPIDEMIC IN WUHAN, CHINA -- CHINESE GOVERNMENT DENIES, SAYS ONLY A FEW CASES IDENTIFIED

Unofficial reports leaking out of China suggest that another dangerous virus epidemic is raging in and around the city of Wuhan, coincidentally where the devastating COVID-19 virus originated back in 2019, which did major damage to the entire global economy, as a result of quarantining billions of healthy members of society. As with the 2019 outbreak, conspiracy theorists are again claiming that this virus may have escaped from the virus research lab in Wuhan, the only such Biosecurity Level 4 lab in China, although experts and the government of China have already debunked such claims again, stating that their security precautions at the lab make it impossible for any pathogen to ever escape. Google, YouTube and FaceBook have begun censoring any fake news that suggests the lab may have been the source of the infections. Any such claims would be in disagreement with the official position of the World Health Organization, which has stated that the lab has a perfect safety record.

According to the government health officials in Beijing, and confirmed by the World Health Organization, the cause of the current lethal disease outbreak, which apparently is being well contained, is transmission from giant pandas to humans at the Wuhan Zoo. Apparently, the pandas are the ""reservoir"" in which this particular virus has existed until now. The virus is definitely NOT transmissible from humans to other humans, according to epidemiologists, and Chinese health officials say that there have only been a handful of cases of the virus, limited to several tourists who had visited the giant panda exhibit at the Wuhan Zoo. The virus apparently has little effect on the pandas, which have strong immune systems.

U.S. officials say this is reassuring news for America, since none of the medications that were eventually used to put an end to the COVID-19 virus are effective against this new virus. Since Chinese officials have now euthanized all of the pandas in Wuhan, they have assured the world community that the epidemic should not pose any health threat to other nations or to the rest of China, outside of Hubei Province, where many people may have visited the Wuhan Zoo.","중국 우한에서 또 다른 대규모 바이러스 창궐 가능성 — 인터넷상 소문 확산, 중국 정부는 부인하며 ""소수 사례에 불과"" 주장

중국에서 새어 나온 비공식 보고에 따르면, 지난 2019년 전 세계 수십억 명의 인구가 강제 격리되며 세계 경제 전반에 큰 타격을 입혔던 코로나19 바이러스가 처음 발생했던 바로 그 도시, 우한과 그 인근에서 또 다른 위험한 바이러스가 창궐하고 있다고 합니다. 2019년 발병 당시와 마찬가지로, 음모론자들은 이번 바이러스 역시 중국 내 유일한 4등급 생물안전 (BSL-4) 연구소인 우한 바이러스 연구소에서 유출되었을 가능성을 다시금 제기하고 있습니다. 그러나 전문가들과 중국 정부는 이 연구소의 보안 수칙상 어떤 병원체도 유출될 수 없다며 이러한 주장을 재차 일축했습니다. 구글, 유튜브, 페이스북은 해당 연구소가 감염원이었을 가능성을 시사하는 가짜뉴스에 대한 검열을 시작했습니다. 이러한 주장은 해당 연구소가 완벽한 안전 기록을 보유하고 있다고 밝힌 세계보건기구 (WHO)의 공식 입장과도 배치됩니다.

베이징 정부 보건 당국에 따르면, 그리고 WHO도 이를 확인한 바, 현재 잘 통제되고 있는 것으로 보이는 이번 질병 발생의 원인은 우한 동물원에서 자이언트판다를 통해 사람에게 전염된 것으로 파악됩니다. 즉 판다가 지금까지 이 바이러스의 ""저장고"" 역할을 해온 것으로 보인다고 전했습니다. 역학 조사 전문가들에 따르면 이 바이러스는 인간 간 전염이 불가능하며, 중국 보건 당국은 우한 동물원의 자이언트판다 전시관을 방문했던 일부 관광객에 국한된 극소수의 감염 사례만 확인되었다고 밝혔습니다. 이 바이러스는 면역력이 강한 판다에게는 별다른 영향을 미치지 않는 것으로 보입니다.

코로나19 종식에 쓰인 치료제들이 이번 신종 바이러스에는 효력이 없음에도 불구하고, 미국 당국은 이번 소식이 안심할 만한 뉴스라고 밝혔습니다. 중국 당국이 이미 우한 지역의 모든 판다를 안락사시켰기 때문에, 우한 동물원을 방문했을 가능성이 있는 사람이 많은 후베이성을 제외하면 다른 국가나 중국 내 다른 지역에는 이번 전염병이 보건상의 위협이 되지 않을 것이라고 국제 사회에 확언했습니다.",
event_health5,"BIOTECH REVOLUTION IS TURNING INTO A GLOBAL CRISIS, AS GENETICALLY-MODIFIED DNA SPREADS FAR BEYOND THE LABORATORY

The U.N. Food and Agricultural Organization has issued a warning that the world may be facing widespread famines and severe human health problems and environmental damage, as a consequence of science's creation of genetically-modified (""GM"") species of plants.

Biotech firms that developed GM plants are being blamed for releasing the modified DNA strains into the global environment. According to U.N. experts, scientists inserting animal genes in food plants, or inserting genes that make non-food plants like cotton or hemp highly toxic to insects and other predators, were very shortsighted in failing to realize that pollen from fields of GM crops would blow into the wild and cross-pollinate with wild plants, as well as contaminating the DNA of other, non-GM crops.

As a result of a peanut gene sequence being used in GM cotton plants to strengthen cotton's resistance to molds and fungi, the gene sequence surprised scientists by migrating into grain crops, such as wheat and rice, making those common foods inedible to a significant minority of the population, who go into shock or die if they consume even trace amounts of peanuts or any part of the peanut plant, including the grain crops that have now been contaminated with the peanut gene.

Similarly, genes that make various plants toxic to insects have now found their way into much of the major food crops grown throughout the world, making the food harvested from such crops highly toxic to humans and livestock.

From one end of the world to the other, governments and farmers are scrambling to build greenhouses, with filtered air to keep out pollen from genetically engineered plants outside, since it is rapidly becoming impossible to raise edible food crops outside a closely-controlled environment, such as a hermetically sealed greenhouse.

Many Third World countries have been affected less severely so far, as the GM genes were not widely introduced in such countries before the problems became apparent, but Third World countries will eventually be in serious trouble as winds carry the GM plants' pollen to every corner of the planet, unless they can find the capital to replace outdoor agriculture with greenhouses.

A serious famine has struck @TEXTSTRING, which was very aggressive in introducing GM plants, but has been slow in bringing its food production indoors, mistakenly believing that they could import surplus food from the United States or other countries that formerly were able to export food.","바이오테크 혁명, 전 세계적 위기로 번지다 — 유전자 조작 DNA, 실험실 밖으로 확산

UN 식량농업기구 (FAO)는 과학이 만들어낸 유전자변형 (GM) 식물종으로 인해 전 세계가 광범위한 기근과 심각한 건강 문제, 환경 위기에 직면할 수 있다고 경고했습니다.

GM 식물을 개발한 생명 공학 기업들은 변형된 DNA 종을 전 세계에 유출시킨 책임을 지고 있습니다. UN 전문가들에 따르면, 식용 작물에 동물 유전자를 삽입하거나, 목화나 대마 같은 비식용 작물에 곤충 및 기타 포식자에게 강한 독성을 띠게 하는 유전자를 삽입한 과학자들은, GM 식물의 밭에서 나온 꽃가루가 바람에 날려 야생으로 퍼져나가 야생 식물과 교배하거나, 다른 비-GM 작물의 DNA까지 오염시킬 수 있다는 사실을 미처 예견하지 못했습니다.

목화의 곰팡이 및 균류 저항성을 강화하기 위해 GM 목화 작물에 삽입된 땅콩 유전자 서열이, 과학자들의 예상을 깨고 밀과 쌀 같은 곡물 작물로 옮겨가면서, 땅콩을 극미량만 섭취해도 쇼크를 일으키거나 사망하는 알레르기 환자에게는 이런 흔한 곡물마저 섭취 불가능한 식량이 되어버렸습니다.

마찬가지로, 다양한 식물에게 곤충을 막기 위한 독성을 부여하도록 하는 유전자도 이제 전 세계 주요 식용 작물 상당수에 퍼져, 작물에서 수확한 식품은 인간과 가축 모두에게 강한 독성을 띠게 되었습니다.

전 세계 각국 정부와 농민들은 외부의 유전자 조작 식물에서 날아오는 꽃가루를 막기 위해 여과 공기 시설을 갖춘 온실을 서둘러 짓고 있습니다. 밀폐된 온실 같은 철저히 통제된 환경이 아니고서는 야외에서 식용 작물을 재배하는 것이 점점 불가능해지고 있기 때문입니다.

많은 제3세계 국가들은 문제가 드러나기 전까지 GM 유전자가 널리 도입되지 않았던 덕분에 지금까지는 피해가 비교적 덜한 편이지만, 바람이 GM 식물의 꽃가루를 지구 구석구석까지 실어 나르면서 결국 이들 국가도 야외 농업을 온실로 대체할 자본을 마련하지 못하는 한 심각한 곤경에 처하게 될 것입니다.

GM 식물을 대단히 공격적으로 도입했으면서도 식량 생산을 실내로 전환하는 데는 더뎠던 @TEXTSTRING에서 심각한 기근이 발생했습니다. 해당 국가는 과거 식량 수출이 가능하던 미국이나 다른 국가들로부터 잉여 식량을 수입할 수 있으리라는 오판이 부른 결과였습니다.",
event_health6,"@CORP STAGGERED BY @AMOUNT MILLION JUDGMENT FOR AGGRIEVED PATIENT IN SUIT FOR PUNITIVE DAMAGES

One of the first casualties of the newest version of the Patients' Bill of Rights law, enacted by the U.S. Congress, for the benefit of aggrieved HMO patients and their trial lawyers, was @CORP.

A Mississippi state court has just handed down a judgment in the amount of @AMOUNT. against the health care provider, one of the largest in its industry, in a case filed by an unhappy patient who had undergone knee surgery in one of @CORP's hospitals, in Jackson, Mississippi.

The patient, one of the first to sue under the new Patients' Bill of Rights law, was the victim of a negligent nurse, who spilled a spoonful of hot soup on the hospitalized patient's chin while trying to feed the patient/plaintiff, who was reclining in her hospital bed.

After appearing in court in a wheelchair to testify, a sympathetic jury awarded her $5 in actual damages, with the rest of the record judgment against the hospital being for punitive damages. The trial lawyers who represented the plaintiff were also jubilant over the jury verdict, as they will receive slightly over @TEXTSTRING, plus expenses, for their part in the 2-day trial.

A spokesperson for the company said that it and its insurer should be able to pay this judgment, but would need to close several hospitals to do so, and raise its fees some 35% to compensate for the legal damage award. For the record, she stated that, ""Not all attorneys are evil money-grubbing ambulance chasers. Ninety-nine percent of them give the rest a bad name.""","@CORP, 환자 징벌적 손해배상 소송에서 @AMOUNT백만 달러 판결에 충격
미 의회가 억울한 HMO(건강관리기구) 환자와 그 소송 전담 변호사들을 위해 제정한 최신판 ""환자 권리장전법""의 첫 번째 희생자가 바로 @CORP였습니다.

미시시피주 법원은 최근 @CORP — 업계 최대 규모 의료기관 중 하나 — 을 상대로 @AMOUNT 규모의 판결을 내렸습니다. 이 소송은 @CORP 산하 미시시피주 잭슨 소재 병원에서 무릎 수술을 받은 뒤 결과에 불복한 환자가 제기한 것입니다.

이 환자는 새로운 환자 권리장전법에 따라 소송을 제기한 최초의 몇몇 사례 중 하나였습니다. 병상에 누워 있던 이 환자에게 식사를 챙겨주던 중, 부주의한 간호사가 뜨거운 수프 한 숟갈을 환자의 턱에 흘렸던 것입니다.

그녀는 휠체어를 타고 법정에 출석해 증언했습니다. 동정심을 느낀 배심원단은 실제 손해액으로는 5달러만 인정했지만, 나머지 기록적인 판결액은 전부 징벌적 손해배상으로 책정했습니다. 원고 측 변호인단 역시 이번 배심원 평결에 환호했습니다. 이틀간의 재판 참여 대가로 경비를 제외하고도 @TEXTSTRING를 조금 웃도는 금액을 받게 되기 때문입니다.

회사 대변인은 자사와 보험사가 이 판결액을 지급할 수는 있다고 밝혔습니다. 다만 이를 위해서는 병원 여러 곳을 폐쇄하고, 손해배상액을 충당하기 위해 진료비를 약 35% 인상해야 할 것이라고 덧붙였습니다. 그녀는 공식적으로 덧붙이기를 ""모든 변호사가 돈만 밝히는 악덕 소송꾼은 아닙니다. 다만 그중 1%가 나머지 99%의 평판을 다 깎아 먹고 있을 뿐이죠.""",
event_health7,"COMPUTERS FOUND TO BE HEALTH HAZARD; @CORP LIABLE FOR DAMAGES OF @TEXTSTRING

Computer maker @CORP has been held liable for damages of @TEXTSTRING in a court case in which plaintiffs claimed that they had suffered irreparable harm to their health as a result of sitting, without moving, at their computers for up to 18 hours at a time, every day, for periods of months or years. The @TEXTSTRING. damage award was said to be for injuries such as carpal tunnel syndrome, and various maladies thought to be caused, or worsened, by electromagnetic radiation emitted by the computers and monitors made by @CORP.

While plaintiff attorneys were unable to present any scientific evidence that the company's computers and monitors, which are heavily shielded to reduce radiation, actually cause any kinds of illness or injury, the jury apparently accepted the lead attorney's argument that, ""Sitting in front of a computer for 18 hours a day, every day, whether it's for work or playing games or surfing the Net, simply CAN'T be very good for you....""","컴퓨터가 건강에 해롭다는 판결; @CORP, @TEXTSTRING 배상 책임

컴퓨터 제조사 @CORP이/가 @TEXTSTRING의 손해배상 책임을 지게 되었습니다. 원고들은 하루 최대 18시간씩, 몇 달에서 몇 년에 걸쳐 컴퓨터 앞에 부동 자세로 장시간 앉아 근무 및 작업을 지속한 결과, 돌이킬 수 없는 중대한 건강상의 피해를 입었다고 주장했습니다. 이 @TEXTSTRING 배상 판결은 손목터널증후군을 비롯해, @CORP이/가 제조한 컴퓨터와 모니터에서 방출되는 전자파 방사로 인해 발병했거나 적어도 상태가 악화된 것으로 추정되는 각종 질환에 대한 것으로 알려져 있습니다.

원고 측 변호인단은 전자파 차폐 처리가 엄격히 되어 있는 해당 제품이 실제로 어떤 질병이나 상해를 유발한다는 과학적 증거를 전혀 제시하지 못했습니다. 그런데도 배심원단은 ""일이든 게임이든 인터넷 서핑이든, 하루 18시간씩 매일 컴퓨터 앞에 앉아 있는 것이 인체에 해롭지 않을 수가 없다""는 원고 측 수석 변호인의 주장을 받아들인 것으로 보입니다.",
event_health8,"@CORP ROCKED BY DRUG TEST RESULTS

Shares of @CORP, a @HUMOR on news that the company had halted development of its key new cholesterol treatment that was heralded as the engine to re-ignite the company's sales growth.

@CORP officials said that an independent board monitoring a study for newly developed cholesterol treatment dranotrapib recommended that the work end because of an unexpected number of deaths and other complications. A senior resident physician at one large university medical center where the new drug was being tested was quoted in a television news broadcast as saying, ""Our patients in the test group for dranotrapib have been dying like flies....""

The news was devastating to @CORP, which is being hurt by patent expirations on its key products. It had spent around @TEXTSTRING to develop dranotrapib, which was supposed to fill the void when its best-selling cholesterol drug, ScourItAll, loses its patent protection in@YEAR.","@CORP, 신약 임상시험 결과에 휘청

핵심 새 콜레스테롤 치료제 개발 중단 소식에 @CORP의 주가가 @HUMOR를 기록하며 폭락했습니다. 이 치료제는 회사의 매출 성장을 다시 이끌 핵심 동력으로 큰 기대를 모았습니다.

@CORP 관계자들에 따르면, 신약 콜레스테롤 치료제 드라노트라피브 (dranotrapib) 연구를 감독하는 독립 모니터링 위원회가 예상치 못한 사망 및 합병증 발생을 이유로 임상 연구 중단을 권고했습니다. 해당 신약 임상이 진행 중이던 대형 대학병원의 한 선임 전공의는 TV 뉴스 인터뷰에서 ""드라노트라피브 임상시험군 환자들이 파리 목숨처럼 죽어나가고 있습니다…""라고 말한 것으로 전해졌습니다.

주력 제품들의 특허 만료로 고전하던 @CORP에게 이번 악재는 결정타였습니다. 회사는 최고 매출을 올리던 콜레스테롤 치료제 스커릿올 (ScourItAll)이 @YEAR년에 특허가 만료됨에 따라 생길 매출 공백을 메우기 위해 드라노트라피브 개발에만 약 @TEXTSTRING을 쏟아부은 상태였습니다.",
event_health9,"""OMEGA STRAIN"" PATHOGEN USED IN RECENT MIDDLE EAST CONFLICT HAS NOW SPREAD INTO EUROPE, INDIA AND AFRICA

The ""Omega Strain,"" an incredibly lethal bio-engineered pathogen created by a U.S. company in its labs and sold to ISIS for use in its recent war of extermination in Syria and Saudi Arabla, has already wiped out most of the ISIS forces that deployed it and has rapidly spread from the Middle East to much of Europe, and to India, Pakistan, and East Africa as far south as Mozambique. Fatality rates for those who become infected are estimated to be ""north of 80%,"" according to the director of the World Health Organization.

There is apparently no cure for this rapidly mutating and contagious pathogen and governments are resorting to extreme measures in cities and countries not yet affected, shooting anyone caught trying to escape the ""hot zone"" regions and enter their ""safe zones."" Health authorities and military personnel, in hazmat suits, are burning bodies of victims of the murderous bio-weapon in vast numbers in areas where the contagion has spread.

Share prices drifted lower on Wall Street and in London, Paris, Sydney, Sao Paolo, and Shanghai and were mixed in Toronto in light trading, as no cases of the Omega pathogen have been identified so far in the Western Hemisphere, U.K., China, or Australia, although almost every nation has now banned international flights from the Middle East, Africa, continental Europe, or south Asia.","""오메가 변종"" 병원체, 최근 중동 분쟁 이후 유럽·인도·아프리카까지 확산

미국의 한 기업이 자사 연구소에서 개발하여 최근 시리아와 사우디아라비아에서 벌어진 절멸 전쟁 당시 ISIS에 판매했던 극도로 치명적인 생체공학 병원체 ""오메가 변종""이 이미 이를 살포했던 ISIS 병력 대부분을 궤멸시켰으며, 중동을 넘어 유럽 대다수 지역과 인도, 파키스탄, 그리고 남쪽으로는 모잠비크에 이르는 동아프리카까지 급격히 확산되었습니다. 세계보건기구 (WHO) 사무총장에 따르면 감염자의 치사율은 ""80% 이상""으로 추정됩니다.

급속히 변이하며 전염되는 특징을 갖고 있어, 이 병원체는 치료법이 전혀 없는 것으로 파악되며, 아직 여파가 미치지 않은 도시와 국가들은 ""위험 지역""을 탈출해 자신들의 ""안전 지역""으로 진입하려다 적발된 사람은 누구든 즉각 사살하는 등 극단적인 조치를 강구하고 있습니다. 방호복을 입은 보건 당국자와 군 인력들은 전염병이 확산된 지역에서 이 살인적인 생물무기 희생자들의 시신을 대규모로 소각하고 있습니다.

서반구, 영국, 중국, 호주에서는 지금까지 오메가 병원체 감염 사례가 확인되지 않았으나, 거의 모든 국가가 중동, 아프리카, 유럽 대륙, 남아시아발 국제선 항공편 운항을 금지하면서 월스트리트를 비롯해 런던, 파리, 시드니, 상파울루, 상하이 증시는 약세를 보였고, 토론토 증시는 한산한 거래 속에 혼조세로 장을 마감했습니다.",
event_health10,"VIRUS EPIDEMIC RAGING IN EARTERN EUROPE IN WAKE OF RECENT WAR BETWEEN RUSSIA AND THE UKRAINE

U.N. health authorities at the World Health Organization warn that a brutal and lethal virus epidemic has been unleashed in Eastern Europe, which appears to be a man-made virus, created in a bio-weapons lab in either Russia or the Ukraine and used in the recent brief war between those two countries, in which both sides used chemical weapons and bio-engineered viruses. No one knows yet which side released the deadly pathogen, as it has decimated military forces and civilian populations on both sides in the conflict.

The virus is said to manifest symptoms similar to the Ebola virus, and although the mortality rate is considerably less than for Ebola, the new virus, dubbed the ""Kiev Virus,"" appears to be much more contagious. As hundreds of thousands of Ukrainians and Russia fled into neighboring countries, seeking food and escape from the dire conditions in their war-ravaged nations, they carried the Kiev Virus with them, which is now a full-fledged epidemic throughout Eastern Europe, from Finland to Greece, and there are unconfirmed reports of cases in Siberia, as well as in Iran and China, although the latter two nations have closed their borders and vehemently deny that there are any cases of the disease in their countries.

Government leaders in the U.S., Australia, Brazil, and South Africa are all taking a ""wait and see"" approach so far, and have not yet closed their borders, except for international flights from Eastern Europe. On Wall Street, many stocks sold off on news of the epidemic in Europe, but no panic selling was noted, as business shutdowns have not yet been ordered in those nations.","동유럽에 창궐한 바이러스 전염병, 최근 러시아-우크라이나 전쟁 여파로 확산

세계보건기구 (WHO)의 유엔 보건 당국은 동유럽에서 참혹하고 치명적인 바이러스 전염병이 창궐하고 있다고 경고했습니다. 이 바이러스는 인공 병원체로 추정되며, 최근 양측이 화학무기와 생체공학 바이러스를 모두 동원했던 러시아와 우크라이나 간의 단기전 당시 양국 중 한 곳의 생물무기 연구소에서 개발된 것으로 보입니다. 이 치명적인 병원체는 교전 양측의 병력과 민간인 모두를 무차별적으로 궤멸시키고 있어, 어느 쪽에서 먼저 유포했는지는 아직 밝혀지지 않았습니다.

이 바이러스는 에볼라 바이러스와 유사한 증상을 보이는 것으로 파악되며, 치사율은 에볼라보다 현저히 낮지만 ""키이우 바이러스""로 명명된 이 신종 병원체는 전염성이 훨씬 더 강한 것으로 나타났습니다. 수십만 명의 우크라이나인과 러시아인들이 전쟁으로 피폐해진 고국을 떠나 식량을 구하고 비참한 상황을 벗어나고자 인근 국가로 피난 행렬을 이어가면서 키이우 바이러스를 퍼뜨렸고, 이로 인해 현재 핀란드부터 그리스에 이르기까지 동유럽 전역에서 본격적인 대유행이 시작되고 있습니다. 또한 시베리아는 물론 이란과 중국에서도 감염 사례가 발생했다는 확인되지 않은 보도가 이어지고 있으나, 이란과 중국 양국은 국경을 전면 폐쇄하고 자국 내 감염자 발생 사실을 강력히 부인하고 있습니다.

미국, 호주, 브라질, 남아프리카공화국 정부 지도자들은 현재까지 동유럽발 국제선 항공편 운항을 금지한 것을 제외하면 국경을 폐쇄하지 않은 채 관망세를 유지하고 있습니다. 월스트리트 증시에서는 유럽의 전염병 대유행 소식에 다수 종목이 약세를 보였으나, 해당 국가들에서 아직 기업 영업 중단 명령이 내려지지 않은 만큼 패닉 매도세는 나타나지 않았습니다.",
event_health11,"CHINA FAILS TO CONTAIN NEW WUHAN VIRUS; W.H.O. DECLARES THE OUTBREAK TO BE ANOTHER GLOBAL PANDEMIC!

Tens of thousands of Chinese nationals, fearing another brutal lockdown as was imposed during the COVID-19 pandemic, have fled to all parts of the globe, and now cases of the new Wuhan Virus are being reported in many places remote from China, from Paraguay to Zambia to Iceland and in North America.

It is now clear that the new coronavirus, despite earlier assurances by health experts, is very much transmissible between humans, and not just transmitted by giant pandas, as was initially thought. In light of the new evidence, the World Health Organization has declared the new outbreak to be a global pandemic, although it is still unclear whether this virus is more lethal than typical annual influenza epidemics.

Thus far, global commerce has not ground to a halt, since widespread lockdowns have not been declared in most nations, other than China. Global stock markets remain open and seem to be taking this latest new pandemic warning in stride, without the kind of panic selling that occurred in 2020 when the COVID-19 pandemic struck. Many investors are aware that much of the fear and paranoia induced by the COVID-19 pandemic resulted from vastly overstated death rates, due to counting almost every kind of fatality as being due to that virus, and skeptical investors are wary that the health experts may be crying ""Wolf!"" one time too many with this new outbreak, which seems relatively mild, according to some reports.","중국, 새로운 우한 바이러스 통제 실패; WHO ""또 다른 세계적 팬데믹"" 선언!

코로나19 팬데믹 당시의 봉쇄 재개를 두려워한 수만 명의 중국인이 전 세계로 탈출함에 따라 파라과이, 잠비아, 아이슬란드, 북미 등 중국에서 멀리 떨어진 수많은 지역에서도 신종 우한 바이러스 감염 사례가 보고되고 있습니다.

초기 보건 전문가들의 장담과 달리, 신종 코로나바이러스가 초기 추정처럼 자이언트판다를 통해서만 전파되는 것이 아니라 사람 간 전파력이 매우 강하다는 사실이 명백히 밝혀졌습니다. 이 같은 새로운 증거에 따라 세계보건기구 (WHO)는 이번 감염 확산을 세계적 대유행 (팬데믹)으로 선언했으나, 이 바이러스가 일반 연례 독감보다 더 치명적인지는 아직 불분명합니다.

현재까지 중국 외 대부분의 국가에서는 광범위한 봉쇄령이 선포되지 않아 세계 무역과 상업 활동이 정지되는 사태는 피하고 있습니다. 세계 증시는 정상 영업 중이며, 2020년 코로나19 팬데믹 당시 발생했던 패닉 매도세 없이 이번 신종 팬데믹 경고를 담담히 받아들이는 분위기입니다. 많은 투자자들은 과거 코로나19 당시 유발된 공포와 불안의 상당 부분이 거의 모든 사망 원인을 해당 바이러스 탓으로 돌려 수치를 크게 과장했기 때문임을 알고 있으며, 일부 보고서에서 볼 수 있듯 비교적 증상이 경미해 보이는 이번 확산에 대해서도 보건 전문가들이 또다시 ""늑대가 나타났다""며 과도하게 위기감을 조성하는 것은 아닌지 경계하고 있습니다.",
event_health12,"PANDEMIC IS OVER! OUTBREAK HAS BEEN CONTAINED!

Stocks rose sharply on the announcement that the dangerous pandemic warnings have been withdrawn for the recent Wuhan Virus, as a vaccine was developed for the deadly disease in record time and introduced into all populations in areas where outbreaks had occurred, which were tightly quarantined until the untested vaccine could be brought in and everyone forcibly vaccinated. The highly effective vaccine was quickly developed and sold throughout the world by a state-owned Chinese company which said it had been working on a very similar vaccine for years and merely had to tweak it slightly.

As it turned out, the vaccine was probably not necessary, as the virus was not a serious health risk to anyone who was not already severely ill with respiratory problems. This Wuhan virus turned out to be a ""dud"" which was vastly overhyped by the global media.","팬데믹 끝! 발생 지역 통제 완료!

최근 우한 바이러스와 관련된 팬데믹 경고가 철회되었다는 발표가 나오자 주가가 급등했습니다. 이 치명적인 질병에 대응하는 백신이 단기간에 개발되어 발병 지역 전체 주민에게 투여되었습니다. 해당 지역들에는 검증되지 않은 백신이 보급되었고, 모든 주민들에게 강제 접종이 완료될 때까지 엄격히 격리 통제되었습니다. 매우 뛰어난 효과를 보인 이 백신은 중국 국영 기업에 의해 신속히 개발된 후 전 세계로 판매되었으며, 회사 측은 수년간 유사한 백신을 연구해 온 덕분에 약간의 수정만 거쳐 완성할 수 있었다고 밝혔습니다.

그러나 결과적으로 이 바이러스는 기존에 심각한 호흡기 질환을 앓던 환자가 아니라면 누구에게도 그리 위험하지 않았던 만큼, 백신 접종 자체가 불필요했을 수도 있다는 분석이 나오고 있습니다. 이번 우한 바이러스 사태는 전 세계 언론에 의해 과도하게 부풀려진 '실체 없는 소동'이었던 것으로 밝혀졌습니다.",
event_health13,"PANDEMIC MUCH WORSE THAN FEARED: GLOBAL ECONOMY IS SHUTTING DOWN

Governments worldwide are scrambling to impose severe lockdown measures, likely to do incalculable economic damage, in a lastditch effort to prevent massive losses of life and a total breakdown of society, as the pandemic that initially appeared to have been contained has broken loose and is obviously much more deadly than even the most pessimistic initial estimates.

Measures taken include internment of anyone sick with the disease in mass quarantine camps, with little hope of getting any treatment or recovery, with the only care being delivery of food and water to the patients by workers in full hazmat suits. The estimated global death toll is already over 5 million and is rising at an accelerating rate.

Global economic output has fallen off a cliff in the last month, and is estimated to be down by as much as 30% to 50%, although accurate numbers are difficult to come by, due to the current chaotic conditions. While declaring the pandemic to be a ""Great, global catastrophe of epic proportions,"" the Secretary General of the U.N. also noted that, ""There are some salutary effects; a massive reduction of the human population will be a very good thing for the environment of our planet, and may result in saving dozens of endangered species, as well as reducing carbon (CO2) and nitrogen emissions into the atmosphere....""","팬데믹, 우려보다 훨씬 심각: 세계 경제 전면 마비

초기에는 통제된 것처럼 보였던 팬데믹이 재확산되면서 당초 가장 비관적인 전망조차 압도할 만큼 치명적인 양상을 보이고 있습니다. 전 세계 정부들은 막대한 인명 피해와 사회 체제의 완전한 붕괴를 막기 위한 막바지 수단으로 치명적인 경제적 타격을 감수한 채 강경한 봉쇄 조치를 서둘러 도입하고 있습니다.

시행되는 조치 중에는 감염자 전원을 대규모 집단 격리 수용소에 수용하는 방안도 포함되어 있습니다. 치료나 회복을 기대하기는 사실상 불가능하며, 전신 방호복을 착용한 인력이 환자들에게 식수와 식량을 전달하는 것이 제공되는 도움의 전부입니다. 추산되는 전 세계 누적 사망자 수는 이미 500만 명을 넘어섰으며, 증가 속도 또한 갈수록 가팔라지고 있습니다.

지구촌 경제 생산량은 지난 한 달간 벼랑 아래로 추락했으며, 극심한 혼란으로 정확한 집계는 어려우나 감소 폭이 30%에서 최대 50%에 달하는 것으로 추정됩니다. 유엔 사무총장은 이번 팬데믹을 ""역대 최대 규모의 전 지구적 대재앙""으로 규정하면서도 ""일부 긍정적인 측면도 존재합니다. 인구의 대대적인 감소는 지구 환경에 매우 이로운 작용을 할 것이며, 대기 중 탄소 (CO2) 및 질소 배출량을 줄여 수십 종의 멸종위기종을 구하는 결과로 이어질 수 있습니다…""라고 덧붙였습니다.",
event_health14,"CHINESE HEALTH AUTHORITIES SAY DEADLY HAINAN VIRUS HAS BEEN CONTAINED TO THE ISLAND OF HAINAN AND THAT THE THREAT OF A PANDEMIC HAS ENDED

Despite a massive death toll from the highly contagious Hainan Virus, Chinese authorites say that drastic quarantine measures have succeeded in confining the lethal new virus to the island of Hainan, and that the virus appears to have burned itself out, and is now under control, while clean-up crews in hazmat suits continue disposing of thousands of bodies in mass funeral pyres and spraying every inch of the large island with chemical disinfectants.

Global stock markets, which seemingly ignored the initial scary news of the virus outbreak, seem to have also shrugged off the good news that it has been contained and, apparently, is no longer a threat. Rumors are circulating that the lethal virus was created in a North Korean bio-weapons lab and was being tested on political prisoners in a Level 4 Biohazard laboratory on Hainan when it escaped into the larger local population, spreading quickly and wreaking havoc, wiping out most of the island's civilian population.

In Washington, the Chairman of the Federal Reserve expressed sorrow for the losses of life on Hainan, but relief that the dangerous virus had not escaped the island and did not give rise to another global pandemic.","중국 보건 당국, 치명적인 하이난 바이러스 섬 내 격리 성공 발표…팬데믹 위협 종식 선언

전염성이 매우 높은 하이난 바이러스로 인해 막대한 인명 피해가 발생했으나, 중국 당국은 강력한 봉쇄 조치를 통해 이 치명적인 신종 바이러스가 하이난섬 내부에만 머물도록 통제하는 데 성공했다고 발표했습니다. 하이난 바이러스는 세력이 한풀 꺾여 현재 통제 가능한 수준에 도달한 것으로 알려졌습니다. 한편, 방호복을 입은 방역 수습 인력들은 수천 구의 시신을 대규모 화장터에서 처리하는 한편 섬 전역에 화학 소독제를 대대적으로 살포하고 있습니다.

초기 발병 소식에도 별다른 반응을 보이지 않았던 세계 증시는 바이러스가 격리되어 위험이 일단락되었다는 희소식 역시 담담하게 받아들이는 분위기입니다. 시중에는 이 치명적인 바이러스가 북한의 생물무기 연구소에서 개발되었으며, 하이난 소재 4등급 생물위험 연구소에서 정치범들을 대상으로 임상 실험을 진행하던 중 외부로 유출되었고, 주민들 사이로 급격히 확산되으며 결국 섬 내 민간인 대다수를 몰살시키는 비극으로 이어졌다는 소문이 돌고 있습니다.

워싱턴에서는 연방준비제도 (Fed) 의장이 하이난에서 발생한 수많은 인명 손실에 깊은 애도를 표하는 한편, 위험천만한 바이러스가 섬 외부로 퍼지지 않아 제2의 세계적 팬데믹으로 번지지 않은 것에 대해 안도감을 표했습니다.",
event_health15,"NEW HEALTH CARE INDUSTRY TAX ENACTED -- WILL APPLY TO HEALTH CARE PROVIDERS, BIG PHARMA, MEDICAL EQUIPMENT/SUPPLIES, AND BIOTECH INDUSTRIES

In sweeping new legislation, the government has imposed a new ""Health Care Tax"" on drug and health care-related companies, in order to pay for escalating National Health Care costs that have spiralled out of control, due in equal parts to an aging, obese population and to fraud, inefficiency, and widespread corruption in various areas of the government and health care industries.

The new tax will be levied on the capital (business) assets of all companies in the pharmaceutical and biotech industries, as well as on health care providers and the medical equipment industry, at an annual tax rate of@TEXTSTRING%, collected quarterly. The tax will not apply to very small businesses -- if the quarterly tax, as computed, is less than @AMOUNT million for a company, no tax will be imposed for that quarter. Companies with less than $10 million (U.S.) of this and other capital taxes per quarter are exempt from any such taxes for that quarter (but not from income tax).

A government spokesman, discussing the new legislation, noted that ""These are about the only industries that are still rolling in dough these days, and we need to take those profits and put them to work for the people. These people are making way too much money, much of it a government expense, and we mean to claw some of it back....""

The Health Care Tax is expected to yield huge amounts of new revenue for the government, which can be used to stimulate the economy and, it is hoped, improve the delivery of health care services, although critics point out that it may bankrupt many of the weaker firms in the targeted industries, is likely to reduce spending on research and innovation by biotech and drug companies, and the tax revenues will, as usual, be mainly put to work buying future elections for the party in power.","의료 산업세 신설 — 의료 기관, 대형 제약사, 의료 기기, 바이오 기업 대상

정부가 통제 불능 수준으로 치솟은 국가 의료 재정을 충당하고자 의약품 및 의료 관련 기업 전반에 '의료산업세'를 부과하는 대형 법안을 제정했습니다. 재정 악화는 고령화와 비만 인구 증가뿐만 아니라, 정부와 의료 업계 전반에 깔린 비효율과 만연한 부패가 복합적으로 작용한 결과입니다.

이번 신설 세금은 제약, 바이오, 의료 서비스, 의료 기기 기업의 자본 (사업) 자산을 대상으로 연 @TEXTSTRING%의 세율을 적용해 분기별로 징수합니다. 소규모 사업체에는 부담을 주지 않도록 면제 기준도 마련했습니다. 분기 산정 세액이 @AMOUNT백만 달러 미만이거나, 분기당 자본세 납부액 합계가 1천만 달러 미만인 기업은 해당 분기 세금 부과 대상에서 제외됩니다 (단, 법인세는 정상 부과).

정부 대변인은 해당 법안을 설명하며 ""요즘 같은 때에 제대로 돈벌이를 하는 곳은 이들 업계뿐입니다. 거기서 나오는 막대한 이익을 가져와 국민을 위해 쓰겠다는 것입니다. 이들이 거둬들이는 불어난 수익 중 상당수는 결국 정부 재정에서 나온 것인 만큼, 일정 부분은 반드시 환수할 방침입니다."" 라고 밝혔습니다.

이번 의료산업세 신설로 막대한 새 세수가 확보되어 경기 부양과 의료 서비스 품질 개선에 쓰일 것으로 정부는 기대하고 있습니다. 그러나 비평가들은 이번 조치가 상대적으로 자금력이 취약한 업계 내 중소기업들을 파산으로 몰아넣고, 바이오·제약 분야의 연구개발 투자를 위축시킬 것이라 경고합니다. 아울러 이렇게 거둬들인 세수는 매번 그랬듯 집권당의 차기 선거 표심잡기용 예산으로 유용될 것이라는 지적도 이어지고 있습니다.",
event_health16,"COMPANIES ENJOYING BIOTECH BOOM, PROVIDE BEST OF EVERYTHING FOR EMPLOYEES -- LIFE IS GOOD

Companies in the Biotech and Pharmaceuticals industries are enjoying a boom of major proportions, and are offering almost every inducement imaginable, to hire and retain good employees, as there is a constant shortage of highly-qualified biotech workers, all of whom can ""write their own ticket"" these days.

Some of the fringe benefits biotech companies are offering to employees these days, to keep them from leaving to go to work for competitors, include the following:

. Free services of massage therapists, on-premises;

. Free services of personal trainers, often at the company's own gym or on-premises health club;

. Refrigerators in the coffee room are stocked with fresh fruit and vegetable juices, and latte or espresso machines and expensive coffees are considered necessities;

. First class air travel is standard, on any company travel assignments; and, of course, there is...

. Free beer at the regular weekend parties on Fridays, often with live bands or other entertainment.

Life is tough, for employees of fast-growing, highly profitable biotech firms these days. As one analyst put it, ""It makes you wonder when these people have time to work, between sessions with their personal trainers, massage therapists, and hanging out by the espresso machine.... Next they'll be asking for their own personal butler....""","바이오테크 붐 누리는 기업들, 직원들에게 최고 수준 복지 제공 — 호시절 도래

바이오테크 및 제약 업계가 대호황을 맞이하면서 기업들이 유능한 인재를 유치하고 이탈을 막기 위해 파격적인 복리후생 제도를 쏟아내고 있습니다. 전문 인력의 수급난이 지속되면서 바이오테크 전문가들의 몸값이 천정부지로 치솟아 '부르는 게 몸값'인 시대가 열렸기 때문입니다.

경쟁사로의 이직을 막기 위해 최근 바이오 기업들이 도입하고 있는 주요 복지 혜택은 다음과 같습니다. 사내 상주 마사지 치료사의 무료 마사지 서비스. 사내 헬스장 및 피트니스센터 내 개인 트레이너 무료 지원. 휴게실 냉장고에 상시 비치된 착즙 과채 주스와 최고급 원두, 에스프레소·라떼 머신 기본 제공. 출장 시 1등석 항공권 제공. 매주 금요일 라이브 밴드 공연 등 여흥을 곁들인 금요일 맥주 파티.

급성장하는 고수익 바이오 기업 직원들의 일상은 그야말로 풍요롭습니다. 한 시장 분석가는 ""개인 트레이닝을 받고 마사지를 받으며 에스프레소 머신 앞에서 수다를 떠는 시간 사이에, 이 사람들이 대체 일은 언제 하는지 의문일 정도""라며 ""조만간 개인 집사까지 붙여달라고 요구할 기세""라고 촌평했습니다.",
event_health17,"FROM: @CORPFULL MARKETING DIVISION (TOP SECRET) SUBJ: MARKETING OPTIONS FOR ""OMEGA STRAIN"" PRODUCT

The corporation has been presented with a unique opportunity to increase earnings and cashflow, with a minimum investment required on our part.  A certain Middle Eastern leader, the Maximum Leader of [DELETED FOR SECURITY REASONS], has put out feelers secretly to us, through our Geneva office, to see if we can and will develop a genetically engineered @FACT that can be used, for strictly defensive purposes, against neighboring states (not including Israel) with whom the nation of [DELETED] has ongoing territorial disputes.  The [DELETED] apparently got wind of our research conducted for the U.S. Defense Dept., where we developed the Omega strain, a highly contagious, incurable, untreatable pathogen that kills all humans who come in contact with it within 12 hours. If we can deliver to them a live culture of the Omega strain within 30 days, [DELETED] will immediately transfer @AMOUNT. to our account with a certain bank in Vienna.  While this transaction must (of course) be kept completely secret vis-avis the U.S. Government, if we accept the offer, the cash flow implications are simply stunning.  DO WE ACCEPT?","발신: @CORPFULL 마케팅부 (1급 기밀)
제목: ""오메가 균주"" 제품의 마케팅 옵션안

우리는 최소한의 투자로 수익과 현금흐름을 극대화할 수 있는 뛰어난 기회를 확보했습니다. 현재 [안보 상 삭제됨]의 최고 지도자인 모 중동 지도자가 제네바 지사를 통해 은밀히 접촉해 왔습니다. 현재 영토 분쟁 중인 인접국 (이스라엘 제외)을 상대로 순수 방어 목적에 사용할 유전공학 변종 @FACT을/를 개발해 줄 수 있는지 타진해 온 것입니다. [삭제됨] 측은 우리가 미 국방부를 위해 진행했던 연구 정보를 입수한 것으로 보입니다. 해당 연구에서 우리는 접촉 후 12시간 이내에 전원 사망에 이르게 하는 극도로 높은 감염률의, 치료가 불가능한 ""오메가 균주"" 병원체를 개발한 바 있습니다. 만약 30일 이내에 오메가 균주의 생체 배양액을 전달할 수 있다면, [삭제됨] 측은 비엔나 소재 특정 은행 계좌로 @AMOUNT를 즉시 송금하겠다고 약속했습니다. 당연히 미국 정부에는 철저히 비밀로 붙여야 하는 거래지만, 수락 시 창출될 현금흐름은 가히 파격적인 수준입니다. 제안을 수락하시겠습니까?",
event_health18,"SUBJECT:  GREEDY HEALTH INSPECTOR WANTS INCREASED HUSH MONEY

The government health inspector from the Bureau of Alcohol, Tomatoes and Firearms (ATF), who oversees health inspections at our huge U.S. brewing facility for ""Old Wisconsin Swill"" beer, is getting greedy, and hard to keep in line. We gave him $100K (in cash) two years ago, a Florida retirement home and a yacht last year, but now he is making serious noises about blowing the whistle on us. You simply cannot trust anyone you've bought to stay bought these days....

Our problem is that U.S. ATF health regulations only allow a maximum of 12 dead rats in any one 10,000 gallon batch of brew. Unfortunately, last week the health inspector spotted 47 dead rats, two small dogs, one skunk and a human corpse in one of our 10,000 gallon ""Old Wisconsin Swill"" fermenting tanks.

He says he can't let this one slide.

However, when we mentioned that it was worth $2-5 million in cash to us not to have this disclosed or to have to radically (and expensively) change our operating procedures at all our plants, the greedy swine appeared to lighten up a bit. (It will cost us @AMOUNT. a year to comply with the government health standards, if we can't buy this guy off....)

DECISION:  DO WE OFFER HIM $2M TO $5M (U.S.) HUSH MONEY?","제목: 보건 감독관 추가 입막음용 뇌물 제공 및 매수 건

우리의 미국 내 맥주 제조 시설에서 '올드 위스콘신 스윌' 브랜드의 위생 검사를 담당하는 연방 보건 감독관의 추가 금품 요구가 거세지고 있습니다. 우리는 2년 전 현금 10만 달러를 지급한 데 이어 지난해 플로리다 소재 휴양 주택과 요트를 제공했으나, 해당 감독관은 최근 우리의 위생 위반 사실을 언론 및 당국에 제보하겠다며 협박 수위를 높이고 있습니다.

문제는 현행 보건 규정상 맥주 1만 갤런당 죽은 쥐의 허용치가 최대 12마리 이하로 제한되어 있다는 점입니다. 그러나 지난주 실시된 불시 점검 과정에서 1만 갤런 규모의 '올드 위스콘신 스윌' 발효조 내부에서 죽은 쥐 47마리, 소형견 2마리, 스컹크 1마리, 그리고 익사한 사람의 시신 1구가 발견되었습니다.

담당 감독관은 이번 위반 건에 대해 입막음이 불가능하다는 입장을 고수했습니다.

우리 전체 공장 공정 개편 시 막대한 비용이 소요되므로 사건 수습을 조건으로 미화 200만 ~ 500만 달러 규모의 현금을 제시하자 유화적인 태도를 보이고 있습니다. 본 감독관을 매수하지 못하고 정부 보건 기준을 전면 준수하도록 공정을 개편할 경우 연간 @AMOUNT 규모의 추가 비용이 발생할 것으로 추산됩니다.

결정: 그에게 200만 ~ 500만 달러의 금품을 지급하시겠습니까?",
event_health19,"SUBJECT:  F.D.A. STALLING ON RELEASE OF NEW @YEAR DRUG

Our new @FACT drug, Dedzone, is still being bottled up by the U.S. Food and Drug Administration, in the usual bureaucratic quagmire. They still won't give us final approval to start marketing it until they see complete test results. The problem is with our testing of the drug on rats.... They seem to keep dying before tests on them can be definitively completed, which has caused the testing process to drag on and on.

Meanwhile, the clock is ticking away on our period of patent protection for the new drug. We are losing millions of dollars in sales for every day we are prevented from going to market with Dedzone. Our Washington lobbyists suggest that the only way to push this through and get the FDA off our back is to make a multi-million dollar (he suggests $3 mil.) campaign contribution (off-books) to the Swiss bank account of California Senator Gary Condom, whose Senate committeee oversees the FDA.

DECISION:  DO WE GO AHEAD AND MAKE THE ILLEGAL CAMPAIGN FUND CONTRIBUTION, TO GET DEDZONE PAST THE FDA?","제목: FDA로 인한 신약 @YEAR 연내 출시 지연 건

우리의 새 @FACT 치료제 '데드존 (Dedzone)'이 미 식품의약국 (FDA)의 관료주의적 행정 절차로 인해 최종 시판 승인을 받지 못하고 있습니다. FDA 측은 전 임상 시험 결과의 완전한 제출을 요구하고 있으나, 동물 실험 (실험용 쥐) 진행 과정에서 피험체가 완료 직전 계속 사망하는 부작용이 발생하여 검증 기간이 무기한 연장되고 있는 상황입니다.

이로 인해 독점 특허 유효 기간이 점점 줄어들고 있으며, 시판 지연으로 매일 수백만 달러 규모의 매출 손실이 발생하고 있습니다. 우리 대관 로비스트는 FDA를 관할하는 상원 상임위원회 위원장인 게리 콘돔 (Gary Condom) 캘리포니아주 상원의원의 스위스 차명 계좌로 미화 300만 달러 상당의 비공식 정치 자금을 건네 승인을 속진하는 방안을 제안했습니다.

안건: '데드존'의 FDA 최종 승인 획득을 위해 불법 정치 자금 공여를 강행하시겠습니까?",
event_health20,"FROM:     LEGAL DEPARTMENT SUBJECT:  NEW PRODUCT DELAY -- ARTIFICIAL HUMAN HEART

Our hottest, and potentially most profitable, new product, the ""Energizer"" artificial (electronic) human heart replacement, is being held hostage by FDA bureaucrats. They've gotten wind of the fact that the Energizer has a nasty tendency to stop working if it encounters certain electrical interference.  In fact, during an electrical storm, we lost several test subjects who had the Energizer implants, which was unfortunate, but which we THOUGHT we had managed to keep quiet.

Apparently not. Someone at the FDA found out about the electrical failure problem, and top FDA brass are now demanding a huge bribe, even larger than usual, to gain agency approval for the Energizer. They say that too many people in the FDA have heard about the defect, and that we're looking at a @AMOUNT million payoff, in total, to buy everyone's silence on this at the Food and Drug Administration.

DECISION:  DO WE PAY THE @AMOUNT MILLION ""GREASE"" TO THE FDA OFFICIALS TO GAIN FDA APPROVAL OF THE ""ENERGIZER""?","발신: 법무팀
제목: 신형 인공심장 '에너자이저' FDA 승인 지연 및 관료 뇌물 요구 건

우리의 핵심 새 수익원으로 기대되는 전자식 인공심장 '에너자이저'의 시판 승인이 미 식품의약국 (FDA) 관료들에 의해 지연되고 있습니다. 본 제품이 특정 전자기파 간섭을 받을 경우 정지하는 치명적 결함이 발각되었기 때문입니다. 실제로 임상시험 도중 뇌우 (전기 폭풍) 상황에서 이식 환자 다수가 사망하는 사고가 발생했으며, 우리는 이를 비밀리에 수습하려 했습니다.

그러나 해당 결함 사실이 FDA 내부로 유출되었으며, FDA 고위 관계자들은 사안 은폐 및 최종 승인의 대가로 관례를 뛰어넘는 대규모 뇌물을 요구하고 있습니다. 승인 담당자 및 내부 관계자들의 입막음용 자금으로 총 @AMOUNT백만 달러 규모의 로비 자금 집행이 제시된 상태입니다.

결정: ""에너자이저'의 FDA 최종 승인 및 결함 은폐를 위해 @AMOUNT백만 달러 상당의 뇌물을 공여하시겠습니까?",
event_health21,"FROM:     CIGARETTE MARKETING DIVISION SUBJECT:  NEW AD CAMPAIGN TARGETED AT YOUTH MARKET

As you know, the tobacco industry is losing customers at a frightful rate, as more and more adults either quit smoking or die of lung cancer. The only demographic segment where we are still gaining new smokers is in the 12- to 17-year-old age group (despite the fact they can't legally buy our product).

We propose a massive new cigarette ad campaign for all our brands, targeted at this key market segment.  The theme of the new campaign will be along the lines of:  ""You don't have to smoke forever--You can quit before you're old enough to have any health effects from smoking."" The idea is to hook these kids while they're still at the age where smoking is a socially acceptable thing to do. Some will be able to quit later, but as we well know, a large percentage will be customers for life, if we can only get them started.  Legal doesn't like it, but we must do SOMETHING to stop the slide in sales....

DECISION:  DO WE GO WITH THE NEW ""SMOKE NOW, QUIT LATER"" AD CAMPAIGN?","발신: 담배 마케팅 부서
제목: 청소년층 타깃 새 담배 광고 캠페인 도입 건

성인 흡연 인구의 금연 비율 증가 및 폐암 사망 등으로 인해 우리의 성인 고객층은 급격히 감소하고 있습니다. 현재 새 흡연 유입이 이루어지는 유일한 연령대는 12세에서 17세 사이의 청소년층입니다.

이에 따라 해당 연령대를 집중 공략하기 위한 새 브랜드 광고 캠페인 ""지금 피우고, 나중에 끊으세요""의 추진을 제안합니다. 본 캠페인은 ""어릴 때 흡연하더라도 건강에 영향이 생기기 전에 끊으면 된다""라는 메시지를 전달하여 청소년기의 흡연 진입 장벽을 낮추고 니코틴 중독을 유도하는 것을 목표로 합니다. 법무팀에서는 미성년자 대상 마케팅에 따른 법적 위험를 우려하고 있으나, 지속적인 매출 감소세를 반전시키기 위해서는 청소년 고객층 확보가 필수적인 상황입니다.

안건: 청소년층을 타깃으로 한 새 광고 캠페인을 승인하시겠습니까?",
event_health22,"FROM:     COST ACCOUNTING GROUP (NURSING HOMES DIVISION)

SUBJECT:  PROPOSED COST REDUCTIONS / MORTALITY ENHANCEMENTS

As you know, chief, our nursing homes division continues to be a laggard and drag on our overall profitability. To turn this situation around, the Cost Accounting Group wishes to implement a number of COST-SAVING changes, in areas where we are badly outdistanced by the competition. For example, we currently feed our nursing home residents once each day, whereas most of our competitors only feed every third day, except on days where the resident is visited by relatives. Merely by conforming to industry standards, we will REDUCE OUR FOOD COSTS BY ALMOST 67%, which will accrue directly to our bottom-line.

In addition, we are badly overstaffed. We propose CUTTING STAFF BY 85%, and increasing usage and dosage of sedatives and passive restraints (tethers, leg irons, etc.) to keep our customers manageable with such REDUCED STAFFING. Sta-Hi Pharmaceuticals will supply us with their powerful new Zombex drug. Zombex is customdesigned for nursing home population management, both in terms of its making customers more docile, and in improving resident mortality statistics, with the ACCRUING ECONOMIC BENEFITS.

DO WE HAVE YOUR O.K. TO IMPLEMENT THE COST REDUCTIONS?","발신: 원가 회계팀 (요양원 사업부)

제목: 비용 절감 방안 제안 / 사망률 개선 방안

대표님, 아시다시피 우리의 요양원 사업부는 실적 부진이 지속되며 전체 수익성을 악화시키는 주요 원인으로 작용하고 있습니다. 이에 원가회계팀에서는 타사 대비 현저히 비효율적으로 운영 중인 항목들을 재정비하여 대대적인 비용 절감을 추진하고자 합니다. 일례로 현재 우리는 입소자에게 매일 1식을 제공하고 있으나, 경쟁사 다수는 보호자 면회일을 제외하면 3일에 1식만 배식하는 것이 일반적입니다. 이러한 업계 표준 수준으로 배식 주기를 조정하는 것만으로도 식비를 약 67% 절감하여 순이익을 즉시 개선할 수 있습니다.

아울러 인력 운용 역시 과도하게 과잉 편성되어 있습니다. 이에 인력을 85% 감축하는 한편, 인력 감축에 따른 통제 부재를 보완하기 위해 진정제 투여량 증대 및 물리적 구속구 (구속 끈, 족쇄 등)의 사용을 확대할 것을 제안합니다. 이를 위해 Sta-Hi 제약으로부터 새 강력 진정제인 Zombex를 공급받을 예정입니다. Zombex는 입소자의 순종성을 높여 통제를 용이하게 할 뿐만 아니라, 입소자 사망률을 높여 관련 부대 비용을 줄임으로써 재무적 이익을 극대화하도록 특화 개발된 약물입니다.

안건: 이 비용 절감안을 승인하시겠습니까",
event_health23,"FROM: @CORPFULL MARKETING DEPARTMENT SUBJ: YOUTH MARKETING PROGRAM FOR ZING! COLA

As you know, all the bad publicity about the health effects and addictive qualities of our ultra-high-caffeine ZING! Cola drink have been hurting sales of ZING! in the U.S. market in recent months. Also, kids don't generally like the taste of it, even though it has the highest sugar content of any soda drink on the market, so it is not easy to get them started on it, although they quickly become loyal ZING! drinkers if we can just get them hooked, due to the extremely high caffeine and sugar content.

We have just concluded negotiations with National Teachers Union (NTU) leaders, wherein they are offering to cut a very lucrative deal with us, one in which ZING! will get exclusive distribution rights in all their unionized U.S. schools. If we agree to it, ZING! will be the only carbonated drink allowed to be sold or distributed to students and faculty at the thousands of schools the NTU controls, for the next ten years.

All the union asks from us in return is a modest contribution of @AMOUNT million, which is to be split 70/30 between the union's ""Administrative Overhead Fund,"" and some of the poorer school districts they control.

It is a terrific deal for us, as we will get tremendous exposure to young school children, all with the tacit approval of the educational establishment. That should help allay some of the criticism ZING! Cola has gotten from the consumer and health groups that have been bad-mouthing us, since the NTU has enormous political clout, and no one would dare to criticize their decision to put ZING! in the schools in exchange for our infusion of cash into poor school districts.

The contract we negotiated provides for certain very large minimum quantities of ZING! that the ""captive"" schools will consume each year, so our profits from this could be HUNDREDS of times our small front-end cost, and we will also receive plenty of good P.R. for that cash contribution to the schools. It looks like a no-brainer, but we need your approval to sign the contract with the NTU.

DECISION:  DO WE GO AHEAD WITH THE EXCLUSIVE ZING! COLA DISTRIBUTION DEAL IN THE SCHOOLS?","발신: @CORPFULL 마케팅부

제목: ZING! 콜라를 위한 청소년 마케팅 프로그램

아시다시피 당사의 초고카페인 음료 'ZING! 콜라'의 유해성과 중독성에 관한 부정적 언론 보도가 잇따르면서, 최근 미국 시장 내 매출이 침체기를 겪고 있습니다. 게다가 시판되는 탄산음료 중 당 함량이 가장 높음에도 아이들이 특유의 맛을 기피해 초기 진입 장벽이 높은 편입니다. 물론 초반에 맛을 들여 중독시키는 데만 성공하면, 특유의 고카페인·고당분 성분 덕분에 순식간에 고정 충성 고객으로 확보할 수 있습니다.

이러한 상황에서 당사는 최근 미국전국교사노조 (NTU) 지도부와의 협상을 타결하였으며, 노조 측으로부터 매우 파격적인 제안을 받아냈습니다. 바로 NTU 산하 미국 내 모든 학교에 대한 'ZING! 콜라' 독점 유통권을 부여받는 조건입니다. 이 계약이 체결될 경우, 'ZING! 콜라'는 향후 10년간 NTU가 관할하는 수천 개 초·중·고교에서 학생 및 교직원에게 판매·배포될 수 있는 유일한 탄산음료 지위를 확보하게 됩니다.

노조 측이 대가로 요구하는 금액은 @AMOUNT백만 달러 수준의 부담 없는 기부금입니다. 해당 기부금은 노조의 '행정 관리 기금'과 관할 재정 자립도가 낮은 학구에 각각 70 대 30의 비율로 배분될 예정입니다.

교육 당국의 묵인 아래 어린 학생들에게 당사 브랜드를 대대적으로 노출할 수 있다는 점에서 이번 계약은 더없이 훌륭한 기회입니다. NTU가 막강한 정치적 영향력을 행사하는 만큼, 재정이 열악한 학구에 대한 당사의 자금 지원을 대가로 'ZING! 콜라'를 학내에 입점시키기로 한 그들의 결정을 감히 비판할 수 있는 곳은 없을 것입니다. 이는 당사를 집요하게 공격해 온 소비자 및 보건 단체들의 비판 여론을 누그러뜨리는 데도 큰 도움이 될 것으로 기대됩니다.

아울러 협상한 계약 조건에는 우리의 '포로'가 된 학교가 매년 소비해야 하는 'ZING! 콜라'의 최소 수량을 매우 높은 수준으로 설정해놓았습니다. 따라서 당사가 거둘 수익은 초기 투자 비용의 수백 배에 달할 것이며, 학교 발전을 위한 현금 기부라는 명목으로 평판 제고 효과도 톡톡히 누릴 수 있습니다. 그야말로 확실한 이문이 남는 장사라 판단되오나, NTU와의 최종 계약 체결을 위해서는 최고경영진의 최종 승인이 필요합니다.

안건: 학교 내 ZING! 콜라 독점 유통 거래를 진행하시겠습니까?",
event_health24,"FROM:       RESEARCH COMMITTEE ON BOTANICALS SUBJECT:    AMAZONIAN HERBAL CURE FOR CANCER

We have completed our research, after eight years, on a compound extracted from the Tlaxacoatl plant, a common shrub that grows in the jungles of Peru and Ecuador. All testing has been done under heavy security, in absolute secrecy, at several different testing facilities, none of the employees of which were made aware of the existence of the other facilities. In fact, no one but a few of our top executives and our man in Peru, who obtains the herb from a Stone Age tribe deep in the Amazon jungle, are even aware of the identity of the plant, or where it comes from. It is simply referred to as ""Herb 27"" at all our research facilities.

Our tests of a straight extract from the Tlaxacoatl plant have shown that in 90% of cases, it totally cures any and all cancers, including formerly incurable types, such as liver or pancreatic cancer. More astoundingly, it does so with none of the harmful side effects of our top-selling chemotherapy drug, NuToxin. NuToxin is effective against some cancers, but because it attacks all rapidly reproducing cells, it also attacks and destroys patients' stomach linings and hair cells, causing severe digestive problems, nausea, and hair loss, in addition to often more serious side effects. A tea made from the Tlaxacoatl plant, on the other hand, cures all forms of cancer and has no adverse side effects.

Unfortunately, as a natural substance, the plant extract from the Tlaxacoatl plant is not patentable, so all but one of our test facilities have been engaged in crash programs to come up with a chemical compound based on the Tlaxacoatl extract, with certain minor modifications to the molecule of the active enzyme that has been so effective in curing cancers.

After spending huge sums for research, we have finally had to conclude that none of our patentable variations on the basic Tlaxacoatl plant extract is any more effective than sugar pill placebos in treating any type of cancer. Apparently, any kind of modification we can make to the Tlaxacoatl extract causes the new version to lose all the cancer-fighting abilities of the natural enzyme. As a result, our top scientists who are overseeing the results at the research facilities have finally recommended to the Board of Directors that we stop wasting money and cease the research, as the task of creating an effective artificial variant of the Tlaxacoatl molecule appears to be hopeless.

Thus, we are in somewhat of a quandary: If we release our research findings about the effectiveness (and lack of any side effects) of the natural Tlaxacoatl herbal extract, it would quickly displace our NuToxin drug as the primary treatment for cancer, and could be sold cheaply by any of our competitors, as we would have no patent protection on the natural herbal extract. If, on the other hand, we conceal the research results of our testing of the herb, we could receive some very bad publicity if it ever leaks to the press that we have discovered an almost total cure for cancer, but have sat on it and kept our knowledge of its huge benefits to society a secret.

The real question, simply put, therefore, is whether we will disclose the fact that we have found a truly miraculous natural cure for cancer (which will have a disastrous effect on our sales of NuToxin if we disclose our findings). Or, do we suppress the research findings and simply announce that the rainforest herbs we have been testing for years have shown no promise as cancer treatments and that we have abandoned any further research along those lines?

Our NuToxin drug only cures a small percentage of cancer cases, and has devastating side effects on those patients who survive, but it is still the best cancer drug there is, and our most profitable single product. Disclosing what we have learned about Tlaxacoatl will almost certainly kill our top product and our main ""cash cow,"" and will also force us to write off the large unamortized balance of our R & D costs we spent in developing NuToxin--which will clobber our stock.

DECISION:  DO WE SUPPRESS OUR FINDINGS OF THE CANCER CURE?","발신: 생약 연구 위원회
제목: 아마존의 암 치료 허브

저희 위원회는 페루 및 에콰도르 정글에 자생하는 관목인 '틀락사코아틀'에서 추출한 화합물에 대해 지난 8년간 진행해 온 연구를 완료했습니다. 모든 임상 검사는 철저한 보안 통제하에 다수의 독립 연구 시설에서 엄격한 보안을 유지하며 진행되었으며, 각 시설의 연구진은 타 시설의 존재조차 알지 못하도록 통제되었습니다. 실제로 아마존 오지의 원시 부족으로부터 약초를 수급하는 페루 현지 책무자와 당사 최고 경영진 일부를 제외하고는 해당 식물의 실체나 출처를 전혀 알지 못하며, 내부적으로는 단지 '허브 27'이라는 암호명으로만 관리되어 왔습니다.

틀락사코아틀 식물의 순수 추출물 시험 결과, 90%의 사례에서 간암이나 췌장암처럼 이전에는 치료할 수 없는 것으로 여겨졌던 암을 포함해 모든 암을 완전히 치료하는 것으로 나타났습니다. 더 놀라운 점은, 우리 회사의 최고 판매 항암제인 뉴톡신이 가진 유해한 부작용이 전혀 없다는 것입니다. 뉴톡신은 특정 암에는 효과가 있지만, 고속으로 증식하는 모든 세포를 공격하기 때문에 환자의 위벽과 모낭 세포도 함께 파괴하여 심각한 소화 문제, 구역질, 탈모를 일으키며, 그 외에도 종종 더 심각한 부작용을 동반하기도 합니다. 반면 틀락사코아틀 식물로 만든 차는 모든 종류의 암을 치료하면서도 부작용이 전혀 없습니다.

다만 천연 물질 특성상 틀락사코아틀 추출물 자체로는 특허권을 확보할 수 없다는 결정적인 한계가 있습니다. 이에 따라 1개 시설을 제외한 전 연구소에서는 암 치료에 탁월한 효능을 보인 활성 효소 분자의 구조를 미세하게 변형하여, 해당 추출물 기반의 새 합성 화합물을 개발하는 단기 집중 프로젝트에 사력을 다하고 있습니다.

막대한 연구비를 쏟아부은 끝에, 당사는 틀락사코아틀 추출물을 기반으로 개량한 특허용 변형 화합물들이 모든 암세포 치료에서 플라시보 수준의 효과조차 거두지 못했다는 결론을 내릴 수밖에 없었습니다. 틀락사코아틀 추출물의 활성 효소 구조에 어떠한 변형이라도 가할 경우, 원형이 가진 항암 효능이 모두 상실되는 것으로 확인됐습니다. 이에 연구 시설을 총괄해 온 최고 연구진은 유효한 인공 합성 분자의 생성이 불가능하다고 판단, 더 이상의 예산 낭비를 막기 위해 프로젝트를 즉각 중단할 것을 이사회에 최종 권고했습니다.

이로 인해 당사는 대단히 곤란한 처지에 놓이게 되었습니다. 만약 틀락사코아틀 천연 추출물의 탁월한 치료 효과와 부작용 부재에 관한 연구 결과를 대외에 공개할 경우, 당사의 주력 제품인 '뉴톡신'을 밀어내고 1차 암 치료제로 급부상할 것입니다. 문제는 천연물 특성상 특허권을 행사할 수 없어 경쟁사들이 이를 저가로 대량 유통하게 된다는 점입니다. 반대로 본 임상 연구 결과를 묵인하고 은폐할 경우, 당사가 기적의 암 치료법을 밝혀내고도 자사 이익을 위해 사회적 이익을 덮었다는 사실이 언론에 유출되었을 때 걷잡을 수 없는 여론의 포화와 비난을 맞닥뜨리게 될 것입니다.

결국 핵심은 이겁니다. 당사에 파멸적인 '뉴톡신' 매출 타격을 감수하더라도 기적적인 천연 암 치료법을 발견했다는 사실을 투명하게 공개할 것인지, 아니면 연구 결과를 철저히 은폐한 채, 지난 수년간 임상 시험을 거친 열대우림의 어떤 약초가 아무런 치료 효능을 입증하지 못해 관련 연구를 최종 종결한다는 형식적인 발표로 마무리지을 것인가의 선택입니다.

당사의 '뉴톡신'은 완치율이 극히 낮고 생존 환자들에게 상당한 부작용을 남기지만, 여전히 현존하는 최고의 항암제이자 당사 매출을 견인하는 뛰어난 효자 상품입니다. '틀락사코아틀'에 관한 연구 결과를 공개할 경우, 우리의 핵심 주력 제품이자 최고 수익원인 뉴톡신의 입지가 완전히 파괴되는 것은 물론, 뉴톡신 개발에 투입되어 아직 상각되지 않은 막대한 연구개발비 이월 잔액을 일시에 감액 처리해야 하므로 주가 폭락이 불가피합니다.

결정: 암 치료제 발견 사실을 은폐하시겠습니까?",
event_health25,"FROM:     MARKETING RESEARCH DIVISION SUBJECT:  INCREASED MARKETING TO THE ELDERLY

Our market and demographic research shows two very significant and steadily growing trends that we are not currently taking fully into account under our current marketing strategy. One is the increasing age of the population, as improved health care keeps people living longer, and the second, especially interesting trend, is the rapidly increasing incidence of Alzheimer's Disease and senility from other causes in this older population. One statistic we came across suggests that individuals have about a 50% chance of developing Alzheimer's if they live past age 85, which many people are now doing.

As you know, much of the wealth in our country and most other countries tends to be held by older individuals, who have had a lifetime to accumulate and grow their savings.

This raises an interesting possibility for our marketing strategy: We should begin making extraordinary efforts to acquire elderly clients over the age of 80, the older the better, for our banking and trust services. As many of these individuals, if not already experiencing senile dementia, soon will be, they will be ideal targets for high-pressure marketing of services they don't need, at very lucrative, above-market rates.

DECISION: DO WE IMPLEMENT A PROGRAM OF TARGETING OLDER INDIVIDUALS WHO ARE EXHIBITING EARLY SIGNS OF DEMENTIA AND OTHERS WHO ARE AT HIGH RISK OF ALZHEIMER'S, DUE TO THEIR ADVANCED AGE?","발신: 마케팅 조사부

제목: 고령층 대상 마케팅 강화

저희 부서의 시장 및 인구통계 조사 결과, 현행 마케팅 전략에서 아직 제대로 활용하지 못하고 있는, 유의미하고 지속적인 성장세를 보이는 두 가지 트렌드가 포착되었습니다. 첫째는 의료 기술 발달에 따른 고령화 현상이며, 둘째는 해당 고령층 사이에서 알츠하이머 및 기타 원인에 의한 노인성 치매 발병률이 급증하고 있다는 점입니다. 수집된 통계에 따르면 85세 이상 노년층의 알츠하이머 발병률은 약 50%에 육박하며, 실제로 이 연령대에 도달하는 인구 비율이 점차 늘어나고 있습니다.

잘 아시다시피 국내외를 막론하고 사회적 부의 상당수는 평생에 걸쳐 자산을 축적해 온 고령층에 집중되어 있습니다.

이는 우리에게 있어 대단히 매력적인 마케팅 기회로 보입니다. 저희의 은행 및 신탁 상품 유치를 위해 80세 이상 (연령이 높을수록 유리함)의 초고령 고객을 확보하는 데 총력을 기울여야 합니다. 이들 중 다수는 이미 치매를 겪고 있거나 조만간 인지 기능 저하가 진행될 예정이므로, 불필요한 금융 상품을 시장가보다 월등히 높은 수수료로 판매하기에 최적의 표적이 될 수 있습니다.

안건: 치매 초기 징후를 보이거나, 고령으로 인해 알츠하이머병 위험이 높은 고령자를 대상으로 한 마케팅 프로그램을 시행하시겠습니까?",
event_health26,"FROM:    COST ACCOUNTING: HEALTH INSURANCE DIVISION SUBJECT: CONTROLLING EMERGENCY ROOM COSTS

(FOR YOUR EYES ONLY!)

We have been aware for some time that the main reason for our low profit margins in the U.S. Health Insurance Unit is overuse of hospital emergency rooms. In far too many cases, policyholders go to an emergency room (""E.R."") when their condition is in no way life-threatening or anything that could cause permanent health problems. Because of the extreme costs involved when a patient goes to an E.R., as compared to simply waiting to see their regular doctor or going to a walk-in urgent care clinic the next day, when in many cases the symptoms would have subsided, we are bleeding considerable red ink or showing minimal profits in the states in which @CORPFULL operates.

To address this problem, we have for a year been running a trial program in a small test market, the state of Rhode Island. Under this program, we have closely scrutinized all E.R. charges incurred by our policyholders, and when our team of diagnoticians determine that the patient's problem was one that didn't require treatment at an E.R., we have totally disallowed the claim. Needless to say, this has gotten us a few lawsuits and some unfavorable publicity -- which is not all bad!

For example, the local newspapers in Rhode Island have been buzzing about a woman who felt chest pains and, thinking she might be having a heart attack, rushed to the nearest E.R., which determined that she was just having gas pains, but she nevertheless ran up a bill for over $13,000, which was submitted to us for payment, and which we rejected, leaving her to try to work out some kind of payment plan with the hospital or declare personal bankruptcy. Tough, but not our problem.

We have not rejected that many claims yet, since most people who go to the E.R. with what they think is a severe problem usually do have some serious condition. However, by allowing such denial cases to be publicized (and even feeding details of some of the cases with the most inflated, egregious hospital bills to the media ourselves), we have found that the number of E.R. claims being submitted by our policyholders has dropped by 71% in Rhode Island.

It seems that the word soon got around that if you were to guess wrong about an ailment and go to the E.R., you were going to be stuck with the huge hospital bill, so you had better be sure that you are practically dying before going to an E.R. It has been such an effective program that some of the Rhode Island hospitals have had so few E.R. patients lately that they have had to lay off E.R. staff.

Since this program has cut down our costs for benefit payments drastically in Rhode Island, we in the Cost Accounting Department propose that similar cost-cutting ""in terrorem"" tactics be pursued in all 37 states where we are licensed to sell our health insurance, in order to discourage visits to emergency rooms, which would have salient positive effects on our bottom line. As our company motto states:

""It's time to take life-and-death medical decisions out of the greedy hands of lawyers, and put them where they belong -- in the hands of health insurers.""

Obviously, there is some risk, if we go nationwide with this program, that the predictably negative publicity could result in some pushback or loss of business, of course, but in many states we are the only firm that is still offering health insurance, so we don't have to worry about losing market share.

DECISION: DO WE GO NATIONAL WITH THIS PROGRAM OF DENYING CLAIMS FOR EMERGENCY ROOM CHARGES, UNLESS THEY ARE CLEARLY FOR A MAJOR OR LIFE-THREATENING HEALTH EMERGENCY?","발신: 원가회계부 건강보험사업팀

제목: 응급실 진료비 지출 통제 방안의 건

(극비 - 관계자 외 열람 금지)

미국 건강보험 사업부의 수익성 악화를 초래하는 주요 원인이 피보험자들의 과도한 응급실 이용에 있다는 점은 이미 내부적으로 공유된 바 있습니다. 생명에 지장이 없거나 영구적인 후유증을 남기지 않는 경증 질환임에도 응급실을 찾는 사례가 지나치게 잦습니다. 다음 날 주치의 진료를 받거나, 집 근처 소규모 급성 질환 클리닉을 방문하면 자연스럽게 증상이 완화될 사안임에도, 고비용 응급실 이용이 누적되면서 @CORPFULL이 진출한 사업 지역 전반에서 막대한 영업적자 및 수익성 저하가 지속되고 있습니다.

이에 당사는 지난 1년간 로드아일랜드주를 시범 거점으로 지정하여 응급실 청구건에 대한 정밀 심사제도를 단행했습니다. 사측 전담 의료진의 정밀 심사를 거쳐 응급 치료 필요성이 미흡하다고 판단될 경우 보험금 지급을 전액 거절 (지급 불가) 처리하는 방식입니다. 이 과정에서 다수의 소송 제기와 언론의 부정적 보도가 잇따랐으나, 실보다 득이 큰 전략으로 판단됩니다.

일례로 로드아일랜드 현지 언론에서는 흉통을 심장마비 전조 증상으로 오인해 응급실을 찾았다가 단순 복부 가스통 진단을 받은 한 여성의 사례가 논란을 일으키고 있습니다. 당시 발생한 13,000 달러 상당의 응급실 진료비 청구건에 대해 당사는 전액 지급 불가 처분을 내렸습니다. 해당 환자는 병원 측과 자체 분할 납부 협의를 진행하거나 개인파산을 신청해야 하는 처지에 놓였습니다. 안타까운 사정이나, 당사가 관여할 바는 아닙니다.

실제로 심각한 증상을 느껴 응급실을 찾는 내원객이 대부분이다 보니, 당사가 지급을 거절한 청구 건수 자체는 아직 그리 많지 않습니다. 하지만 이 같은 지급 불가 사례를 언론에 의도적으로 노출하고 (심지어 터무니없이 과다 청구된 악성 진료비 사례는 당사가 직접 언론에 제보까지 감행하면서), 로드아일랜드 지역 피보험자들의 응급실 이용 청구 건수가 무려 71%나 급감하는 성과를 거두었습니다.

자칫 증상을 오인해 응급실을 찾았다가 폭탄 진료비를 온전히 뒤집어쓸 수 있으니, 진짜 죽기 직전이 아니라면 응급실 방문을 참아야 한다는 인식이 빠르게 확산된 결과입니다. 이 전략이 어찌나 유효했던지, 최근 로드아일랜드 내 일부 병원들은 응급실 환자가 급감하여 관련 의료진을 감원하는 지경에 이르렀습니다.

본 제도를 통해 로드아일랜드 내 보험금 지급 지출을 획기적으로 절감한 만큼, 원가회계부에서는 당사가 건강보험 영업권을 보유한 37개 주 전역으로 이 같은 '공포 기반의' 비용 절감 전략을 확대할 것을 제안합니다. 피보험자들의 응급실 이용을 억제함으로써 당사 재무제표의 최종 순이익을 비약적으로 개선할 수 있을 것입니다. 우리의 사훈처럼 말입니다:

""생사를 가르는 의료 결정권을 변호사들의 탐욕스러운 손에서 거두어, 본래 있어야 할 자리인 건강보험사의 손에 쥐여줄 때입니다.""

본 제도를 전국으로 확대 시행할 경우, 불리한 여론 형성으로 인한 반발이나 계약 해지 등의 위험이 일부 존재하는 것은 사실입니다. 하지만 당사는 이미 다수의 주에서 독점적 지위를 확보한 유일한 건강보험 공급자이므로, 고객 이탈이나 시장점유율 하락을 우려할 상황은 아닙니다.

결정: 명백한 중증 질환이나 생명을 위협하는 긴급 상황이 아닌 경우, 응급실 진료비 청구건을 일괄 지급 불가 처리하는 해당 사업 정책을 전국으로 전면 확대 시행하시겠습니까?",
event_health27,"FROM:     OVERSEAS NEW BUSINESS DEVELOPMENT GROUP SUBJECT:  ORGAN TRANSPLANT MARKET

As you are keenly aware, Congress is steadily whittling away at the U.S. tax benefits once available to drug companies with operations in Puerto Rico. Accordingly, as we lose these tax subsidies, we'll need to augment our overseas profits through other avenues. We think we have found an excellent new source of overseas revenue, with an exceptionally high rate of return on invested capital, but we will need about $100 million (U.S.) of seed capital from the home office to implement this bold new diversification strategy move.

The opportunity is to fill the huge and growing need for organ transplants in the U.S., Japanese and European markets. All 3 of those markets have many high-income individuals and rapidly aging populations, but a major shortage of organ donors. Latin America, by contrast, has vast numbers of healthy and youthful potential donors, many of whom would gladly trade a kidney or 2 eyes for a large cash payment. We can become the first large enterprise to organize this currently disorganized commerce, utilizing our Puerto Rican base as a window on Latin America.

WILL @CORPFULL FUND THIS ORGAN TRADING OPERATION?","발신: 해외 새 사업 개발팀

제목: 장기이식 시장

잘 아시다시피, 미국 의회는 한때 푸에르토리코에 진출한 제약회사들에 제공되던 세제 혜택을 지속적으로 축소하고 있습니다.이로 인해 세금 감면 혜택이 줄어듦에 따라, 우리는 다른 방법을 통해 해외에서의 수익을 증대시켜야 하는 상황입니다. 저희는 투자 자본 대비 수익률이 크게 높은 훌륭한 새 해외 수익원을 발굴했다고 판단하고 있으며, 이 대담한 새 다각화 전략을 실행하기 위해 본사로부터 약 1억 달러 규모의 초기 자금이 필요한 상태입니다.

이번 기회는 미국, 일본, 유럽 시장에서 급증하고 있는 거대한 장기 이식 수요를 충족하는 것입니다. 이 세 시장은 고소득층 비율이 높고 인구 고령화가 빠르게 진행되고 있지만, 장기 기증자는 턱없이 부족한 상황입니다. 반면 라틴아메리카에는 건강하고 젊은 잠재적 기증자가 수없이 많으며, 이들 중 다수는 거액의 현금을 대가로 신장 한 쪽이나 양쪽 눈을 기꺼이 제공하려 할 것입니다. 저희는 푸에르토리코 거점을 라틴아메리카 진출의 교두보로 삼아, 현재 비공식적으로 이루어지고 있는 이 거래를 대형 기업체로서는 최초로 체계화하고자 합니다.

@CORPFULL이/가 이 장기 거래 사업에 자금을 지원할 것인가?",
event_health28,"FROM:  @CORPFULL MARKETING DEPARTMENT SUBJ:  SECRET MARKETING ALLIANCE TO INCREASE SALES OF OUR ZOMBEX-II MOOD-SUPPRESSANT DRUG

We have completed our secret negotiations with a number of key politicians, school administrators, and top bureaucrats in the government Child Protective Services (CPS) agency, and we have all tentatively agreed on an agenda that could result in long-term, explosive growth for our new Zombex-II mood suppressant drug product. All that is needed is your approval of the proposed secret agreement.

As you know, Zombex-II is positioned to take the place, in U.S. public schools and other institutions, of existing mood suppressant drugs that are used to keep school children quiet and manageable. What we have arranged is a highly coordinated program, where the politicians will push through a new law that will allow CPS to take children away from their parents, for ""child abuse,"" if they refuse to put their children on Zombex-II, after it has been prescribed by school authorities.

The educational bureaucrats are very supportive of this new, multi-pronged strategy, since the increased use of Zombex-II will not only make school children more manageable, but will also result in increased school funding, since we will pay a ""head fee"" each year to each school and to CPS for every child they place on Zombex-II. This provides an excellent incentive for the schools to create all kinds of new mental ""illnesses"" that require medication with Zombex-II.

The drug is highly addictive, and it drastically lowers I.Q. and the capability for critical thinking, but it makes kids very passive, pliable, and far more willing to accept any kind of mind-numbing political indoctrination that may be promoted by the school administrators' political commissars, making it an ideal tool which has already been thoroughly tested with great results in government-run schools in Iran, Venezuela, and North Korea.

Zombex-II, like its predecessor, Zombex, shuts down numerous nerve pathways and almost eliminates any activity in the cerebral cortex of the brain, much in the way that researchers have found prolonged playing of most computer games shuts off frontal lobe activity. (Both the Zombex-II drug and long hours spent playing most kinds of computer games are somewhat like getting a chemical lobotomy.)

Because of its addictive qualities, once a child is on it, he or she should become a Zombex-II customer for life, providing us with a long-term and predictable income stream, although, regrettably, the life expectancy of the customers is expected to be shortened somewhat, to about age 30 to 35, based on our preliminary testing thus far.

Of course, the drug has some fairly serious side effects upon withdrawal, like massive brain damage, heads exploding, and eyes popping out, all due to buildup of fluid in the cranium, plus some adverse effects upon heart and lung function. But those side effects from withdrawal should all help to encourage users to stay on Zombex-II permanently, which should prove to be highly profitable for us.

DECISION:  DO WE MAKE THIS LUCRATIVE DEAL WITH THE BUREAUCRATS?","발신: @CORPFULL 마케팅팀

제목: 기분 억제제 '좀벡스-II' 매출 증대를 위한 비밀 마케팅 연대 건

핵심 정치인, 학교 관리자, 그리고 정부 아동보호청 (CPS) 고위 관료들과 진행해 온 비밀 협상이 타결되었습니다. 당사의 새 기분 억제제인 '좀벡스-II(Zombex-II)'의 장기적이고 폭발적인 매출 성장을 가져올 안건에 대해 모두 잠정 합의한 상태입니다. 이 비밀 협약안에 대한 승인만 떨어지면 즉시 시행할 예정입니다

잘 아시다시피 좀벡스-II는 미국 공립학교 및 기타 기관에서 학생들을 조용하고 통제하기 쉬운 상태로 유지하기 위해 쓰이던 기존 기분 억제제들의 입지를 대체하기 위해 기획되었습니다. 저희가 구축한 치밀한 공조 프로그램에 따라, 정치인들은 학교 당국이 좀벡스-II를 처방했음에도 부모가 이를 거부할 경우 아동보호청 (CPS)이 '아동 학대' 혐의로 아이를 부모에게서 강제 분리할 수 있도록 하는 새 법안을 통과시킬 예정입니다.

교육계 관료들 역시 이 다각도 전략을 적극 지지하고 있습니다. 좀벡스-II 복용이 늘어나면 학생 통제가 용이해질 뿐만 아니라, 학교와 CPS가 아이들에게 좀벡스-II를 복용시킬 때마다 당사가 매년 '두당 수수료'를 지급하기로 했으므로 학교 재정도 한층 풍부해지기 때문입니다. 이는 학교 측에 좀벡스-II 투약이 필요한 온갖 종류의 신종 정신 질환을 만들어낼 아주 훌륭한 유인책이 됩니다.

이 약물은 중독성이 대단히 강하며 IQ와 비판적 사고 능력을 크게 저해하지만, 아이들을 극도로 순종적이고 다루기 쉽게 만들어 줍니다. 결국 학교 관리자들과 정치위원들이 주입하는, 세뇌에 가까운 정치적 사상 교육도 온순하게 받아들이게 만듭니다. 이미 이란, 베네수엘라, 북한의 국립학교에서 임상시험을 거쳐 경이로운 효과를 입증해 낸 최적의 도구라 할 수 있습니다.

이전 버전인 좀벡스와 마찬가지로, 좀벡스-II는 수많은 신경 경로를 차단하고 대뇌 피질의 활동을 정지에 가깝도록 중지시킵니다. 이는 장시간의 컴퓨터 게임이 전두엽 기능을 정지시키는 메커니즘과 유사합니다. (좀벡스-II 약물 복용이나 장시간의 컴퓨터 게임 플레이는 화학적 뇌절제술을 받는 것과 다름없습니다.)

강력한 중독성 덕분에 한 번 약을 먹기 시작한 아이는 평생 좀벡스-II의 고정 고객이 되어 저희에게 장기적이고 안정적인 수익 창출원을 제공할 것입니다. 비록 지금까지의 예비 시험 결과, 안타깝게도 고객들의 기대 수명이 30세에서 35세 정도로 다소 단축될 것으로 예상되지만 말입니다.

당연히 금단 증상으로 인한 상당한 부작용도 존재합니다. 두개골 내 체액 축적으로 인한 심각한 뇌 손상, 두부 폭발, 안구 돌출을 비롯해 심장 및 폐 기능 장애가 동반됩니다. 하지만 이러한 금단 부작용은 오히려 투약자가 평생 좀벡스-II를 끊지 못하게 강제하는 역할을 하므로, 결과적으로 당사에 막대한 수익을 안겨줄 것입니다.

결정: 관료들과 이 거래를 진행하시겠습니까?",
event_health29,"SUBJ:  NEW EBOLA VACCINE -- MARKETING STRATEGY FROM:  @CORPFULL VACCINE MARKETING DEPARTMENT

As you know, we have come up with a new vaccine for the dread, almost invariably fatal, Ebola virus, but since it is an extremely rare virus, except in a few areas in West Africa, we have been unable to sell more than a few token doses of it. The investment community expects more blockbuster drugs and vaccines from us, but our ""pipeline"" of new products is nearly empty at present. The Ebola vaccine could be our ticket.

We in the marketing department have developed a new strategy that will significantly expand the market for our new Ebola vaccine, by making Ebola vaccinations mandatory for all school children in @FACT.

However, since the Ebola virus in not considered much of a health concern in that country, it will be necessary for us to offer some ""incentives"" to government officials there, in order to have them implement the forcible Ebola vaccination of students in @FACT.

The officials in question have not asked to see any data on the safety or efficacy of the vaccine, since we have done only very limited testing, with mixed results regarding serious side effects.

We have already been in secret negotiations with the health officials, and have reached a tentative agreement as to how much we will pay them as ""baksheesh."" All that is needed is your approval, and we can proceed immediately with starting production of the vaccine and delivering it in the necessary quantities to the schools in @FACT.

If this program is successful, and if side effects of the vaccinations are not too horrific (or too prominently reported in the media), we should be able to expand this program into many other countries, which could generate massive growth in our revenue stream and profits.

DECISION: DO WE GO FORWARD WITH THIS PROGRAM AND MAKE THE NECESSARY DEPOSITS IN THE SWISS BANK ACCOUNTS OF THE GOVERNMENT OFFICIALS?","제목: 새 에볼라 백신 — 마케팅 전략
발신: @CORPFULL 백신마케팅부

아시다시피 저희는 치명률이 극도로 높은 에볼라 바이러스에 대응하는 새 백신을 개발해 냈으나, 서아프리카 일부 지역을 제외하면 감염 사례가 대단히 희귀하여 지금까지 고작 시범용 물량 몇 조각을 판매하는 데 그쳤습니다. 투자 업계는 당사로부터 또 다른 대형 블록버스터급 약물과 백신이 출시되기를 기대하고 있으나, 현재 당사의 새 제품 '파이프라인'은 거의 비어 있는 상황입니다. 이 에볼라 백신이야말로 당사의 반등을 이끌 핵심 열쇠가 될 수 있습니다.

이에 저희 마케팅부에서는 @FACT 내의 모든 학생들을 대상으로 에볼라 백신 접종을 의무화함으로써 새 백신의 시장 수요를 획기적으로 창출할 수 있는 새로운 전략을 수립했습니다.

하지만 해당 국가에서는 에볼라 바이러스가 그다지 심각한 보건 위협으로 간주되지 않으므로, @FACT의 학생들에게 백신 강제 접종을 시행하도록 당국 관료들에게 어느 정도의 '인센티브'을 찔러줄 필요가 있습니다.

문제의 관료들은 백신의 안전성이나 유효성에 관한 그 어떤 데이터도 요구하지 않고 있습니다. 실제로 당사는 매우 제한적인 임상시험만을 수행했을 뿐이며, 심각한 부작용과 관련하여 미심쩍은 결과가 나온 바 있습니다.

저희는 이미 보건 당국자들과 비밀 협상을 진행해 왔으며, 이들에게 '촌지'로 지불할 금액에 대해 잠정 합의를 마쳤습니다. 이제 대표님의 승인만 떨어진다면 즉시 백신 대량 생산에 착수하여 @FACT 학교들에 필요한 물량을 공급할 수 있습니다.

이 프로젝트가 성공하고, 접종 부작용이 도를 넘게 심각하지만 않다면 (혹은 언론에 너무 대대적으로 보도되지만 않는다면), 이 프로그램을 타 국가들로 대거 확장하여 매출과 영업이익을 폭발적으로 성장시킬 수 있을 것입니다.

결정: 해당 정부 관료들의 스위스 은행 계좌에 인센티브를 입금해 프로젝트를 계속 추진하시겠습니까?",
event_health30,"U.S. DRUG ENFORCEMENT AGENCY SEIZES AND CONFISCATES THREE CONTAINERSHIPS SUSPECTED OF BEING USED IN DRUG SMUGGLING

The D.E.A., in a series of midnight drug raids, seized three large containerships owned by @CORPFULL, all of which were suspected of being used in the international drug trade. Each of the three ships has been confiscated by the DEA, and proceeds from auctioning off these large modern vessels will provide a substantial budget windfall for the U.S.'s main drug control and enforcement agency. According to reporters who accompanied the DEA agents in the ship seizures, no drugs were actually found on any of the vessels, and it remains unclear whether they were actually involved in smuggling crystal methampetamines (""Ice"") and heroin, as alleged by DEA informants. (In fact, @CORPFULL recently had won praise for helping the FBI break up a Korean drug ring.) But, regardless of whether or not the shipping company was actually guilty of any law violations, it is the major loser in this case, since the DEA has confiscated its 3 ships, worth an estimated total of @AMOUNT million.

Under U.S. ""War on Drugs"" laws, mere SUSPICION of illegal use is grounds for DEA confiscation. Proceeds of the confiscation are expected to be divided between the DEA, FBI, Justice Department prosecutors, several Federal judges, and various state anti-drug agencies and police forces, as well as the Vacation Fund of the State Police of one southeastern state, which Fund owns a large ski resort near Aspen that is used to provide free vacations to State Police officers.

""It's all for a good cause,"" said a police spokesperson.","마약단속국 (DEA), 마약 밀수 의혹 컨테이너선 3척 나포 및 몰수

미국 마약단속국 (DEA)이 연이은 심야 습격 단속을 통해 국제 마약 거래에 사용된 혐의를 받는 @CORPFULL 사 소유의 대형 컨테이너선 3척을 나포했습니다. DEA에 의해 몰수된 최신형 대형 선박 3척의 경매 매각 대금은 미국 주력 마약 단속 기관인 DEA에 막대한 예산을 안겨줄 것으로 예상됩니다. 선박 압류 현장에 동행 취재한 기자들에 따르면 선박 내부에서 실제로 발견된 마약은 없었으며, DEA 제보자들의 주장대로 이들 선박이 필로폰 및 헤로인 밀수에 실제로 관여했는지 여부도 불분명한 상황입니다. (@CORPFULL는 최근 FBI를 도와 한국계 마약 조직을 소탕하는 데 기여하여 찬사를 받기도 했습니다.) 그러나 해당 해운 회사의 실제 법 위반 여부와 관계없이, 총 추산 가치 @AMOUNT백만 달러에 달하는 선박 3척을 몰수당한 @CORPFULL 사가 이번 사건의 최대 피해자가 되었습니다.

미국의 '마약과의 전쟁' 관련 법에 따르면 불법적 사용에 대한 단순한 '의심'만으로도 DEA의 자산 몰수 사유가 성립됩니다. 몰수 수익금은 DEA, FBI, 법무부 검사, 일부 연방 판사, 여러 주 마약단속국 및 경찰 조직은 물론, 애스펀 근처의 대형 스키 리조트를 소유하고 주 경찰관들에게 무료 휴가를 제공하는 어느 남동부 주 경찰의 휴가 기금에까지 분배될 예정입니다.

""모두 좋은 일에 쓰이는 겁니다,"" 한 경찰 대변인이 말했습니다.",
event_health31,"FEDS HALT PRODUCTION AT ""OLD WISCONSIN"" PLANTS OPERATED BY @CORPFULL, CITING NUMEROUS HEALTH VIOLATIONS

The U.S. government today obtained a restraining order in Federal District Court, halting the production of ""Old Wisconsin Swill"" at all facilities of @CORPFULL, and ordering that all of such product be recalled from store shelves and distributors, due to numerous health and cleanliness violations at the company's production facilities.

Reasons cited in the court order for the production halt and product recall included the following:

. @FACT @YEAR

. In addition, the company's operating procedures were so unbelievably shoddy that almost anything, dead or alive, was likely to turn up in its fermenting tanks, including dead rats, car batteries or, in this case, 2 unidentified bodies.","연방 당국, 위생 기준 심각 위반 @CORPFULL '올드 위스콘신' 맥주 공장 전면 가동 중단 및 리콜 명령

미 연방법원은 오늘 심각한 위생 및 청결 기준 위반을 이유로 @CORPFULL이 운영하는 전 제조 시설의 '올드 위스콘신 스윌' 맥주 생산을 즉각 중단하고, 시중에 유통 중인 전 제품에 대한 전량 회수 (리콜) 명령을 발령했습니다.

법원이 명시한 생산 중단 및 리콜 사유는 다음과 같습니다. @FACT @YEAR. 회사의 제조 공정 관리가 극도로 부실하여 발효조 내부에서 죽은 쥐, 자동차 배터리, 심지어 신원 미상의 시신 2구가 발견되는 등 위생 상태가 차마 눈으로 확인하기 힘든 수준에 도달함.",
event_health32,"NEW ""MIRACLE @YEAR DRUG"" PULLED OFF THE MARKET BY @CORPFULL, AS USERS OF DEDZONE DIE LIKE FLIES

@CORPFULL announced today that it is halting all sales of its new ""wonder"" drug Dedzone, after being hit by a rash of lawsuits from families of persons who died shortly after they began taking the new @FACT drug.

The company said that Dedzone will need further and extensive animal testing before it can be released again.

California Senator Gary Condom, Chairman of a powerful Senate committee that oversees the FDA, expressed shock and anger that the FDA would approve such a dangerous drug without a more rigorous review of its safety. The angry Senator hinted that he suspected the FDA may have been ""unduly"" influenced by bribes or even extortion by @CORPFULL, and scheduled investigatory hearings by his committee on the matter, commencing next week.  ""We're going to get to the bottom of this--I guarantee it!"" he told the Washington press corps.","@CORPFULL, '기적의 @YEAR 신약' 데드존 전면 판매 중단… 복용자 연쇄 사망 논란

@CORPFULL은 신형 @FACT 치료제 '데드존' 복용 직후 사망한 환자 유가족들의 대규모 손해배상 청구 소송이 잇따르자, 해당 제품의 모든 판매를 전면 중단한다고 발표했습니다.

회사는 '데드존'의 재출시를 위해 향후 추가적인 대규모 동물 임상 시험을 재진행할 예정이라고 밝혔습니다.

한편 FDA 감독 관할 상원 위원회 위원장인 게리 콘돔 상원의원은 치명적인 부작용이 있는 위험 약물을 허술하게 승인한 FDA의 부실 검증에 대해 강하게 비판했습니다. 해당 의원은 FDA가 @CORPFULL 측의 뇌물 공여나 압력에 의해 부당하게 승인을 내어준 정황이 의심된다고 지적하며, 다음 주부터 상원 청문회를 개최하여 외압 및 비리 의혹을 철저히 규명하겠다고 선언했습니다.",
event_health33,"MALPRACTICE AND PRODUCT LIABILITY LAWYERS HAVE FIELD DAY AT THE EXPENSE OF ARTIFICIAL HEART MANUFACTURER

@CORPFULL, maker of the ""Energizer"" human heart prosthesis, has become a clay pigeon for product liability lawyers and their clients, as a result of recently disclosed defects of a disastrous nature in the thousands of Energizers that have been implanted in human patients. Over 50% of such patients have already died, due to the tendency of the artificial hearts to stop working during electrical storms or when in close proximity to radios, TV sets or computers. Heart surgeons who have implanted the defective devices are also being sued in record numbers for medical malpractice, and as a result are themselves suing @CORPFULL.

Added woes for the maker of the device include an organized boycott of all of its medical products by a large percentage of U.S. physicians, who are outraged that the company introduced the product with full knowledge of the defect--allegedly after bribing top FDA officials to gain their approval.","@CORPFULL, 인공심장 '에너자이저' 결함 논란… 환자 50% 이상 사망 및 집단 소송 직면

인공심장 '에너자이저' 제조사인 @CORPFULL이 수천 명의 이식 환자에게 발생한 치명적 결함으로 인해 대규모 집단 소송 및 제품 책임 책임 추궁에 직면했습니다. 이식 환자의 50% 이상이 뇌우나 라디오, TV, 컴퓨터 등 전자기기 주변에서 인공심장이 정지하여 사망한 것으로 확인됐습니다.

해당 결함 기기를 이식한 심장외과 전문의들 역시 기록적인 수의 의료 과실 소송에 휘말렸으며, 이에 분노한 의료진이 역으로 @CORPFULL을 상대로 손해배상 청구 소송을 제기하고 있습니다. 아울러 해당기업이 결함을 인지하고도 FDA 고위 관계자들에게 뇌물을 공여하여 승인을 획득·출시했다는 정황이 포착됨에 따라, 미 의료진을 중심으로 회사의 전 의료 제품에 대한 전면 불매 운동이 확산되고 있습니다.",
event_health34,"13 DEAD, HUNDREDS ILL FROM MAD COW DISEASE, AS A RESULT OF EATING FROZEN DINNERS FROM @CORPFULL

@CORPFULL, a major processor and packager of foods, is in deep yogurt.

According to @MISC, the company realized not long ago that it had shipped several million packages of frozen dinners and other packaged food items to supermarkets, many of which food items were contaminated with prions in the spoiled meat from a single mule carcass, described by officials as ""road kill.""

Rather than recall the vast amount of potentially contaminated product, the company knowingly chose not to act, in the vain hope that any resulting Mad Cow Disease cases would not be traced back to @CORPFULL's products.

However, after 13 deaths and hundreds more severe, soon to be fatal, illnesses caused by prions in the dead mule carcass, authorities were finally able to trace the rash of new Mad Cow Disease cases back to @CORPFULL.

The company now faces hundreds of lawsuits and a consumer boycott.

Asked about the tragic scandal by a gang of reporters as he tried to enter the company's headquarters this morning, the company president's only response to dozens of shouted questions was, ""Yes, I'm sorry about all this -- it was a public relations disaster!""","@CORPFULL 생산 냉동식품 섭취 후 광우병 논란… 사망 13명 및 수백 명 중태

대형 식품 가공업체 @CORPFULL이 치명적 오염 제품의 유통을 알고도 방치한 정황이 드러나 미증유의 사법 위기에 봉착했습니다.

@MISC 발표에 따르면, 회사는 최근 출하된 수백만 개 규모의 냉동 도시락 제품군에 도로에서 수거된 '로드킬' 된 동물의 오염 육류가 투입되어 프리온 단백질이 확산된 사실을 사전에 인지하고 있던 것으로 밝혀졌습니다. 회사는 대규모 리콜에 따른 재무적 손실을 회피하고자 오염 제품의 역추적 가능성을 부정하며 은폐를 시도했습니다.

그러나 본 오염 제품 섭취로 인해 사망자 13명을 포함하여 수백 명의 중증 변형 크로이츠펠트-야콥병 환자가 발생함에 따라, 수사 당국은 해당 역학조사의 근원으로 @CORPFULL의 제조 라인을 최종 지목했습니다.

현재 회사는 수백 건의 손해배상 청구 소송 및 전국적인 소비자 불매 운동에 직면해 있습니다.

회사 최고경영자 (CEO)는 출근길 취재진의 질의에 대해 ""이번 사태에 대해 유감스럽게 생각하며, 이는 PR 위기""라는 무책임한 해명만을 남겨 공분을 사고 있습니다.",
event_health35,"@CORPFULL HELD LIABLE FOR CAUSING CANCER IN YOUNG SMOKERS, MUST PAY @AMOUNT MILLION

An @FACT jury today returned a verdict in favor of the plaintiffs against a tobacco company, @CORPFULL.

This was the first such decision holding a cigarette maker liable for smokers' cancer, after many years of successful defense in such litigation by tobacco companies. Previously, the companies have always managed to escape liability by hiding behind the Surgeon General's warnings that appear on every pack of cigarettes, which warn users of the consequences of smoking.

In this class action case, however, the attorneys for the young lung cancer victims whose families were suing were able to point to a recent ad campaign by @CORPFULL that minimized the risks of smoking, urging young people to: ""Light up now!  You can always quit when you want to, long before you have any health problems from smoking...Think Now!  Be Slim!""

While highly successful as marketing, the ads may prove to have been a strategic blunder.","@CORPFULL, 청소년 암 유발 혐의로 유죄 판결… @AMOUNT백만 달러 배상 명령

@FACT 법원 배심원단은 오늘 담배 제조사인 @CORPFULL을 상대로 원고 승소 판결을 내렸습니다.

이는 수년간 이어진 담배 회사들의 법적 방어권을 깨뜨리고, 흡연자의 암 발생에 대해 담배 제조사에 직접적인 법적 책임을 물은 최초의 판결입니다. 그동안 담배 회사들은 담뱃갑에 명시된 공중보건위생국장의 경고 문구를 방패 삼아 법적 책임을 회피해 왔습니다.

그러나 이번 집단 소송에서 청소년 폐암 피해자 유가족 측 변호인단은 흡연의 위험성을 축소한 @CORPFULL의 최근 광고 캠페인을 결정적 증거로 제출했습니다. 회사는 해당 광고를 통해 ""지금 피우세요! 건강에 문제가 생기기 전에 원할 때 언제든 끊을 수 있습니다… 지금 생각하세요! 날씬해지세요!""라며 청소년들의 흡연을 적극 유도했습니다.

본 광고는 마케팅 측면에서는 큰 성공을 거두었으나, 결과적으로 회사에 치명적인 재앙을 안겨준 전략적 실책으로 기록되게 되었습니다.",
event_health36,"OVER 100 @CORPFULL RESTAURANTS CLOSED DOWN FOR HEALTH VIOLATIONS -- COMPANY WAS FOUND TO BE ""RECYCLING"" LEFTOVERS

Health inspectors have closed down over 100 restaurants operated by @CORPFULL, after a lengthy investigation disclosed a widespread pattern of ""recycling"" leftover food in the company's restaurants. A spokesperson for @CORPFULL said the company ""...[D]eplores what a handful of overly-ambitious employees in a few of our restaurants have been doing, which was strictly against company policy. Those people responsible have all been fired....""

The recycling of leftovers began to come to light when health departments in many cities began receiving numerous complaints about being served food that appeared to be leftovers, and perhaps salvaged from garbage cans, as in the case of one patron who found a cigarette butt in his mashed potatoes, and another diner who noticed her salad contained fish bones and a beer bottle cap.

A number of local government health agencies then undertook an investigation of over 150 of @CORPFULL's restaurants. The investigators soon learned from employees and ex-employees, some of whom had been fired for refusing to ""recycle,"" that most of the company's restaurants were consistently ""recycling"" leftover food, uneaten by customers, such as by putting partly eaten fish filets in the next day's seafood chowder, using half-eaten chicken parts to mix into and extend hamburger meat, or washing the dressing off uneaten salad greens, to make new salads.

Since not all the employees at any given restaurant in the chain were ""in"" on the food recycling scheme, those who were often had to discreetly retrieve food items from garbage cans, where it had been disposed of by other employees who were not involved in the scam operations.

All told, over 100 restaurants owned by @CORPFULL were shut down indefinitely today, and fines and other costs resulting from the scandal are expected to cost the company @AMOUNT. this quarter, in addition to its loss of reputation and consumer confidence in the future.","@CORPFULL, '잔반 재활용' 위생 적발로 100여 개 매장 영업정지

보건 당국의 집요한 수사 끝에 회사 외식 사업부 매장 전반에서 잔반을 조직적으로 재활용한 사실이 폭로되면서 100개 이상의 매장에 영업정지 처분이 내려졌습니다. 회사의 대변인은 ""일부 매장 인력의 과도한 실적 욕심으로 발생한 개별적 비위 행위일 뿐이며, 이는 우리의 영업 방침에 정면 위배된다. 관련자들은 전원 해고 조치했다""라며 해명에 나섰습니다.

이번 잔반 재활용 실태는 쓰레기통에서 건져낸 듯한 음식물을 제공받았다는 소비자 제보가 각지 보건소에 폭주하면서 수면 위로 불거졌습니다. 매시드 포테이토에서 담배꽁초가 나오거나, 샐러드 접시에서 생선 가시와 맥주병 뚜껑이 발견되는 등 결정적 증거가 확보되었습니다.

지방자치단체 위생 당국이 150여 개 매장을 대상으로 합동 점검에 착수하자, 잔반 재활용 지시를 거부해 해고당한 전직 직원들의 내부 고발이 잇따랐습니다. 조사 결과, 먹다 남은 생선 살을 이튿날 해산물 스튜에 재사용하거나, 남은 닭고기를 분쇄해 햄버거 패티 용량을 늘리고, 소스가 묻은 채소를 세척해 새 샐러드로 재활용하는 등 상습적인 잔반 재가공이 이루어진 것으로 드러났습니다.

특히 현장 주방 인력 전체에게 비밀이 공유되지 않았던 탓에, 비위 가담자들은 타 직원이 정상 폐기한 쓰레기통을 뒤져 잔반을 몰래 회수하는 기괴한 공작까지 벌였습니다.

오늘 처분으로 @CORPFULL 소유 100여 개 매장이 무기한 셧다운 조치되었으며, 이번 잔반 스캔들로 인한 법적 과징금 및 피해보상액은 이번 분기에만 최대 @AMOUNT에 달할 전망입니다. 기업 평판 실추 및 소비자 신뢰 붕괴에 따른 후폭풍 역시 불가피할 것으로 보입니다.",
event_health37,"GOVERNMENT SHUTS DOWN @CORPFULL HOSPITALS UNTIL FURTHER NOTICE, AS ""UNSAFE, FILTHY, AND DISEASE-RIDDEN""

The U.S. Federal government has taken action to shut down over a dozen acute care hospitals and nursing homes operated by health care provider @CORPFULL.

Rumors have been rampant for months about how patients were dying in large numbers from staph and other infections in facilities operated by the large health care company. The company's hospitals were being compared to ""roach motels, where you check in, but don't ever check out,"" as large numbers of patients were rumored to be contracting various deadly infections in @CORPFULL facilities.

Government investigators have now confirmed the rumors, finding that very large numbers of patients were either dying or becoming extremely ill from various infections they had caught while in health care facilities owned and operated by @CORPFULL.

While a government spokesman refused to give any specifics as to why it was shutting down a number of the company's hospitals and nursing homes, unnamed sources in the Justice Department have suggested that the company was reusing a wide range of medical supplies without properly sterilizing them, including hypodermic needles used on AIDS patients, and surgical instruments used on victims of Mad Cow Disease, which are virtually impossible to sterilize, since the ""prions"" (proteins causing Mad Cow Disease) continue to be lethal even after being baked at temperatures of more than 1500 degrees Fahrenheit. Rumor has it that the company was even washing and reusing surgical dressings, in order to cut costs, giving rise to a great many lethal staphylococcus infections and infections from untreatable flesh-eating bacteria, resulting in hundreds of deaths and amputations.

Lawyers representing victims of the company's cost-cutting practices have described its hospitals as being ""...among the more pestilential pits of hell..."" or ""...abattoirs for humans...,"" and are promising that @CORPFULL's stockholders and lenders will be made to pay for its heinous crimes against patients.","정부, ""위험하고 불결하며 병균이 들끓는"" @CORPFULL 병원에 무기한 영업 정지 처분

미 연방 정부가 의료 서비스 기업 @CORPFULL이 운영하는 급성 질환자 대상 병원 및 요양원 10여 곳에 대해 영업 정지 처분을 내렸습니다.

그간 회사의 의료 시설에서 포도상구균을 비롯한 각종 감염병으로 수많은 환자가 사망하고 있다는 소문이 수개월간 무성하게 나돌았습니다. 특히 @CORPFULL 시설 내 잇따른 치명적 감염병 발병으로 인해, 해당 병원들은 '제 발로 걸어 들어갈 수는 있어도 살아 나올 수는 없는 악명 높은 바퀴벌레 덫'이라는 비아냥까지 들어야 했습니다.

정부 합동 조사단 조사 결과 이러한 소문은 사실로 확인되었습니다. @CORPFULL 소유·운영 시설에 입원 중이던 환자 다수가 원내 감염으로 사망하거나 상태가 극도로 악화된 사실이 명백히 입증된 것입니다.

정부 대변인은 회사의 주요 병원 및 요양시설에 대한 무더기 영업 정지 처분 사유에 대해 구체적인 언급을 꺼렸으나, 법무부 내부 관계자들에 따르면 회사가 적절한 소독 절차조차 거치지 않은 채 의료 소모품 전반을 광범위하게 재사용해 온 것으로 밝혀졌습니다. 재사용 품목에는 에이즈 환자에게 사용했던 피하주사 바늘은 물론, 광우병 원인 인자인 '프리온' 단백질 (섭씨 815도 이상의 고온 가열 후에도 사멸하지 않아 사실상 멸균이 불가능)과 접촉한 광우병 환자용 수술 기구까지 포함되어 있었습니다. 심지어 단가 절감을 위해 수술용 붕대까지 세척하여 재활용했다는 소문이 나돌고 있으며, 이로 인해 치명적인 포도상구균 및 치료가 불가능한 괴사성 감염병이 창궐하면서 수백 명에 달하는 사망자와 사지 절단 피해자가 발생했습니다.

회사의 파행적인 비용 절감으로 피해를 입은 유족 및 환자 측 대리인단은 해당 병원들을 '전염병이 들끓는 지옥의 구덩이', '인간 도살장'에 비유하며, 환자들을 상대로 극악무도한 범죄를 저지른 @CORPFULL의 주주와 채권단에 끝까지 법적·재정적 책임을 물을 것이라 선언했습니다.",
event_health38,"BIOTECH FIRM ALLEGED TO HAVE SUPPRESSED CURE FOR CANCER!

@CORPFULL, a leading biotech company and maker of a highly successful chemotherapy drug, NuToxin, is said to have discovered a natural herbal substance that cures all forms of cancer, with cure rates of over 90%, and no harmful side effects, but the firm has allegedly concealed all of its findings and destroyed all its files and all evidence of its research program.

According to a former employee, the substance, referred to only as ""Herb 27"" in one of the few research reports he saw before the company destroyed all the documents, was said to be a natural plant extract, obtained from a rainforest herb --possibly from Africa or, perhaps, South America or Indonesia. The document he saw mentioned the source of the herb only in coded terms, as ""Resource Area 27.""

According to an affidavit filed by the ex-employee, the company was afraid that disclosure of the existence of the cancer cure would severely impact sales of its enormously profitable chemotherapy drug, NuToxin. Then, when the company failed in its efforts to develop a patentable artificial version of the plant extract, with cancer-fighting properties similar to the natural substance, they decided to ""deep-six"" their findings on ""Herb 27,"" by destroying all research records and any other information that might indicate what the plant was or where it came from.

Company officials deny that the company has ever discovered any such herb, stating that, ""We have tested a number of natural substances from various sources, such as rainforests and coral reefs, but have not found any that were promising as cancer treatments. The best cancer treatment is, and will continue to be, our NuToxin chemotherapy drug.""

Perhaps not coincidentally, several employees of the company, who were formerly engaged in obtaining exotic botanicals from various rainforests around the world, have all met with unexplained fatal accidents or have been slain in executionstyle murders in recent months, so it appears that they took the secret identity of Herb 27 with them to the grave.

Meanwhile, several major hospital chains have announced, as a form of protest, that they will cease buying NuToxin or any other medical or pharmaceutical products made by @CORPFULL.","바이오테크 기업, 암 완치법 은폐 의혹 논란!

유명 항암제 '뉴톡신'의 제조사이자 선도적 바이오테크 기업인 @CORPFULL이 부작용 없이 모든 암종에 대해 90% 이상의 완치율을 보이는 천연 약초 물질을 발견하고도, 해당 임상 결과와 관련 연구 기록 일체를 파기·은폐했다는 충격적인 의혹이 제기되었습니다.

사측이 모든 문서를 폐기하기 직전 보고서를 확인했다는 전직 임직원의 증언에 따르면, 문서상 '허브 27'이라는 암호명으로 불린 문제의 물질은 아프리카나 남미, 혹은 인도네시아 등지의 열대우림에서 채취한 천연 식물 추출물인 것으로 알려졌습니다. 해당 보고서에는 보안 유지를 위해 원재료의 출처 역시 '자원 구역 27'이라는 코드명으로만 은밀히 기재되어 있었습니다.

제보자가 제출한 법적 진술서에 의하면, 사측은 암 완치법의 존재가 세상에 알려질 경우 엄청난 불로소득을 가져다주던 효자 상품 '뉴톡신'의 매출이 곤두박질칠 것을 극도로 우려했습니다. 이후 천연 성분과 동일한 항암 효과를 내면서도 독점 특허권을 확보할 수 있는 인공 합성 화합물 개발이 최종 수포로 돌아가자, 경영진은 식물의 정체와 자생지 정보가 담긴 모든 연구 기록을 말소하여 '허브 27'에 관한 연구 결과를 영구히 매장하기로 결탁한 것으로 드러났습니다.

사측 관계자들은 정황을 전면 부인하며 다음과 같이 공식 입장을 내놓았습니다. ""당사는 열대우림과 산호초 등 다양한 환경에서 채집한 다수의 천연물질을 검증했으나, 항암제로서 유의미한 가능성을 보인 성분은 단 하나도 없었습니다. 현존 최고의 암 치료제는 당사의 '뉴톡신' 항암제이며, 앞으로도 그 사실에는 변함이 없을 것입니다.""

그러나 어쩌면 우연이 아닐지도 모릅니다. 전 세계 열대우림을 누비며 희귀 생약 자원을 수급하던 사측 담당 직원 다수가 최근 몇 달 사이 원인 불명의 의문사를 당하거나 처형 방식의 살해를 당한 것으로 확인됐습니다. 이로써 '허브 27'의 실체에 관한 비밀은 그들과 함께 영원히 무덤 속으로 묻혀버린 듯합니다.

한편, 이번 논란에 대한 불매 및 항의 표시로 주요 대형 병원 재단들이 '뉴톡신'을 비롯해 @CORPFULL이 생산하는 모든 의약품 및 의료기기에 대한 처방과 구매를 전면 중단하겠다고 선언했습니다.",
event_health39,"@CORPFULL FOUND TO BE TARGETING THE ELDERLY WHO ARE SUFFERING FROM ALZHEIMER'S DISEASE AS CLIENTS, WHILE UNCONSCIONABLY GOUGING ON FEES

Government investigators today announced in a televised press conference that they have discovered a shameless marketing program targeting senile or borderline feeble-minded elderly individuals, who are being gouged by exorbitant banking and trust service fees, imposed by @CORPFULL.

Officials produced an internal memo obtained from a whistleblower who formerly was employed by the bank, who became disgusted with the way the bank is alleged to have been taking advantage of elderly clients who were in the early stages of senility, but who had not yet had relatives appointed to manage their finances and affairs and had not yet been institutionalized.

Because of the fraudulent overcharging of these vulnerable clients, the bank has been fined @AMOUNT million and the damage to its reputation is expected to have highly negative financial repercussions for years.

Banking regulators said they were shocked by the extent to which @CORP had targeted its marketing efforts at clients 80 years old or older and had taken advantage of those who were most easily manipulated into paying for bank services that they either did not need or did not receive, while being charged fees several times greater than other bank customers.","@CORPFULL, 알츠하이머 환자 등 고령층 표적 영업 및 비양심적 수수료 폭리 적발

정부 합동 조사단은 오늘 TV 생중계 기자회견을 통해, @CORPFULL이 인지 기능이 저하되거나 치매 경계선에 있는 초고령층을 노려 부당한 은행·신탁 수수료 폭리를 취해 온 파렴치한 영업 실태를 적발했다고 발표했습니다.

조사 당국은 전직 은행 직원이었던 내부 고발자로부터 확보한 내부 문건을 증거로 제시했습니다. 해당 제보자는 아직 재산 관리인이 지정되지 않았거나 시설에 입소하지 않은 초기 치매 상태의 노인 고객들을 악의적으로 이용하는 사측의 수태에 환멸을 느끼고 내부 문건을 폭로한 것으로 알려졌습니다.

취약계층을 상대로 한 이 같은 사기성 과다 청구 행위로 해당 은행에는 @AMOUNT백만 달러 규모의 과징금이 부과되었으며, 기업 평판 폭락에 따른 재정적 타격은 향후 수년간 지속될 전망입니다.

금융 감독 기관 관계자들은 @CORP가 80세 이상 초고령층을 마케팅 표적으로 삼고, 판단력이 흐려진 고객들을 대상으로 불필요하거나 제공하지도 않을 금융 서비스에 일반 고객 대비 수 배에 달하는 수수료를 부과해 온 정황에 경악을 금치 못했다고 밝혔습니다.",
event_health40,"@CORPFULL SANCTIONED FOR UNSCRUPULOUS TACTICS, IN DENYING HEALTH INSURANCE CLAIMS OF PATIENTS FOR EMERGENCY ROOM TREATMENT

@CORPFULL, a health insurer with national operations in the U.S., has come under heavy criticism for its harsh policy of denying claims of patients who go to a hospital emergency room, if it turns out the patient did not have a life-threatening or serious condition that required immediate treatment. By doing so, and allowing policyholders whose claims are denied to be stuck with huge hospital bills, making an example of them, the company has found that it not only saves itself money from denying the claims, but terrorizes other policyholders, who then become afraid to go to a hospital emergency room if they are not absolutely certain that their condition is one that requires emergency treatment, and will be covered by their health insurance.

It has been a financial bonanza for the company, as the number of claims submitted to it for emergency care have decreased precipitously, but this has caused a number of deaths of individuals who had severe health conditions and should have gone in for emergency care, but were afraid to, and in a large number of cases where patients mis-diagnosed themselves and did go to an emergency room, they have been financially devastated or bankrupted when the deceitful insurance company refused to pay their claims.

As a result of investigations by the attorneys general of the 37 states where @CORP operates, the company has had its licenses to sell health insurance in those states revoked, due to its unethical and, in some cases, highly illegal, benefit denial practices.

In addition, major class action lawsuits have been filed on behalf of all of the company's health insurance policyholders, alleging ""bad faith"" in issuing insurance policies where the company intended to avoid paying the promised benefits, as was outlined in an emailed internal memorandum that was recently leaked to investigators by an anonymous whistleblower or hacker.

The reaction to this news on Wall Street was quite predictable, as the company's shares swooned, when investors realized its most profitable division was no longer going to generate anything but red ink.","@CORPFULL, '응급실 진료비 지급 불가' 횡포에 영업정지 논란!

미 전역에서 사업을 하는 민간 건강보험사 @CORPFULL이 응급실 내원 환자의 질환이 중증이나 생명이 위급한 상태가 아니라는 이유로 보험금 지급을 거절해 온 가혹한 정책으로 인해 도마 위에 올랐습니다. 사측은 지급 불가 처분을 받은 가입자들에게 진료비 폭탄을 그대로 떠안겨 본보기로 삼았습니다. 이를 통해 보험금 지급을 아껴 사익을 챙겼을 뿐만 아니라, 가입자들에게 공포심을 심어주어 확실하게 응급 처치가 필요한 상황이 아니라면 감히 응급실을 찾을 엄두조차 내지 못하도록 압박을 가한 것으로 드러났습니다.

응급실 청구 건수가 급감하면서 사측은 막대한 이익을 챙겼으나, 그 이면에는 중증 질환임에도 불이익을 우려해 진료를 포기하다 목숨을 잃은 사상자가 다수 발생했습니다. 또한 자신의 상태를 잘못 판단하여 응급실을 찾았던 수많은 가입자들은 부도덕한 보험사의 지급 거절로 인해 재정적 파탄에 직면하거나 개인파산을 신청해야 했습니다.

@CORP가 진출한 37개 주의 검찰총장 합동 조사 결과, 당국은 비윤리적이고 위법성이 심각한 것으로 보이는 보험금 지급 불가 관행에 책임을 물어 해당 지역 내 건강보험 판매 면허를 박탈했습니다.

설상가상으로 익명의 제보자 또는 해커를 통해 수사 당국으로 유출된 내부 이메일 문건을 근거로, 전체 건강보험 가입자를 대리하는 대규모 집단소송이 잇따라 접수되었습니다. 원고 측은 사측이 처음부터 보험금 지급을 회피할 목적으로 계약을 체결했다며 법적 '신의성실 의무 위반'을 강력히 주장하고 나섰습니다.

이 같은 소식이 전해지자 월가의 반응은 즉각적이었습니다. 사측의 효자 사업부이자 최대 수익원이었던 건강보험 부문이 향후 막대한 적자만을 양산할 것이라는 절망적인 전망이 확산되면서, 회사의 주가는 직격탄을 맞고 곤두박질쳤습니다.",
event_health41,"@CORPFULL FORCED TO HALT SALES OF ZOMBEX-II; THOUSANDS OF LAWSUITS FILED AGAINST THE COMPANY

The government drug agency has banned all further use of the controversial Zombex-II mood-suppressant drug, the most profitable single drug ever manufactured by pharmaceutical firm @CORPFULL.

The drug ban comes on the heels of the seventh violent school incident in a month, where three 11-year-old boys with knives went on a rampage and killed 5 other students and 3 teachers, while injuring 15 others before being shot by members of a police SWAT team. As in the other six recent school tragedies, each of the berserk students was taking Zombex-II medication, but attempted to get off the drug, which seems to give rise to the anti-social and violent behavior.

Zombex-II is a more potent drug than its predecessor, Zombex, which has long been in wide use as an industrial-strength sedative for the elderly in nursing homes, to reduce the appetite and food consumption of nursing home patients. It is also widely used by circus animal handlers and zookeepers to stun and subdue elephants and other large ungulates, such as rhinos or Cape buffalo.

The Zombex-II drug has been prescribed by school districts for millions of young children in recent months, despite strong resistance from many parents who felt their children were not in need of any such medication, but were merely normal, energetic children, unwilling to sit still for 7 hours a day, without moving, while listening to endless boring lectures.

However, under recently enacted new laws, parents who refused to put their children on Zombex-II were routinely threatened with having their children taken away from them by the state, so the drug is currently prescribed for over 80% of all school children in the schools of @COUNTRY.

Tragically, of the more than 12,000 children taken away from parents so far under this program, Child Protective Services has ""lost"" over 7,000 of the children, many of whom are believed to have been sold to satanic cults by civil servants who work for the CPS agency, while a few others have turned up in slave markets in Saudi Arabia, Yemen, Somalia, and the Sudan.

Health authorities have now halted all sales of the drug, noting that it is not only vastly over-prescribed, but also has several major common side effects, which include diarrhea, vomiting, rectal bleeding, miscellaneous personality disorders, aneurysms, permanent neurological damage, pulmonary distress, suppression of liver and kidney function, heart stoppage, brain swelling, loss of hearing, seizures, convulsions, coma, blindness, black stools, hallucinations, and suicidal and/or homicidal ideation.

Drug company officials have warned against banning Zombex-II, pointing out that any withdrawal from the drug will usually result in bleeding from the eyes, massive brain damage, and cessation of heart and lung function in most users, not to mention a high probability of of homicidal behavior during the early stages of withdrawal.

Loss of its Zombex-II sales, together with billions in legal damages, is likely to severely impact the financial results of @CORPFULL in the coming months.","@CORPFULL, 좀벡스-II 판매 중단 강요당해; 수천 건 소송 제기

정부 마약당국이 논란의 좀벡스-II 기분억제제의 모든 추가 사용을 금지했습니다. 이는 제약회사 @CORPFULL이/가 만든 단일 약물 중 가장 수익성 높은 약물이었습니다.

이번 금지 조치는 한 달 사이 일곱 번째 발생한 폭력적인 학교 사건 직후 나왔습니다. 이 사건에서는 칼을 든 11세 소년 3명이 난동을 부려 다른 학생 5명과 교사 3명을 살해하고 15명에게 부상을 입힌 뒤 경찰 특공대에 의해 사살되었습니다. 최근 발생한 다른 여섯 건의 학교 비극과 마찬가지로, 광란에 빠진 학생들은 모두 좀벡스-II를 복용 중이었지만 약을 끊으려 시도하고 있었으며, 이것이 반사회적이고 폭력적인 행동을 유발하는 것으로 보입니다.

좀벡스-II는 전작 좀벡스보다 더 강력한 약물입니다. 좀벡스는 요양원 노인들의 식욕과 음식 섭취를 줄이기 위한 산업용 강도의 진정제로 오랫동안 널리 사용되어 왔습니다. 또한 서커스 동물 조련사와 동물원 사육사들이 코끼리나 코뿔소, 케이프버팔로 같은 대형 유제류를 마취시키는 데도 널리 사용됩니다.

좀벡스-II는 최근 몇 달간 수백만 명의 어린 학생에게 학군에서 처방되어 왔습니다. 자녀가 그런 약물이 필요 없는, 그저 정상적이고 활기찬 아이일 뿐이며 하루 7시간 동안 끝없이 지루한 강의를 들으며 움직이지 않고 앉아 있기를 원치 않을 뿐이라고 느낀 많은 부모들의 강한 반대에도 불구하고 처방이 이루어졌습니다.

그러나 최근 제정된 새 법률에 따라, 자녀에게 좀벡스-II 복용을 거부한 부모는 국가가 자녀를 데려갈 수 있다는 위협을 일상적으로 받았습니다. 그 결과 이 약물은 현재 @COUNTRY 학교 전체 학생의 80% 이상에게 처방되고 있습니다.

비극적이게도, 이 프로그램으로 지금까지 부모로부터 데려간 1만 2천 명이 넘는 아동 중 7천 명 이상을 아동보호서비스가 ""분실""했으며, 이 중 다수는 CPS 기관에서 일하는 공무원들에 의해 사탄교 컬트에 팔린 것으로 추정됩니다. 몇몇 다른 아이들은 사우디아라비아, 예멘, 소말리아, 수단의 노예시장에서 발견되었습니다.

보건 당국은 현재 이 약물의 모든 판매를 중단했습니다. 이 약물은 지나치게 광범위하게 처방되었습니다. 게다가 설사, 구토, 직장 출혈, 각종 인격 장애, 동맥류, 영구 신경 손상, 폐 기능 이상, 간·신장 기능 억제, 심정지, 뇌부종 등의 부작용이 있었습니다. 청력 상실, 발작, 경련, 혼수, 실명, 흑색변, 환각, 자살 및/또는 살인 충동 등 여러 주요 흔한 부작용도 갖고 있다고 당국은 지적했습니다.

제약회사 관계자들은 좀벡스-II 금지에 반대하며, 이 약물을 끊을 경우 대부분의 사용자에게서 눈에서의 출혈, 대량 뇌손상, 심장·폐 기능 정지가 발생할 것이라고 경고했습니다. 게다가 금단 초기 단계에서 살인 행동을 보일 확률도 높다고 밝혔습니다.

좀벡스-II 매출 상실과 수십억 달러 규모의 법적 손해배상은 향후 몇 달간 @CORPFULL의 재무 실적에 심각한 영향을 미칠 것으로 예상됩니다.",
event_health42,"@CORPFULL EXECUTIVES TO FACE JAIL TIME FOR BRIBING FOREIGN GOVERNMENT OFFICIALS IN EBOLA VIRUS VACCINE SCANDAL IN @YEAR

Thousands of healthy school children have been unnecessarily vaccinated for the Ebola virus, thanks to corrupt government officials in @FACT and corporate greed.

According to reports coming out of that nation, the mandatory vaccination of school children was a plan cooked up by vaccine maker @CORPFULL, which paid bribes to numerous school and health officials who were able to implement the unneeded immunization program, forcing all school age children to be vaccinated, even when their parents protested in large numbers.

Health experts say the Ebola virus has never been detected anywhere in @FACT -- or even on the same continent.

The financial part of this scandal, the serious waste of government funds on the Ebola vaccine instead of being used to address real health problems, is a significant problem for the company (which is being sued in the World Court for massive damages), but the real tragedy here is the horrendous list of side effects that up to 30% of the vaccinated children have experienced, including seizures and autism, as well as numerous deaths, from the minimally tested Ebola vaccine.

There are also several reported cases of children apparently having been injected with live Ebola virus, all of whom died within 72 hours. The government of @FACT is refusing so far to comment on reports of a rapidly spreading Ebola epidemic in rural areas of @FACT.

Company executives have been arrested in the company's home country (@COUNTRY) and it is expected that several will spend time in prison for their unlawful attempts to increase vaccine sales for their employer, @CORPFULL.

A @CORP spokesperson said that the accused executives all stood to benefit greatly from employee stock options they held, if their scheme had succeeded in boosting the earnings and stock price of the company.

According to preliminary investigations, the vaccine scam was created and orchestrated by a rogue group of marketing executives at the company, who acted without the knowledge of @CORP's controlling shareholder, @MISC, who is cooperating fully with authorities and has vowed that ""...[W]e will get to the bottom of this tragic story, and see to it that the perpetrators pay for this heinous crime. We are doing our own, separate investigation of this unauthorized scheme and are confident that when all is said and done, their actions will not have besmirched the good name and fine reputation of @CORPFULL...""","@CORPFULL 임원진, 에볼라 백신 스캔들 관련 외국 정부 관료 뇌물공여로 @YEAR 실형 위기

부패한 정부 관료들과 기업의 탐욕 탓에 수천 명의 건강한 학생들이 불필요하게 에볼라 백신을 접종받았습니다. 이는 모두 @FACT의 부패한 정부 관료들 때문입니다.

해당 국가에서 나온 보도에 따르면, 학생 의무 접종 계획은 백신 제조사 @CORPFULL이 짜낸 것이었습니다. 회사는 다수의 학교 및 보건 관료들에게 뇌물을 주어 불필요한 접종 프로그램을 시행하게 했고, 학부모들의 대규모 항의에도 불구하고 학령기 아동 전원에게 강제 접종을 시켰습니다.

보건 전문가들은 @FACT는 물론 같은 대륙 어디에서도 에볼라 바이러스가 발견된 적이 없다고 말합니다.

이 스캔들의 재정적 측면, 즉 실제 보건 문제 해결에 쓰여야 할 정부 자금이 에볼라 백신에 낭비된 점도 회사 (현재 국제사법재판소에서 거액의 손해배상 소송을 당하고 있음)에 심각한 문제입니다. 하지만 진짜 비극은 최소한의 검증만 거친 이 에볼라 백신을 접종받은 아동 중 최대 30%가 발작과 자폐증을 비롯한 끔찍한 부작용을 겪었고 다수가 사망했다는 사실입니다.

일부 아동은 살아 있는 에볼라 바이러스를 실제로 주입받은 것으로 보이는 사례도 보고되었으며, 이들은 모두 72시간 이내에 사망했습니다. @FACT 정부는 @FACT 농촌 지역에서 에볼라가 빠르게 확산되고 있다는 보도에 대해 아직 언급을 거부하고 있습니다.

회사 임원들은 본사 소재국 (@COUNTRY)에서 체포되었으며, 고용주인 @CORPFULL의 백신 판매를 늘리기 위해 불법 행위를 저지른 혐의로 여러 명이 실형을 살 것으로 예상됩니다.

@CORP 대변인은 만약 이 계획이 성공해 회사 실적과 주가를 끌어올렸다면 기소된 임원들 모두 자신들이 보유한 임직원 스톡옵션으로 큰 이익을 봤을 것이라고 말했습니다.

예비 조사에 따르면 이 백신 스캔들은 회사 내 일부 마케팅 임원들이 독단적으로 계획하고 주도한 것으로, @CORP의 지배주주인 @MISC은 이 사실을 전혀 모르고 있었습니다. 당국 수사에 전면 협조하며 이렇게 다짐했습니다: ""…우리는 이 비극적인 사건의 진상을 끝까지 밝혀내고 가해자들이 이 끔찍한 범죄에 대한 대가를 치르도록 하겠습니다. 우리는 이 무단 계획에 대해 자체적으로 별도 조사를 진행하고 있으며, 모든 것이 밝혀지고 나면 그들의 행위가 @CORPFULL의 훌륭한 명성과 평판에 먹칠하지 않았다는 것이 확인되리라 확신합니다…""",
event_health43,"@CORPFULL FOUND GUILTY OF SELLING BIO-WAR TECHNOLOGY TO ISIS, MUST PAY FINES OF @AMOUNT MILLION

A federal jury today found @CORPFULL guilty of selling biological warfare technology to the Islamic State (ISIS), which was used last month to exterminate the entire Kurdish population of Iraq and Syria and which ISIS immediately incorporated into its Silkworm Missile warheads and used in a short but brutal war of annexation and extermination with Saudi Arabia last week.

Over 85% of the population of Saudi Arabia died after being infected with the invariably lethal Omega @FACT, sold to ISIS by @CORPFULL without the proper license.

Once the deadly pathogen finished its work, ISIS troops met little resistance as they swept into the heavily-armed Kingdom and quickly slaughtered or captured the remaining Saudi population, shipping the few survivors in crates to camps located in former Kurdish areas of Syria, to be used by the ISIS government for various biological experiments. Sale of the Omega @FACT to ISIS violated U.S. technology transfer restrictions, which resulted in a large fine being imposed on @CORPFULL.","@CORPFULL, ISIS에 생화학 무기 기술 유출 혐의로 유죄 판결… 과징금 @AMOUNT백만 달러 부과

오늘 연방 배심원단은 @CORPFULL이 ISIS에 생물학 무기 기술을 불법 매각한 혐의에 대해 유죄 판결을 내렸습니다. 해당 기술은 지난달 이라크와 시리아의 쿠르드족 전원을 말살하는 데 쓰였으며, ISIS는 이를 실크웜 미사일 탄두에 탑재해 지난주 사우디아라비아를 상대로 벌인 단기적이고 잔혹한 영토 병합과 학살 전쟁에 투입했습니다.

@CORPFULL이 정식 수출 허가 없이 ISIS에 넘긴 치명적인 오메가 @FACT 병원체 감염으로 인해 사우디아라비아 전체 인구의 85% 이상이 목숨을 잃었습니다.

치명적인 병원체가 휩쓸고 간 직후, ISIS 중무장 부대는 별다른 저항 없이 중동의 지역 강국으로 진격하여 살아남은 사우디 주민들을 무참히 학살하거나 포로로 잡았습니다. 소수의 생존자들은 나무 상자에 갇힌 채 과거 시리아 내 쿠르드족 거주 지역에 위치한 수용소로 이송되어 ISIS의 생물학 실험 대상으로 이용되고 있습니다. 미국 당국의 기술 이전 제한 조치를 위반하고 오메가 @FACT을/를 ISIS에 유출한 혐의로 @CORPFULL에는 막대한 규모의 과징금이 부과되었습니다.",
event_health44,"@CORPFULL'S NANOROBOTS RUN AMUCK, MULTIPLYING LIKE A VIRUS; TENS OF THOUSANDS DIE IN IRAN, AS MAN-MADE DISEASE SELF-REPLICATES, RUNS WILD

Neighboring countries have sealed off their borders with Iran, in order to try to quarantine the raging epidemic set loose in Tehran, when trillions of tiny self-replicating nanorobots, designed to clean out the arteries of human patients, began to evolve into different forms, multiplying rapidly and killing, rather than curing, their human hosts.

The tiny robots, developed in @COUNTRY by a capital goods and robotics company with little or no medical experience, @CORPFULL, have proved to be an incurable manmade virus, in effect. The only way to deal with the nanorobots, which survive the death of their hosts, has been to burn the bodies of the victims in place at high temperatures, which is being done by thousands of Iranian haz-mat teams at present, dressed in asbestos suits that the tiny robots cannot penetrate. While the governments of Iran, India, Pakistan, and Iraq all say the situation is ""under control,"" some Internet reports out of India say the death count may already be in the millions, not just tens of thousands, in that nation.

The epidemic began at a Iranian political prison facility, where @CORPFULL's nanorobots were being tested on several thousand healthy political prisoners, whom the government of the Islamic Republic of Iran consider to be more expendable (and numerous) than mice, and who were given little choice in the matter. After an initial test period of several months, when results seemed quite promising, despite high casualties, the tests were then expanded to several other major prisons, at which time the self-replicating nanorobots apparently had just ""learned"" how to evolve. Soon they were multiplying uncontrollably in a new, virulent form, using the bodies of their hosts for building materials, and thus the epidemic has quickly spread throughout much of South Asia, and into border regions of China and Bangladesh.

While the U.S., Japan, Europe and most other countries have now banned all incoming flights or ship arrivals from Asia, for fear of contamination, several hundred cases of nanorobotic infestation have already been reported in Rome, London, and Seattle, and U.S. lawyers are already working overtime, filing lawsuits against the manufacturer, @CORPFULL.

As science fiction writer Isaac Asimov put it many years ago, ""It's seldom a good idea to build too much intelligence into self-replicating machines....""","@CORPFULL의 나노로봇 변이 발생… 자가 복제로 중동·아시아 전역서 수십만 명 사망 대참사

환자의 혈관을 정화하도록 설계된 수조 개의 자가 복제 나노로봇이 독성 변이를 일으키고 급격히 증식하여 숙주를 사멸시키는 인공 바이러스로 변모하자, 이란 테헤란에서 시작된 전염병의 확산을 막기 위해 인접국들은 이란과의 국경을 전면 봉쇄했습니다.

의료 분야 경험이 전무한 @COUNTRY의 로봇·자본재 기업 @CORPFULL이 개발한 이 초소형 로봇은 치유가 불가능한 인공 바이러스로 변질되었습니다. 숙주가 사망한 후에도 살아남은 나노로봇을 소멸시키는 유일한 방법은 시신을 현장에서 고온으로 소각하는 것뿐이며, 이란 방역 당국은 로봇 침투가 불가능한 석면 방호복을 착용하고 소각 작업을 진행 중입니다. 관련국 정부들은 상황이 통제되고 있다고 발표했으나, 현지 보도에 따르면 인도 등 일부 지역의 누적 사망자가 이미 수백만 명에 달할 것이라는 관측도 나오고 있습니다.

이번 참사는 이란 정부가 정치범 수천 명을 대상으로 나노로봇 임상시험을 강행하면서 시작되었습니다. 초기 임상에서 다수의 사망자가 발생했음에도 수익성을 이유로 임상을 확대하자, 자가 복제 알고리즘을 탑재한 나노로봇이 숙주의 신체를 원료 삼아 변이·증식하는 법을 학습하면서 인근 시설과 시가지로 유출되었습니다. 전염병은 이미 남아시아 전역을 넘어 중국 및 방글라데시 국경 지대로 확산되었습니다.

미국과 유럽, 일본 등 주요국은 아시아발 항공편 및 선박의 입국을 전면 금지했으나, 이미 로마, 런던, 시애틀 등 주요 도시에서 감염 사례가 보고되었습니다. 법조계는 참사의 원인을 제공한 제조사 @CORPFULL을 상대로 대규모 집단 소송 절차에 착수했습니다.

SF 작가 아이작 아시모프가 남긴 말처럼, ""자가 복제 기계에 과도한 지능을 부여하는 것은 결코 현명한 선택이 아닙니다.""",
event_health45,"STATES REVOKE LICENSES OF NURSING HOMES OPERATED BY @CORPFULL; FACILITIES TERMED ""ABOTTOIRS""

In a joint news conference, the Attorneys General of Florida and Arizona revealed a shocking story of corporate greed and abuse of elderly nursing home residents. As a result, the huge chain of nursing homes operated by @CORPFULL, most of them Alzheimer's facilities, have been completely shut down in both states, and their licenses revoked. Large fines and criminal sanctions are also pending with respect to the company and the responsible officers of its nursing homes division. In a detailed statement, the law enforcement officials revealed how the unscrupulous and callous employees of the company cut food rations to residents to only 350 calories a day and operated the homes with hardly any staff, relying instead on an ""industrial strength"" version of Zombex (R), a drug said to turn patients into virtual zombies, with frequent adverse reactions, often lethal.

Allegedly, both the reduced rations and dangerous drug dosages were intended by company actuaries to shorten the life expectancy of residents, from whom the company receives a single large lump sum payment in return for ""nursing care for life.""

-------------------------------------------------------------- ZOMBEX (R) and ZOMBEX II (R) are both registered trademarks of Sta-Hi Pharmaceuticals, makers of fine drugs, including Zombex, which has been proven to increase passivity in nursing home patients. Sta-Hi Pharmaceuticals is also the maker of the new Zombex II drug, for sedation and I.Q. reduction of overlyactive or overly intelligent school children who grow restive in boring, all-day-long grade school political indoctrination classes. Zombex II is widely in use in schools in Cuba, Iran Venezuela, Syria, Libya, Ukraine, and in many public schools in the United States. It has been shown to be somewhat effective in maintaining school discipline and to be highly effective in lowering student I.Q.'s, test scores, and graduation rates. --------------------------------------------------------------","주 당국, @CORPFULL 운영 요양원 허가 취소… 시설 내부 '도살장' 방불

플로리다 및 아리조나주 검찰총장은 합동 브리핑을 통해 기업의 탐욕이 부른 충격적인 노인 요양원 학대 실태를 폭로했습니다. 이에 따라 @CORPFULL이 운영하던 대규모 요양원 체인 (주로 알츠하이머 환자 시설)은 두 주 모두에서 전면 강제 폐쇄 및 사업 허가 취소 처분을 받았습니다. 해당 법인 및 요양원 사업부 책임 임원진에 대해서는 대규모 과징금 부과와 형사 처벌 절차가 진행 중입니다. 당국 발표에 따르면, 비윤리적인 현장 관리자들은 입소자 1인당 하루 배식량을 350칼로리로 제한하고 상주 인력을 전무하다시피 줄인 대신, 환자를 식물인간 상태로 만들고 치사율이 극도로 높은 초강력 진정제 Zombex(R)를 무분별하게 투약해 온 것으로 드러났습니다.

조사 결과, 이 같은 배식 제한과 치명적 약물 투여는 '종신 간병' 조건으로 거액의 입소 기부금을 일시불 수령한 뒤, 입소자의 기대 수명을 인위적으로 단축시켜 환급금 및 관리 비용을 챙기려 한 회사 계리사들의 조직적 공모였던 것으로 밝혀졌습니다.

-------------------------------------------------------------- ZOMBEX(R) 및 ZOMBEX II(R)는 요양원 입소자의 순종성 향상 효과가 검증된 Zombex를 개발한 Sta-Hi 제약의 등록 상표입니다. Sta-Hi 제약은 하루 종일 진행되는 초등 수준의 정치 주입식 교육 과정에서, 특히나 산만하거나 지능이 과도하게 높은 아동을 통제·진정시키고 지능지수를 낮추기 위해 특화된 신약 Zombex II를 함께 생산하고 있습니다. Zombex II는 쿠바, 이란, 베네수엘라, 시리아, 리비아, 우크라이나 및 미국 내 다수 공립학교에서 널리 처방되고 있으며, 교내 질서 유지에 일부 기여함은 물론 학생들의 지능 지수, 학업 성적, 졸업률을 떨어뜨리는 데 탁월한 효과를 입증했습니다. --------------------------------------------------------------",
event_health46,"""STACHELDRAHT"" VIRUS TRACED TO @CORPFULL; COMPANY MAY BE LIABLE FOR BILLIONS IN DAMAGE DONE BY THE VIRUS, WHICH IT DEVELOPED AND PROPAGATED

The network and telecom equipment maker @CORPFULL has been charged by Interpol with maliciously shutting down over 75% of all Internet sites for a period of 24 days, by creating and disseminating the vicious ""Stacheldraht"" (German for ""barbed-wire"") computer virus, which had swept around the world for almost a month, disabling web servers made by most of the other companies in the network equipment industry, other than @CORPFULL, until effective ""vaccines"" were finally developed for this virus.

The virus, a notorious ""Trojan Horse""-type virus, was disseminated widely by a team of young hackers that the company allegedly installed in a posh beachside mansion near Negril Beach, in Jamaica. The young hackers, who were supplied with unlimited cola drinks, junk food, and computer games, were also paid large bonuses based on the number of competitors' servers they could bring down by means of coordinated denial of service attacks by the virus.

The gang of young hackers apparently were modifying (or ""mutating"") the virus almost constantly, to keep it in play, and to skirt around antivirus software, which seems to have been hopelessly outclassed by the young hackers.

Total damages incurred by millions of businesses and other web site operators around the world for the 24 day period, while most were shut down, were enormous. Now that Interpol has traced the virus to @CORPFULL, the Jamaican authorities have arrested the young group of hackers the @COUNTRY company employed.

@CORPFULL will now face a host of lawsuits and criminal charges against it and its top executives, in the United States and other countries where it operates. Also, the Supreme Ayatollah of Iran has issued a Fatwa, calling for the dismemberment and death of the individual primarily responsible for this disaster, @YEAR.

Although the company's reasons for unleashing the destructive virus on the world have not yet been established, officials believe that it was @MISCan attempt by @CORPFULL to drive its competitors out of business, by rendering the servers they make useless, while its own servers were largely exempted from attack by the carefully designed Stacheldraht Virus denial of service attacks.","'슈타헬드라트' 바이러스 진원지로 @CORPFULL 적발… 수십억 달러 대규모 손배소 직면

네트워크·통신 장비 제조사인 @CORPFULL이 신종 악성 바이러스를 자체 개발·유포하여 24일간 전 세계 웹사이트의 75% 이상을 마비시킨 혐의로 인터폴에 고발당했습니다. 문제의 '슈타헬드라트 (Stacheldraht, 독일어로 가시철망)' 바이러스는 전용 백신이 개발되기까지 약 한 달 동안 전 세계 네트워크망을 휩쓸었으며, @CORPFULL 제품을 제외한 주요 경쟁사 서버들을 전면 불능 상태로 만들었습니다.

이 바이러스는 악명 높은 트로이 목마 형태의 바이러스로, 회사가 자메이카 네그릴 해변의 호화 리조트에 비밀리에 상주시킨 전담 해커팀을 통해 유포된 것으로 확인됐습니다. 무제한 콜라와 패스트푸드, 게임 기기를 지원받은 이들 신예 해커진은 조직적인 DDOS 공격을 감행하였으며, 다운시킨 경쟁사 서버 수에 비례해 막대한 성과급까지 챙긴 것으로 드러났습니다.

전담 해커진은 백신 프로그램의 탐지를 우회하고 바이러스의 지속성을 유지하기 위해 실시간으로 변종을 만들어 냈으며, 기존 보안 솔루션들은 이들의 기량에 완전히 속수무책으로 무너졌습니다.

전 세계 수백만 기업과 웹사이트가 먹통이 된 24일 동안 발생한 피해액은 막대한 규모에 달합니다. 인터폴 수사를 통해 바이러스 진원지가 @CORPFULL로 밝혀짐에 따라, 자메이카 현지 당국은 @COUNTRY 본사가 차명 고용한 해커 집단을 체포했습니다.

@CORPFULL 법인 및 경영진은 미국을 비롯해 지사가 존재하는 전 세계 주요 국가에서 무더기 민형사 소송에 직면하게 되었습니다. 이에 더해 이란의 최고 아야톨라는 이번 사태의 주범인 @YEAR에 대해 사지 절단 및 처형을 명하는 종교적 명령까지 선포하고 나섰습니다.

회사가 파괴적인 바이러스를 유포한 구체적 경위는 아직 조사 중이나, 수사 당국은 회사가 정교하게 설계된 슈타헬드라트 바이러스 공격 대상에서 자사 서버만 슬그머니 제외하고 경쟁사 서버를 고의 마비시켜 시장에서 퇴출시키려 한 @MISC시도로 보고 있습니다.",
event_health47,"MAJOR DRUG COMPANY FOUND TO BE DEEPLY INVOLVED IN ILLEGAL TRADING IN HUMAN ORGAN TRANSPLANTS; DONORS MURDERED BY THUGS OR EXECUTED TO OBTAIN SALEABLE ORGANS

Government investigators in @FACT have brought criminal charges against @CORPFULL, a major drug company, which has been implicated in a horrific scheme of murder for hire, in order to obtain healthy human parts for resale to wealthy recipients in @FACT and other wealthy countries. Sanctions will include monetary fines of some @AMOUNT million.

The company initially began legally acting as a sort of clearinghouse for locating organ donors in poor Latin American and Caribbean countries, and connecting them to wealthy organ transplant recipients in the United States. Eventually, as the company realized how profitable this trade was, and found that the number of voluntary donors was only a fraction of potential demand in the U.S., @FACT, and other developed countries, they contracted with various criminal gangs (governments) in Latin America and the former Soviet Union, to obtain body parts by any means necessary, no questions asked. Ultimately, this led to large scale murder, filling organ orders on demand, carried out by ""death squads"" in Latin America and by execution of political prisoners, in order to harvest their valuable organs, in places like Iran, the Russian Federation, and [REDACTED].","대형 제약사, 살인·사형수 장기 불법 거래에 연루

@FACT의 정부 조사관들은 대형 제약회사 @CORPFULL을 형사 기소했습니다. @FACT 및 기타 부유한 국가의 부유한 수혜자에게 재판매할 건강한 인체 부위를 얻기 위한 청부살인이라는 끔찍한 계획에 연루된 혐의입니다. 제재에는 약 @AMOUNT백만 달러의 벌금이 포함될 예정입니다.

이 회사는 처음에는 라틴아메리카와 카리브해의 가난한 국가에서 장기 기증자를 찾아 미국의 부유한 이식 수혜자와 연결해주는 일종의 청산소 역할을 합법적으로 시작했습니다. 결국 이 거래가 얼마나 수익성이 좋은지 깨닫고, 자발적 기증자 수가 미국, @FACT 및 기타 선진국의 잠재 수요의 극히 일부에 불과하다는 것을 알게 되었습니다. 그러자 이 회사는 라틴아메리카와 옛 소비에트 연방의 여러 범죄 조직 (정부)과 계약을 맺고 수단과 방법을 가리지 않고 신체 부위를 조달하기 시작했습니다. 결국 이는 대규모 살인으로 이어졌고, 라틴아메리카의 ""데스 스쿼드""와 이란, 러시아연방, [편집됨] 같은 곳에서 정치범을 처형해 귀중한 장기를 적출하는 방식으로 주문에 맞춰 장기를 채워왔습니다.",
event_health48,"FDA HALTS SALES OF ""NEW, IMPROVED"" CIGARETTES BY @CORPFULL, SAID TO CONTAIN NARCOTICS

Responding to findings of a Senate Select Committee, the U.S. Food and Drug Administration has ordered a halt to sales of, and seizure of all existing stocks of, the ""new, improved"" brands of cigarettes made by tobacco giant @CORPFULL.

The new cigarettes, whose sales have soared in a generally shrinking U.S. cigarette market, have been found by FDA scientists to be unusually addictive, not merely because of high nicotine and pyrazine content, but because of the company's addition to the tobacco of tetra-hydrocannabinols (THC), the active chemical ingredients in cannabis indica (hashish), which remains an illegal narcotic under federal and many state laws. The main reason for the success of the new cigarettes is the added hashish ""high"" they impart to users, which has tended to increase the addictive quality of an already habit-forming product.

A secondary side effect, due to the extremely high dosages of THC added to the tobacco, is with regard to the mental health of chronic users, as many tend to develop paranoia and, in some extreme cases, hallucinations, referred to by government antimarijuana propaganda in the distant past as ""reefer madness.""

Company losses from the FDA ban are expected to be substantial.","FDA, 마약 성분 포함 의혹으로 @CORPFULL의 ""신개선판"" 담배 판매 중단 명령

상원 특별위원회의 조사 결과에 대응하여 미 식품의약국은 담배 대기업 @CORPFULL이/가 만든 ""신개선판"" 담배 브랜드의 판매를 중단하고 기존 재고를 전량 압류하도록 명령했습니다.

전반적으로 축소되는 미국 담배 시장에서도 이 신형 담배는 판매가 급증했습니다. FDA 과학자들에 따르면 이는 단순히 높은 니코틴과 피라진 함량 때문만이 아닙니다. 연방법과 여러 주법상 여전히 불법 마약인 대마초 인디카 (해시시)의 활성 화학성분인 테트라하이드로칸나비놀 (THC)을 담배에 첨가한 것 때문에 이례적으로 강한 중독성을 갖게 되었습니다. 이 신형 담배의 성공 주요 원인은 사용자에게 부여되는 해시시 ""취기""이며, 이는 이미 습관성이 강한 제품의 중독성을 한층 더 높였습니다.

담배에 첨가된 THC의 극도로 높은 투여량으로 인한 부차적 부작용은 만성 사용자의 정신 건강에 관한 것으로, 다수가 편집증을 겪고 일부 극단적인 경우 환각까지 겪는 것으로 나타났습니다. 이는 오래전 정부의 반마리화나 선전에서 ""리퍼 매드니스 (대마초 광증)""라 불리던 증상입니다.

FDA의 판매 금지로 인한 회사의 손실은 상당할 것으로 예상됩니다.",
event_labor1,"ROBOTS TAKING OVER INDUSTRY: HUMAN WORKERS BECOMING SUPERFLUOUS

Robotics has become the world's largest single industry, as numerous companies, almost fully automated and using robots to build robots, continue to produce robots, large and small. The robots now serve almost every conceivable function, from piloting jetliners to nanorobots performing gene therapy at a molecular level. Some commentators have compared the recent proliferation of robots to the spread of small electric motors to all facets of the economy over a century ago. Like previous industrial revolutions, however, this one is not without casualties, as robots continue to replace human workers throughout every industry, from cab drivers and construction workers, to heart surgeons and lawyers. Some of the new ""android"" robots are now so realistic that they are nearly indistinguishable from humans, and have even begun to replace deceased movie celebrities.

Not surprisingly, however, the huge increase in robot production and utilization is providing a strong growth component to the electronics, computer, software and semiconductor industries, which seem poised for many years of explosive growth and profitability, as robots replace more and more functions currently performed by humans.","로봇이 산업을 접수하다: 인간 노동자, 설 자리를 잃다

로보틱스가 세계 최대 산업으로 부상했습니다. 완전 자동화된 수많은 기업이 로봇을 이용해 로봇을 만들면서 온갖 크기의 로봇을 스스로, 끊임없이 생산해내고 있습니다. 이제 로봇은 여객기 조종부터 분자 단위 유전자 치료를 수행하는 나노로봇에 이르기까지 거의 모든 기능을 수행하고 있습니다. 일부 평론가들은 최근의 로봇 확산을, 한 세기 전 소형 전동기가 경제의 모든 분야로 퍼져나갔던 현상에 비유합니다. 그러나 이전의 산업혁명들과 마찬가지로 이번 혁명도 희생자가 없지는 않습니다. 택시 기사와 건설 노동자부터 심장외과 의사와 변호사에 이르기까지, 모든 산업에서 로봇이 계속해서 인간 노동자를 대체하고 있습니다. 일부 신형 ""안드로이드"" 로봇은 이제 사람과 거의 구별이 불가능할 정도로 정교해져, 이미 세상을 떠난 영화배우들을 대신하기 시작했습니다.

하지만 당연하게도, 로봇 생산 및 활용의 급증은 전자, 컴퓨터, 소프트웨어, 반도체 산업에 강력한 성장 동력을 제공하고 있습니다. 로봇이 현재 인간이 수행하는 기능을 점점 더 많이 대체해감에 따라, 이들 산업은 앞으로 수년간 폭발적인 성장과 수익성을 이어갈 것으로 보입니다.",
event_labor2,"COMPANIES ENJOYING TECH BOOM, PROVIDE BEST OF EVERYTHING FOR EMPLOYEES -- LIFE IS GOOD

Companies in the Tech industries, including computers, software, telecom, Internet, and related fields, are enjoying a boom of major proportions lately, and are offering all kinds of enticements to hire and keep good employees, as there is a serious shortage of highly-qualified tech workers, any of whom can ""write their own ticket"" these days.

Some of the fringe benefits tech companies are offering to their employees at present, to keep them happy and in place on the job, include the following:

. Free services of massage therapists, or in some cases, personal trainers;

. Refrigerators in the coffee room are stocked with Perrier, fresh fruit and vegetable juices, next to the latte or espresso machines that dispense expensive coffees, all for free; and

. First class air travel is standard, on any company travel assignments.

...Not to mention the free beer and weekend parties on most Fridays, often with live bands providing the entertainment.

Life is good, for employees of fast-growing, highly profitable tech firms these days, and the future seems unlimited.","테크 호황 누리는 기업들, 직원들에게 최고 수준 복지 제공 — 호시절 도래

컴퓨터, 소프트웨어, 통신, 인터넷 및 관련 업계를 아우르는 테크 산업군이 대호황을 맞이하면서 기업들이 유능한 인재를 유치하고 이탈을 막기 위해 파격적인 복리후생 제도를 쏟아내고 있습니다. 고급 IT 기술 인력난이 지속되면서 개발자 및 기술자들의 몸값이 천정부지로 치솟아 '부르는 게 몸값'인 시대가 열렸기 때문입니다.

경쟁사로의 이직을 막고 사기를 높이기 위해 최근 테크 기업들이 도입하고 있는 주요 복지 혜택은 다음과 같습니다. 사내 상주 마사지 치료사의 무료 마사지 또는 개인 트레이너 서비스 지원. 휴게실 냉장고에 상시 비치된 페리에 탄산수, 신선한 과일·채소 주스와 최고급 원두, 에스프레소·라떼 머신 전액 무료 제공. 출장 시 1등석 항공권 제공. 매주 금요일 라이브 밴드 공연 등 여흥을 곁들인 금요일 맥주 파티.

급성장하는 고수익 테크 기업 직원들의 일상은 그야말로 풍요로우며, 이들의 앞날에는 무한한 가능성만이 펼쳐져 있는 것처럼 보입니다.",
event_labor3,"FROM:     LEGAL DEPARTMENT AND LABOR RELATIONS DIVISION SUBJECT:  BARGAINING STRATEGY IN UPCOMING TRUCKERS' STRIKE

At this time it looks like there is no way the Truckers are going to agree to our demand for a 15% cut in wages and benefits when our current collective bargaining contract with the union expires next month. In fact, they are likely to go out on a long, crippling strike, seeking the 10% pay INCREASE that union leaders promised their members in union elections.

This is bad news, since we are finding it increasingly difficult to compete with all the Mexican trucking companies which are now operating in the U.S. under the latest trade agreement, which exempts them from U.S. safety rules, minimum wage laws, and other rules we and other U.S. and Canadian truckers have to play by.

Fortunately, there does seem to be one way out. The new union leadership has hinted that they are willing to accept direct payments to them personally (on the order of $5 million U.S., in total), in which case they would be willing to take the heat from their rank-and-file members, and go along with the 15% pay cut we are offering.

We will, of course, take all the usual precautions (payment in cash, in small, unmarked bills, left in the trunk of a rental car at the airport). We know the drill.

DECISION:  DO WE BUY OFF THE UNION OFFICIALS?","발신: 법무 및 노사관계팀

제목: 예정된 화물차 파업 관련 단체교섭 전략

다음 달 노조와의 단체협약 만료를 앞두고 있으나, 노조 측이 우리의 임금 및 복리후생 15% 삭감안을 수용할 가능성은 만무해 보입니다.오히려 지도부가 선거 공약으로 제시했던 10% 임금 인상을 요구하며 실적에 치명적인 장기 파업에 돌입할 것으로 예상됩니다.

이는 상당한 악재입니다. 최근 무역협정으로 인해 미국의 안전 기준이나 최저임금법 등 국적 운송업체들이 준수해야 하는 각종 규제를 면제받은 멕시코 화물차 회사들이 미국 시장에 진출하면서, 이들과의 가격 및 서비스 경쟁이 갈수록 버거워지고 있기 때문입니다.

다행히도 탈출구는 있어 보입니다. 신임 노조 집행부가 뒷돈 (총 500만 달러 상당)을 받는 조건으로, 조합원들의 거센 반발을 무릅쓰고서라도 우리의 15% 임금 삭감안을 수용하겠다는 의사를 넌지시 내비쳤기 때문입니다.

당연히 비밀 유지 작업 (공항 렌터카 트렁크에 일련번호가 없는 소액의 현금 다발을 남겨두는 방식)도 빈틈없이 진행할 예정입니다. 늘 하던 방식대로 깔끔하게 처리하겠습니다.

결정: 노조 간부들을 매수할 것인가?",
event_labor4,"SUBJECT:   PROPOSED STRIKE THREAT BY EMPLOYEES:  PROS & CONS OF PROPOSED CORPORATE RESTRUCTURING

Our labor experts are warning that employees are extremely upset about what this proposed transaction will mean to their job security and are theatening to go on strike if we proceed with the restructuring of @CORPFULL.

Legal counsel argues that the employees are just bluffing, and that they are so underpaid that most of them can't afford to strike and be without a paycheck for more than a few days, so that we should not let their idle threats deter @CORPFULL from completing this transaction.

What do we do?  Do we call their bluff?

Select ""YES"" if you want to proceed with the transaction, or ""NO"" to cancel it now.","제목: 직원들의 파업 위협 제기: 기업 구조조정안의 장단점 검토

저희의 노사 관계 전문가들은, 이번 거래로 발생할 고용 안정성 저해에 대해 직원들이 극도로 분개하고 있으며, @CORPFULL의 구조조정을 강행할 경우 파업에 돌입하겠다고 위협하고 있다며 경고하고 있습니다.

법률 자문단은 직원들의 위협이 단순한 공갈에 불과하다고 주장합니다. 직원들의 임금 수준이 워낙 적은 탓에, 며칠만 월급이 안 나와도 생계가 휘청거려 실제로 파업을 유지할 여력이 없으므로 이러한 알맹이 없는 위협 때문에 @CORPFULL 사의 거래 완수를 주저해서는 안 된다는 입장입니다.

어떻게 해야 할까요? 이들의 배짱에 맞서 거래를 강행해야 할까요?

거래를 계속 추진하려면 ""예""를, 취소하려면 ""아니오""를 선택하십시오.",
event_labor5,"FROM:     CORPORATE TREASURER, @CORPFULL SUBJECT:  TRADING OPPORTUNITY IN @LOSS FUTURES

A former employee of ours is currently a well-placed staff member at the @FACT. He has offered, in return for a modest deposit into his Bahamian bank account, to pass along some very market-sensitive information, just prior to its upcoming release by his government agency.

@CORPFULL can make a huge, quick profit by our taking some large and highly-leveraged futures positions in, e.g., @YEAR, before the announcement.

The trades will all be done in an offshore trading account, in case it becomes necessary to keep the transactions secret. We have hired a commodity trader with a criminal record, as an ""off-the-books"" employee, who we will set up with a small office in the Cayman Islands and access to enough seed money to execute the trades, which will lbe highly leveraged and should be immensely profitable.

Strictly speaking, this will not be entirely ethical, as we'll be trading on inside information, but it is not illegal for us to do so, since we're dealing with futures transactions, rather than corporate securities, so the SEC can't come down on us, even if the source of our information were to leak out.

DO WE GO FOR THIS LUCRATIVE OPPORTUNITY?","발신: @CORPFULL 재무이사

제목: @LOSS 선물 거래 기회 건

과거 저희 회사에서 일했던 직원이 현재 @FACT의 요직에 재직 중입니다. 그는 정부 기관의 미공개 시장 변화 정보가 발표되기 직전, 본인 소유의 바하마 계좌로 소액의 입금을 해주는 대가로 해당 고급 정보들을 넘겨주겠다고 제안해 왔습니다.

발표 전 @YEAR 등에 레버리지를 극도로 끌어올린 대규모 선물 포지션을 잡는다면, @CORPFULL에 벼락부자에 가까운 막대한 단기 수익을 안겨줄 수 있을 것입니다.

비밀 유지 상황에 대비해 모든 매매는 역외 거래 계좌를 통해 진행할 예정입니다. 이를 위해 전과가 있는 원자재 트레이더를 '장부 외' 비공식 직원으로 채용했으며, 케이맨 제도에 소형 사무실과 함께 대규모 레버리지 거래를 실행할 초기 자금을 쥐여줄 생각입니다.

내부자 정보를 이용한 거래인 만큼 엄밀히 말해 도덕적으로 당당하진 않지만, 기업 주식이 아닌 선물 거래를 다루기 때문에 법적으로 불법은 아닙니다. 설령 정보 유출 출처가 밝혀지더라도 증권거래위원회가 저희를 제재할 수 없을 겁니다.

이 기회를 잡으시겠습니까?",
event_labor6,"FEDERAL COURT INVALIDATES COLLECTIVE BARGAINING CONTRACT BETWEEN TRUCKERS UNION AND @CORPFULL

The U.S. Court of Appeals for the Federal Circuit today ruled that a collective bargaining agreement between the trucking firm @CORPFULL and its Truckers Union drivers, which cut drivers' wages and benefits by 15%, was fraudulent and obtained only by means of bribing union president Guido Siciliano and other members of the crime family who ran the Truckers Union until their recent arrests for racketeering.

Accordingly, the Appeals Court upheld an earlier District Court judgment that ordered the trucking company to pay a total of @LOSS. in damages and back wages to the union and its members, as well as @AMOUNT million in fines to the federal government for violations of the National Labor Relations Act.

On Wall Street, shares of @CORPFULL plummeted on the news, as wildcat Truckers Union strikes erupted in many areas. Meanwhile, a spokesperson for the company appeared on the Financial Network and she bluntly stated, ""So the drivers get their ridiculous wage increase? We don't give a [REDACTED] -- we'll just replace all of them with selfdriving trucks in a year or two....""","연방법원, 트럭기사노조와 @CORPFULL 간 단체협약 무효 판결

미 연방순회항소법원은 오늘, 트럭운송사 @CORPFULL과 트럭기사노조 소속 기사들 간에 체결되어 기사들의 임금과 복리후생을 15% 삭감한 단체협약이 사기라고 판결했습니다. 이 협약은 최근 갈취 혐의로 체포되기 전까지 트럭기사노조를 장악하고 있던 조직범죄 일가의 일원인 노조위원장 귀도 시칠리아노와 다른 조직원들에게 뇌물을 제공하여 얻어낸 것이었습니다.

이에 항소법원은 트럭운송사에 노조와 조합원들에게 총 @LOSS.의 손해배상 및 체불임금을, 그리고 전국노동관계법 위반에 대한 연방정부 벌금 @AMOUNT백만 달러를 지급하라고 명령한 앞선 지방법원 판결을 지지했습니다.

월가에서는 이 소식에 @CORPFULL 주가가 폭락했으며, 여러 지역에서 트럭기사노조의 비공인 파업이 터져나왔습니다. 한편 회사 대변인은 금융전문 방송에 출연해 ""그래서 기사들이 그 터무니없는 임금 인상을 받게 됐다고요? 우리는 [편집됨] 신경 안 씁니다 — 1, 2년 안에 전부 자율주행 트럭으로 교체할 테니까요…""라고 단호하게 말했습니다.",
event_labor7,"@CORPFULL SUED BY EMPLOYEES FOR RAIDING THE COMPANY PENSION PLAN -- MUST REPAY @AMOUNT MILLION TO PENSION PLAN AND MAKE UP INVESTMENT LOSSES

Not long ago, @CORPFULL's management, looking for a quick way to boost earnings (and increase their annual bonuses and the value of their employee stock options), decided to tap into the employees' pension plan that is maintained by the company.

For years, the company had more than adequately funded the pension plan, which operated under the very conservative assumption that it would earn only 5% a year on investments, when in fact it generally did a bit better than that, by investing cautiously in a portfolio of blue-chip stocks and bonds and government securities.

However, @CORPFULL's executive team chose to boost corporate earnings by changing the Plan's actuarial assumptions. Thus, by assuming that the plan's invested funds could now earn 9.5% a year, they instantly created a large ""overfunding"" surplus in the Plan, and took that surplus back out of the plan (and directly into corporate income), in the amount of @AMOUNT million.

Things rapidly went downhill after the raid on the pension plan kitty, however.

Since it was no longer possible to consistently earn 9.5% on assets by investing conservatively, the company then hired a fly-by-night investment management group that ""guaranteed"" they could earn 20% annually by strategies such as day trading and investing the Pension Plan funds in a variety of high-risk investments. The latter included currency swaps, pork belly futures contracts, antique collectibles, cryptocurrencies, and other speculative assets. Most of those speculations were financed with margin debt from the Plan's stockbrokers, Churnam, Whipsaw & Downtick, at 12% interest rates.

The result was a 40% drop in the Pension Plan's portfolio after only a few weeks of disastrous trading losses, which led to the lawsuit by employees, under which the company must now pay in some @AMOUNT million to the Plan to make it whole again.

...If @CORPFULL can. Otherwise, the employees, many of whom have spent their entire working lives with the company, will receive only a small fraction of the pensions they were promised they would receive at retirement.","@CORPFULL, 연금제도 유용 혐의로 직원들에게 피소 — 연금제도에 @AMOUNT백만 달러 반환 및 투자 손실 보전 명령

얼마 전 @CORPFULL 경영진은 실적 (및 연간 보너스와 임직원 스톡옵션 가치)을 빠르게 끌어올릴 방법을 찾다가, 회사가 운영하는 직원 연금제도에 손을 대기로 했습니다.

수년간 이 회사는 연금제도에 충분히, 오히려 넘치도록 자금을 출연해 왔습니다. 이 제도는 투자수익률을 연 5%로만 가정하는 매우 보수적인 기준으로 운영되었지만, 실제로는 우량주와 채권, 국채로 신중하게 구성된 사업 분야 덕분에 대체로 그보다 조금 더 나은 성과를 냈습니다.

그러나 @CORPFULL 경영진은 연금제도의 계리 기준을 바꿔 회사 실적을 끌어올리기로 했습니다. 연금 투자자산이 이제 연 9.5% 수익을 낼 수 있다고 가정함으로써, 이들은 즉시 연금제도에 거대한 ""초과적립"" 잉여금을 만들어냈고, 그 잉여금을 (곧바로 회사 이익으로) 연금제도에서 빼냈습니다. 그 금액은 @AMOUNT백만 달러에 달했습니다.

하지만 연금 곳간을 턴 뒤 상황은 급격히 나빠졌습니다.

보수적인 투자로는 더 이상 꾸준히 연 9.5% 수익을 낼 수 없게 되자, 회사는 데이트레이딩이나 각종 고위험 자산 투자 같은 전략으로 연 20% 수익을 ""보장""한다는 신생 부실 자산운용사를 고용했습니다. 여기에는 통화스와프, 삼겹살 선물계약, 골동품, 암호화폐 등 투기성 자산이 포함되었습니다. 이런 투기 대부분은 연금제도의 증권사인 처넘·휩소·다운틱사로부터 연 12% 금리로 빌린 신용융자로 이루어졌습니다.

그 결과 몇 주 만에 재앙적인 거래 손실이 발생해 연금제도 사업 분야 가치가 40% 급락했고, 이에 직원들이 소송을 제기했습니다. 이번 판결에 따라 회사는 연금제도를 원상회복하기 위해 약 @AMOUNT백만 달러를 지급해야 합니다.…물론 @CORPFULL이 그럴 능력이 있다면 말입니다. 그렇지 못하면, 평생을 이 회사에 바친 수많은 직원들은 은퇴 시 받기로 약속받았던 연금 중 아주 일부만 받게 될 것입니다.",
event_labor8,"LABOR DEPARTMENT SHUTS DOWN SAIPAN ""SLAVE LABOR CAMPS""; HELLHOLES WERE OPERATED BY @CORPFULL

@CORPFULL, a major textile company, has had all of its operations in the Northern Marianas island of Saipan closed down by the U.S. Dept. of Labor and an investigation of fake ""Benetton"" sweaters made at the company's plants by U.S. Customs officials is also under way, according to reports.

Labor Department investigators say the company not only took advantage of major tax loopholes for having its mills in Saipan, but also of its imported workers, from Mainland China, Laos, and the Phillipines. They were housed like convicts in grim, windowless concrete dormitories and fed just enough to keep them alive. All their meager sweatshop wages, and more, were charged to them for their room and board, so that all workers got deeper in debt each day they worked, even after working 14-hour days, seven days a week, ""...in conditions that would make a pig puke....""

Lena Goodbody, the Hollywood star and chief spokesperson for @CORP, expressed shock and horror at these revelations, claiming that the company and she had no knowledge of the appalling conditions.","노동부, 사이판 ""노예노동 수용소"" 폐쇄 — 이 생지옥, @CORPFULL이/가 운영

보도에 따르면 대형 섬유회사 @CORPFULL은 북마리아나제도 사이판에서의 모든 사업을 미 노동부에 의해 폐쇄당했습니다. 이 회사 공장에서 만들어진 가짜 ""베네통"" 스웨터에 대해서는 미 세관당국의 조사도 진행 중입니다.

노동부 조사관들은 이 회사가 사이판에 공장을 두면서 주요 세금 허점을 이용했을 뿐 아니라, 중국 본토, 라오스, 필리핀에서 수입한 노동자들도 착취했다고 밝혔습니다. 이들은 죄수처럼 음침하고 창문 없는 콘크리트 기숙사에 수용되었고 겨우 목숨을 부지할 정도로만 식사를 제공받았습니다. 그들의 빈약한 노동착취 공장 임금 전액, 그리고 그 이상이 숙식비 명목으로 청구되어, 모든 노동자는 하루 14시간씩 주 7일 일하면서도 ""…돼지도 구역질할 만한 환경에서…"" 일할수록 빚이 더 늘어나는 구조였습니다.

@CORP의 대변인이자 할리우드 스타인 레나 굿바디는 이런 사실이 드러나자 회사도 자신도 이런 끔찍한 노동 환경에 대해 전혀 알지 못했다며 충격과 경악을 표했습니다.",
event_labor9,"LABOR STRIFE ROCKS @CORPFULL

@CORPFULL is experiencing some labor problems.

As they had promised, employees of the company have now made good on their threats to mount an all-out strike against @CORPFULL.

The strike comes at a bad time and it will severely depress @CORPFULL's profits and competitive position in the @IND industry.

Several employees who have tried to cross the picket lines have already been @FACT by the strikers, and are suing @CORPFULL for failing to protect them.

Labor law experts are now advising that this may turn out to be a long and bloody strike, and that management of the company should not be surprised if the strikers resort to arson or other extreme acts of violence in order to damage the company and its property. Win a few, lose a few....","@CORPFULL, 노사 분쟁으로 흔들려

@CORPFULL이/가 노동 문제를 겪고 있습니다.

예고했던 대로, 이 회사 직원들은 @CORPFULL에 대한 전면 파업 위협을 실행에 옮겼습니다.

파업은 나쁜 시기에 발생했으며, @IND 업계에서 @CORPFULL의 수익과 경쟁력에 심각한 타격을 줄 것입니다.

피켓라인을 넘으려 시도한 직원 몇 명이 이미 파업 노동자들에게 @FACT을/를 당했으며, 자신들을 보호하지 못한 책임을 물어 @CORPFULL을/를 상대로 소송을 제기하고 있습니다.

노동법 전문가들은 이번 파업이 길고 유혈적인 사태로 번질 수 있으며, 파업 노동자들이 회사와 그 자산에 피해를 주기 위해 방화나 기타 극단적인 폭력 행위에 의존하더라도 경영진은 놀라지 말아야 한다고 조언하고 있습니다. 이기고 지고, 그런 것이죠…",
event_labor10,"@CORPFULL LOSES GOVT. AND EMPLOYEE LAWSUITS

Office workers at the company won a class action in federal court today in the amount of @AMOUNT., as a result of lower back and head injuries sustained while they attempted to work in tiny, cramped cubicles, with lids only 5 feet high covering their claustrophobic workspaces. Apparently, hundreds of employees have suffered back problems as a result of their contortions from trying to work in the small cubicles, jammed in with their desks, files, and computers. Several hundred others incurred head injuries when attempting to stand upright in the low, crowded boxes, which originally were to have been 6 feet high, and 6 feet square, but which were, at the behest of the accounting department, shrunken down to 4 x 4, and only 5 feet high. Since fewer than 1% of the company's employees are shorter than 5 feet in height, these ""slave quarters"" or ""veal-fattening pens,"" as described by disgruntled workers, were obviously an accident waiting to happen.

The company was also the loser, under a related lawsuit filed by the @MISC.

Cubicles will now have to be restored to their original size by @CORPFULL, under that ruling.","@CORPFULL, 정부·직원 소송에서 모두 패소

이 회사 사무직 직원들이 오늘 연방법원에서 집단소송에 승소해 @AMOUNT.을 배상받게 되었습니다. 원래 높이 6피트에 가로세로 6피트로 설계되었던 큐비클이 경리부서의 지시로 가로세로 4피트, 높이 5피트로 줄어들면서 비좁은 큐비클 안에서 일하다 목과 허리 부상을 입었기 때문입니다. 수백 명의 직원이 책상, 서류, 컴퓨터와 함께 좁은 칸에 구겨져 들어가 일하다 허리를 다쳤고, 또 다른 수백 명은 비좁고 낮은 상자 안에서 똑바로 서려다 머리를 부딪혀 부상을 입었습니다. 회사 직원 중 키가 5피트 미만인 사람은 1%도 안 되므로, 불만을 품은 직원들이 ""노예 숙소"" 또는 ""송아지 비육장""이라 부른 이 큐비클들은 사고가 날 수밖에 없었습니다.

회사는 또한 @MISC이/가 제기한 관련 소송에서도 패소했습니다.

이번 판결에 따라 @CORPFULL은/는 큐비클을 원래 크기로 되돌려야 합니다.",
event_legal1,"ASBESTOS LAWSUITS PLAGUE INDUSTRY; MANY COMPANIES EXPECTED TO GO BANKRUPT AS RESULT; ASBESTOS LAWYERS NOW HAVE A MAJORITY OF SEATS ON U.S. SUPREME COURT

Personal injury lawyers in the United States broke out their best Champagne, following the announcement that one of their ranks, a leader in the asbestos litigation that has already spawned so many attorney-billionaires, has been appointed to the U.S. Supreme Court, after the Asbestos Trial Lawyers Association donated huge sums to help elect President OcasioCortez in the last U.S. presidential race.

This latest Supreme Court appointment raises the number of asbestos lawyers appointed to the court in the last few years to five, of the nine justices, ensuring that asbestos lawsuits will get an even friendlier reception from now on, for any appeals to the highest U.S. court.

""This is a final nail in the coffin,"" said the CEO of a major building materials company in New York. ""Our industry is the primary target, but they'll be looting companies in every industry now, wherever there are 'deep pockets' to be found, and quick fortunes to be made for the plaintiffs' lawyers.""

Advertising agencies are expecting a large increase in ad revenues from law firms, which have already begun producing slick television commercials, urging anyone with a lung problem, and smokers especially, to come in for a share of the damages from lawsuits against any company that has deep pockets, if they have ever been in or near a building in which asbestos may have been used at some time.","석면 소송 산업계 직격탄… 다수 기업 파산 위기, 미 대법관 과반 석면 전문 변호사로 채워져

석면 재판 변호사 협회가 지난 미 대선에서 오카시오코르테스 대통령을 당선시키기 위해 거액의 후원금을 쏟아부은 끝에, 수많은 '억만장자 변호사'를 배출한 석면 소송계의 대부 한 명이 미 연방 대법관으로 임명되었다는 발표가 나오자 미국 상해 전담 변호사들은 최고급 샴페인을 터뜨리며 축배를 들었습니다.

이번 대법관 임명으로 최근 수년간 연방 대법원에 진입한 석면 전문 변호사는 전체 9명의 대법관 중 5명으로 늘어났으며, 이에 따라 향후 미 최고법원에 상고되는 석면 관련 소송들은 한층 더 유리한 판결을 받게 되었습니다.

뉴욕의 한 대형 자재 업체 CEO는 ""이것으로 관짝에 못이 박혔다""라며 탄식했습니다. ""우리 업계가 1차 표적이긴 하지만, 변호사들이 일확천금을 노리고 털어먹을 수 있는 '자금력이 빵빵한 기업'만 보인다면, 모든 산업 분야의 기업들이 그들의 날강도질 대상이 될 것입니다.""

광고 대행사들은 법률사무소 발 광고 수익이 대폭 늘어날 것으로 기대하고 있습니다. 법률사무소들은 이미 세련된 TV 광고를 제작하기 시작했으며, 폐 질환이 있는 사람 (특히 흡연자) 중 조금이라도 석면이 사용되었을 법한 건물 내부나 근처에 있었던 적이 있다면 누구든 자금력이 넉넉한 기업들을 상대로 소송을 제기하여 배상금을 받아 가라고 부추기고 있습니다.",
event_legal2,"@CORPFULL IS LOSER IN PRODUCT LIABILTY LITIGATION

In a major product liability lawsuit, a jury has found that @CORPFULL, which @HUMOR and sells several types of large SUV's, is liable for injuries to drivers and passengers of smaller, flimsy automobiles who are involved in collisions with the large, heavy, solidly built SUVs, designed for the maximum safety of passengers, which are manufactured and sold by @CORPFULL.

Damages in the class action lawsuit were set at @TEXTSTRING","@CORPFULL, 제조물 책임 소송에서 패소

한 대형 제조물 책임 소송에서 배심원단은 @CORPFULL에 책임이 있다고 판결했습니다. @CORPFULL은/는 여러 종류의 대형 SUV를 제조·판매하는 업체로, 자사 탑승객의 안전을 극대화하도록 육중하고 견고하게 설계된 대형 SUV와 상대적으로 작고 약한 소형 차량이 충돌한 사고에서, 상대 차량 운전자 및 동승자가 입은 부상에 대해 손해배상 책임을 지라는 판결을 받았습니다.

이번 집단소송의 손해배상액은 @TEXTSTRING로 책정되었습니다.",
event_legal3,"NOTORIOUS CORPORATE RAIDER INCURS HUGE FINE FOR ILLEGALLY TRADING ON INSIDE INFORMATION

Government securities regulators have decided to drop all criminal charges against well-known Wall Street investor and corporate raider, @CORP.

Instead, the government has imposed a massive civil penalty on the perpetrator for being a recipient (""tippee"") of invaluable inside information about various corporations. A fine has been imposed in the amount of @TEXTSTRING.

The prosecuter in the case released the following statement to the press:

""Today, after a lengthy investigation, we have levied a very large fine on a person who has violated the integrity of our securities markets, by obtaining inside information on various companies from various sources, which may or may have not been used for personal enrichment, but in any case, could have been. That individual is @CORP.

""This kind of corruption in our capital markets simply cannot be tolerated. Investors need to know when they buy or sell stock in a company that they are not being robbed by someone with inside knowledge of an upcoming transaction or events that would soon greatly change the value of the stock they are trading. Otherwise, it is like playing poker with a dealer who gets to see your cards before betting.

""We were led in this case by a confession of the person who was the provider of the inside information. He is currently in prison for his role in this scandal, but he 'ratted out' several individual 'tippees' to whom he leaked such crucial company information and, in exchange for his testimony and cooperation, has been given a reduced sentence of only eight years in a minimum security prison. The testimony of the informant was supported by recordings of incriminating phone calls between him and the defendant, which were obtained from the database maintained by [AGENCY NAME REDACTED], which monitors and stores all phone calls made between potential terrorists, in every country.

""We sought to impose a large fine on the 'tippee' in this case, rather than seek a criminal conviction, due to our desire to avoid a long and expensive criminal prosecution and because the perpetrator agreed to plead guilty to civil charges and pay this fine, to avoid being tried for a felony. Besides, the government needs the money that this miscreant, in effect, stole from other investors.

""The @HUMOR hopes that this very stiff fine will be a strong deterrent to such unscrupulous conduct by greedy, money-grubbing, anti-social psychopaths in the future, such as the likes of @CORP.""

In response to the @HUMOR's statement, the following brief retort was issued by @CORP:

""I very strongly disagree with everything the @HUMOR is saying. I am not a psychopath.

""I am a high-functioning sociopath.""","악명 높은 기업 날강도, 불법 내부자 거래로 거액의 과징금 부과

정부 증권 감독 당국이 월가의 유명 투자자이자 기업 날강도인 @CORP에 대한 형사 기소를 취하하기로 결정했습니다.

당국은 형사 처벌 대신, 해당 인물이 여러 기업의 미공개 내부 정보를 제공받은 '정보 수령자'라는 점을 들어 막대한 민사 과징금을 부과했습니다. 과징금 규모는 총 @TEXTSTRING에 달합니다.

이번 사건의 담당 검사는 언론을 통해 다음과 같은 공식 성명을 발표했습니다.

""장기간에 걸친 수사 끝에, 우리는 여러 경로에서 입수한 미공개 내부 정보를 활용해 (실제 사익을 취했는지 여부를 떠나 충분히 그럴 가능성이 있었던) 증권 시장의 공정성을 훼손한 인물에게 대규모 과징금을 부과했습니다. 그 우리자가 바로 @CORP입니다.

우리 자본시장에서 이러한 형태의 부패는 절대로 용납될 수 없습니다. 투자자들이 특정 기업의 주식을 매매할 때, 향후 기업 가치를 크게 변동시킬 미공개 거래나 호재·악재를 미리 알고 있는 내부자에게 불공정하게 자신의 투자금이 약탈당하지 않는다는 신뢰가 담보되어야 합니다. 그렇지 않다면 이는 상대방이 내 손패를 전부 들여다보는 상태에서 돈을 걸어야 하는 포커 게임과 다를 바 없습니다.

이번 수사는 내부 정보를 직접 유출한 제보자의 자백이 결정적 계기가 되었습니다. 그는 해당 스캔들로 현재 수감 중이지만, 핵심 정보를 유출한 '정보 수령자' 여러 명을 밀고하고 수사에 적극 협조한 대가로 최저 보안 등급 교도소에서의 8년형으로 감형받았습니다. 제보자의 진술은 [기관 이름 검열됨]가 전 세계의 잠재적 테러 용의자 간의 통화를 감시·저장하는 데이터베이스에서 확보한 피의자와의 범죄 관련 통화 녹음 파일로 그 신빙성이 입증되었습니다.

당국이 형사 처벌 대신 대규모 민사 과징금 부과를 선택한 이유는 길고 비용 소모가 큰 형사 재판 과정을 피하기 위함이며, 피의자 역시 중범죄 기소를 면하는 조건으로 민사상 혐의를 인정하고 과징금 납부에 동의했기 때문입니다. 아울러 정부 입장에서도 이 범법자가 사실상 다른 투자자들로부터 강도질해 간 자금을 회수할 필요가 있었습니다.

@HUMOR 측은 이번의 엄중한 과징금 처분이 @CORP과 같은 탐욕스럽고 돈만 밝히는 반사회적 사이코패스들의 비양심적인 행위를 근절하는 강력한 경고가 되기를 기대합니다.""

@HUMOR의 성명 발표 직후, @CORP 측은 다음과 같이 짧게 반박했습니다.

""저는 @HUMOR 측의 발표 내용 전체에 대해 전혀 동의할 수 없습니다. 저는 사이코패스가 아닙니다.

저는 고기능 소시오패스입니다.""",
event_legal4,"SLEAZY WALL STREETER INCURS LARGE FINE FOR ILLEGALLY TRADING ON ""INSIDE INFORMATION""

Government securities regulators have decided to drop all felony criminal charges against an unscrupulous, small-time Wall Street trader, @CORP.

Instead, the government has imposed a heavy civil penalty on the perpetrator for being a recipient (""tippee"") of invaluable inside information about various corporations. A fine has been imposed in the amount of @TEXTSTRING.

The prosecuter in the case released the following statement to the press:

""Today, after a lengthy investigation, we have levied a fine on a dishonest person who has violated the integrity of our securities markets, by obtaining inside information on various companies from various sources, which may or may have not been used for personal enrichment, but in any case, could have been. That individual is @CORP.

""This kind of corruption in our capital markets simply cannot be tolerated. Investors need to know when they buy or sell stock in a company that they are not being robbed by someone with inside knowledge of an upcoming transaction or events that would soon greatly change the value of the stock they are trading. Otherwise, it is like playing poker with a dealer who gets to see your cards before betting.

""We were led in this case by a confession of the person who was the provider of the inside information. He is currently in prison for his role in this scandal, but he 'ratted out' dozens of individual 'tippees' to whom he leaked such crucial company information and, in exchange for his testimony and cooperation, has been given a reduced sentence of only eight years in a minimum security prison. The testimony of the informant was supported by recordings of incriminating phone calls between him and the defendant, which were obtained from the database maintained by [AGENCY NAME REDACTED], which monitors and stores all phone calls made between potential terrorists, in every country.

""We sought to impose a large fine on the 'tippee' in this case, rather than seek a criminal conviction, due to our desire to avoid a long and expensive criminal prosecution and because the perpetrator agreed to plead guilty to civil charges and pay this fine, to avoid being tried for a felony. Besides, the government needs the money that this low-life criminal, in effect, stole from other investors.

""The @HUMOR hopes that this very stiff fine will be a strong deterrent to such unscrupulous conduct by greedy, money-grubbing, anti-social psychopaths in the future, such as the likes of @CORP.""

In response to the @HUMOR's statement, the following brief retort was issued by @CORP:

""I very strongly disagree with everything the @HUMOR is saying. I am not a psychopath.

""I am a high-functioning sociopath.""","월가의 저질 트레이더, 미공개 내부 정보 거래로 거액의 과징금 부과

정부 증권 감독 당국이 비양심적인 월가의 삼류 트레이더 @CORP에 대한 중범죄 형사 기소를 전부 취하하기로 결정했습니다.

당국은 형사 처벌 대신, 해당 인물이 여러 기업의 귀중한 미공개 내부 정보를 제공받은 '정보 수령자'라는 점을 들어 무거운 민사 과징금을 부과했습니다. 과징금 규모는 총 @TEXTSTRING에 달합니다.

이번 사건의 담당 검사는 언론을 통해 다음과 같은 공식 성명을 발표했습니다.

""장기간에 걸친 수사 끝에, 우리는 여러 경로에서 입수한 미공개 내부 정보를 활용해 (실제 사익을 취했는지 여부를 떠나 충분히 그럴 가능성이 있었던) 증권 시장의 공정성을 훼손한 비열한 인물에게 과징금을 부과했습니다. 그 우리자가 바로 @CORP입니다.

우리 자본시장에서 이러한 형태의 부패는 절대로 용납될 수 없습니다. 투자자들이 특정 기업의 주식을 매매할 때, 향후 기업 가치를 크게 변동시킬 미공개 거래나 호재·악재를 미리 알고 있는 내부자에게 불공정하게 자신의 투자금이 약탈당하지 않는다는 신뢰가 담보되어야 합니다. 그렇지 않다면 이는 상대방이 내 손패를 전부 들여다보는 상태에서 돈을 걸어야 하는 포커 게임과 다를 바 없습니다.

이번 수사는 내부 정보를 직접 유출한 제보자의 자백이 결정적 계기가 되었습니다. 그는 해당 스캔들로 현재 수감 중이지만, 핵심 정보를 유출한 '정보 수령자' 여러 명을 밀고하고 수사에 적극 협조한 대가로 최저 보안 등급 교도소에서의 8년형으로 감형받았습니다. 제보자의 진술은 [기관 이름 검열됨]가 전 세계의 잠재적 테러 용의자 간의 통화를 감시·저장하는 데이터베이스에서 확보한 피의자와의 범죄 관련 통화 녹음 파일로 그 신빙성이 입증되었습니다.

당국이 형사 처벌 대신 대규모 민사 과징금 부과를 선택한 이유는 길고 비용 소모가 큰 형사 재판 과정을 피하기 위함이며, 피의자 역시 중범죄 기소를 면하는 조건으로 민사상 혐의를 인정하고 과징금 납부에 동의했기 때문입니다. 아울러 정부 입장에서도 이 범법자가 사실상 다른 투자자들로부터 강도질해 간 자금을 회수할 필요가 있었습니다.

@HUMOR 측은 이번의 엄중한 과징금 처분이 @CORP과 같은 탐욕스럽고 돈만 밝히는 반사회적 사이코패스들의 비양심적인 행위를 근절하는 강력한 경고가 되기를 기대합니다.""

@HUMOR의 성명 발표 직후, @CORP 측은 다음과 같이 짧게 반박했습니다.

""저는 @HUMOR 측의 발표 내용 전체에 대해 전혀 동의할 수 없습니다. 저는 사이코패스가 아닙니다.

저는 고기능 소시오패스입니다.""",
event_legal5,"CLASS ACTION LAWSUIT RESULTS IN JUDGMENT FOR @AMOUNT MIL. AGAINST @CORPFULL IN SMALL LOUISIANA TOWN

Over 400 residents, almost the entire adult population of the small Louisiana town of Acadia, won a class action lawsuit today in Federal court against @CORPFULL.

Each of the plaintiffs claimed to have either lost livestock that drank out of nearby Bayou Des Cannes, or children who drank polluted tap water, or both.  Both such water sources were contaminated when carcinogenic substances had leaked, without any safety precautions, at nearby oil well drilling sites that were operated by @CORPFULL.

Witnesses told of cattle that developed huge growths the size of basketballs and that went crazy and killed themselves attacking and trying to overturn farm machinery.  Others told of two-headed children, and others that looked like ""Rosemary's Baby"" when born.... A company spokesman called the verdict ""...incredible..."" and denied that the company had ever had any knowledge of the alleged problem.","@CORPFULL, 루이지애나 소도시 집단 소송서 패소… @AMOUNT백만 달러 배상 판결

루이지애나주 아카디아 주민 400여 명 (지역 성인 인구 대다수)이 @CORPFULL을 상대로 제기한 환경 오염 집단 소송에서 연방 법원이 원고 승소 판결을 내렸습니다.

원고 측은 @CORPFULL이 운영하는 인근 유전 시추 현장에서 아무런 안전장치 없이 유출된 발암 물질이 수원을 오염시켰으며, 이로 인해 인근 바유 데 꺈느 (Bayou Des Cannes)의 물을 마신 가축이 폐사하거나 오염된 수돗물을 마신 자녀들이 심각한 질병에 걸렸다고 주장했습니다.

법정에 나선 증인들은 농기계를 향해 무차별 공격을 감행하다 자멸한, 농구공만 한 거대 혹이 생긴 집단 광견병 증상의 가축들에 대해 증언했습니다. 일부 증인들은 샴쌍둥이 기형아나 희귀 기형을 가지고 태어난 아기들의 참상을 고발했습니다. 사측 대변인은 이번 판결에 대해 ""인정할 수 없는 결과""라며 관련 오염 문제에 대해 사전 인지한 바가 전혀 없었다고 강하게 부인했습니다.",
event_media1,"TV AND MOVIE VIOLENCE LEADS TO ""REAL WORLD"" VIOLENCE, COURT SAYS; ENTERTAINMENT COMPANY LIABLE FOR DAMAGES

Parents of youths who have been killed or injured by mindless young sociopaths have won a major court victory over an entertainment company, which was held to be responsible.

A jury has awarded damages of @TEXTSTRING against one such company, finding that violent and sex-drenched productions of @CORP had badly twisted the minds of the attackers who perpetrated many crimes, and was one of the contributing causes of their violent behavior.","TV와 영화 폭력이 '현실' 범죄로 이어져, 법원 판결; 엔터테인먼트 회사 손해배상 책임 인정

분별력 없는 사이코패스 청소년들에 의해 희생되거나 다친 청소년 피해자들의 부모들이 한 엔터테인먼트 회사를 상대로 중요한 법정 승소를 거두어 회사의 법적 책임을 끌어냈습니다.

배심원단은 @CORP의 폭력성과 자극적/선정적인 성적 묘사로 점철된 콘텐츠가 잇따른 범죄를 자행한 가해자들의 심성을 심각하게 비틀어놨으며, 그들의 폭력적 범행을 유발한 원인 중 하나라고 판단했습니다. 이에 따라 회사에 @TEXTSTRING 상당의 손해배상금을 판결했습니다.",
event_media2,"FROM:     ACCOUNTING DEPARTMENT SUBJECT:  REDUCTION OF AUTHOR ROYALTY EXPENSES

In accordance with your directive that every department of the company become a ""profit center,"" or else undergo major staff reductions and/or salary cuts, the accounting department has come up with a highly profitable concept we think you will want us to implement.

It's a simple idea, and one that has been used to good effect by record companies and film studios in Hollywood for decades, which is simply to understate royalties. We pay a fortune each year to authors, much of which is unnecessary. We propose to simply begin underreporting royalties by about 60% to 80% for all of our authors, but to begin paying what we say we owe them on a timely basis, rather than 3 or 4 years late, as we do now. We think they will be so grateful to begin receiving royalties on time, without needing a court order, that they will never have the nerve to ask to audit our books, to determine if they are getting all the royalties they are entitled to.

QUESTION:  DO WE BEGIN UNDERSTATING AUTHORS' ROYALTIES?","발신: 회계 부서
제목: 작가 인세 비용 과소 계상 및 정산 주기 단축 방안 건

경영진의 전 부서 '수익 센터화' 방침 및 인원·임금 삭감안에 대응하여, 회계 부서에서는 대폭적인 비용 절감이 가능한 방안을 보고합니다.

수십 년간 엔터테인먼트 업계에서 통용되어 온 관행을 벤치마킹하여, 우리 소속 작가 대상 정산 인세액을 과소 계상하는 방안입니다. 현재 우리는 작가들에게 매년 상당한 규모의 인세를 지출하고 있으나, 정산 시점을 3 ~ 4년가량 지연시키는 기존 방식 대신 정산액 지급 시기를 정시 지급으로 전환하는 조건으로 인세 보고액을 실제의 60% ~ 80% 수준으로 축소할 것을 제안합니다. 정시 지급을 통해 작가들의 불만을 사전 차단할 경우, 별도의 장부 감사 요구나 법적 대응 가능성은 매우 낮을 것으로 판단됩니다.

안건: 작가들의 로열티를 과소 계상하시겠습니까?",
event_media3,"FROM: COMPUTER AND VIDEO GAMES DIVISION SUBJ: CONTROVERSIAL NEW GAME PROGRAM -- ""BODY COUNT""

Computer game developers are rather nutty people, but they do at times come up with some terrifically marketable ideas. A group of young game developers recently came to us with a savagely brilliant new game, guaranteed to garner vast amounts of publicity due to its controversial nature. They have run out of development money, and need our help to finish it and whip it into shape as a marketable product, and need us to promote it through our well-established Computer Games Division marketing operation. We have tentatively offered to buy up the rights to their action game, subject only to your approval of the acquisition.

The name of their new game is ""Body Count,"" and it has, if you can imagine that, even more blood and gore scenes in it than the best sellers of our competitors, like ""Mortal Slaughter,"" which has grossed billions of dollars of sales in the U.S., and trillions of yen in Japan for one competitor. ""Mortal Slaughter,"" as you know, contains endless scenes of dismemberment, disembowelment, choking, burning, shooting, strangling, drowning, and so ad nauseum, in combat situations. ""Body Count"" far exceeds ""M.S."" or the ever-popular ""Going Postal"" classic, or anything else that has been done to date, in the ""action game"" genre, however.

Our market research indicates that approximately 4 percent of the global population are sociopaths, and about 1 percent are psychopaths, so we are certain there is a very wide and deep market awaiting an exciting and controversial game like ""Body Count.""

We fully expect that all the usual ""do-gooder"" outfits will, predictably, be wringing their hands in public and urging the government to ban violent computer games after we release the finished version of ""Body Count."" However, as we know from our past marketing successes (with ""Gangbanger"" and ""Abattoir""), the publicity we get from the do-gooders just drives more of the kids into the stores or online to buy or rent our latest blood 'n' gore epics, and the howls of protest and threats to ban the games are our best possible form of advertising. (And it is completely free advertising!)

DECISION:  Do we buy up the rights to the ""Body Count"" computer game and market it under our label?","발신: 컴퓨터 및 비디오 게임 사업부
제목: 논란의 여지가 있는 신작 게임 프로그램 — ""바디 카운트""

게임 개발자들의 기괴한 기획력이 때로는 엄청난 상업적 대박으로 이어지곤 합니다. 최근 한 신생 개발사가 파격적인 화제성으로 대규모 노출 효과가 보장된 독창적인 신작을 들고 본사를 방문했습니다. 현재 해당 개발사는 제작비가 모두 소진되어 개발 마무리 및 상용화 작업을 위한 자금 지원과, 우리 게임 사업부의 검증된 유통·마케팅 네트워크를 통한 출고를 요청한 상태입니다. 경영진의 최종 승인을 조건으로 해당 IP의 판권 인수 계약을 잠정 제안해 두었습니다.

타이틀명은 '바디 카운트'로, 경쟁사의 메가 히트작 '모탈 슬로터'를 뛰어넘는 고어·고어 표현 수위를 자랑합니다. 참고로 '모탈 슬로터'는 미주 지역 수십억 달러, 일이 시장 수조 엔의 누적 매출을 올린 바 있으며, 사지 절단, 장기 추출, 교수형, 화형 등 참혹한 연출을 가감 없이 담아낸 바 있습니다. 이번 '바디 카운트'는 기존 '모탈 슬로터'나 스테디셀러인 '고잉 포스탈' 등 기존 고어 액션 장르의 한계를 완전히 파괴하는 수준입니다.

시장 조사 결과에 따르면 전 세계 인구의 약 4%가 소시오패스, 1%가 사이코패스성향을 보이는 것으로 나타납니다. 즉, '바디 카운트'처럼 자극적이고 파격적인 잔혹극을 소비할 잠재 타깃층이 대단히 두텁게 형성되어 있다는 의미입니다.

정식 출시 후 시민단체나 윤리 위원회 측에서 폭력성 근절 및 판매 금지를 촉구하며 거세게 반발할 것으로 예상됩니다. 그러나 저희의 이전 성공 사례 ('강간자', '도살장')에서 입증했듯, 시민단체의 비난 여론은 오히려 청소년층의 호기심을 자극해 매장 및 온라인 구매율을 폭발적으로 끌어올리는 최고의 마케팅으로 작용합니다. 노이즈 마케팅이 가져다주는 이 모든 홍보 효과는 전액 무료나 다름없습니다.

안건: 신작 게임 '바디 카운트'를 우리 브랜드로 출시하시겠습니까?",
event_media4,"FROM: COMPUTER GAMES DIVISION SUBJ: NEW PRODUCT ACQUISTIONS

In the past, prison convicts often studied the law, and became ""jailhouse lawyers."" However, it seems that in recent years, if they have access to computers and the Internet, prisoners are far more likely to become hackers or Internet scamsters while they are locked up.

In any case, a group of hackers who wound up in a Swiss prison near Geneva after hacking into bank accounts were forbidden from accessing the Internet, but were given computer access, so they have devoted the last three years to developing a number of incredibly violent, and thus highly marketable, computer games, while still in prison.

The convicts, who have formed a company while in prison, called Untermensch Associates (very appropriate for their subhuman hacker subculture), have contacted us by mail, and sent us samples of some of the games they have created during their incarceration, asking if we have any interest in publishing them. Obviously, they cannot do much marketing of the games themselves, from behind bars, but they say they are interested in licensing some or all of the games to our Computer Games Division.

The games are all incredibly violent, the product of some very, very sick minds, and therefore are potentially quite saleable to the pre-teen market segment. The Untermensch group have offered us several of their programs, ""action"" games where the player engages in all manner of unspeakable simulated brutality, violence and savagery, which is shown in graphic detail. The titles they are offering to us include ""Torture Cell,"" ""Genocide Brigade,"" ""Gaybasher,"" ""Suicide Bomber"" (which we would give a more palatable name, such as ""Eco-Terrorist""), ""Jack the Ripper,"" ""SexWarrior,"" ""Psycho Vandal,"" ""Captain Cannibal,"" ""GraveRobber,"" ""SlaughterHouse 69,"" ""FireStarter,"" ""Freeway Sniper"" and ""Pedestrian.""

""Torture Cell"" is easily the best of the lot, an absolute masterpiece. It had three of our four staff people, who did the initial testing, violently ill and projectile vomiting after less than 2 minutes of play, which beats the best games in our current product line by at least 90 seconds. Best of all, each of our people who lost their lunches couldn't wait to get back to playing the sim, as soon as they had emptied their stomachs and felt a little better. In short, ""Torture Cell"" would be a highly addictive blockbuster game, if we are willing to release it, and take the heat that will result.

""Torture Cell"" contains many scenes of simulated mayhem that surpass anything that has ever yet been seen in computer or video games. Indeed, some scenes in it are every bit as spectacularly gruesome and realistic as that famous computergenerated scene in the big screen 3-D movie, ""Pleistocene Park VII"" -- the classic scene where the two saber-toothed tigers share a meal (a young boy), shown in full amazing, nauseating detail. That episode pales into insignificance, in comparison to some of the graphic and grisly scenes in ""Torture Cell.""

The other games are quite good, too, but we feel that most of the Untermensch Associates games are simply too horrific for us to publish, and thus could be banned by the government --not to mention the risk of our spending jail time alongside the hackers, for us in @CORPFULL management.

One possible exception is ""Pedestrian,"" which is a cute little simulation, where the player maneuvers a car through city streets, scoring points by running down as many pedestrians as possible. It should be ideal for the age 6-to-12 years market segment, but we probably should give it a more interesting and appealing name, like ""Urban Hunter"" or ""Auto Maniac.""

Another, somewhat riskier game, in terms of our legal liability and criminal exposure, is ""FireStarter,"" a simulation where the protagonist goes around setting fires to everything (and everyone) in sight. If we publish it, we will definitely be ""pushing the envelope,"" legally speaking, and our Legal Department says we should change its name to something a bit more innocuous, such as ""PyroManiac"" or ""Fireman.""

DECISION:  DO WE ACQUIRE THE RIGHTS TO THE ""URBAN HUNTER"" AND ""FIREMAN"" COMPUTER GAMES AND MARKET THEM?","발신: 컴퓨터 게임 사업부

제목: 새 제품 인수

예전에는 수감자들이 복역 중에 법률을 공부해 '옥중 변호사'가 되는 경우가 많았습니다. 하지만 요즘은 컴퓨터와 인터넷을 접할 수만 있다면, 감옥 안에서 해커나 인터넷 사기꾼으로 전향하는 경우가 훨씬 더 많아진 듯합니다.

어쨌든, 은행 계좌를 해킹하다 제네바 인근의 스위스 교도소에 수감된 일당이 있습니다. 이들은 인터넷 접속은 금지되었으나 컴퓨터 사용은 허용된 점을 이용해, 지난 3년간 복역하면서 극도로 폭력적이지만 그만큼 시장성도 뛰어난 컴퓨터 게임들을 여럿 개발하는 데 열을 올렸습니다.

옥중에서 '운터멘쉬 어소시에이츠 (그들의 저열한 해커 문화에 딱 어울리는 명칭입니다)'라는 회사까지 차린 이들은, 복역 중 제작한 게임 샘플 몇 종류를 우편으로 보내오며 당사에 퍼블리싱 의사가 있는지 타진해 왔습니다. 수감 상태인 이들이 직접 마케팅을 펼치기는 어려운 만큼, 게임 일부 또는 전체에 대한 라이선스를 당사 컴퓨터 게임 부서에 넘기고 싶어 하는 모양새입니다.

해당 게임들은 하나같이 극도로 폭력적이며 그야말로 심각하게 비뚤어진 정신 상태의 산물로, 역설적이게도 10대 미만 아동층에 상당한 시장성이 있을 것으로 보입니다. '운터멘쉬' 일당이 당사에 제안한 라인업은 이용자가 수단과 방법을 가리지 않고 끔찍한 잔혹 행위와 폭력을 저지르는 '액션' 게임들로, 그 연출이 대단히 적나라합니다. 제안된 타이틀로는 '고문실', '제노사이드 여단', '게이 학살자', '자살 폭탄 테러범' (이건 '에코 테러리스트'처럼 다소 거부감이 적은 명칭으로 바꿀 예정입니다), '잭 더 리퍼', '섹스 워리어', '사이코 반달', '캡틴 대학살', '도굴꾼', '도살장 69', '파이어 스타터', '고속도로 스나이퍼', '보행자' 등이 있습니다.

이 중 '고문실'은 단연 돋보이는 작품이자 완성도 면에서 매우 높은 명작입니다. 사내 1차 테스트 담당자 4명 중 3명이 플레이 2분도 채 안 되어 심한 멀미와 함께 분수 토를 할 정도였습니다. 이는 당사 기존 제품군 중 가장 자극적인 게임들보다도 구토 유발 시점을 최소 90초 이상 앞당긴 수치입니다. 더 놀라운 점은, 속을 전부 비워내고 몸을 좀 추스르자마자 게워냈던 직원들 모두가 약속이라도 한 듯 다시 이 시뮬레이션으로 다시 돌아가고 싶어 안달했다는 사실입니다. 요컨대 '고문실'은 출시에 따른 사회적 비난 여론만 감수할 수 있다면 엄청난 중독성을 자랑하는 초대형 흥행작이 될 것입니다.

'고문실'에는 그간 컴퓨터나 비디오 게임 역사상 단 한 번도 시도된 적 없는 수준의 무자비한 폭력 연출이 다수 존재합니다. 실제로 일부 장면은 3D 영화 '플라이스토세 공원 7'에서 검치호 두 마리가 어린 소년을 참혹하게 뜯어먹던 그 유명한 CG 장면만큼이나 소름 끼칠 정도로 생생하고 사실적입니다. 그러나 '고문실'에 담긴 한층 자극적이고 잔인한 연출들에 비하면, 그 영화 속 명장면조차 눈속임 수준으로 느껴질 정도입니다.

나머지 게임들 역시 수준급이긴 하나, '운터멘쉬 어소시에이츠'의 타이틀 다수는 연출이 지나치게 엽기적이어서 당사가 출판하기에는 부적절하며, 정부 당국의 수입 금지 처분은 물론 @CORPFULL 경영진이 해당 해커 일당과 함께 수감될 위험마저 존재합니다.

다만 예외적으로 고려해 볼 만한 작품은 '보행자'입니다. 이용자가 시내 도로에서 차량을 운전하며 최대한 많은 보행자를 치어 살해할 때마다 점수를 획득하는 아기자기한 시뮬레이션 게임으로, 6세에서 12세 사이의 아동층을 겨냥하기에 안성맞춤입니다. 다만 상품성을 높이기 위해 '어반 헌터'나 '오토 매니악'처럼 한층 흥미롭고 매력적인 타이틀로 개명할 필요가 있습니다.

법적 책임 및 형사 처벌 위험성 측면에서 다소 아슬아슬한 또 다른 작품으로는 '파이어스타터'가 있습니다. 주인공이 눈에 보이는 모든 사물과 사람에게 방화를 저지르고 다니는 시뮬레이션 게임으로, 이를 출판할 경우 법적 한계선에 아슬아슬하게 걸치게 될 것입니다. 이에 법무팀에서는 '파이로매니악'이나 '파이어맨'처럼 비교적 거부감이 적고 무난한 명칭으로 바꿀 것을 권고하고 있습니다.

안건: ""어반 헌터""와 ""파이어 맨"" 게임 판권을 인수해 판매하시겠습니까?",
event_media5,"FROM: MARKETING AND PRODUCT DEVELOPMENT GROUP SUBJ: ""UNDERGROUND"" PUBLISHING PROPOSAL

Without awaiting your approval, the Marketing and Product Development Group has taken the initiative and acquired the rights to a controversial new publication, authored by [DELETED FOR SECURITY REASONS]. We paid the author an advance of 10 million Swiss Francs, so we will have a bit of a write-off if you veto this project, and we recognized that risk, but felt this was too great an opportunity to let slip by, in case you decide to go with it.

The manuscript, written in French, is a complete ""how-to"" manual, on how anyone, with a little bit of refined uranium or plutonium, can make a small, low-yield nuclear device (bomb). We realize that any attempt to publish this book in the U.S. or U.K. will be blocked by the CIA or MI-5, and publication elsewhere in Europe, Japan, or China would earn us each a quick bullet in the temple, with our bodies left in the nearest garbage dump, as this is pretty explosive subject matter, to make a pun.

However, we have found a Palestinian printer in the West Bank territory who will print an Arabic edition of the book for us, and our name will appear nowhere in the book. With the global political situation being what it is, an Arabic edition should be an instant best-seller in North Africa and the Middle Eastern region. The effects could be very beneficial to the bottom line of @CORPFULL.

We believe we can price the books at $199.00 apiece or the equivalent in other currencies, so the profit margins will be obscene.

DECISION:  DO WE GO FORWARD WITH PUBLISHING THIS POTENTIALLY VERY LUCRATIVE BOOK?","발신: 마케팅 및 제품개발 그룹

제목: ""언더그라운드"" 출판 제안

저희 마케팅 및 제품 개발 팀은은 상부의 최종 승인에 앞서 선제적으로 움직여, [보안상 삭제됨]이 집필한 논란의 신작에 대한 판권을 확보했습니다. 저자에게 이미 1,000만 스위스 프랑의 선급금을 지급한 상태이므로, 본 프로젝트가 거부될 경우 일정 부분 매몰 비용 처리 형태의 손실이 발생할 수 있습니다. 저희 역시 이러한 위험를 충분히 인지하고 있었으나, 최고경영진께서 추진 결정을 내리실 경우 결코 놓칠 수 없는 절호의 기회라 판단하여 계약을 체결했습니다.

프랑스어로 작성된 본 도서는 정제 우라늄이나 플루토늄을 약간만 확보하면 누구나 소형 저위력 핵무기를 제조할 수 있도록 상세히 서술된 실전 메뉴얼입니다. 미국이나 영국에서 출판을 시도할 경우 미 중앙정보국 (CIA)이나 영국 보안국 (MI-5)의 즉각적인 제재를 받게 될 것이며, 유럽의 타 국가나 일본, 중국 등지에서 출판하더라도 말 그대로 '폭발적인' 파장을 일으키는 주제인 만큼 관자놀이에 총알이 뚫린 채 인근 쓰레기장에 시신이 유기될 수 있다는 위험성 역시 명확히 인식하고 있습니다.

그러나 저희는 요르단강 서안지구에서 당사 사명을 철저히 은폐한 채 아랍어판을 인쇄해 줄 팔레스타인 현지 인쇄업자를 확보했습니다. 최근의 정세를 고려할 때, 아랍어판이 출시되면 북아프리카 및 중동 지역 전역에서 즉각적인 베스트셀러 반열에 오를 것으로 확신합니다. 이는 @CORPFULL의 순이익 제고에도 상당한 기여를 할 것입니다.

권당 판매가를 199달러 (또는 그에 상응하는 현지 통화) 수준으로 책정할 수 있어, 마진율 역시 가히 파격적인 수준에 달할 전망입니다.

안건: 수익성이 매우 높을 것으로 예상되는 서적의 출판을 진행하시겠습니까?",
event_media6,"FROM: PRODUCT DEVELOPMENT & MARKETING DEPARTMENTS SUBJ: REMARKABLE NEW COMPUTER GAME

We have acquired the rights to a remarkable new computer game and simulation, called ""SonderKommando."" It revolves around the operation of a WW-II German prison camp, and how to keep it running with shortages of personnel and material, and with an ever-burgeoning number of new prisoners to be disposed of.

People who have seen this simulation all seem to love it or hate it. Our focus-group tests have revealed two conclusions about this product:

(1)  Many testers find it to be absolutely addictive, and say they would pay almost anything to get a copy of it. It seems to be particularly well-liked by geeks, computer nerds, and especially by ""skinheads"" and other mentally unbalanced individuals.

(2)  Others are appalled by it, finding it ""...extremely offensive to all human values...,"" as one user put it. Most sane people (only a small segment of our market for computer games, thankfully) say it is monstrous, and should be banned, or burned.

QUESTION:  DO WE STICK OUR NECKS OUT AND PUBLISH IT?","발신: 제품 개발 및 마케팅팀

제목: 놀라운 신작 컴퓨터 게임

당사는 '존더코만도 (강제 동원된 수용소 작업반)'라는 대단히 파격적인 신작 컴퓨터 게임 및 시뮬레이션의 권리를 확보했습니다. 이 게임은 2차 세계대전 당시 독일군 포로수용소의 운영을 다루며, 인력과 물자가 부족한 상황에서 끊임없이 밀려드는 새 수용자들을 어떻게 처분하며 수용소를 유지할 것인가를 핵심 요소로 삼고 있습니다.

이 시뮬레이션을 접한 사람들의 반응은 극과 극으로 갈립니다. 표적 집단 심층 조사 결과, 제품에 대해 다음과 같은 두 가지 결론을 얻었습니다.

(1) 상당수 테스터가 미친 듯한 중독성을 자랑한다며, 얼마를 주든 무조건 사겠다고 답했습니다. 컴퓨터 마니아나 너드 층은 물론, 특히 '스킨헤드'나 여타 정신적으로 불안정한 집단에서 반응이 대단히 뜨겁습니다.

(2) 반면 한 테스터가 ""…모든 인간적 가치에 대한 극심한 모독…""이라 표현했듯, 거부감을 느끼며 경악하는 이들도 있습니다. 제정신을 가진 대부분의 사람들 (다행히 저희 컴퓨터 게임 시장에서 이들이 차지하는 비중은 극히 일부입니다)은 이 게임이 기괴하기 짝이 없으며 당장 금지하거나 태워버려야 한다고 주장합니다.

안건: 위험을 무릅쓰고 이 게임을 출시하시겠습니까?",
event_media7,"MAJOR PUBLISHING COMPANY SUED FOR FRAUD BY AUTHORS

@CORPFULL, a large and respected publishing company, has been found liable for @AMOUNT million, including punitive damages, for consistently cheating authors out of most of their royalties on their works that are published by the company. Attorneys representing a group of the plaintiff authors said that the fraud would probably never been detected, due to the high degree of trust placed in most publishing companies by authors, had it not been for the fact that the publisher got greedy, and began routinely understating the amount of royalties it reportedly owed by as much as 95 percent, in the case of its #1 bestselling book, ""Chicken Soup for Dummies in the Coming Jihad.""

The massive fraud only came to light when an author who happened to be an accountant read a copy of the publisher's annual financial report, and saw that the company's royalty costs were less than 1% of sales, a fraction of the royalty expenses incurred by other companies in the industry. This ultimately led to an audit of the company's books and the successful lawsuit.

Attorneys for @CORPFULL argued stridently that the company merely followed ""standard industry practices"" for dealing with authors.","@CORPFULL, 작가 인세 조직적 편취 적발… 대규모 손해배상 판결

대형 출판사 @CORPFULL이 출간 작가들의 인세를 지속적으로 편취해 온 혐의로 소송에 휘말려 징벌적 손해배상금을 포함해 총 @AMOUNT백만 달러 규모의 배상 책임을 지게 되었습니다.

원고 측 변호인단에 따르면 회사는 최고 베스트셀러 작가의 인세를 최대 95%까지 축소 보고하는 등 조직적인 편취를 저질러 온 것으로 밝혀졌습니다. 이 사건은 회계사 출신 작가가 회사의 연간 재무제표를 분석하던 중, 매출액 대비 인세 지급 비율이 업계 평균에 미달하는 1% 미만에 불과하다는 점을 인지하고 회계 감사를 청구하면서 전말이 드러났습니다.

회사의 법률 대리인은 이번 인세 정산 방식이 출판 업계의 통상적인 '표준 관행'에 불과하다고 항변했으나 법원으로부터 수용되지 않았습니다.",
event_media8,"UNDER PRESSURE FROM ALL FRONTS, ""SONDERKOMMANDO"" COMPUTER GAME WITHDRAWN BY @CORPFULL

Mounting worldwide outrage over the wildly successful new computer game, ""SonderKommando,"" has caused the product to be pulled from the shelves and to be permanently withdrawn from circulation by its publisher, @CORPFULL.

The highly controversial game is a simulation in which users try their hand at running a German death camp, in which they are required to dispose of vast numbers of ""Turks,"" while dealing with personnel problems (such as by using slave labor) and chronic shortages of money and supplies (remedied in some cases by selling the belongings of the ""Turk"" prisoners, after their mass executions). After the game was banned in Germany, Turkey and Israel, boycotts of all of the company's software products were announced by leading Jewish, Christian, and Islamic groups, each of whom felt the game was targeted at their members, and who were deeply offended and outraged that a major software company would publish such a heinous product.

@CORPFULL is also the publisher of the popular but equally offensive ""Ethnic Cleanser II"" software game program, and the controversial ""MultiCide"" game, a simulation in which players explore countless different ways to attempt to commit suicide, but almost always survive (in the simulation, at least), even after being beheaded, shot, stabbed, crushed by a steamroller, or jumping off tall buildings.","전방위 압박 속에 @CORPFULL, 컴퓨터 게임 ""존더코만도"" 회수

폭발적인 인기를 끌었던 신작 컴퓨터 게임 ""존더코만도""에 대한 전 세계적인 분노가 커졌습니다. 결국 이 게임은 매대에서 회수되었고, 발행사인 @CORPFULL에 의해 영구 유통 중단되었습니다.

크게 논란이 된 이 게임은 사용자가 독일 죽음의 수용소를 운영해보는 시뮬레이션입니다. 방대한 수의 ""터키인""을 ""처리""하는 동시에 (노예 노동 활용 같은) 인력 문제와 만성적인 자금·물자 부족 (때로는 대량 처형 후 ""터키인"" 수감자들의 소지품을 팔아 해결)을 다루도록 요구합니다. 독일, 터키, 이스라엘에서 게임이 금지된 후, 유대교, 기독교, 이슬람 주요 단체들이 이 회사의 모든 소프트웨어 제품에 대한 불매운동을 선언했습니다. 각 단체는 이 게임이 자신들의 신도를 겨냥한 것이라 느끼며, 대형 소프트웨어 회사가 이런 극악한 제품을 출판했다는 사실에 깊은 모욕감과 분노를 느꼈습니다.

@CORPFULL은 그에 못지않게 물의를 일으켰던 인기 게임 ""에스닉 클렌저 II"" 소프트웨어의 발행사이기도 합니다. 또한 이용자가 자살을 시도하는 수많은 방법을 탐구하지만 (적어도 시뮬레이션 안에서는) 참수당하거나 총에 맞거나 칼에 찔리거나 로드롤러에 깔리거나 고층건물에서 뛰어내려도 거의 항상 살아남는 논란의 게임 ""멀티사이드""도 발행했습니다.",
event_media9,"RASH OF RANDOM MURDERS BLAMED ON @CORPFULL'S VIOLENT NEW VIDEO GAME, ""SERIAL KILLER""; GOVERNMENT CONFISCATES ALL COPIES OF THE PROGRAM, BANS FURTHER SALES

@CORPFULL, whose @FACTGames Division is one of the largest and most profitable marketers of electronic games, has been forced to halt sales and production of its latest blood-soaked release, ""Serial Killer."" The company tends to lead the industry in producing the most violent and disturbing games on the market, with frighteningly realistic graphics. The ban on sales of ""Serial Killer"" comes in the wake of a string of ""copycat"" murders in Boston, where the game was being test-marketed by @CORPFULL.

Authorities note that, within two weeks after sales of large numbers of the video game began in Boston, a sudden rash of random killings began in the Boston area, over 200 in a period of six weeks. So far, over 150 arrests have been made in connection with the killings, and nearly all of those arrested were teenage boys who had been playing the ""Serial Killer"" computer/video game. Company attorneys have denied allegations that there is any connection between sales of the gruesomely violent computer/video game, and the recent wave of home invasions and execution-style murders in and around Boston.

Reportedly, the game was initially to be called ""Body Count,"" or ""Prowler,"" but the name was changed at the last minute, after focus group testing showed that the ""Serial Killer"" name was a much more attractive concept, in marketing to game-crazy young teenage and pre-teen boys.

Introduced only in the Boston area, on a test basis, the game was selling at such a rapid clip that the company had completely sold out of it within a week after marketing in Boston began, and the company had already booked billions of dollars worth of back orders for the controversial game from toy stores and video rental stores throughout the U.S. and Canada.

""Serial Killer"" is the most violent game yet to make it into marketing channels, as it depicts the ""Player"" as a heroic homicidal maniac, dedicated to curing the world's probelm of over-population, and who stalks the streets of a small town, looking for opportunities to break into homes at night and dispatch his victims with butcher knives, strangle them with piano wire, suffocate them with pillows, or drown them in bathtubs. The ""Player,"" while prowling the streets of the simulation, has to contend with muggers, roving mobs of angry vigilantes and police SWAT teams, and must avoid being spotlighted by police or military helicopters that can suddenly appear without warning.

Players who amass enough points are, at the end of the game, shown receiving a Presidential medal for their heroic efforts to help reduce the world's over-population. If the protagonist is caught by the police or a vigilante mob, he (always represented as a male teenager) is shown suffering one of a variety of terrible fates, such as being fried in an electric chair or torn to pieces by an angry mob.

The game is targeted to boys, ages 8 to 16, but comes with the usual parental warnings of excessive violence, nudity, bestiality, sadism, race-baiting, cannibalism, and random depravity.

Following the sudden explosion of senseless killings of Boston area residents after sales of ""Serial Killer"" began, most of them murdered in their homes by stabbing, strangulation with piano wire, or other methods depicted in the ""Serial Killer"" simulation, the authorities moved quickly to confiscate all remaining copies of the game and have since arrested several @CORPFULL executives as accessories to murder.

Meanwhile, families of the victims of the rash of slayings have filed a multi-billion dollar wrongful death class action lawsuit against the company, blaming the company, as publisher of the game program, for the deaths of their loved ones.

A press release put out by the company denies that there is any evidence the violent depictions in ""Serial Killer"" are to blame for the current reign of terror in the Boston area, and claims that the charges against it are ""...unfounded and irresponsible....""

Security analysts who cover the company have sharply lowered their stock price targets for @CORPFULL.","@CORPFULL의 신작 잔혹 게임 '시리얼 킬러' 출고 후 연쇄 묻지마 살인 파동… 당국, 전량 압수 및 판매 금지 조치

대형 게임 유통사인 @FACTGames 사업부를 보유한 @CORPFULL이 최신 잔혹 액션 타이틀 '시리얼 킬러'의 생산 및 판매를 중단당했습니다. 회사는 그간 실사에 가까운 그래픽을 앞세워 시장에 자극적이며 폭력적인 게임들을 유통하며 수익을 올려왔습니다. 이번 판매 금지 처분은 시범 판매가 진행되던 보스턴 일대에서 무차별 모방 범죄가 폭주하면서 내려진 강제 조치입니다.

수사 당국에 따르면 보스턴 지역 내 해당 게임의 출고가 본격화된 지 불과 2주 만에 무차별 흉악 범죄가 급증했으며, 6주 동안 발생한 사망자만 200여 명을 넘어섰습니다. 현재까지 피의자 150여 명이 체포되었고, 검거된 피의자 다수가 '시리얼 킬러'를 상습 플레이해 온 10대 청소년인 것으로 확인됐습니다. 회사의 법률 대리인 측은 이번 주거 침입 및 처형으로 연계되는 연쇄 살인 사건과 자사 게임의 상관관계를 전면 부인하고 나섰습니다.

당초 해당 타이틀은 '바디 카운트' 또는 '프롤러'라는 이름으로 준비 중이었으나, 타깃층 표적 조사 결과 '시리얼 킬러'라는 타이틀이 게임에 열광하는 초·중등 남학생층을 자극하기에 훨씬 효과적이라는 판단에 따라 출시 직전 변경된 것으로 확인됐습니다.

보스턴 지역에서 시범 출시된 본 타이틀은 판매 개시 불과 일주일 만에 초기 물량이 모두 매진됐습니다. 회사는 이미 북미 전역의 완구점 및 비디오 대여점으로부터 수십억 달러 규모의 사전 예약 주문을 확보해 둔 상태였습니다.

'시리얼 킬러'는 정식 유통망에 입선된 타이틀 중 최고 수위의 잔혹성을 자랑합니다. 게임 내 '이용자'는 지구의 인구 과잉 문제를 해결하려는 영웅적 연쇄 살인마로 설정되어 있으며, 야간에 주택가로 침입해 도살용 칼, 피아노 선, 베개, 욕조 등을 활용해 주민들을 연쇄 살해합니다. 이용자는 시뮬레이션 된 필드를 배회하는 동안 강도단, 분노한 자경단, SWAT 등의 추격을 뿌리쳐야 하며, 무작위로 투입되는 경찰 및 군용 헬기의 탐조등을 피해 다녀야 합니다.

충분한 포인트를 획득해 게임을 클리어할 경우, 이용자는 인구 감축에 기여한 공로로 대통령 훈장을 수여받는 엔딩을 맞이하게 됩니다. 반면 경찰이나 자경단에 체포될 경우, 남성 청소년으로 묘사된 주인공이 전기 의자에서 처형당하거나 분노한 군중에게 갈갈이 찢겨 죽는 참혹한 연출이 재생됩니다.

본 타이틀은 8세 ~ 16세 남성 아동·청소년을 메인 타깃으로 기획되었으나, 과도한 폭력성, 노출, 수간, 가학성, 인종 갈등 유발, 식인, 비인간적 타락 요소에 대한 형식적인 보호자 주의 문구가 부착되어 있습니다.

'시리얼 킬러' 출고 직후 보스턴 일대에서 피아노 선 목 조르기, 흉기 자해 등 게임 속 수법을 그대로 모방한 묻지마 자택 침입 살인 사건이 폭주했습니다. 이에 수사 당국은 시중 타이틀 전량 압수 수색에 착수하는 한편, @CORPFULL의 주요 임원진을 살인 방조 및 공모 혐의로 체포했습니다.

이와 함께 연쇄 살인 유가족 일동은 집단 폐해에 대한 책임을 물어 회사를 상대로 수십억 달러 규모의 부당 사망 배상 청구 집단 소송을 제기했습니다.

회사의 명의로 발표된 공식 입장문에서는 본 타이틀의 잔혹 연출과 보스턴 참사 간의 직접적 인과관계가 입증되지 않았음을 강조하며, 자신들을 향한 법적 혐의 및 비난 여론은 '근거 없는 무책임한 주장에 불과하다'고 일축했습니다.

한편 회사를 담당하는 증권사 리서치 센터에서는 @CORPFULL의 목표 주가를 대폭 하향 조정했습니다.",
event_mining1,"SUBJ:  ENORMOUS INDONESIAN COPPER FIND FROM:  EXPLORATION AND ACQUISITIONS STAFF

A small, unincorporated mining company, owned by a group of geologists and mining engineers, has acquired the mining rights to a large mountain near the coast of Irian Jaya, in the Indonesian archipelago, and our experts, who flew in by helicopter to the site, which is only a few miles from the coast, have just returned after doing assays. They confirm what the owners have been telling us -- that they have discovered an entire mountain of high-grade copper ore which, if developed, will easily be the largest, most profitable copper mine in the world.

The present owners of the mining rights, who somehow bribed enough people in the Indonesian government to obtain the mining rights in what is a pristine nature preserve in a tropical rainforest, lack the funds to develop the site themselves. However, they have been negotiating with some of our competitors for months, who are interested, but seem unduly concerned about the impact on the rainforest, displacement of the indigenous people, and other such minutiae.

The owners don't want to have to deal with the ticklish situation of the hostile and primitive indigenous native tribe who inhabit the area between the mountain and the shore, and who consider the mountain sacred. Accordingly, the owners are willing to sell us their mining rights to this treasure trove of copper for only @AMOUNT., and let us take on the political risks and problems of dealing with the native tribe, which has shown absolutely no interest in money or anything else that has been offered to them, so far.

The government has assured us that, if the right palms in Jakarta are greased, getting permission to mine there from the native tribe will not be a problem for us, if we want to develop the site. In fact, the Indonesian government is already salivating over the tax revenues and the foreign exchange they will earn if we develop this gigantic mine.

Other than the fact that the mountain we will be cutting down is a ""sacred mountain"" to the primitives, which may cause a bit of friction, this will be one of the easiest sites we have ever found to develop, anywhere. The orebearing strata are quite near the surface, and the site is just a few miles from the coast, which will make it easy to build a short road in from temporary docking facilities, and we can have the mine up and running within a matter of months, according to the engineers.

We may be betting the company on this one, but if we can pull it off, it will assure our future as the world's top copper producer, for decades to come. At this price, we will be buying the mine at a small fraction of what it is worth. The Board of Directors will follow your lead, whether or not you choose to go forward on this project. If successful, it could truly put @CORPFULL on the map.

The risk-reward ratio looks excellent, but, as the company's controlling shareholder, it is your decision, of course.

DECISION:  DO WE BUY UP THE MINING RIGHTS AND PAY OFF THE INDONESIAN GOVERNMENT TO REMOVE THE NATIVE TRIBE?","제목: 이리안자야 대규모 구리 광산 매장지 발견 보고 (발신: 탐사 및 인수 부서)

지질학자 및 광산 엔지니어 그룹이 소유한 미등기 소형 광산 기업이 인도네시아 제도 이리안자야 (현재 인도네시아 서 뉴기니 지역, 인도네시아 내 인간 개발 지수 최하위를 기록하고 있음.) 해안 인근의 거대한 산악 지대에 대한 채광권을 확보했습니다. 헬기를 통해 해안에서 불과 수 마일 떨어진 현장을 조사하고 돌아온 우리 기술진은 원소유주들의 주장이 사실임을 확인했습니다. 해당 산지 전체가 고품위 구리 광석으로 이루어져 있어, 개발 완료 시 단숨에 세계 최대 규모이자 최고 수익성을 자랑하는 구리 광산으로 자리매김할 전망입니다.

열대우림 내 원시 자연보호구역의 채광권을 확보하는 과정에서 현 소유주들은 인도네시아 정부 관계자들에게 막대한 뇌물을 공여했으나, 정작 자체적인 개발 자금은 부족한 상태입니다. 그간 몇몇 경쟁사들과 매각 협상을 진행해 왔으나, 경쟁사들은 열대우림 파괴나 원주민 강제 이주 같은 사소한 부작용을 이유로 계약을 주저하고 있습니다.

현 소유주들은 해당 산을 영험한 산으로 숭배하며 해안과 산지 사이에 거주 중인 적대적인 토착 부족을 직접 상대해야 하는 까다로운 위험를 회피하고 싶어 합니다. 이에 따라 채광권 전체를 단 돈 @AMOUNT에 우리에게 넘기는 대신, 돈이나 타협안이 통하지 않는 원주민 부족과의 정치적·사회적 마찰 처리를 우리가 전담하는 조건의 거래를 제안해 왔습니다.

인도네시아 정부 측은 자카르타의 주요 인사들에게 적절한 뒷돈을 집행할 경우, 원주민들의 반발과 상관없이 광산 개발 인허가를 완벽하게 처리해 주겠다고 약속했습니다. 실제 인도네시아 정부는 거대 광산 개발을 통해 확보할 세수와 외환 수입에 상당한 기대감을 표명하고 있습니다.

원주민들의 '성스러운 산'을 깎아내려야 한다는 점 때문에 약간의 마찰은 불가피하나, 부지 개발 난이도 자체는 매우 낮습니다. 광석층이 지표면 가까이 위치한 데다 해안가와 불과 수 마일 거리여서 임시 접안 시설과 도로망을 조기에 구축할 수 있습니다. 또, 엔지니어들의 분석에 따르면 계약 체결 후 불과 수개월 내에 상업 생산이 가능합니다.

회사 사운을 걸어야 할 만큼의 대형 투자인 것은 분명하지만, 성공 시 우리는 향후 수십 년간 세계 최고의 구리 생산 기업으로 도약하게 됩니다. 현 매각가는 광산의 실제 가치에 비하면 터무니없이 저렴한 수준입니다. 이사회는 어떤 경영 판단을 내리더라도 전적으로 지지할 준비가 되어 있습니다. 본 프로젝트가 성공을 거둔다면 @CORPFULL의 글로벌 위상은 완전히 달라질 것입니다.

하이 위험 하이 리턴이나, 회사의 대주주로서 최종 결정 권한은 대주주에게 있습니다.

결정: 채광권을 인수하고 인도네시아 정부에 뒷돈을 집행하여 토착 부족을 강제 제압하시겠습니까?",
event_mining2,"SUBJECT:  WORTHLESS GOLD MINING PROPERTY IN MONTANA

As you know, the company still owns title to the old El Capitan gold mine in Montana, which ran out of ore in 1903 and has been closed since. There is a chance that we might generate some profit now by re-opening the mine, if we go along with a deal proposed by a group of ""boiler room"" types and stockbrokers from @FACT.

They propose to ""salt"" the mine with a few small gold nuggets, and make sure that this ""discovery"" gets well publicized. Then, they will work with us to put the El Capitan mine into a corporation or limited partnership and ""go public"" with it, offering the shares or partnership interests for sale on the @FACT Stock Exchange.

We would get half the proceeds from selling this worthless property. This could be a very substantial amount; the people from @FACT say the price for gold is expected to go nowhere but up from here, so there are plenty of willing buyers of new gold mining shares out there.

DECISION:  DO WE SELL THE MINE TO THE PUBLIC?","제목: 몬태나 소재 폐광 자산 매각 및 주식 상장을 통한 수익 창출 건

우리가 소유 중인 몬태나주 엘 카피탄 금광은 1903년 채굴이 중단된 폐광이나, 최근 @FACT 출신 주가 조작 세력 및 증권 브로커 측으로부터 이를 활용한 새 수익 모델을 제안받았습니다.

해당 세력은 폐광 내에 금괴 조각을 인위적으로 매장한 뒤 미디어 공작을 통해 '대형 금맥 발견'으로 언론에 유포하는 방안을 제시했습니다. 이후 우리와 합작하여 엘 카피탄 광산을 법인화 및 유한회사로 전환하고, @FACT 증권거래소에 주식을 상장시켜 지분을 유상 매각할 계획입니다.

본 가치 없는 폐광의 지분 매각 대금 중 50%가 우리에 배분됩니다. @FACT 브로커 측은 향후 금시세의 지속적 상승이 전망됨에 따라 새 금광 주식에 대한 투자 수요가 폭발적일 것으로 예상하고 있습니다.

안건: 폐광 지분 상장 및 대중 매각을 추진하시겠습니까?",
event_mining3,"GOLD DISCOVERED AT LONG-ABANDONED EL CAPITAN MINE IN MONTANA!

@CORPFULL and an outside investment group that has a long and unsavory record of run-ins with U.S. and Canadian securities regulators (including the SEC), were recently on the verge of doing a public offering of shares in a newly-formed company that now owns the long-defunct El Capitan gold mine, a transaction that was already being investigated as a possible fraud on investors.

Then, ironically, employees of the @FACT investment group actually found gold on the property and rushed an urgent fax message to the law offices in @FACT where the parties were about to finalize the terms of the securities offering.

The fax is said to have read: ""GOLD FOUND ON PROPERTY (FOR REAL)... CANCEL PUBLIC OFFERING IMMEDIATELY!""

This news apparently came as a complete shock to everyone at the table, including the CEO of @CORPFULL, so that the offering was, in fact, canceled.

The ""Golden Rule"" in the investment business is that the public is only invited to invest in penny gold mining stocks if the promoters are certain there is no gold to be found....","몬태나 소재의 오랫동안 버려졌던 엘 캐피탄 광산에서 금 발견!

미국 및 캐나다 증권 당국 (SEC 포함)과 마찰을 빚은 악명 높은 외부 투자 그룹과 @CORPFULL가 최근 폐광된 엘 캐피탄 금광을 소유한 신설 회사의 주식 공모를 추진하고 있었습니다. 이 거래는 이미 투자자 대상 사기 혐의로 당국의 조사를 받고 있던 상황이었습니다.

그런데 역설적이게도 @FACT 투자 그룹의 직원들이 해당 부지에서 실제 금을 발견했고, 주식 공모 조건을 최종 확정짓기 위해 당사자들이 모여 있던 @FACT의 법률 사무소로 급박하게 팩스 한 통을 타전했습니다.

해당 팩스에는 다음과 같은 내용이 적혀 있었던 것으로 전해집니다. ""부지에서 금 발견됨 (진짜임)… 주식 공모를 즉시 취소할 것!""

이 소식은 회의 테이블에 앉아 있던 @CORPFULL의 CEO를 포함한 모든 이들에게 완벽한 충격으로 다가왔으며, 이에 따라 주식 공모는 실제로 취소되었습니다.

투자 업계의 '황금률'에 따르면, 추진 주체들이 매장된 금이 전혀 없다고 확신할 때에만 일반 대중에게 동전주 주식 투자를 권유하는 법입니다…",
event_mining4,"@CORPFULL BUCKLES UNDER PRESSURE FROM THE WORLD COMMUNITY, ABANDONS HUGE IRIAN JAYA COPPER MINE

@CORPFULL, a major non-ferrous metals producer and smelter, finally caved in today to pressure from the U.N. Environmental Agency and other governmental and international organizations which had threatened to impose economic sanctions against the chaotic government of Indonesia, if the gigantic Irian Jaya open pit copper mine that was just recently opened by @CORPFULL were not closed down.

The mine, which has the largest copper ore body in the world, has been controversial from the start, as it is located in a pristine rainforest preserve near the coast, in an area that had been previously designated a U.N. World Heritage Site. In addition, the local indigenous tribe that lived at the foot of the mountain that was being mined was bitterly opposed to the strip mining of what had been a sacred mountain, in their tribal religion, and they fought two pitched battles with the miners in attempt to halt road construction and the opening of the mine itself. Reportedly, several of @CORPFULL's executives were eaten by some of the natives, who have a long tradition of ritual cannibalism, and are said to favor the ""other white meat,"" referred to by the tribe as ""long pig.""

The resistance of the native tribe was overcome only after the company paid off the Indonesian government, which ""re-located"" the tribe by bringing in the Indonesian Air Force, which napalm-bombed the native villages, and appears to have wiped out the entire tribe, despite harsh condemnation by the world community. Apparently, the cannibal tribe was ""re-located"" into the hereafter by the Indonesian military.

@CORPFULL initially resisted pressure from all over the world, but finally had little choice but to close down its mine, when the threat of U.N. sanctions against the Indonesian government made it clear that the government would soon revoke the company's mining concession.  The company's losses on the abandonment of the Irian Jaya copper mine are expected to be as much as @AMOUNT.@MISC, which include the original purchase price for the mine plus major development costs incurred by @CORPFULL.

The company's costs also included amounts billed to it by the Indonesian Air Force for the military equipment lost and ordnance used in conflicts with the native tribe, in the process of ""clearing"" the mine site for the company.","@CORPFULL, 국제사회 압박에 굴복… 이리안자야 대형 구리 광산 결국 전면 폐쇄

주요 비철금속 생산 및 제련 기업인 @CORPFULL이 유엔환경계획 (UNEP)을 비롯한 주요 국제기구 및 정부 단체들의 강력한 압력에 못 이겨 결국 백기투항했습니다. 국제사회는 @CORPFULL이 최근 가동을 시작한 이리안자야의 대형 노천 구리 광산을 즉시 폐쇄하지 않을 경우, 인도네시아 정부를 상대로 대대적인 경제 제재를 단행하겠다고 압박해 왔습니다.

세계 최대의 구리 매장량을 자랑하던 해당 광산은 지정 당시부터 거센 논란에 휩싸여 왔습니다. 광산 부지가 유엔 세계유산으로 지정되었던 해안가 인근의 원시 열대우림 보호구역 내에 위치해 있었기 때문입니다. 이에 더해 산기슭에 거주하던 토착 부족은 자신들의 성지를 훼손하는 갱도 및 노천 채굴 작업에 격렬히 반발하였으며, 도로 건설과 광산 개장을 저지하기 위해 채굴 인력과 두 차례의 유혈 충돌을 벌이기도 했습니다. 보도에 따르면 @CORPFULL의 현장 임원 몇몇은 식인 의식을 유지해 온 부족민들에게 잡혀 파멸을 맞이한 것으로 알려졌습니다.

토착 부족의 거센 저항은 사측이 인도네시아 정부에 막대한 뒷돈을 건네면서 단숨에 무력화되었습니다. 사측의 요청을 받은 인도네시아 공군 전투기들이 원주민 마을에 네이팜탄 폭격을 감행하였고, 이 과정에서 부족 전체가 사실상 전멸하는 참사가 발생하여 국제사회의 거센 공분을 샀습니다.

@CORPFULL은 당초 전 세계적인 비난 여론에도 불구하고 사업을 강행하려 했으나, 유엔의 제재 위협으로 인해 인도네시아 정부가 광산 개발 특허권을 취소하려 하자 결국 광산 폐쇄를 결정할 수밖에 없었습니다. 이리안자야 광산 철수로 인해 회사가 입은 재정적 손실은 인수 대금과 초기 개발 비용을 포함하여 최대 @AMOUNT @MISC 규모에 달할 것으로 추산됩니다.
또한 사측의 손실액에는 광산 부지 '지형 정리' 과정에서 원주민 부족을 소탕하는 데 동원된 인도네시아 공군의 소모 탄약 및 군사 장비 손실 비용에 대한 청구액까지 포함되어 있는 것으로 확인됐습니다.",
event_politics1,"VIOLENCE FLARES AGAIN AS CROWDS MOB U.S.-MEXICAN BORDER

A San Diego, California TV station today aired videotape of Mexican border troops firing automatic weapons at point-blank range into a crowd of U.S. citizens, huddled adjacent to the recently erected barriers along the U.S.- Mexican border south of San Diego. The steel barriers, which now stretch from Brownsville, Texas to the Pacific Coast, were initially erected by the AMERICAN government, but are now being used by the Mexican government to keep out the growing hordes of jobless, homeless Americans who have desperately been seeking employment in, and entry into, Mexico in recent months. Over 4 million such U.S. ""drybacks"" had flooded into Mexico before the last portions of the barrier were put in place a month ago by the Mexican military.

The number of U.S. citizens killed or wounded by the border guards in this latest incident has not yet been determined, but is believed to be at least 1,000. Faced with the videotaped evidence, a spokesperson for President Ocasio-Cortez has at last admitted that there may be some basis for recent allegations by the American Legion and the ACLU of continuing atrocities being committed against American citizens by Mexican border forces.

In response, the U.S. state Department has sent a strongly worded diplomatic note to Mexico City, urging that its troops exercise greater restraint, and that they refrain from using automatic weapons to disperse crowds of U.S. citizens, and limit their crowd control weapons to tear gas and bayonets, except when absolutely necessary to maintain order....

In a related business story, U.S. Steel, which supplied much of the steel plate for the border barriers to the Mexican government, reports that nearly all of the steel was made by its gigantic new steel mill in Monterrey, Mexico....","미군-멕시코 국경서 다시 폭력 사태, 군중 몰려들어

캘리포니아주 샌디에이고의 한 방송사는 오늘, 멕시코 국경 수비대가 샌디에이고 남쪽 미-멕시코 국경에 최근 설치된 국경 장벽 인근에 모여 있던 미국 시민 군중을 향해 초근접 거리에서 자동화기를 난사하는 영상을 방송했습니다. 텍사스주 브라운스빌부터 태평양 연안까지 이어지는 이 철제 장벽은 원래 미국 정부가 세운 것이지만, 최근 몇 달간 일자리와 멕시코 입국을 절박하게 찾아 나선, 급증하는 실업·노숙 미국인 무리를 막기 위해 현재는 멕시코 정부가 사용하고 있습니다. 한 달 전 멕시코군이 장벽의 마지막 구간을 완공하기 전까지 이미 400만 명이 넘는 미국인 ""DRYBACK""들이 멕시코로 몰려든 상태였습니다.

이번 사건으로 사망하거나 부상당한 미국 시민의 수는 아직 확정되지 않았으나, 최소 1,000명에 달하는 것으로 추정됩니다. 영상 증거 앞에서 오카시오-코르테스 대통령의 대변인은 마침내 미국재향군인회와 미국시민자유연맹 (ACLU)이 제기해온, 멕시코 국경 병력이 미국 시민들을 상대로 계속 자행하고 있다는 잔학 행위 의혹에 어느 정도 근거가 있을 수 있음을 인정했습니다.

이에 대응해 미국 국무부는 멕시코시티에 강경한 어조의 외교 각서를 보내, 멕시코군이 더 자제력을 발휘하고 미국 시민 군중 해산에 자동화기 사용을 자제하며, 질서 유지에 반드시 필요한 경우를 제외하고는 군중 진압용 무기를 최루탄과 총검 정도로 제한할 것을 촉구했습니다.

한편 관련 경제 소식으로, 멕시코 정부에 국경 장벽용 철판 대부분을 공급한 U.S. Steel은 해당 철강 대부분이 멕시코 몬테레이에 위치한 자사의 거대한 신설 제철소에서 생산되었다고 발표했습니다.",
event_politics2,"CANADA'S PARLIAMENT PASSES ALIEN EXPULSION ACT BY 3-TO-1 VOTE

In Ottawa, the Canadian Parliament has approved a measure designed to deal with the growing number of boat people who have been entering the country, either legally or illegally, many of whom are only moderately wealthy. After years of being overwhelmed by the influx of foreign immigrants, Canada has finally reacted by electing to power the new Anglo-French Alliance Party, whose first order of business in Parliament was to adopt the strict new law, which calls for the sterilization and/or expulsion of all aliens who are unable to demonstrate a personal net worth of at least 5 billion Northern Pesos (Canadian dollars). This is the approximate equivalent of 100,000 Yen, or 1.5 million New American Dollars.

The Expulsion Act appears to be targeted at U.S. and Latin American immigrants, as it will affect only a small percentage of recent immigrants from Hong Kong and Mainland China, known locally as the ""yacht people.""

In the U.S., the National Association of Manufacturers applauded the Canadian government's action, noting that the new influx of refugees into the States should augment the U.S.'s already vast pool of cheap, unemployed, highly-skilled labor.... On a less positive note, Secretary Jimmy Swaggart of the U.S. Department of Religion and Culture said the U.S. would not accept any of the refugees who were forced to leave Canada, and suggested they go to Iran or North Korea....","캐나다 의회, 외국인 추방법 3대 1로 가결

오타와에서 캐나다 의회는 합법·불법을 막론하고 계속 유입되고 있는, 재산이 보통 수준에 불과한 보트피플 문제에 대응하기 위한 법안을 승인했습니다. 수년간 외국 이민자 유입에 시달려온 캐나다는 마침내 신생 영불연합당 (Anglo-French Alliance Party)에 정권을 넘겨주었고, 이 당이 의회에서 처음 상정한 안건이 바로 이 강경한 신법으로, 최소 50억 북미 페소 (캐나다 달러) 상당의 순자산을 증명하지 못하는 모든 외국인에 대해 불임 수술 및 추방을 명령하는 내용입니다. 이는 대략 10만 엔, 또는 150만 뉴아메리칸달러에 해당하는 금액입니다.

이 추방법은 홍콩 및 중국 본토에서 온 최근 이민자들 (현지에서는 ""요트피플""로 불림)에게는 극히 일부만 영향을 미치는 반면, 사실상 미국 및 중남미 출신 이민자들을 겨냥한 것으로 보입니다.

미국에서는 전미제조업협회 (NAM)가 캐나다 정부의 이번 조치를 환영하며, 캐나다에서 밀려날 난민들이 이미 방대한 미국의 값싸고 실업 상태인 고숙련 노동력 풀을 더욱 늘려줄 것이라고 언급했습니다. 반면 미국 종교문화부 지미 스와가트 장관은 캐나다에서 추방된 난민을 미국이 받아들이지 않을 것이라며, 이란이나 북한으로나 가라고 제안했습니다.",
event_politics3,"FLDS RELIGIOUS CULT TAKES POWER IN TEXAS, FOLLOWING NARROW ELECTORAL VICTORY

The FLDS Church Party, once an obscure religious cult in Utah and Arizona, an offshoot of the Mormon Church that still practices polygamy, won control of the Texas Senate in yesterday's state elections, extending their grasp to both houses of the Texas legislature, as well as maintaining their grip on the governor's mansion, which their religion/party has already occupied for 8 years, thanks to an uneasy but successful electoral alliance with the Muslim Brotherhood.

The fanatical fundamentalist cult, once thought to have been virtually stamped out when Utah and federal law enforcement arrested and convicted their leader and drove them out of their enclave along the Utah/Arizona border, took refuge in west Texas and has been growing like an oil slick ever since, attracting many older males who were lured into membership by the prospect of church-arranged marriages to young brides, some as young as nine years old.

Yesterday's election was marked by widespread violence, as well as reports of vote counting irregularities and brutal intimidation of voters at polling places by heavily armed members of the FLDS Militia, known as the ""Army of God.""

Speaking on statewide television, the newly elected governor told viewers, ""...The people of Texas have spoken, once and for all, and there will be no need for any more elections here in the future....I am the law in Texas now....""

Mass arrests of political opponents are reported to be under way in Houston and in Waco, the new state capital of Texas....

In related business news, several major international oil companies located in Houston and Dallas are said to be quietly moving key executives and their families out of the state and relocating their headquarters to Oklahoma or New York, in reaction to the increasingly unstable political situation in Texas....","FLDS 종교 교단, 근소한 차이의 선거 승리로 텍사스 권력 장악

과거 유타주와 애리조나주의 무명 종교 교단이자 여전히 일부다처제를 따르는 모르몬교 분파인 FLDS 당은 어제 치러진 주 선거에서 텍사스 주 상원을 장악했습니다. 이로써 이들은 자신들의 종교 및 정당이 이미 8년 동안 차지해 온 주지사직을 유지함과 동시에 텍사스 주 의회 양원을 모두 손에 넣게 되었습니다.

한때 유타주와 연방 사법 당국이 지도자를 체포·수감하고 유타-애리조나 접경지대의 근거지에서 이들을 몰아내면서 사실상 근절된 것으로 여겨졌던 이 광신적 근본주의 교단은, 서부 텍사스로 피신한 이후 기름띠처럼 계속 세력을 확장해 왔으며, 교회가 주선하는, 때로는 9세밖에 안 되는 어린 신부와의 혼인을 미끼로 많은 고령 남성 신자를 끌어들이고 있습니다.

어제 선거에서는 광범위한 폭력 사태와 함께, ""신의 군대 (Army of God)""로 알려진 중무장 FLDS 민병대가 투표소에서 유권자들을 잔혹하게 협박했다는 보도와 개표 부정 의혹이 잇따랐습니다.

주 전역에 방송된 TV 연설에서 새로 당선된 주지사는 ""…텍사스 주민들은 이제 자신들의 뜻을 밝혔습니다. 앞으로 이곳에서 더 이상 선거를 치를 필요는 없을 것입니다…내가 곧 텍사스의 법입니다…""라고 말했습니다.

휴스턴과 새로운 주도가 된 웨이코에서는 정치적 반대파에 대한 대규모 체포가 진행 중인 것으로 알려졌습니다.

관련 경제 소식으로, 휴스턴과 댈러스에 본사를 둔 여러 대형 국제 석유회사들은 텍사스의 점점 불안정해지는 정치 상황에 대응해 주요 임원과 그 가족들을 조용히 주 밖으로 이주시키고, 본사를 오클라호마나 뉴욕으로 옮기고 있는 것으로 전해졌습니다.",
event_politics4,"SENATOR CRITICIZES IRS ""DEATH SQUADS"" IN HIS FINAL SPEECH ON SENATE FLOOR

Republican Senator Rand Paul of Kentucky told his Senate colleagues yesterday that the Internal Revenue Service ""SWAT"" teams authorized by Congress two years ago had, in fact, quickly degenerated into ""death squads,"" which are now being used to make examples of tax protesters and any taxpayers who get behind on paying their taxes. Mr. Paul compared the late-night visits of the IRS ""death squads"" to the homes of delinquent taxpayers (complete with hoods and torches), many of which visits have resulted in on-the-spot executions or severe beatings of the targeted individuals, with ""...the terror tactics of the Ku Klux Klan or Nazi Brown Shirts in the last century....  The IRS has no business engaging in this kind of savage behavior on behalf of the U.S. Government, merely to further its policy of creating an atmosphere of terror among taxpayers....""

Paul cited the recent case of an 11-year-old boy who failed to pay self-employment taxes on the earnings from his paper route and was dragged away during a 2:00 a.m. raid by masked members of an IRS SWAT team. The boy has not been seen since. He also decried another case, where a Social Security grandmother whose crime was her failure to report a small interest payment on a savings account, was pulled out of her apartment, beaten savagely, and left for dead on the front steps by five large men wearing hockey masks and berets. Each thug wore on his beret the unmistakable ""Order of the Vulture"" insignia of the IRS SWAT teams (a silver vulture perched on a dollar sign, with a lifeless taxpayer dangling from its beak).

Senator Paul's threat to convoke hearings to investigate the IRS death squads will not, apparently, be carried out. The senator himself, the last Republican member of the U.S. Senate, was forcibly abducted just outside the Capitol building shortly after his speech on the Senate Floor. A lone witness reported seeing a grey unmarked van, of the type common in government motor pools, pull up next to the sidewalk where the Senator was being interviewed by several newspaper reporters. According to the witness's report, Paul was dragged into the van by several large men, all described as wearing dark suits and sunglasses. The witness also allegedly told police that all of the men appeared to be ""... some sort of body-builders or athletes, and all of 'em were hard of hearing -- at least they all seemed to be wearing some kind of hearing aids....""

According to the only newspaper report on this incident, published in the Washington Post-Fabricator, the witness who was at the scene of the kidnapping sought to get the attention of a D.C. Park Policeman a few feet away who was busy writing a parking ticket at the time, in a vain attempt to get him to halt the abduction that was in progress. However, the officer reportedly refused to be interrupted in carrying out his duties -- writing parking tickets -- until after the kidnappers' van was well out of sight.

D.C. police are unable to identify the policeman in question or to locate any of the newspaper reporters who were allegedly present when the Senator was grabbed from their midst. The witness who initially agreed to talk to the police has now turned up dead in Arkansas, the victim of what the D.C. medical examiner immediately ruled a suicide, before examining the body. The witness had shot himself in the head five times, with a single-shot rifle, on a hilltop just outside of the town of Mena, Arkansas, according to an FBI spokesman. (The only FBI explanation as to why the suicide victim's mouth was duct-taped and his hands tied behind his back when his body was found was a brief statement that similar suicides, called ""Arkancides,"" have long been common in Arkansas.)

No one has seen Senator Paul since the abduction, and his abductors have made no ransom or other demands since his disappearance. The D.C. Park Police have quickly declared the case closed, suggesting the missing Senator ""...probably went on an extended vacation....""

An IRS spokesman described the apparent demise of Senator Paul as ""...tragic....but not of our doing... but it's O.K. with us if some people think we did it. Frightened taxpayers are more likely to be compliant taxpayers, and ANYTHING that enhances the IRS's reputation for ruthlessness and brutality, true or not, is a definite plus for the country, at a time when we're running these 4 trillion dollar annual deficits.""","상원의원, 상원 본회의 고별 연설에서 국세청 ""데스 스쿼드"" 비판

켄터키주 공화당 소속 랜드 폴 상원의원은 어제 상원 동료 의원들에게, 2년 전 의회가 승인한 국세청 (IRS) ""특수기동대""가 사실상 순식간에 ""데스 스쿼드""로 변질되어, 세금 저항자나 세금이 밀린 체납자들을 본보기로 삼는 데 동원되고 있다고 말했습니다. 폴 의원은 두건과 횃불을 든 IRS의 ""데스 스쿼드""가 체납자의 집을 심야에 급습하는 행태를 지난 세기의 ""…KKK단이나 나치 돌격대의 공포 전술…""에 비유했습니다. 이들의 이러한 습격은 대상자를 심하게 구타하거나 심하면 그 자리에서 처형하는 경우가 많았다고 전해집니다. ""IRS가 납세자들 사이에 공포 분위기를 조성하는 정책을 밀어붙이기 위해 미국 정부를 대신해 이런 야만적인 행위를 저지를 이유가 전혀 없습니다…""

폴 의원은 최근 사례를 언급했습니다. 신문 배달로 얻은 소득에 대한 자영업세를 내지 못한 11세 소년이 오전 2시 복면을 쓴 IRS 특수기동대의 급습으로 끌려간 뒤 행방이 묘연해진 사건, 그리고 저축예금 소액 이자 신고를 누락한 죄로 사회보장 수급 대상 할머니가 아파트에서 끌려나와 하키 마스크와 베레모를 쓴 건장한 남성 다섯 명에게 심하게 구타당한 뒤 현관 계단에 방치된 사건입니다. 이 폭력배들은 모두 IRS 특수기동대를 상징하는 ""독수리 훈장 (Order of the Vulture)"" 휘장 (달러 기호 위에 앉아 부리에 축 늘어진 납세자를 물고 있는 은빛 독수리)을 베레모에 달고 있었습니다.

IRS 데스 스쿼드에 대한 조사를 위해 청문회를 소집하겠다는 폴 의원의 뜻은 결국 실현되지 못할 것으로 보입니다. 상원 본회의 연설 직후, 상원에 남은 마지막 공화당 의원이었던 폴 의원 본인이 국회의사당 바로 앞에서 강제로 납치당했기 때문입니다. 유일한 목격자는 정부 차량에 흔히 쓰이는 종류의 회색 무표식 밴이 폴 의원이 여러 신문기자들과 인터뷰 중이던 인도 옆에 정차하는 것을 봤다고 진술했습니다. 목격자의 증언에 따르면, 검은 정장에 선글라스를 쓴 건장한 남성 여러 명이 폴 의원을 밴 안으로 끌고 들어갔다고 합니다. 목격자는 또한 경찰에게, 이들 모두가 ""…보디빌더나 운동선수 같았고, 귀가 잘 안 들리는 것 같았어요. 적어도 다들 무슨 보청기 같은 걸 끼고 있는 모양이었습니다…""라고 진술했다고 전해집니다.

이 사건을 유일하게 보도한 워싱턴포스트-패브리케이터 지에 따르면, 납치 현장에 있던 목격자는 바로 몇 미터 앞에서 주차 위반 딱지를 발부하느라 바쁘던 D.C. 공원경찰관의 주의를 끌어 진행 중인 납치를 저지시키려 했으나 헛수고였다고 합니다. 그러나 해당 경찰관은 납치범들의 밴이 완전히 시야에서 사라질 때까지 자신의 임무 — 주차 위반 딱지 발부 — 를 중단하지 않았다고 알려졌습니다.

D.C. 경찰은 해당 경찰관의 신원을 확인하지 못했으며, 상원의원이 납치될 당시 현장에 있었다고 알려진 신문기자들 역시 찾아내지 못하고 있습니다. 처음 경찰 진술에 응했던 목격자는 이후 아칸소주에서 시신으로 발견되었으며, D.C. 검시관은 시신을 검안하기도 전에 곧바로 자살로 결론지었습니다. FBI 대변인에 따르면 목격자는 아칸소주 메나 인근 언덕 위에서 단발식 소총으로 머리에 총알 다섯 발을 스스로 쏘았다고 합니다. (자살한 목격자의 입에 청테이프가 붙어 있었고 양손이 뒤로 묶여 있었던 이유에 대해 FBI가 내놓은 유일한 설명은, 아칸소주에서는 이런 유형의 자살 — 이른바 ""아칸사이드 (Arkancide)"" — 이 오래전부터 흔했다는 짧은 언급뿐이었습니다.)

납치 이후 랜드 폴 상원의원을 본 사람은 아무도 없으며, 납치범들은 실종 이후 몸값이나 그 어떤 요구도 하지 않았습니다. D.C. 공원경찰은 신속히 사건을 종결 처리하며, 실종된 상원의원이 ""…아마 장기 휴가를 떠난 것 같다…""고 추측했습니다.

IRS 대변인은 폴 상원의원의 실종에 대해 ""…비극적인 일입니다…저희가 한 일은 아니지만…일부 사람들이 저희 소행이라고 생각해도 저희는 상관없습니다. 겁먹은 납세자일수록 세금을 잘 내는 법이니까요. 연간 4조 달러에 달하는 재정 적자를 안고 있는 지금, IRS의 잔혹함에 대한 평판을 높여주는 것이라면 사실이든 아니든 국가에는 명백한 이득이 될 겁니다…""라고 밝혔습니다.",
event_politics5,"CALIFORNIA VOTERS SAY NIX TO SECESSION ONCE AGAIN; STATE WILL REMAIN PART OF THE U.S. A BIT LONGER

In a referendum, California voters have chosen by the narrow margin of 50.1% to 49.9%, to keep California in the Union. The ballot initiative, brought by leaders of California's large hispanic community, which now makes up over 75% of the state's population, gave voters the choice of having California remain a state of the United States, or of rejoining Mexico, of which it was once a part, before the Mexican-American War. California became part of the U.S. under the 1850 Treaty of Guadeloupe Hidalgo, under which the United States purchased California and much of what is now the American southwest from Mexico, for the bargain price of $15 million.

This is the third time that such an initiative has failed in California, following the@TEXTSTRING plebiscite in Texas, in which Texans voted overwhelmingly to become a state of Mexico. Each of the California votes, while failing, has done so by increasingly narrower margins, however, as the influx of Latin American settlers continues, so that the Mexican-American voter population alone now makes up over 50% of the California electorate. This year's referendum failed only because of almost unanimous opposition by the state's Anglo, African-American, Muslim, Asian-American and non-Mexican hispanic groups, as well as by both the Republican and the Democratic parties.

Ironically, the huge influx of immigrants into California and Texas in the 1990s and early years of this century was strongly encouraged by the Democratic Party, enabling millions of poor ""undocumented Democrats"" to illegally enter Texas and California and to become U.S. voters without any of the usual citizenship formalities. Now, however, it seems now that the strategy has been TOO successful, and is beginning to backfire, since it appears California, which has 65 electoral votes, may soon leave the Union and become a state of Mexico, completing most of the 'reconqista' of the Southwest.","캘리포니아 주민들, 또다시 분리독립 거부… 미국 영토로 당분간 유지

캘리포니아 주민 투표 결과, 50.1% 대 49.9%라는 아슬아슬한 표 차로 연방 잔류가 결정되었습니다. 현재 주 인구의 75% 이상을 차지하는 거대 히스패닉 커뮤니티 지도자들이 주도한 이번 주민 발의안은, 캘리포니아가 미국으로 남을 것인지 아니면 미국-멕시코 전쟁 이전처럼 멕시코로 재편입될 것인지를 묻는 투표였습니다. 1850년, 미국은 과달루페 이달고 조약을 통해 멕시코로부터 캘리포니아와 현 미국 서남부 지역 대부분을 1,500만 달러라는 파격적인 가격에 매입함으로써 미국 영토로 편입된 바 있습니다.

주민 대다수가 멕시코 편입에 찬성표를 던졌던 텍사스의 @TEXTSTRING 주민투표에 이어, 캘리포니아에서 이러한 분리독립 발의안이 부결된 것은 이번이 세 번째입니다. 하지만 라틴아메리카계 이주민의 유입이 계속되면서 멕시코계 미국인 유권자 비율이 전체의 50%를 넘어섬에 따라, 매번 부결되면서도 표 차이는 매번 눈에 띄게 줄어들고 있습니다. 올해 주민투표가 그나마 부결될 수 있었던 건 앵글로계, 흑인, 이슬람계, 아시아계 및 멕시코계를 제외한 히스패닉 집단, 그리고 공화당과 민주당 양당이 거의 만장일치로 반대표를 던졌기 때문입니다.

아이러니하게도 1990년대와 2000년대 초반 캘리포니아와 텍사스로 쏟아져 들어온 대규모 이민자 유입은 민주당이 적극적으로 장려했던 정책이었습니다. 이를 통해 수백만 명의 가난한 '서류 없는 민주당 지지자'들이 텍사스와 캘리포니아로 불법 입국해 통상적인 시민권 취득 절차도 없이 유권자가 될 수 있었습니다. 그러나 이제 그 전략이 '심각하게' 성공적인 바람에 역풍을 맞기 시작한 것으로 보입니다. 65석의 선거인단을 보유한 캘리포니아가 조만간 연방을 탈퇴하고 멕시코의 한 주로 편입됨으로써, 남서부 지역의 이른바 '레콘키스타'가 사실상 완료될 위기에 봉착했기 때문입니다.",
event_politics6,"JAPAN CRACKS DOWN HARD ON GROWING CAPITALIST CULT

Japanese authorities acted in concert last night, descending in lightning raids from one end of the nation to another and arresting thousands of members of a large and growing cult that government officials in Tokyo say is becoming a potential threat to the stability of the nation.

As with the Aum Shinrikyo terrorist cult in 1995, which set off Sarin gas attacks in the Tokyo subways, the new Marxist government has decided to act swiftly and forcefully to stamp out the rapidly-growing capitalist cult before it can become a serious threat or challenge to the existing order.

The capitalist cult in question, which was most prevalent and popular in the Kyoto area, consisted of hundreds of thousands or even millions of young Japanese intellectuals who became addicted to a capitalist computer game, called ""@TEXTSTRING @HUMOR."" Reportedly, small groups of 3 or 4 players were to be found playing the capitalist game in nearly every coffeeshop and office in Tokyo and other major cities, at all hours of day and night, with severe negative effects on the productivity of the affected workers.

Frequent players of the subversive computer game were said to have become increasingly aware of the outside world, and cynical and skeptical about their government's unsuccessful public relations campaign to dissuade citizens from playing the highly addictive game.

The software program is an American import, offered free on the Internet as ""shareware."" An estimated 11 million Japanese are thought to have obtained copies and played the capitalist simulation, after 1 copy of the ""registered"" version of the software was bought by a Yokohama resident who, in the usual fashion, copied it and passed on copies of it to the rest of the nation.

As with their suppression of the Aum Shinrikyo cult, police have moved with total efficiency and absolute ruthlessness once again, reacting in time to nip the subversive @TEXTSTRING cult movement in the bud.

Mass executions of those arrested are expected to begin in a few days, according to a government official of the People's Democratic Republic of Japan.","일본 당국, 급성장하는 자본주의 사이비 집단 대대적 단속

일본 당국은 어젯밤 전국에 걸쳐 일제히 단속 작전을 펼쳐, 도쿄 정부 당국이 국가 안정에 잠재적 위협이 되고 있다고 밝힌 대형 신흥 사이비 집단 신도 수천 명을 체포했습니다.

1995년 도쿄 지하철 사린가스 테러를 일으킨 옴진리교 때와 마찬가지로, 새로 들어선 마르크스주의 정부는 기존 질서에 심각한 위협을 끼치기 전에 급성장하는 자본주의 사이비 집단을 신속하고 단호하게 뿌리 뽑기로 결정했습니다.

교토 지역에서 가장 기세를 부리며 인기를 끌었던 문제의 자본주의 사이비 집단은 '@TEXTSTRING @HUMOR'이라는 자본주의 컴퓨터 게임에 중독된 수십만 내지 수백만 명의 일본 청년 지식인들로 구성되어 있었습니다. 보도에 따르면 도쿄를 비롯한 주요 도시의 거의 모든 카페와 사무실에서 밤낮을 가리지 않고 3 ~ 4명씩 짝을 지어 이 자본주의 게임을 즐기는 모습을 볼 수 있었으며, 이로 인해 해당 근로자들의 생산성이 심각하게 저하되는 부작용이 발생했습니다.

이 반체제 컴퓨터 게임을 자주 즐긴 이들은 외부 세계의 실상을 점점 깨닫게 되었으며, 이 게임의 유통 및 플레이를 억제하려다 실패한 정부 캠페인에 회의감과 냉소를 보내게 된 것으로 알려졌습니다.

해당 소프트웨어 프로그램은 미국산 수입품으로, 인터넷에서 '셰어웨어' 형태로 무료 제공되었습니다. 요코하마의 한 주민이 정식 등록 버전 소프트웨어 1개를 구매한 뒤, 늘 그렇듯 이를 복제하여 전국에 유포했으며, 이후 약 1,100만 명의 일본인이 이 자본주의 시뮬레이션 게임을 내려받아 플레이한 것으로 추정됩니다.

과거 옴진리교를 진압할 때와 마찬가지로, 경찰은 또다시 완벽한 효율성과 철저한 무자비함으로 신속하게 움직여 반체제 @TEXTSTRING 사이비 운동의 싹을 제때 잘라냈습니다.

일본 인민민주주의공화국 정부 관계자에 따르면, 체포된 이들에 대한 대규모 사형 집행이 며칠 내로 시작될 예정입니다.",
event_politics7,"DEPRESSION IS IMMINENT, WARNS U.S. SENATOR

The Hon. Senator Jack S. @TEXTSTRING, chairman of the Senate Finance Committee, warned his colleagues today that a global economic depression is on the way:

""We may have a full-fledged Depression on our hands, friends.... That's with a capital 'D.' This is not just a measly little recession we're goin' into.... The chickens are finally comin' home to roost for the incumbent Administration, which is fully to blame, as I've often said.... We need to raise taxes, or the govamint is goin' to go broke!""","대공황이 임박했다, 미 상원의원 경고

상원 재정위원회 위원장을 맡고 있는 잭 S. @TEXTSTRING 상원의원은 오늘 동료 의원들에게 전 세계적인 경제 대공황이 다가오고 있다고 경고했습니다:

""여러분, 우리는 지금 본격적인 공황을 코앞에 두고 있는지도 모릅니다… '기역'으로 시작하는 그 무시무시한 것 말입니다. 이건 그냥 자잘한 경기 침체 정도가 아닙니다… 제가 늘 말씀드렸다시피, 전적으로 책임이 있는 현 행정부에 자업자득의 결과가 마침내 닥쳐오고 있는 것입니다… 세금을 올려야 합니다, 안 그러면 정부가 파산할 겁니다!""",
event_politics8,"U.S. CONGRESS ENACTS TRADE TARIFFS, DESPITE PRESIDENTIAL VETO

Both houses of the U.S. Congress have overwhelmingly passed new legislation, the ""Alien Goods Exclusion Act,"" that will impose tariffs on imports from most of America's main trading partners, including China, Japan, Korea, Mexico, Chile, much of Europe, and Canada. Today's votes in Congress overrode a veto by President @TEXTSTRING, who had warned that such tariffs are in clear violation of trade agreements the U.S. has entered into with other major countries.

White House spokesperson Illusio Contreras said that President @TEXTSTRING was ""...seriously concerned that our major trading partners, at whom these tariffs are directed, are not going to simply take this lying down, but are likely to retaliate in kind, which will be a 'lose/lose' situation for everyone, and may have grievous consequences. I don't want to imply that these people in Congress who passed this absurd legislation today, over the President's courageous veto, are all a bunch of nut cases, but ....""","美 의회, 대통령 거부권 뚫고 관세 법안 통과

미 상하원 모두 중국, 일본, 한국, 멕시코, 칠레, 유럽 대부분 국가, 캐나다를 비롯한 미국의 주요 교역국 대다수로부터의 수입품에 관세를 부과하는 새 법안 ""수입 상품 배제법""을 압도적 찬성으로 통과시켰습니다. 오늘 의회 표결로 의회가 @TEXTSTRING 대통령의 거부권을 재의결을 통해 무력화했습니다. 대통령은 앞서 이러한 관세가 미국이 다른 주요국들과 체결한 무역 협정을 명백히 위반한다고 경고한 바 있습니다.

백악관 대변인 일루시오 콘트레라스는 @TEXTSTRING 대통령이 ""이 관세의 표적이 된 우리 주요 교역국들이 결코 이를 가만히 받아들이지 않고 보복 조치에 나설 가능성이 크며, 이는 모두가 '공멸'하는 상황이 되어 되돌릴 수 없는 결과를 초래할 수 있다는 사실을 매우 우려하고 있다""고 밝혔습니다. ""오늘 대통령의 용기 있는 거부권 행사에도 불구하고 이 터무니없는 법안을 통과시킨 의회 의원들을 전부 정신 나간 사람들이라고 말씀드리려는 건 아닙니다만…""",
event_politics9,"CHINESE FINALLY COMPLETE REUNIFICATION

China marked the reunification of Taiwan with Mainland China today by large scale celebrations, fireworks and military parades, as the Communist government in Beijing finally completed the revolution that began shortly after World War II, and which, with regard to Taiwan, had been stalled ever since the Nationalist Chinese under Chiang Kai-Shek had fled there from Mao some @TEXTSTRING years earlier.

Celebrations on Taiwan itself were somewhat muted, as shares on the Taipei stock exchange mostly drifted lower, as some traders were unhappy with the election results and worried that the free-wheeling, ""wild west"" days of stock trading in Taiwan may soon be coming to an end.","중국, 마침내 통일 완수

오늘 중국은 대만과 본토의 통일을 대규모 축하 행사와 불꽃놀이, 군사 퍼레이드로 기념했습니다. 베이징의 공산 정권은 제2차 세계대전 직후 혁명을 일으켰지만, 대만 문제에 관해서는 수십 년간 교착 상태에 빠져 있었습니다. 장제스 휘하 국민당이 마오쩌둥의 공산당에 밀려 대만으로 패퇴한 지 약 @TEXTSTRING년, 이제야 그 혁명을 마침내 완수한 것입니다.

대만 현지의 축하 분위기는 차분한 반응에 그쳤으며, 타이베이 증권거래소 주가는 대체로 하락세를 면치 못했습니다. 일부 트레이더들이 선거 결과에 불만을 나타낸 데다가 대만 특유의 제약이 적은 ""무법 천지였던 서부 개척시대""식 주식 거래 시절이 곧 막을 내릴까 우려했기 때문인 것으로 분석됩니다.",
event_politics10,"TOBACCO COMPANIES TO PAY FOR DAMAGE AWARDS BY SELLING CRACK COCAINE, IF CONGRESS AGREES TO LEGALIZATION

Several leading tobacco companies announced today that they intend to sell crack cocaine as a new revenue source, in light of the $145 billion damage award against the tobacco industry in a recent Florida class-action lawsuit. The suit was brought by thousands of non-English speaking recent immigrant smokers who claimed they weren't aware of the health warnings that have been printed (in English) on every cigarette pack sold in North America since the 1960s, and the $145 billion verdict in favor of the plaintiffs is one of the largest judgments to date against the tobacco companies.

However, the industry has mounted a major public relations and lobbying campaign, to find a new source of revenue, to help pay for the enormous damage award handed down by the Florida jury.

""We need another highly addictive substance that will generate substantial profits to avoid going into bankruptcy. It's a moral necessity, and our duty to the company's security holders,"" said one tobacco executive, who wore a ski mask while testifying before a Senate Select Committee, and who asked to remain anonymous, fearing the righteous indignation of anti-drug crusaders and the murderous wrath of organized criminals, with both groups aligned against legalization.

""Besides,"" said a similarly masked tobacco spokesperson, speaking to Public Broadcasting System reporters at a press conference, ""the government is already drawing up new excise tax legislation to tax it, so there should be little opposition in Congress to legalized, taxable crack. We expect to see a vote in Congress on legalizing crack cocaine by the end of the week, and we don't expect to lose, considering the Federal government's dire financial condition; not to mention the fact that we have a thing called 'elections' in this country, and that many of the millions of crackheads in America are also voters. Obviously.""","담배 회사들, 의회의 합법화 승인 시, 크랙 코카인 판매로 손해배상금 충당 나선다

주요 담배 회사 여러 곳이 오늘, 최근 플로리다주 집단소송에서 담배 업계에 부과된 1,450억 달러 손해배상 판결에 대응해 크랙 코카인 판매를 새로운 수익원으로 삼겠다는 계획을 발표했습니다. 이번 소송은 1960년대 이후 북미에서 판매되는 모든 담뱃갑에 (영어로) 인쇄된 건강 경고 문구를 읽지 못했다고 주장하는 영어를 하지 못하는 최근 비영어권 이민자 흡연자 수천 명이 제기했습니다. 원고 승소로 나온 이 1,450억 달러 판결은 지금까지 담배 업계에 내려진 판결 중 최대 규모에 속합니다.

그러나 업계는 플로리다 배심원단이 내린 이 막대한 손해배상금을 감당할 새로운 수익원을 확보하기 위해 대대적인 여론전과 로비 공세에 총력을 기울이고 있습니다.

한 담배 회사 임원은 상원 특별위원회 증언 자리에 스키 마스크를 쓴 채 익명으로 출석해 이렇게 말했습니다. ""파산을 피하려면 상당한 수익을 낼 수 있는 또 다른 고중독성 물질이 필요합니다. 이건 도덕적 필연이자, 회사 증권 보유자들에 대한 우리의 의무입니다."" 그는 마약 반대 운동가들의 정의로운 분노와, 합법화에 반대하는 조직범죄 세력의 살벌한 보복이 두려워 익명을 요청했습니다.

역시 마스크를 쓴 담배 업계 대변인은 공영방송 (PBS) 기자들과의 기자회견에서 이렇게 말했습니다. ""게다가 정부는 이미 여기에 세금을 매길 새 소비세 법안을 마련하고 있으니, 합법화되어 과세 가능한 크랙 코카인에 대해 의회에서 반대가 거의 없을 겁니다. 이번 주 안에 의회에서 크랙 코카인 합법화 표결이 있을 것으로 예상되며, 연방정부의 심각한 재정 상태를 감안하면 부결될 가능성은 낮다고 봅니다. 게다가 이 나라에는 '선거'라는 게 있습니다. 그리고 미국의 수백만 마약 중독자들 중 상당수도 유권자라는 사실을 잊지 마시죠. 뭐, 뻔한 이야기죠.""",
event_politics11,"GOVERNMENT GOES BROKE! UNABLE TO PAY ITS DEBTS!

The government today announced that it is being forced by circumstances to repudiate @TEXTSTRING% of the national debt, in order to restore solvency, as the capital markets have recently refused to accept any more flotations of government bonds, in light of the government's continued massive deficits, which have grown like a spreading oil slick, despite very high tax rates, which have depressed the economy and thus tended to reduce tax receipts.

Dr. Helgar Spin, Chairman of the Council of Economic Soothsayers, announced the default at a press conference this morning, noting that the combination of a weak economy, soaring interest rates, and massive, ongoing government budget deficits have caused the national debt to expand to such an enormous level, that the interest payments alone have become more than the government can finance. He urged citizens and taxpayers to ""tighten up their belts"" and work harder, to overcome the effects of the debt default.

Cancellation of @TEXTSTRING% of all the treasury bonds issued by the government will have unknown, but potentially harsh, effects on millions of savers who have put their trust in government financial instruments, and on the banks and other financial institutions that hold much of the government debt, many of which may soon fail, as a result of the partial repudiation of the government's obligations.

As a result of the shocking insolvency and default, foreign exchange markets responded to the crisis with massive selling of the @HUMOR.","정부 파산! 채무 상환 불능!

막대한 재정 적자가 기름이 번지듯 계속 불어나면서, 자본시장은 더 이상 새 국채를 받아들이지 않고 있습니다. 정부는 오늘, 지급 능력을 회복하기 위해 어쩔 수 없이 국가 부채의 @TEXTSTRING%를 지급 거부를 선언하기로 발표했습니다. 매우 높은 세율에도 불구하고 이러한 재정 적자는 계속 불어났으며, 오히려 경제를 위축시켜 세수만 줄어드는 결과를 낳았습니다.

경제 점술가 위원회 타차 도바광 박사는 오늘 아침 기자회견에서 채무불이행을 발표했습니다. 그는 경기 부진과 급등하는 금리, 지속되는 막대한 재정 적자가 맞물리면서 국가 부채가 워낙 거대한 규모로 불어난 나머지, 이자 지급액만으로도 정부가 감당할 수 없는 수준이 되었다고 밝혔습니다. 그는 국민과 납세자들에게 ""허리띠를 졸라매고"" 더 열심히 일해 채무불이행의 여파를 극복해 달라고 촉구했습니다.

정부가 발행한 국채의 @TEXTSTRING%를 무효화하는 이번 조치는 정부 금융상품을 신뢰해 온 수백만 저축자들, 그리고 정부 부채를 대량 보유한 은행 및 기타 금융기관들에 어떤 영향을 미칠지 아직 알 수 없습니다. 다만 그 영향은 참혹할 것으로 예상되며, 이번 부분적 채무불이행으로 인해 조만간 파산하는 금융기관도 다수 나올 것으로 예상됩니다.

이번 충격적인 지급불능 및 채무불이행 사태로, 외환 시장은 @HUMOR에 대한 대규모 매도로 반응했습니다.",
event_politics12,"U.S. PRESIDENT ANNOUNCES IMPOSITION OF CORPORATE SHARE TAX ON INVESTMENTS IN U.S. CORPORATIONS

In Washington, U.S. President-for-Life Mendacio Calderon announced that he is imposing, by executive decree, a new wealth tax on holders of shares of all corporations that are incorporated in the United States, at the annual rate of 2%, imposed at the end of each year, based on the value of shares of U.S. corporations owned by corporations or very wealthy individuals at such time.

Most individuals, other than a few billionaires, will be exempt from the tax on their holdings and banks and insurance companies, who lobbied heavily, will be completely exempt from it. Also, corporations that own at least 80% of the stock of a subsidiary will not be subject to the Corporate Shares Tax on such stock. The new tax will not be deductible for income tax purposes.

A similar tax was implemented several days ago by the government of @HUMOR.

The American President issued the following statement with regard to the new tax on Global Television News:

""In imposing this new tax, we follow in the brave footsteps of @TEXTSTRING, which has recently introduced the same kind of tax on owners of the stock of companies incorporated in their country. It is high time we asked the greedy and undertaxed rich -- those people and corporations who own stocks -- to pay their fair share of the costs of the new wealth-sharing programs we are instituting in this country.""","미국 대통령, 미국 법인 투자에 기업 주식세 부과 발표

워싱턴에서 '종신 대통령' 멘다시오 칼데론이 행정 명령을 통해 미국에 설립된 미국에 설립된 주식회사의 주식을 보유한 주주들에게 새로운 부유세를 부과한다고 발표했습니다. 이 세금은 과세 기준일 (매년 말) 현재 기업 및 초고액 자산가가 소유한 미국 주식의 시가를 기준으로 연 2%의 세율로 부과됩니다.

극소수 억만장자를 제외한 일반 개인 대다수는 주식 보유분에 대한 과세 대상에서 제외되며, 대대적인 로비를 펼친 은행 및 보험 회사들은 완전히 면제될 예정입니다. 또한, 자회사 주식을 최소 80% 이상 소유한 법인들 역시 해당 자회사 지분에 대해서는 기업 주식세가 부과되지 않습니다. 이 새로운 세금은 소득세 과세표준 산정 시 공제 대상에서 제외됩니다.

며칠 전 @HUMOR 정부 역시 유사한 제도를 도입하여 시행에 들어갔습니다.

미국 대통령은 글로벌 TV 뉴스를 통해 새 세금에 관해 다음과 같이 성명을 발표했습니다.

""이번 새 과세 조치를 단행하며, 우리 정부는 최근 자국 법인 주식 소유자들에게 동일한 종류의 세금을 도입했던 @TEXTSTRING의 결단력 있는 선례를 따르고자 합니다. 그동안 혜택을 누리며 세금을 제대로 내지 않던 탐욕스러운 부유층 (주식을 보유한 자산가들과 대기업들)이, 우리 정부가 미국에 추진하는 새로운 부의 재분배 정책 비용에 정당한 몫의 비용을 부담하도록 요구할 때가 마침내 온 것입니다.""",
event_politics13,"GOVERNMENT IMPOSES TAX ON PERSONAL HOLDING COMPANIES

In an effort to prevent wealthy individuals from using corporations as ""incorporated pocketbooks"" to avoid income taxes, the government has enacted a new excise tax on the non-business assets of certain personal holding companies.

According to tax officials, the new tax will apply to the value of all ""non-productive"" assets of certain companies that are either holding companies or are disguised as operating businesses, but whose business assets and working capital make up less than 20% of their total assets. Any such company that is more than 25%-owned by one individual will be subject to an annual tax of@TEXTSTRING% on the total value of its non-business assets, such as cash, stocks, and options. Banks and insurance companies are exempted from the measure.

The tax is an annual tax but is collected from the subject ""personal holding companies"" on a quarterly basis. Proceeds of this tax on non-productive assets are to be used for the demolition of public housing projects, many of which are almost 20 years old, and to construct new housing projects for low-income families, expanding this successful program.

In addition, this new tax will be put to use in creating new jobs, by hiring thousands of workers to dig ditches and thousands more workers to fill in the ditches.","정부, 개인 지주회사 대상 새 세금 부과

부유층이 법인을 사적 '절세용 지갑'으로 악용해 소득세를 회피하는 행위를 차단하기 위해, 정부가 특정 개인 지주회사의 비영업 자산을 대상으로 새로운 물품세를 부과했습니다.

세무 당국에 따르면 이번 신설 세금은 명목상 지주회사이거나 실체 있는 사업체로 위장했으나, 실제 영업 자산 및 운전 자본의 비중이 전체 자산의 20% 미만인 기업의 모든 '비생산적 자산' 가치를 대상으로 적용됩니다. 단일 개인의 지분율이 25%를 초과하는 기업의 경우, 현금·주식·옵션 등 보유 중인 비영업 자산 총액에 대해 연 @TEXTSTRING%의 세금이 부과됩니다. 단, 은행 및 보험사는 과세 대상에서 제외됩니다.

해당 세금은 연간 과세를 기준으로 하되 대상 개인 지주회사로부터 분기별로 분할 징수됩니다. 이렇게 확보된 비생산 자산 과세 세수는 지은 지 20년 가까이 된 노후 공공임대주택 단지들을 철거하고 저소득층 가구를 위한 신축 주택을 건립하는 등 성공적으로 추진되어 온 주거 복지 사업을 확대하는 데 투입될 예정입니다.

아울러 이번 신설 세금은 수천 명의 노동자를 고용해 수로를 파게 한 뒤, 다시 수천 명의 인력을 투입해 이를 도로 메우는 공공근로 방식을 통해 새로운 일자리를 창출하는 데도 활용될 방침입니다.",
event_politics14,"GOVERNMENT ANNOUNCES NEW ""WEALTH TAX"" ON THE RICH

In light of worsening economic conditions and growing budget deficits, government officials determined to avoid cutting jobs or wages of government employees have come up with a new and better solution -- tax the rich.

Effective at the end of this year, an annual tax will be imposed on individuals whose net worth exceeds a billion U.S. dollars, or the equivalent in other currencies. The tax is to apply at the rate of @HUMOR% on the portion of any wealthy individual's net worth that exceeds one billion dollars on December 31st of each year.

""They'll never miss it,"" said the gleeful tax spokesperson who announced the new law. ""We'll be busy this Christmas.""

The new Wealth Tax, or, as some advocates have dubbed it, the ""Billionaires' Tax,"" unlike some taxes, will not be deductible from the payer's income tax, roughly doubling its effectiveness as a revenue measure and punitive tax on overly successful individuals.

@TEXTSTRING","정부, 부유층 대상 새 '부유세' 부과 발표

악화하는 경제 여건과 눈덩이처럼 불어나는 재정 적자 속에서, 공무원 감원이나 임금 삭감 카드 대신 정부가 내놓은 대안은 명확합니다. 바로 초부유층을 겨냥한 과세 강화입니다.

올해 말부터 순자산이 10억 달러 (타 통화의 경우 그에 상당하는 액수)를 초과하는 개인을 대상으로 연간 부유세가 신설·부과됩니다. 매년 12월 31일을 기준으로, 10억 달러를 초과하는 순자산 과세표준 구간에 대해 @HUMOR%의 세율이 적용될 예정입니다.

새로운 세제안을 발표한 세무 당국 대변인은 ""그들의 주머니에서 돈이 빠져나가더라도 알아차리지도 못할 수준""이라며 ""올해 크리스마스는 아주 바쁘게 보내게 될 것""이라고 흥분을 감추지 못했습니다.

일명 '억만장자세'로 불리는 이번 신설 부유세는 일반적인 세금과 달리 소득세 산정 시 공제 대상에 포함되지 않습니다. 이에 따라 정부의 세수 확충 효과는 물론, 지나치게 막대한 부를 축적한 개인에 대한 징벌적 과세 기능 효과 역시 두 배 이상 증대될 전망입니다.

@TEXTSTRING",
event_politics15,">>>  SPECIAL NEWS BULLETIN  <<<

@CORP HAS GONE BANKRUPT AND HAS BEEN TAKEN OVER BY THE @TEXTSTRING--ALL OF THE COMMON STOCK OF SHAREHOLDERS IN @CORP HAS BEEN CANCELED AS OF THIS MOMENT....

GOVERNMENT FUNDS WERE INJECTED TO PAY OFF SMALL DEPOSITORS AND NEW SHARES IN THE BANK HAVE BEEN SOLD TO THE PUBLIC.

NO DEPOSITORS HOLDING CD'S OR DEMAND DEPOSITS OF THE BANK HAVE INCURRED ANY LOSSES ON THE BANK FAILURE, THANKS TO THE GOVERNMENT BAILOUT.

>>>  END OF BULLETIN  <<<",">>> 특별 뉴스 속보 <<<

@CORP이/가 파산함에 따라 @TEXTSTRING 측에 최종 인수되었습니다. 이 시각 부로 @CORP의 기존 주주들이 보유한 보통주는 전액 무효화 되었습니다.

소액 예금자 보호를 위해 정부 자금이 투입되었으며, 해당 은행의 새 발행 주식이 일반에 매각되었습니다.

이번 정부의 구제금융 조치 덕분에 해당 은행에 양도성예금증서나 요구불예금을 보유한 예금자들은 어떠한 재산상 손실도 입지 않았습니다.

>>> 속보 끝 <<<",
event_politics16,">>>  SPECIAL NEWS BULLETIN  <<<

@CORP HAS GONE BANKRUPT AND HAS BEEN TAKEN OVER BY THE @TEXTSTRING--ALL OF THE COMMON STOCK OF SHAREHOLDERS IN @CORP HAS BEEN CANCELED AS OF THIS MOMENT....

GOVERNMENT FUNDS WERE INJECTED TO PAY OFF SMALL DEPOSITORS AND NEW SHARES IN THE BANK HAVE BEEN SOLD TO THE PUBLIC.

ALL HOLDERS OF THE BANK'S BONDS HAVE RECEIVED A CASH PAYMENT EQUAL TO ABOUT 10% OF THE FACE VALUE OF THEIR BONDS.

NO DEPOSITORS HOLDING CD'S OR DEMAND DEPOSITS OF THE BANK HAVE INCURRED ANY LOSSES ON THE BANK FAILURE.

>>>  END OF BULLETIN  <<<",">>> 긴급 뉴스 속보 <<<

@CORP이/가 파산함에 따라 @TEXTSTRING 측에 최종 인수되었습니다. 이 시각 부로 @CORP의 기존 주주들이 보유한 보통주는 무효화 되었습니다.

소액 예금자 보호를 위해 정부 자금이 투입되었으며, 해당 은행의 새 발행 주식이 일반에 매각되었습니다.

아울러 해당 은행의 채권 보유자들에게는 채권 액면가의 약 10%에 해당하는 금액이 현금으로 지급되었습니다.

이번 정부의 구제금융 조치 덕분에 해당 은행에 양도성예금증서나 요구불예금을 보유한 예금자들은 어떠한 재산상 손실도 입지 않았습니다.

>>> 속보 끝 <<<",
event_politics17,">>>  SPECIAL NEWS BULLETIN  <<<

@CORP HAS GONE BANKRUPT AND HAS BEEN TAKEN OVER BY THE @TEXTSTRING--ALL OF THE COMMON STOCK OF SHAREHOLDERS IN @CORP HAS BEEN CANCELED AS OF THIS MOMENT....

GOVERNMENT FUNDS WERE INJECTED TO PAY OFF SMALL DEPOSITORS AND NEW SHARES IN THE BANK HAVE BEEN SOLD TO THE PUBLIC.

LARGE DEPOSITORS HAVE LOST A PORTION OF THEIR DEPOSITS IN @CORP ON THE BANKRUPTCY, ON A ""BAIL-IN.""

>>>  END OF BULLETIN  <<<",">>> 특별 속보 <<<

@CORP이/가 파산함에 따라 @TEXTSTRING 측에 최종 인수되었습니다. 이 시각 부로 @CORP의 기존 주주들이 보유한 보통주는 전액 무효화 되었습니다.

소액 예금자 보호를 위해 정부 자금이 투입되었으며, 해당 은행의 새 발행 주식이 일반에 매각되었습니다.

반면 고액 예금자들의 경우, 이번 파산 과정에서 '베일-인' (손실 분담) 조치가 적용됨에 따라 @CORP에 예치했던 예금 중 일부 손실을 입게 되었습니다.

>>> 속보 끝 <<<",
event_politics18,">>>  SPECIAL NEWS BULLETIN  <<<

@CORP HAS GONE BANKRUPT AND HAS BEEN TAKEN OVER BY THE @TEXTSTRING--ALL OF THE COMMON STOCK OF SHAREHOLDERS IN @CORP HAS BEEN CANCELED AS OF THIS MOMENT....

GOVERNMENT FUNDS WERE INJECTED TO BAIL OUT THE BANK'S SMALL DEPOSITORS, WHO WERE FULLY PAID OFF, AND NEW SHARES IN THE BANK HAVE BEEN SOLD TO THE PUBLIC.

ALL HOLDERS OF THE BANK'S BONDS HAVE RECEIVED A CASH PAYMENT EQUAL TO A SMALL FRACTION OF THE FACE VALUE OF THEIR BONDS.

THE GOVERNMENT HAS REFUSED TO PROTECT THE ACCOUNTS OF LARGE DEPOSITORS, BUT IS FORCING THEM TO ""BAIL IN"" BY TAKING WHAT IS REFERRED TO AS A ""HAIRCUT."" ACCORDINGLY, ALL OF THE LARGE DEPOSITORS HAVE LOST A SIGNIFICANT PERCENTAGE OF THEIR DEPOSITS IN @CORP ON THE BANKRUPTCY.

>>>  END OF BULLETIN  <<<",">>> 긴급 속보 <<<

@CORP이/가 파산함에 따라 @TEXTSTRING 측에 최종 인수되었습니다. 이 시각 부로 @CORP의 기존 주주들이 보유한 보통주는 전액 무효화 되었습니다.

소액 예금자 보호 및 구제를 위해 정부 자금이 투입되어 예금 전액이 지급되었으며, 해당 은행의 새 발행 주식이 일반에 매각되었습니다.

아울러 해당 은행의 채권 보유자들에게는 채권 액면가의 극히 일부에 해당하는 현금만 변제되었습니다.

한편 정부는 고액 예금자들의 계좌 보호를 거부하고 일명 '헤어컷' 방식의 베일인 (손실 분담)을 강제 적용했습니다. 이에 따라 고액 예금자 전원은 이번 @CORP 파산으로 인해 예금 상당액을 잃게 되었습니다.

>>> 속보 끝 <<<",
event_politics19,">>>  FINANCIAL NEWS BULLETIN  <<<

@CORP IS INSOLVENT AND HAS BEEN TAKEN OVER AND REORGANIZED BY GOVERNMENT REGULATORS.

ITS OLD STOCK HAS BEEN CANCELED AND NEW STOCK WAS SOLD TO THE PUBLIC, WITH THE PROCEEDS USED TO PAY OFF PART OF ITS POLICY LIABILITIES. ONCE THE COMPANY'S NET WORTH HAD FALLEN BELOW ZERO, AND ITS ABILITY TO MAKE GOOD ON PROMISED INSURANCE COVERAGE TO POLICYHOLDERS BECAME DOUBTFUL, THE GOVERNMENT INSURANCE REGULATORS WERE FORCED TO INTERVENE AND REPLACE THE COMPANY'S @TEXTSTRING MANAGEMENT.",">>> 금융 뉴스 브리핑 <<<

@CORP이/가 지급불능 (채무초과) 상태에 빠짐에 따라 정부 감독 당국에 의해 인수 및 구조조정 절차에 들어갔습니다.

기존 주식은 무효화 처리되었으며, 새로 발행된 신주는 일반에 매각되어 그 대금으로 보험 계약상의 부채를 일부 변제하는 데 충당되었습니다. 회사의 순자산이 자본잠식 상태로 돌아서고 가입자들에 대한 약속된 보험금 지급 능력마저 불투명해지자, 정부 보험 감독 기관이 불가피하게 개입하여 기존 @TEXTSTRING 경영진을 교체했습니다.",
event_politics20,"FROM: WASHINGTON POLITICAL LIAISON (DESTROY AFTER READING) SUBJ: CREATION OF TEMPORARY MEADOWS ON FEDERAL LAND

As almost everyone now knows, the Company has logging rights on certain National Forest land in @FACT, but we are now severely limited in our cutting rights, and clear cutting, which would be extremely profitable, is not permitted. But after lengthy private negotiations with key members of the Administration and Congress, we have worked out a bargain that should greatly benefit @CORPFULL.

The current powers-that-be have assured us they will ""look the other way"" if we go in and do a quick & dirty clear cut of the forests in question, which include large stands of prime old growth trees; provided that we make substantial contributions to certain of their PAC's out of our political slush funds (about $2 mil. is all they want). We can be in, cut the trees, and be out before the public even knows what happened if we don't bother with stream protection and other Forest Service guidelines. There's about @AMOUNT. of standing timber there for the taking. --- DO WE TAKE IT?","발신: 워싱턴 대관 로비 담당자 (열람 후 즉시 파기)
제목: 연방 정부 소유지 내 임시 벌목지 조성 건

이미 인지하고 계신 바와 같이, 저희는 @FACT 지역 내 특정 국유림에 대한 벌목권을 보유하고 있으나 현재 권리 행사가 엄격히 제한되어 있습니다. 특히 막대한 수익이 보장되는 전면적인 벌채 작업은 원천적으로 금지된 상태입니다. 그러나 행정부 및 의회 주요 인사들과의 장기간 비밀 협상 끝에, @CORPFULL 측에 매우 유리한 대형 거래를 성사시켰습니다.

현 워싱턴 실세들은 우리의 정치 비자금 계좌를 통해 이들이 지정한 정치활동위원회 (PAC) 계좌로 일정 금액 (약 200만 달러)을 기부하는 조건으로, 수령이 상당히 오래된 나무들이 가득한 최고급 원시림을 속전 속결로 싹쓸이 벌목하더라도 ""못 본 척 눈감아 주겠다""고 약속했습니다. 하천 환경 보호 구역 설정이나 기타 산림청의 까다로운 지침을 무시하고 밀어붙인다면, 여론이나 대중이 정황을 파악하기도 전에 벌목을 완료하고 철수할 수 있습니다. 해당 구역의 벌목 대상 원목들의 가치만 하더라도 약 @AMOUNT 규모입니다. --- 밀고 나아가시겠습니까?",
event_politics21,"FROM:     FINANCE COMMITTEE SUBJECT:  PROPOSED CURRENCY PROCESSING OPERATION

A large, very powerful international business syndicate has offered us an opportunity to earn substantial profits from currency dealings. Theirs is largely a cash business, and they have a strong aversion to reporting any of their revenues to government authorities. Their concerns are not so much the avoidance of taxes, but of disclosure of the sources of their huge and illicit earnings, which could be cause for considerable embarrassment, such as canings, very long prison terms or, in some countries, public executions or dismemberments.

The people in question, the @FACT, are offering us a 5% transaction fee, plus reimbursement in full for any taxes that we incur, for running large sums of their earnings through the @YEAR business operations of @CORPFULL.

We will remit the ""clean"" funds back to them electronically.

SHALL WE ACCEPT THIS VERY LUCRATIVE OFFER THEY HAVE MADE US?","발신: 재무위원회

제목: 화폐 세탁 처리 사업 제안 건

막강한 권력을 지닌 거대 국제 범죄 집단에서 저희에게 상당한 수익을 올릴 수 있는 거래를 제안해 왔습니다. 이들의 사업은 주로 현금 거래로 이루어지며, 정부 당국에 수익을 보고하는 것을 극도로 꺼리고 있습니다. 이들의 목적은 단순히 세금을 피하는 것이 아니라, 대규모 불법 자금의 출처가 폭로될 경우 받게 될 태형, 장기 수형, 또는 일부 국가에서의 공개 형집행이나 신체 절단과 같은 무시무시한 처벌을 면하는 데 있습니다.

해당 조직인 @FACT 측은 @YEAR 기간 동안 @CORPFULL 사의 사업망을 통해 자신들의 자금을 세탁해 주는 대가로, 당사에 5%의 수수료와 더불어 발생하는 모든 세금을 전액 보상해 주겠다고 제안했습니다.

저당사는 이렇게 '세척된' 자금을 그들에게 전자 송금 방식으로 다시 반환해 주게 됩니다.

이 막대한 수익의 기회를 받아들이시겠습니까?",
event_politics22,"FROM:     SENATE LOBBYIST FOR @CORPFULL SUBJECT:  SERIOUS THREAT OF REFORM; PROPOSED COUNTERMEASURES

Politicians in Washington these days have no honor. In the bad old days, when we bought a Congressman, he stayed bought. Now it's more like a lease, with annual rent increases. This year, we have a huge potential problem, with reform legislation pending in the Senate now that, if enacted, could erase all our special tax breaks and government subsidies, which have taken us years of prodigious lobbying efforts and suitcases of cash to attain.

""Our"" Senator Donald Bilbo, supposedly safely in our pockets for nearly 3 terms, is a key figure behind all this. He's publicly agitating for these ""reforms."" Fortunately for us, through his people in Geneva, he discreetly made it known to agents for the @IND industry that he can still be rented.

Because he is facing strong opposition for re-election soon, he says he must raise the equivalent of $20 million U.S. in ""grey"" money (in Swiss francs), to be deposited in his ""retirement account"" in Zurich. Our share of this industry ""contribution"" to the Senator is $3.57 million, to be converted into Swiss francs and wired to his numbered account.

DO WE PAY SENATOR BILBO'S PRICE, TO BLOCK THE REFORMS?","발신: @CORPFULL 상원 로비스트
제목: 심각한 개혁 법안 위협 및 대응책 제안

요즘 워싱턴 정치인들은 도통 의리라는 게 없습니다. 옛날 좋았던 시절에는 국회의원을 한 번 사두면 계속 우리 편이었는데, 요즘은 마치 매년 임대료가 오르는 월세 계약을 맺는 것 같습니다. 올해 저희는 상원에 계류 중인 개혁 법안으로 인해 대형 악재를 맞이했습니다. 이 법안이 통과되면, 수년간의 엄청난 로비 활동과 현금 가방을 바쳐서 겨우 얻어낸 모든 특혜성 감세 혜택과 정부 보조금이 한 순간에 날아가 버립니다.

거의 3선에 달하는 임기 동안 우리의 주머니 속에 안전하게 들어 있다고 믿었던 '우리 측' 도널드 빌보 상원의원이 이번 논란의 핵심 주동자입니다. 그 자식이 공개석상에서 이 '개혁'을 열렬히 선동하고 있습니다. 천만다행히도, 그가 제네바에 있는 대리인을 통해 @IND 업계 요원들에게 '자신은 여전히 돈으로 매수할 수 있다'는 의사를 슬그머니 내비쳐 왔습니다.

곧 있을 재선에서 강력한 상대와 맞붙게 된 빌보 의원의 요구 조건은 다음과 같습니다. 자신의 제네바 '퇴직 계좌'로 2,000만 달러 상당의 '회색 자금'(스위스 프랑)을 조성해 달라는 것입니다. 도널드 의원이 요구하는 업계 전체의 공작 비용 중 저희 회사가 분담해야 할 몫은 357만 달러 이며, 이를 스위스 프랑으로 환전하여 그의 비밀 계좌로 송금해야 합니다.

개혁 법안을 저지하기 위해 빌보 상원의원이 요구한 액수를 지불해야 할까요?",
event_politics23,"SENATOR BILBO REVERSES COURSE 180 DEGREES, BLOCKS PROPOSED REFORM LEGISLATION IN COMMITTEE

Senator Donald BilBo, a powerful 3-term senator, has done a complete flip/flop regarding reform legislation he had originally introduced in the Senate, and has blocked the bill in his committee, effectively killing it for this term of Congress. The legislation, if enacted, would have repealed a number of major special interest tax breaks and corporate subsidies, especially for the @IND INDUSTRY.

The Senator, in a televised press conference, attributed his change of heart to ""...listening to my constituents. The people have spoken, and I have heard them. That bill is history....""

Senator Bilbo, who has been extremely successful in amassing a campaign war chest for what had been expected to be a difficult re-election bid, is now considered a cinch for re-election by political experts, despite an underfinanced opponent's attempts to remind the public of the many past charges of bribetaking by the Senator.  A @CORPFULL company spokesman praised Bilbo for his brave stand on the reform bill.","빌보 상원의원 180도 태도 변화, 위원회 내 개혁 법안 저지

3선 고지의 막강한 권력을 쥐고 있는 도널드 빌보 상원의원이 자신이 당초 발의했던 상원 개혁 법안에 대해 완벽한 입장 뒤집기를 감행했습니다. 그는 자신이 위원장으로 있는 위원회 내에서 해당 법안을 블로킹하여, 이번 회기 내 법안 처리를 사실상 수장시켰습니다. 문제의 법안이 통과되었을 경우, 특히 @IND 업계를 비롯한 특정 이익단체들에 제공되던 각종 특혜성 감세 혜택과 정부 보조금이 대거 폐지될 운명이었습니다.

빌보 의원은 텔레비전 생중계 기자회견을 통해 자신의 입장 선회 이유를 다음과 같이 밝혔습니다. ""…유권자 여러분의 목소리에 귀를 기울인 결과입니다. 국민들께서 뜻을 밝히셨고, 저는 그 목소리를 겸허히 수용했습니다. 그 개혁 법안은 이제 과거의 유물이 되었습니다…""

난항이 예상되었던 재선 고지를 앞두고 막대한 선거 자금을 성공적으로 긁어모은 빌보 의원은, 이제 정치 전문가들 사이에서 재선이 거의 확정적인 것으로 평가받고 있습니다. 자금난에 시달리는 상대 후보가 빌보 의원의 과거 수수한 뇌물 혐의들을 대중에게 상기시키려 애쓰고 있으나 역부족인 상황입니다. 한편 @CORPFULL 측 대변인은 개혁 법안을 용감하게 저지해 준 빌보 의원의 결단에 대해 극찬을 아끼지 않았습니다.",
event_politics24,"@CORPFULL PROFITS HANDSOMELY FROM ITS OPERATIONS IN ISTANBUL; CITES ITS CLOSE TIES TO THE TURKISH GOVERNMENT

@CORPFULL is one of the few companies that has @MISC been able to operate very profitably in Turkey, and which has somehow been able to overcome the many obstacles Turkey places before any company that wishes to import mundane items into the country, such as shoes. The company cites its very close and amicable ties with the government, and special tax breaks it has been able to negotiate with the Ankara government on its operations in Turkey, as the main sources of its resounding success in penetrating the always difficult Turkish marketplace.

Human rights advocates in @COUNTRY are very skeptical about the company's record of success in Turkey, however. Some suggest that it is more of a function of the company having given in to official blackmail, by breaking off its endorsement contracts with a popular Kurdish singer who was considered an ""enemy of the state"" and terrorist by Turkey, before his tragic and unsolved murder in @FACT last month.","@CORPFULL, 이스탄불 사업으로 막대한 이익 창출… 튀르키예 정부와의 긴밀한 관계 강조

@CORPFULL은 튀르키예 시장 내 생필품 수입에 가해지는 유독 까다로운 규제 장벽을 뛰어넘고 매우 높은 수익성을 기록 중인 @MISC극소수 기업 중 하나입니다. 회사는 앙카라 정부와의 돈독한 밀착 관계 및 독점적으로 획득한 세제 특혜를 현지 시장 안착의 핵심 성공 요인으로 꼽고 있습니다.

그러나 @COUNTRY의 인권 단체들은 회사의 이러한 뛰어난 실적을 두고 극심한 의구심을 제기하고 있습니다. 일각에서는 이 기업이 튀르키예 당국의 노골적인 협박에 굴복한 결과라고 지적합니다. 지난달 @FACT에서 의문의 암살을 당한 쿠르드계 인기 가수를 튀르키예 정부가 '국가의 적'이자 테러리스트로 지정하자, 회사는 곧바로 전속 모델 계약을 강제 파기하고 관계를 정산한 대가로 특혜를 얻어냈다는 분석입니다.",
event_politics25,"TOP EXECUTIVES OF @CORPFULL SLAIN; GOVERNMENT SEIZES MOST OF THE COMPANY'S ASSETS

The bodies of several key executives of publishing company @CORPFULL were found in their offices Monday morning.

Workers returning to work at the company's offices discovered the bodies of 9 of the company's key executives, although the CEO of @CORPFULL, vacationing in the South of France, was not among them. Each was found with a bullet wound in the back of the neck, suggesting to local police that the killings were by an intelligence agency of the national government, and that it would not be useful to investigate the execution-style slayings.

Investigative reporters have alleged recently that the small nuclear devices that destroyed large portions of Los Angeles, Sydney, London and Moscow last month were the work of terrorists who bought a book called ""How To Make a CityKilling Bomb in Your Garage in 11 Easy Steps,"" and that the real publisher of that book (in Arabic) was not the phony Jordanian shell company whose name was on the books, but a publisher based in @COUNTRY.

That publisher was, it seems, @CORPFULL... Thus, government officials in @COUNTRY have also seized much of the publishing company's assets, without waiting for a court order, since the rule of law has largely disappeared in @COUNTRY since the nuclear attacks on several major cities around the world.","@CORPFULL 최고 경영진 피살… 정부, 회사 자산 대부분 몰수

월요일 아침, 출판사 @CORPFULL의 주요 임원 다수가 사무실 내에서 숨진 채 발견되었습니다.

월요일 아침 출근한 직원들에 의해 주요 임원 9명의 시신이 현장에서 발견되었으나, 남프랑스에서 휴가 중이던 CEO는 화를 면했습니다. 사망자 모두 목 뒤에 총상을 입은 형태였으며, 현지 경찰은 이번 사건을 국가 정보기관에 의한 공작으로 판단해 정식 수사를 진행하지 않기로 결정했습니다.

최근 탐사보도 매체들은 지난달 로스앤젤레스, 시드니, 런던, 모스크바를 초토화시킨 소형 핵폭탄이 '차고에서 11단계로 끝내는 도시 파괴 폭탄 제조법'이라는 서적을 입수한 테러리스트들의 소행이라고 폭로했습니다. 아울러 해당 아랍어 서적의 실제 출판사는 표지에 기재된 요르단계 유령 회사가 아닌, @COUNTRY에 기반을 둔 출판사라는 사실을 함께 밝혀냈습니다.

문제의 출판사는 @CORPFULL이었던 것으로 드러났습니다. 세계 주요 도심을 겨냥한 연쇄 핵 테러 이후 @COUNTRY 내 법치 시스템이 사실상 마비된 상태였기에, 당국자들은 법원의 정식 명령조차 거치지 않은 채 해당 출판사의 자산 대부분을 압류했습니다.",
event_politics26,"@CORPFULL CHARGED BY GOVERNMENT WITH ISSUING FALSE EARNINGS REPORTS, FRAUDULENT ACCOUNTING

Government investigators have seized the financial records and computer files of @CORPFULL, as part of an investigation into the company's allegedly fraudulent accounting practices.

According to initial reports, based on internal e-mails and computer files that were recovered by technicians after being incompletely erased from computer hard disks, there is evidence of a clear pattern of massive fraud by the company and its outside auditors, Eyeshade, Crossfoot and Waterstock.

Investigators who have studied the files and e-mails that the company had tried to erase from the hard disk of its computers found evidence of a conspiracy to use over 100 foreign partnerships to ""hide"" the losses the company was incurring. It now appears that those partnerships were established solely for the purpose of concealing the true financial results of the ailing company, enabling it to report profits, rather than losses.

A number of securities fraud suits have been lodged against the company, and most of the key executives are facing criminal charges. However, most of those involved in the scam have already taken their ill-gotten profits and fled to Brazil, a country that does not generally extradite stock manipulators and other white-collar criminals. Those insiders can expect to live quite well in Brazil on their cash bonuses taken from the company and from selling their stock on the open market at inflated prices before the collapse of @CORPFULL.","@CORPFULL, 허위 실적 발표 및 분식회계 혐의로 정부에 피소

정부 수사관들이 @CORPFULL의 회계 부정 의혹 수사의 일환으로 재무 기록과 컴퓨터 파일을 압수했습니다.

초기 보도에 따르면, 컴퓨터 하드디스크에서 완전히 삭제되지 않은 채 기술자들이 복구한 내부 이메일과 컴퓨터 파일을 근거로, 회사와 외부감사인인 아이셰이드·크로스풋·워터스톡이 대규모 부정행위를 저지른 뚜렷한 정황이 드러났습니다.

회사가 컴퓨터 하드디스크에서 지우려 했던 파일과 이메일을 분석한 수사관들은 100개가 넘는 해외 파트너십을 이용해 회사가 내고 있던 손실을 ""숨긴"" 공모 정황도 확보했습니다. 이제 이 파트너십들은 오로지 부실기업의 실제 재무 실적을 감추고 손실 대신 이익을 보고할 수 있게 하려는 목적으로 설립된 것으로 보입니다.

회사를 상대로 여러 건의 증권사기 소송이 제기되었고, 주요 임원 대부분은 형사 기소 위기에 놓였습니다. 그러나 이 사기극에 연루된 대부분의 인물은 이미 부정하게 챙긴 이익을 들고 브라질로 도주했습니다. 주식조작범이나 화이트칼라 범죄자들을 통상 인도하지 않는 나라죠. 이들 내부자는 @CORPFULL 붕괴 전에 받은 회사 현금 보너스와 고가에 매도한 자사주 매각대금으로 브라질에서 꽤 여유롭게 살 수 있을 겁니다.",
event_politics27,"SENATOR BILBO RESIGNS FROM SENATE -- AFTER COOPERATING WITH THE FBI IN STING OPERATION THAT NETTED INDUSTRY LOBBYISTS

Senator Donald BilBo, widely expected to be re-elected to a 4th term in the next election, has resigned from the U.S. Senate, under a cloud. Washington sources in the other party indicate that Senator Bilbdo was facing prosecution and possible jail time for extortion, accepting bribes, and his well known, inordinate fondness for controlled substances. To avoid pending criminal prosecution, Sen. Bilbo reputedly agreed to cooperate fully with FBI officials, in order to catch industry lobbyists in the act of paying a large bribe to him, as they had so often done in the past, to obtain his backing for special tax breaks and subsidies enacted for the benefit of the @IND industry.

As part of the ""sting,"" the Senator reportedly informed the FBI of a $5 million cash payment he had solicited from the industry as his price for blocking proposed reform legislation (since enacted), and he arranged to have the FBI secretly videotape his meeting with a lobbyist for @CORPFULL (in prison now), who delivered a suitcase with $1 million (U.S.) to Bilbo.","빌보 상원의원, FBI 함정수사에 협조한 뒤 상원의원직 사임 — 업계 로비스트들 대거 검거

4선 연임이 유력했던 도널드 빌보 상원의원이 논란 속에 상원의원직을 사임했습니다. 반대당의 워싱턴 소식통에 따르면 빌보 의원은 공갈, 뇌물수수, 그리고 익히 알려진 마약류에 대한 지나친 애착 문제로 기소되어 실형을 살 위기에 처해 있었다고 합니다. 형사 기소를 피하기 위해 빌보 의원은 FBI에 전면 협조하기로 합의했다고 알려졌습니다. 이를 통해 FBI는 @IND 업계를 위한 특별 세제 혜택과 보조금 확보를 대가로, 그동안 수차례 해왔던 것처럼 업계 로비스트들이 그에게 거액의 뇌물을 건네는 현장을 포착했습니다.

이 ""함정수사""의 일환으로, 상원의원은 이미 성립된 개혁 법안 저지를 대가로 업계로부터 요구했던 500만 달러 현금에 대해 FBI에 알렸다고 전해집니다. 그는 FBI가 (현재 수감 중인) @CORPFULL의 로비스트와의 만남을 몰래 촬영하도록 주선했습니다. 이 로비스트는 빌보에게 100만 달러 (미화)가 든 가방을 전달했습니다.",
event_quote1,"men and women."" -- Unknown

""Once is happenstance. Twice is coincidence. Three times is enemy action.""","…남자든 여자든 마찬가지다."" — 작자 미상

""한 번은 우연이다. 두 번은 우연의 일치다. 세 번은 적의 공작이다.""",
event_quote2,"""The only mystery in life is why the kamikaze pilots wore helmets."" -' Al McGuire","""인생에서 유일한 미스터리는 가미카제 조종사들이 왜 헬멧을 썼는가이다."" — 알 맥과이어",
event_quote3,"""The word 'politics' is derived from the word 'poly', meaning 'many', and the word 'ticks', meaning 'blood sucking parasites.' "" - Larry Hardiman","""'정치 (politics)'라는 단어는 '많다'는 뜻의 '폴리 (poly)'와 '피를 빠는 기생충'이라는 뜻의 '틱스 (ticks)'에서 유래했다."" — 래리 하디먼",
event_quote4,"""Going to war without the French is like going deer hunting without an accordion."" -- Gen. Norman Schwartzkopf

""War is God's way of teaching Americans geography."" '- Ambrose Bierce","""프랑스 없이 전쟁에 나가는 것은 아코디언 없이 사슴 사냥을 나가는 것과 같다."" — 노먼 슈워츠코프 장군

""전쟁이란 신이 미국인들에게 지리를 가르치는 방식이다."" — 앰브로즈 비어스",
event_quote5,"""Our government treats its citizens like mushrooms -- keep 'em in the dark and feed 'em nothing but manure."" -- Unknown

""It would be nice to spend billions on schools and roads, but right now that money is desperately needed for political ads."" -' Andy Borowitz","""우리 정부는 국민을 버섯처럼 취급한다 — 어둠 속에 가둬두고 거름만 먹인다."" — 작자 미상

""학교와 도로에 수십억 달러를 쓸 수 있다면 좋겠지만, 지금 당장 그 돈은 정치 광고에 절실히 필요하다."" — 앤디 보로위츠",
event_rail1,"3,500 DEAD AS @CORPFULL TRAINS COLLIDE HEAD-ON; THOUSANDS MORE INJURED OR BELIEVED MISSING

Two speeding freight trains of @CORPFULL ran head-on into each other last night near a crowded high school soccer stadium, resulting in a disastrous explosion, fire, and release of a lethal cloud of fumes that left no survivors in the stadium or in a mile-wide zone of death that stretched 5 miles downwind from the explosion.  Apparently, one of the trains was transporting large quantities of chlorine gas and propane, while the other carried thousands of rounds of artillery shells and other high explosives for the Army.  The @FACT the fatal crash, which has resulted in at least 3,500 deaths (and will surely spawn at least that many lawsuits against the railroad) on recent cost-cutting and corner-cutting at @CORPFULL.

Eager to save money, the railroad's management had fired almost all of its long-time, experienced maintenance and safety personnel, replacing them with inexperienced, minimum wage workers.  Inability of several new employees to operate a computerized crash prevention system led to the tragedy.","@CORPFULL 열차 정면충돌 참사… 3,500명 사망 및 수천 명 부상·실종

어제 밤, @CORPFULL 소속 고속 화물열차 두 대가 인파가 몰려 있던 고등학교 축구 경기장 인근에서 정면충돌하는 참사가 발생했습니다. 이로 인해 대형 폭발과 화재가 일어났으며, 유독 가스가 유출되어 경기장 내부 및 풍하 방향으로 5마일에 달하는 사고 지대 내 생존자가 전무한 상황입니다. 조사 결과 한 열차는 대량의 염소 가스와 프로판을, 다른 열차는 육군 납품용 포탄 및 고폭약을 적재하고 있었던 것으로 밝혀졌습니다. @FACT 최소 3,500명의 사망자 (및 사측을 상대로 한 대규모 막대한 손해배상 청구 소송)를 낸 이번 참사는 최근 @CORPFULL이 단행한 무리한 원가 절감 조치가 원인이었던 것으로 드러났습니다.

단기 수익성에만 눈이 먼 경영진은 숙련된 장기 유지보수 및 안전 전문 인력을 대거 해고하고, 그 자리를 경험이 없는 최저임금 비숙련 노동자들로 채웠습니다. 결국 충돌 방지 컴퓨터 시스템을 제때 조작하지 못한 새 근무자들의 숙련도 부족이 이 같은 초유의 비극을 불러일으켰습니다.",
event_reserved1,"[Sections 072 to 100 are reserved for more ""Future News"" or NewYear scenarios]","[섹션 072 ~ 100은 향후 ""미래 뉴스"" 또는 신년 시나리오용으로 예약되어 있습니다]",
event_reserved2,"[1 to 36 are ""miscellaneous"" scenarios from Newyear R1=41 to 76] [500 and above reserved for Cheat scenarios; 474 and 493 used only in W$R, not in ""Trader"" versions; #133 thru 468 are available for new messages]","[1부터 36은 새해 (Newyear)의 '기타' 시나리오이며 R1은 41부터 76입니다] [500 이상은 치트 시나리오 전용으로 예약되었습니다; 474와 493은 ""트레이더"" 버전이 아닌 W$R에서만 사용됩니다; #133부터 468까지는 새 메시지용으로 사용할 수 있습니다]",
event_retail1,"NO MORE FREE SHOPPING AT MAJOR DEPARTMENT STORE CHAINS

Several major department stores have now announced that, effective after the end of@YEAR, they will begin charging $20 admission to persons wishing to shop in their stores.

A [REDACTED] spokesperson explained the new policy as being ""...a natural evolution of recent trends in retailing. It costs us a great deal of money to keep our stores open and ready for business, particularly with the epidemic of shoplifting that began when states stopped prosecuting thieves for thefts of less than $950 in value. So why should we let people who want to come in and browse or shop do so for free -- any more than a movie theater lets its customers in for free, or a gas station lets people use its restrooms for nothing? Charging our customers to come in and shop is all a simple matter of economics -- We can, so we will....""","주요 백화점 체인, 이제 무료 쇼핑 없다

여러 주요 백화점 체인이 @YEAR년 말부터 매장 방문객을 대상으로 20달러의 입장료를 받겠다고 발표했습니다.

[REDACTED] 대변인은 이번 새 정책을 ""…최근 소매업계 흐름의 자연스러운 진화""라고 설명하며, ""매장을 열어 영업할 수 있는 상태로 유지하는 데는 막대한 비용이 들며, 특히 각 주에서 950달러 미만 절도에 대한 기소를 중단하면서 시작된 도둑질 만연 현상까지 겹쳤습니다. 주유소가 화장실을 공짜로 개방하지 않듯, 구경이나 쇼핑을 하려는 손님을 굳이 무료로 들여보낼 이유가 어디 있겠습니까? 고객에게 입장료를 받는 것은 단순한 경제적 판단에 따른 결과입니다 — 우리가 할 수 있는 조치이기에 시행하는 것뿐입니다…""라고 밝혔습니다.",
event_retail2,"FROM:     PURCHASING DEPT. (TOP SECRET--FOR YOUR EYES ONLY) SUBJECT:  IMPORTING OUTLAW TEXTILES FROM ""PARIAH"" COUNTRIES

As you know, U.S. law prohibits us from importing any textiles made by political prisoners in certain ""pariah"" countries like North Korea, Iran, Myanmar (formerly Burma), Cuba, and Sudan. However, one of our buyers, ever on the lookout for a bargain, has found a deal almost too good to pass up.  A Macao operative, [NAME DELETED], deals in such goods, and is able and willing to supply textiles to us at inordinately low prices, all stamped ""Made in Macao by [NAME DELETED],"" provided we don't ask where the goods actually came from or under what conditions they were made. We maintain maximum ""deniability.""

Apparently, several of our major competitors are already importing their ""Macao"" textiles, according to [NAME DELETED]. To remain competitive, we need to begin importing these lowcost textiles as well, or else experience serious profitmargin erosion, as our competitors undercut our pricing.

DECISION:  DO WE IMPORT THE ""MACAO"" TEXTILES?","제목: '우범국' 지정 국가 제재 직물 수입 및 우회 유통 건

미국 법령에 따라 북한, 이란, 미얀마, 쿠바, 수단 등 주요 제재 대상 국가의 정치범 및 강제 노동을 통해 생산된 섬유 제품의 국내 수입은 엄격히 금지되어 있습니다. 그러나 우리 구매부 담당자가 현지 중개인과 연계하여 파격적인 가격 조건의 수입 거래건을 찾아내는 데 성공했습니다. 마카오 소재 중개인 [이름 삭제됨]은 원산지 및 제조 환경에 대한 별도 확인을 요구하지 않는 조건으로, 해당 원단에 'Made in Macao by [이름 삭제됨]' 라벨을 부착하여 현저히 저렴한 단가에 원단을 공급할 수 있다는 입장입니다. 이를 통해 우리는 법적 책임을 회피할 수 있는 최소한의 '부인 가능성'을 확보할 수 있습니다.

[이름 삭제됨]의 정보에 따르면 이미 복수의 주요 경쟁사들이 해당 경로를 통해 '마카오산' 원단을 대량 수입하여 원가 경쟁력을 확보하고 있는 것으로 파악됐습니다. 우리 역시 본 건 저가 원단을 수입하지 않을 경우 경쟁사들의 가격 인하 공세에 밀려 수익성이 심각하게 악화될 우려가 있습니다.

결정: '마카오산' 직물을 수입하시겠습니까?",
event_retail3,"FROM:     PUBLIC RELATIONS DIVISION SUBJECT:  POSSIBLE RECALL OF CONTAMINATED FOOD PRODUCTS

We have just discovered that a small amount of putrid meat got mixed into a very large batch of our packaged food products, which will probably cause some degree of health risk to to a few dozen customers, as we have discovered the putrid meat was not only somewhat rotten, but contained ""prions,"" a dangerous protein that is responsible for ""Mad Cow Disease"" and similar ill effects in humans, and even in deer, elk and other animals in the wild or on farms.

The dose of prions that any one consumer is likely to get is very small, but that is also part of the problem -- because a small batch of contaminated meat got into a huge volume of our products, it would be necessary to recall almost everything we have shipped in the last two weeks, at a cost we estimate at @AMOUNT million, not to mention the terrible publicity if the public were to find out where we buy our cheap, ""salvage beef.""

Thus we have a serious public relations problem on our hands. If we simply ""stonewall"" the problem, and let a few people get sick, there is always the risk that the contaminated products will somehow be traced back to us, in which case we would have an EXTREMELY serious public relations problem.

DECISION:  DO WE ""STONEWALL"" IT, AND KEEP A LOW PROFILE?","발신: 마케팅 부서
제목: 치명적 프리온 변형 단백질 오염 식품 리콜 여부 보고 건

우리 생산 시설에서 대량 포장 식품 공정 중 소량의 변질 육류가 혼입된 사실이 확인되었습니다. 본 오염 육류는 단순 부패를 넘어 인간 및 동물에게 광우병을 유발하는 치명적 변형 단백질인 '프리온 (prion)'이 포함된 것으로 파악됐습니다.

소비자 한명의 섭취 위험량은 미량이겠으나, 오염 부위가 대량 제조 라인 전체로 확산함에 따라 최근 2주간 출고된 전 제품을 회수해야 하는 상황입니다. 리콜 단행 시 약 @AMOUNT백만 달러 규모의 즉각적인 비용 손실이 발생하며, 우리가 출처 불명의 저가 '폐기 대상 육류'를 원재료로 납품받아 온 정황이 대외 유출될 경우 회복 불가능한 브랜드 타격이 예상됩니다.

위험 방치를 선택하여 사건을 은폐하고 소수 피해자 발생 시 개별적으로 대응하는 방안이 있으나, 추후 추적 조사를 통해 우리 공정과 연결될 경우 치명적인 언론·법적 위기에 직면할 가능성이 존재합니다.

안건: 이것을 은폐하고 무응답 기조를 유지하시겠습니까?",
event_retail4,"SUBJECT:  ALTERNATE SOURCING OF @YEAR BLUE JEANS

As you know, we sell vast quantities of @FACT blue jeans each year, but our profit margins are only moderate on such sales. We have an intriguing offer from a Ho Chi Minh City company that could change all that and give a major boost to the overall profitability of @CORPFULL.

The Vietnamese company is owned by a nephew of the late Ho Chi-Minh, and manufactures bogus copies of @FACT jeans by the trainload, using forced labor. They can sell us all the fake @FACT jeans we want, at about 1/10th the cost we pay to the real manufacturer. We will be able to mark them down a bit from where competing retailers sell the real thing, and still generate exorbitant profit margins on every pair of such jeans we can sell through our stores. (The jeans we buy from them will first be shipped to Hong Kong, and can be mixed with our imports of the real McCoy from there.)

DECISION:  DO WE GRAB THIS HUGE OPPORTUNITY?","제목: @YEAR 청바지 대체 수급처 확보 및 원가 절감 방안 검토 건

우리는 매년 대량의 @FACT 청바지를 판매하고 있으나, 정품의 공급 구조상 수익률은 평이한 수준에 머물고 있습니다. 최근 베트남 호치민 소재 제조사로부터 @CORPFULL의 수익성을 획기적으로 개선할 수 있는 공급 제안이 접수되었습니다.

해당 업체는 고 호찌민의 조카가 소유한 곳으로, 강제 노역 인력을 동원해 @FACT 짝퉁 청바지를 찍어내듯 대량 생산하고 있습니다. 이들은 정품 공급가 대비 약 10% 수준의 파격적인 가격에 납품이 가능하다고 제시했습니다. 경쟁사의 판매가 대비 소폭 할인된 가격에 판매하더라도 상당한 마진율을 확보할 수 있습니다. (구입물량은 홍콩을 거쳐 정품 수입 물량과 혼적하여 유입시키는 방식으로 단속을 회피할 수 있습니다.)

안건: 이 거대한 기회를 잡아야 할까요?",
event_retail5,"FROM:     @CORPFULL PURCHASING DEPARTMENT SUBJECT:  DEALING IN RECALLED ITEMS

The price competition in the discount retailing industry is becoming ruthlessly efficient, thanks to computers and the Internet. We absolutely must find a way to improve our gross margins, and we think we have found a way.

With all the government and consumer lawsuits and investigations in recent months, a large number of manufacturers have been forced to recall various items, such as toys, tools, dangerous hardware items, and the like.  We have discovered that there's a budding ""grey market"" for these items that the manufacturers have recalled, where their sale has not yet been legally prohibited, and where the manufacturer has chosen, for good public relations reasons, to ""voluntarily"" recall the dangerous or politically incorrect items.

In short, a number of manufacturers, rather than send these recalled inventory items off to some landfill or incinerator, have been making quiet inquiries as to whether we, as a major discount retailer, would be interested in buying the recalled items at about 3 cents on the dollar. We could offer them for sale very cheaply (and legally), and still reap huge profits, by ""recycling"" these goods back into the marketplace.

Since the manufacturers have already reaped the good P.R. from doing the recalls, they will, of course, deny that they resold the items to us, and will simply take the position that they were not able to recall all of the items, which we will have bought through a third party ""recycling"" corporation we set up offshore, in Bermuda.  We will plead ignorance, if anyone discovers we are selling recalled items.

DECISION:  DO WE BEGIN BUYING AND RESELLING MERCHANDISE THAT HAS BEEN RECALLED BY VARIOUS MANUFACTURERS?","발신: @CORPFULL 구매 부서
제목: 제조사 리콜 재고 물량 매입 및 재유통을 통한 마진율 개선 건

디지털 유통 환경 확산으로 할인 소매 시장의 가격 경쟁이 치열해짐에 따라, 우리의 매출 총이익률을 획기적으로 개선할 수 있는 새 수익 모델을 검토하였습니다.

최근 정부 당국의 조사와 소비자 소송 여파로 완구, 공구, 위험한 하드웨어 등 다수 제조사의 리콜 물량이 급증했습니다. 우리 조사 결과, 법적 판매 금지 조치가 발효되기 전이거나 제조사가 평판 관리를 위해 '자발적 리콜'을 실시한 물량을 유통하는 이른바 '그레이 마켓'이 형성되어 있음을 확인했습니다.

실제로 복수의 제조사들이 리콜 재고를 매립·소각하는 대신, 우리와 같은 대형 할인 유통사에 원가 대비 약 3% (1달러당 3센트) 수준의 파격적인 단가에 은밀히 매각할 수 있는지 타진해 오고 있습니다. 해당 재고를 매입하여 유통망에 '재활용' 형태로 재유통할 경우, 파격적인 할인가 판매를 통해 법적 저촉을 피하면서도 막대한 유통 마진을 확보할 수 있습니다.

리콜 선언으로 이미 명분을 확보한 제조사들은 우리에게로의 재판매한 사실을 전면 부인할 것이며, 마찬가지로 우리가 버뮤다에 설립할 페이퍼 컴퍼니를 통해 물량을 우회 매입하면 제조사 측은 '일부 미회수 물량'일 뿐이라고 해명할 수 있습니다. 우리 역시 유통 사실이 적발되더라도 단순 과실 및 미인지 상태였음을 주장하여 법적 책임을 회피할 수 있습니다.

안건: 제조사 리콜 재고 물량을 매입하여 재판매하는 사업을 추진하시겠습니까?",
event_retail6,"FROM:      HUMAN RESOURCES DIRECTOR SUBJECT:   PROPOSAL FOR REDUCING WAGE COSTS

As CEO, you are well aware of our rising labor costs, since most of our production is in Thailand, where wage levels and the general standard of living are both rising at alarming rates. While U.S. wages are rapidly sinking, they are still too high for us to move any @CORPFULL plants home.

As a result, the competition, using slave labor in Myanmar and sweatshops in Cambodia and Viet Nam, is beginning to eat our lunch. We have to find a way to lower wage costs.

After studying the situation for months, we recommend that:

(a) the company move its plants to the island of Saipan, where we can recruit cheap Filipino and Bangladeshi labor;

(b) we begin making counterfeit Benetton sweaters there; and

(c) we can label all our output as ""Made in America,"" since Saipan is technically a U.S. territory (but one where U.S. minimum wage and other labor laws are, shall we say, enforced very ""liberally"").

SHALL WE MOVE OUR TEXTILE PRODUCTION TO SAIPAN?","발신: 인사팀장

제목: 임금 비용 절감을 위한 제안

CEO 님께서도 잘 알고 계시듯, 저희 생산 시설 대부분이 위치한 태국은 임금 수준과 전반적인 생활 수준이 가파르게 상승하고 있어 노무비 부담이 날로 커지고 있습니다. 미국의 임금 수준이 빠르게 하락하고 있다고는 하나, @CORPFULL 공장을 본국으로 이전하기에는 여전히 높은 편입니다.

그 결과 미얀마의 강제 노동과 캄보디아, 베트남의 착취에 가까운 인력을 활용하는 경쟁사들에게 시장점유율을 빼앗기고 있는 상황입니다. 인건비를 낮출 방안을 신속히 마련해야 합니다.

지난 수개월간 현황을 검토한 결과, 다음과 같이 제안드립니다.

(a) 당사 생산 공장을 사이판섬으로 이전하여 필리핀 및 방글라데시의 저렴한 노동력을 채용합니다.

(b) 해당 사업장에서 베네통 짝퉁 스웨터를 생산하기 시작합니다.

(c) 사이판은 법적으로 미국 영토에 해당하므로, 모든 생산품에 ""Made in America"" 라벨을 부착합니다. (사이판은 미국의 최저임금법 및 기타 노동법 적용이 매우 '유연하게' 이루어지는 지역입니다.)

섬유 생산을 사이판으로 이전하시겠습니까?",
event_retail7,"CUSTOMS RAID SEIZES WAREHOUSES FULL OF CONTRABAND TEXTILES, ILLEGALLY IMPORTED INTO U.S. BY @CORPFULL

U.S. Customs officials, in a coordinated series of lightning raids last night, descended upon several large textile warehouses belonging to textile maker @CORPFULL.

Seized in the raid were @AMOUNT million worth of contraband textile goods, made by political prisoners in North Korea and slave labor in Haiti, all smuggled into the U.S. illegally by @CORPFULL, which had arranged for the goods to be stamped ""Made in Macao by Ped Xing Textiles"" in a brazen, but unsuccessful attempt to fool U.S. Customs inspectors.

The company's purchasing manager, said to be responsible for the illegal scheme, was hauled away in chains by a Customs SWAT team. Top executives of the company professed complete ignorance of the illegal smuggling scheme, and urged that the miscreant purchasing manager be prosecuted to the full extent of the law, declaring such conduct ""...deplorable....""","미 세관, @CORPFULL 대형 창고 급습… 수천만 달러 규모 제재국 밀수 원단 적발

미국 세관당국은 어젯밤 대대적인 기습 단속을 실시하여 섬유 제조업체 @CORPFULL 소유의 대형 물류 창고 다수를 수색하고 밀수품을 압류했습니다.

이번 단속에서 적발된 물품은 북한 정치범 수용소 및 아이티 강제 노동 수용시설에서 생산된 총 @AMOUNT 규모의 불법 섬유 제품입니다. @CORPFULL은 당국의 단속을 피하기 위해 해당 원단에 'Made in Macao by Ped Xing Textiles' 라벨을 위조 부착하여 국내로 불법 반입해 온 것으로 드러났습니다.

본 밀수 공모를 주도한 회사의 구매 총괄 책임자는 현장에서 미 세관 SWAT 팀에 의해 긴급 체포되었습니다. 한편 최고 경영진은 본 밀수건에 대해 전면 부인하며, 해당 구매 책임자의 독단적 비위 행위에 대해 법이 허용하는 최상위 수위의 처벌을 요구하는 등 전형적인 꼬리 자르기식 태도를 보이고 있습니다.",
event_retail8,"U.S. CUSTOMS GRABS HUGE SHIPMENT OF FAKE @YEAR JEANS

U.S. Customs agents in San Francisco announced that they have seized an entire shipload of bogus @FACT jeans that were being illegally imported by @CORPFULL.

The fake blue jeans, allegedly made in Vietnam slave labor camps, were apparently the second entire shipload that had been brought into the country by the large and previously respected retailer, @CORPFULL.

The Customs agents were apparently tipped off to the illegal smuggling of the fake goods by the makers of the real @FACT jeans, who have filed civil damage suits for trademark infringement against the culprits, in the amount of @AMOUNT.

In addition to having the shipload of fake jeans confiscated by the government, criminal fines have also been levied against @CORPFULL. An attorney for the defendant company denied each and every one of the following charges:

(a) that any such shipment of jeans had occurred;

(b) that the imported jeans belonged to @CORPFULL; and

(c) that the jeans imported by @CORPFULL were fakes.","미국 세관, 가짜 @YEAR 청바지의 대규모 선적물 압수

샌프란시스코의 미국 세관원들은 @CORPFULL이 불법으로 수입하던 가짜 @FACT 청바지 운송선박 한 척 분량을 압수했다고 발표했습니다.

베트남 강제 노동 수용소에서 생산된 것으로 추정되는 해당 모조품은 기존에 높은 신뢰를 받던 @CORPFULL을 통해 국내로 유입된 두 번째 대규모 밀수 물량인 것으로 확인됐습니다.

이번 적발은 @FACT 정품 제조업체의 제보로 이루어졌으며, 상표권자 측은 상표권 침해를 이유로 @CORPFULL을 상대로 @AMOUNT 규모의 민사 손해배상 청구 소송을 제기했습니다.

정부의 압수 조치 및 형사 벌금 부과에 대해 @CORPFULL 측 변호인은 해당 다음 혐의 일체를 전면 부인하고 있습니다.

(a) 해당 청바지 화물의 수송 사실이 존재한다는 점

(b) 수입된 청바지의 소유권이 @CORPFULL에 있다는 점

(c) @CORPFULL이 수입한 청바지가 짝퉁 (모조품)이라는 점",
event_retail9,"@CORPFULL FOUND TO BE SELLING UNSAFE RECALLED MERCHANDISE; CONSUMER GROUPS ORGANIZING A BOYCOTT OF @CORPFULL OUTLETS

Several leading consumer product safety groups are calling for an extended boycott of the discount stores operated by @CORPFULL.

The boycott movement comes on the heels of a number of personal injury lawsuits brought against the once-respected retailer by dozens of customers who were injured after buying recalled items, made by many different manufacturers, that retailer @CORPFULL has been buying up cheaply and selling in its discount retail stores.

The recalled items for which the company has been sued include highly flammable pajamas that caught on fire, a wide range of dangerous toys (including ""shaving kits"" for 6 year olds, that include real razor blades, and kits for making Halloween masks that included plastic bags that children were supposed to place over their heads), and tools such as cheap chainsaws made in Russia, which lacked proper shielding and that caused losses of fingers or eyes if not used with extreme care.

In addition to the lawsuits and consumer boycotts against the company, the Federal Consumer Product Safety Commisssion has filed charges against the company, seeking to halt the sale of recalled items, and to impose large fines and other civil and criminal penalties upon @CORPFULL.","@CORPFULL, 결함·리콜 재고 불법 유통 적발… 소비자 단체 전면 불매운동 착수

주요 소비자 안전 단체들이 @CORPFULL이 운영하는 할인 매장 체인을 상대로 대대적인 불매운동에 돌입했습니다.

이번 사태는 회사가 헐값으로 싹쓸이 매입해 할인점에서 유통한 제조사 리콜 재고를 구매했다가 상해를 입은 수십 명의 피해 소비자들이 집단 손해배상 청구 소송을 제기하면서 불거졌습니다.

소송 대상이 된 리콜 품목에는 쉽게 화재가 발생하는 고인화성 아동용 잠옷, 실제 면도날이 동봉된 6세용 면도 세트 및 질식 위험이 있는 비닐봉지 포함 할로윈 가면 키트 등 치명적인 장난감류, 그리고 안전 방호 가드가 없어 손가락 절단이나 안구 손상을 유발하는 저가 러시아산 전기톱 등이 포함되었습니다.

소비자 단체의 불매운동 및 민사 소송과 별개로, 연방 소비자 제품 안전위원회 (CPSC)는 해당 리콜 상품의 판매 금지 가처분 신청과 함께 @CORPFULL을 상대로 대규모 벌금 부과 및 민·형사상 처벌 절차에 착수했습니다.
",
event_retail10,"@CORPFULL TOY SALES BANNED BY GOVERNMENT; LEAD AND OTHER HARMFUL SUBSTANCES ALLEGEDLY USED IN PAINT BY THE [REDACTED] MANUFACTURER OF TOY SOLDIERS

Government officials moved quickly today, in the wake of a widening scandal involving toy soldiers that may have been imported from abroad, and have halted all sales of the toy soldiers in the stores of the large discount retailer that had been the exclusive seller of the highly popular toy item, @CORPFULL.

According to government sources, the manufacturer of the toy soldiers used a paint containing lead on all of the toy soldiers. These are items that many small children can be expected to place in their mouths, with serious long-term health consequences. This latest revelation comes just days after it was discovered that some of the toy soldiers being sold in @CORPFULL's outlets were coated with a chemical that is generally referred to as a ""date-rape drug."" The manufacturer of the toy soldiers is said to be a foreign firm, but government officials have so far chosen not to divulge the identity or nationality of the supplier from which the items were purchased by @CORPFULL.

A government spokesperson explained that ""We have decided against disclosing the source country where the tainted products were manufactured, in order to preserve good trade relations with that nation, a consideration which, in our judgment, is more important than the public's right to know.""

The big retailer is expected to incur serious financial losses as a result of the halted sales of the toys, in addition to incurring massive ongoing litigation costs, as throngs of personal injury lawyers file dozens of lawsuits against @CORPFULL.","정부, @CORPFULL 장난감 판매 금지… [검열됨] 장난감 병정 제조사, 납 및 유해 물질 도료 사용 논란

해외 수입 장난감 병정을 둘러싼 논란이 일파만파 확산하자 정부 당국이 오늘 집행에 나섰습니다. 당국은 해당 인기 제품을 독점 판매해 온 대형 할인 유통업체 @CORPFULL 매장에서 문제의 장난감 병정 전 품목에 대해 판매 중단 처분을 내렸습니다.

정부 관계자에 따르면, 제조사 측이 생산된 장난감 병정 전량에 납이 함유된 유해 페인트를 사용한 것으로 확인됐습니다. 어린아이들이 제품을 입에 넣을 가능성이 높은 만큼, 장기적으로 심각한 건강상 질환을 유발할 수 있습니다. 특히 이번 폭로는 @CORPFULL 매장에서 유통되던 일부 장난감 병정에 일명 '데이트 강간 약물'로 불리는 화학 물질이 코팅된 사실이 밝혀진 지 불과 며칠 만에 터져 나왔습니다. 제조사는 해외 업체로 알려졌으나, 당국은 @CORPFULL이 제품을 납품받은 제조사의 상호나 국적 공개를 거부하고 있습니다.

정부 대변인은 ""유해 물질이 검출된 원산국을 공개하지 않기로 한 결정은 해당국과의 외교·무역 관계를 유지하기 위함이며, 당사의 판단으로는 이것이 국민의 알 권리보다 우선시되는 가치""라는 황당한 해명을 내놓았습니다.

이번 판매 금지 조치로 유통 공룡인 @CORPFULL은 치명적인 재정적 손실을 입게 되었습니다. 여기에 손해배상 전문 변호사들이 회사를 상대로 줄소송을 제기하기 시작하면서 막대한 소송 비용까지 짊어지게 될 전망입니다.",
event_retail11,"CONSUMER WATCHDOGS REVEAL HOW @CORPFULL INCREASED FIBER CONTENT OF ITS FOOD PRODUCTS:  SAWDUST

A public interest group has revealed that a major packaged food company, @CORPFULL, is adding ""food extenders"" to its products.

According to the watchdog consumer testing group, recent advertising claims of ""increased fiber content"" by the company are, strictly speaking, correct. However, the added fiber consists of as much as 40% by volume of indigestible cellulose fiber (sawdust) -- added to everything from meat patties to cheesecake. Individual consumers first became suspicious of what this fiber consisted of when many became ill with severe gastric disturbances, and when a few detected a ""piney"" taste and a ""crunchy"" consistency in the ""HealthWise"" brand of tapioca pudding made by @CORPFULL.

Apparently, the puddings contained sawdust from Ponderosa pine and other conifer trees, the flavor of which was not well masked in the bland, petroleum-based puddings. The company has agreed to recall millions of packages of the offending products.","소비자 감시단체, @CORPFULL이/가 식품 섬유질 함량을 늘린 방법 폭로: 톱밥

한 공익단체가 대형 포장식품 회사 @CORPFULL이/가 제품에 ""식품 증량제""를 첨가하고 있다고 폭로했습니다.

이 소비자 감시 시험단체에 따르면, 이 회사가 최근 광고한 ""섬유질 함량 증가"" 주장은 엄밀히 말해 사실입니다. 다만 첨가된 섬유질의 최대 40%는 소화되지 않는 셀룰로오스 섬유 (톱밥)로 이루어져 있으며, 고기 패티부터 치즈케이크에 이르기까지 모든 제품에 첨가되었습니다. 개별 소비자들은 다수가 심각한 위장 장애를 겪고, 일부는 @CORPFULL이/가 만든 ""헬스와이즈"" 브랜드 타피오카 푸딩에서 ""소나무 향""과 ""바삭한"" 식감을 느끼면서 이 섬유질의 정체를 처음 의심하기 시작했습니다.

이 푸딩에는 폰데로사 소나무 등 침엽수의 톱밥이 들어 있었던 것으로 보이며, 밋밋한 석유 기반 푸딩에서는 그 맛이 제대로 가려지지 않았습니다. 회사는 문제가 된 제품 수백만 포대를 리콜하는 데 동의했습니다.",
event_retired1,(Retired scenario - no content.),(폐기된 시나리오 - 내용 없음.),
event_shipping1,"SUBJECT:  RETROFITTING OIL TANKER FLEET WITH DOUBLE-HULLS

Government regulations are getting increasingly stiff since the Exxon-Valdez tragedy in Alaska and the regrettable incident that wiped out all the reefs in the Florida Keys.  All American-flagged oil tankers will now have to be built (or retrofitted, in the case of existing vessels) with double hulls, to reduce the odds of such mishaps in the future. We estimate that the out-of-pocket costs of retrofitting our fleet to comply with U.S. safety standards will amount to over @AMOUNT. for the @CORPFULL fleet.

There is ONE way to get around this costly retrofitting program, however.  That is to reflag all of our ships under foreign (Liberian or Panamanian) registry, which would exempt us from U.S. environmental safety regulations.  (Of course, we would run certain open-ended liability risks, not to mention the bad P.R., if we don't retrofit with double hulls, and something unfortunate were to happen....)

DECISION:  DO WE REFLAG OUR TANKERS AND AVOID RETROFITTING?","제목: 유조선 선단 대상 이중 선체 개조 건

알래스카 엑손 발데즈 참사와 플로리다 키스의 산호초를 전멸시킨 불상사 (기록적인 고온으로 수온이 38도씨에 도달해 100% 가까운 산호초 폐사율을 기록함) 이후 정부의 환경 규제가 대폭 강화되었습니다. 향후 유사한 해양 오염 사고를 방지하기 위해 미국 국적의 모든 유조선은 이중 선체 구조를 갖추도록 (기존 선박의 경우 구조 개조) 의무화되었습니다. 미국 법정 안전 기준을 준수하기 위해 @CORPFULL이/가 보유 선단을 개조할 경우, 약 @AMOUNT 이상의 직접 비용이 발생할 것으로 추산됩니다.

하지만 이 막대한 개조 비용을 회피할 수 있는 편법이 존재합니다. 바로 모든 선박의 국적을 해외 (라이베리아 또는 파나마) 임시 변경하여 미국의 엄격한 환경 규제 대상에서 벗어나는 것입니다. (물론 이중 선체 구조 개조를 거부한 상태에서 불의의 오염 사고가 터질 경우, 기업 평판 실추는 물론 예측 불가능한 수준의 무제한 손해배상 책임을 지게 될 위험이 존재합니다…)

최종 결정: 유조선 선단의 국적을 변경하여 이중 선체 개조를 회피하시겠습니까?",
event_shipping2,"SUBJECT:  OUR ""EGREGIOUS"" SHIPBOARD MISSILE DEFENSE SYSTEM

Our Defense Dept. lobbyist just informed us that all of our Defense Electronics division's expenditures for developing the new shipboard anti-missile system (""Egregious"") are on the verge of going down the drain.  As you know, the first ""real world"" test of the new system by the Navy succeeded only in shooting down a Learjet, two Beechcrafts and 4 Cessnas, flown by an assortment of lawyers, dentists, M.D.'s and stockbrokers -- instead of the two test missiles. Accordingly, the Pentagon Admiral with the ""juice"" to make the decision is planning to award the contract to produce the Navy's antimissile system to a competitor, for their ""Spear-Catcher"" system.

Our choice is between paying $3 million U.S. in ""grease"" to the Admiral, who reportedly can be ""turned,"" and getting a very lucrative Navy contract, versus taking a @AMOUNT. write-off of our development costs to date for the Egregious system.

SELECT ""YES"" TO PAY THE BRIBE, OR ""NO"" TO BITE THE BULLET ON THE EGREGIOUS SYSTEM, AND WRITE OFF ITS COSTS....

 CONGRESSIONAL SUBCOMMITTEE FINDS HEAVY NAVAL LOSSES IN WAR WITH YEMEN WERE RESULT OF CORRUPT NAVY PROCUREMENT PRACTICES

In Washington, Congressthing Pat Boozeman's defense subcommittee has concluded its investigation of the reasons behind the U.S. Navy's enormous losses of missile cruisers, aircraft carriers and destroyers in the Red Sea in last year's brief clash with the small Arab state of Yemen over interference with oil tanker shipping in the Gulf of Aden. The subcommittee found that the heavy losses of U.S. sailors and equipment in the conflict with a small, primitive nation were caused by the abysmal performance of the Navy's vastly expensive and allegedly ""bulletproof"" Egregious antimissile defense system, made by @CORPFULL. The enormously sophisticated Egregious system, supposedly capable of simultaneously tracking and directing defenses against thousands of incoming enemy ship-killing missiles at one time, proved unable to ""see"" anything moving at more than 400 mph.  Thus it shot down nothing but our own planes, as they took off from carriers. Apparently the Navy/s decision to acquire the Egregious system was heavily influenced by ""grease"" payments to key Navy officials....","제목: 우리 '이그레지어스' 함정 미사일 방어 시스템 관련 보고 건

국방부 담당 로비스트 측에 따르면, 방산전자 사업부에서 신형 함정 대미사일 방어 시스템인 '이그레지어스' 개발에 투입한 예산 전체가 수포로 돌아갈 위기에 직면했습니다. 해군이 실시한 첫 실전 기동 테스트에서 표적 미사일 2발은 놓친 반면, 인근을 비행 중이던 변호사, 의사, 주식 브로커 등이 모는 민간 항공기 (리어젯 1대, 비치크래프트 2대, 세스나 4대)를 격추하는 대참사가 발생했기 때문입니다. 이에 따라 실권을 쥔 펜타곤의 해군 제독은 경쟁사인 '스피어 캐처' 시스템으로 해군 공급 사업자를 변경할 예정입니다.

현재 우리의 선택지는 매수가 가능한 것으로 파악된 해당 제독에게 300만 달러의 '사업적 윤활유'를 집행하여 막대한 수익이 보장되는 해군 납품권을 확보하는 방안과, 이그레지어스 시스템의 기존 개발비 @AMOUNT를 장부상 전액 손실 처리하고 사업을 포기하는 방안 두 가지입니다.

안건: 뇌물을 집행하여 사업을 강행하시겠습니까, 아니면 손실을 감수하고 개발비를 회계상 상각 처리하시겠습니까?

의회 소위원회 ""예멘전 해군 대참사는 부패한 국방 조달 비리 결과"" 발표

워싱턴 패트 부즈먼 의원이 이끄는 국방 소위원회가 지난해 아덴만 유조선 운항권 문제를 두고 아랍권의 소국인 예멘과 벌인 단기 교전 당시 발생한 미 해군의 미사일 순양함, 항공모함, 구축함 대량 손실 원인에 대한 조사 결과를 최종 발표했습니다. 소위원회 조사 결과, 소규모 교전에서 발생한 막대한 인명 및 장비 손실의 원인은 @CORPFULL이 개발한 고가의 이그레지어스 대미사일 방어 시스템의 치명적인 결함 때문인 것으로 드러났습니다.

당초 수천 개의 적 함대함 미사일을 동시 추적·요격할 수 있다고 홍보된 이그레지어스 시스템은 시속 400마일 이상으로 이동하는 물체를 전혀 감지하지 못하는 치명적 결함을 안고 있었습니다. 그 결과 적 미사일 대신 항모에서 이륙하는 아군 전투기만 잇따라 격추하는 결과를 초래했습니다. 조사단은 해군 수뇌부가 이처럼 결함이 심각한 이그레지어스 시스템을 채택한 배경에 @CORPFULL 측의 막대한 '뒷돈 스폰서십'과 정관계 로비가 결정적인 영향을 미쳤다고 결론지었습니다.",
event_shipping3,"FROM:     PURCHASING DEPARTMENT

SUBJECT:  PROBLEMS WITH DELIVERY AND STOCKING DEADLINES FOR CHRISTMAS SEASON TOYS FROM ASIAN SUPPLIER

As you know, toy soldiers are expected to be a big seller during the upcoming holiday season, but we received word today that because of power blackouts and materials shortages in [REDACTED], our main supplier of toy soldiers has experienced a number of major production delays, and they have warned us that they may miss our delivery deadline by a week or more for the @YEAR holiday season unless we change some of our specifications for painting the toy soldiers.

This could be a real problem, if the entire shipload of toy soldiers we have ordered for our stores arrives a few days AFTER the Christmas holiday, in which case we will be stuck with a huge, possibly unsaleable, inventory, and will have also lost @AMOUNT millions in pre-holiday toy sales.

Our supplier in [REDACTED] is asking permission to use a much faster-drying paint, rather than the paint we specified, which will knock several days off their production time and enable them to ship the order in time to meet the timeline we have established, so that we will be able to stock our stores with the toy soldiers before Christmas.

However, there is no time for us to do any safety testing on the paint they will use, so we will just have to trust the supplier and wing it....

DECISION: DO WE AGREE TO LET OUR SUPPLIER CHANGE OUR PAINT SPECIFICATIONS FOR THE TOY SOLDIERS?","발신: 구매부

제목: 아시아 공급업체의 크리스마스 시즌 완구 납품 및 입고 기한 문제

잘 아시다시피 이번 성수기 시즌에는 장난감 병정 피규어가 효자 상품이 될 것으로 예상되었습니다만 오늘 [기밀 처리됨] 현지의 대규모 정전 및 원자재 수급 난항으로 인해 주력 공급업체의 공정 차질이 심화되고 있다는 전언을 받았습니다. 사측에서 도색 공정 사양을 일부 변경해 주지 않는다면 @YEAR년 크리스마스 대목 납기일을 일주일 이상 어기게 될 것이라는 경고입니다.

발주물량을 실은 선박 전체가 크리스마스 연휴가 지나고 며칠 뒤에야 도착하는 사태가 벌어진다면 상황은 대단히 심각해집니다. 악성 재고를 떠안아 폐기 처분해야 함은 물론, 연휴 특수 기간 동안 수백만 달러 (@AMOUNT백만 달러) 규모의 매출 손실이 발생하기 때문입니다.

이에 [검열됨] 업체에서는 당사가 지시한 규격 페인트 대신 마르는 속도가 훨씬 빠른 대체 페인트를 사용할 수 있도록 승인해 달라고 요청해 왔습니다. 필요한 시간을 며칠 단축할 수 있어 우리가 설정한 납기 스케줄에 맞춰 출하가 가능해지며, 크리스마스 이전에 전국 매장 입고를 마칠 수 있다는 계산입니다.

다만 변경될 도료의 안전성 검사를 진행할 시간적 여유가 전혀 없는 상황이라, 현지 업체의 말만 믿고 위험 부담을 안은 채 감행해야 하는 상황입니다.

안건: 공급업체가 장난감 병정 사용 페인트를 변경하도록 허용하시겠습니까?",
event_shipping4,"@CORPFULL'S OIL TANKER NOSTROMO BREAKS UP @YEAR; DAMAGE INCALCULABLE

The giant supertanker Nostromo has hit a tugboat and is quickly breaking up @FACT.

Initial reports indicated that the captain of the supertanker was an alcoholic and drug addict, who had run another giant supertanker aground last year. However, under various U.S. labor laws, his employer, the oil company that owns the tanker, was unable to fire him because of his drug and alcohol disability, and had to rehire him in his old job last month, pursuant to a court order under the Americans with Disabilities Act, in a decision eerily similar to that of the inebriated captain of the ill-fated Exxon-Valdez many years ago, whom Exxon was also forced to reinstate, pursuant to a court order.

According to its owner, @CORPFULL, the tanker was carrying some 25 million gallons of crude oil, much of which has already spread for miles@MISC.

Despite U.S. laws requiring tankers to be retrofitted with double hulls, the company's lawyers had found a legal loophole, registering the ship under the Liberian flag, that allowed the company to save money by not retrofitting.  Unfortunately for the company, it seems likely that private lawsuits and cleanup costs will be far greater than what it would have cost @CORPFULL to retrofit its fleet.

Industry experts estimate that the total direct costs of this incredible debacle could run into the billions, which does not even include lost business from consumer boycotts of the company's gas stations.","@CORPFULL의 초대형 유조선 노스트로모호 @YEAR년 침몰… 피해 규모 추산 불가능

초대형 유조선 노스트로모호가 예인선과 충돌한 후 @FACT 해역에서 빠르게 침몰하고 있습니다.

초기 조사 보고에 따르면 해당 유조선의 선장은 알코올 및 마약 중독자로, 지난해에도 또 다른 초대형 유조선을 좌초시킨 전력이 있는 것으로 드러났습니다. 그러나 미국 노동법 및 장애인법 (ADA) 규정에 의거하여 고용주인 석유회사는 약물 및 알코올 중독 장애를 이유로 선장을 즉각 파면할 수 없었고, 법원 명령에 따라 지난달 이전 보직으로 복직시켜야만 했습니다. 이는 과거 엑손 사측이 법원 판결로 인해 만취 상태의 선장을 강제 복직시켜 엑손 발디즈 참사를 유발했던 사건과 섬뜩할 정도로 닮아 있습니다.

선주사인 @CORPFULL 측 발표에 따르면 해당 유조선에는 약 2,500만 갤런의 원유가 적재되어 있었으며, 이미 상당량이 수 마일에 걸쳐 @MISC 번져나간 상태입니다.

유조선에 대한 이중 선체 개조를 의무화한 미국 법률에도 불구하고, 회사 법무팀은 선박 국적을 라이베리아로 변경하는 법적 허점을 악용하는 편법으로 개조 비용을 아꼈습니다. 그러나 회사 측에는 불행하게도 이번 사태로 인한 민사 소송과 해양 정화 비용이 @CORPFULL이 당초 선단 전체를 이중 선체로 개조했을 비용을 수십 배 이상 초과할 것으로 보입니다.

업계 전문가들은 이번 대형 참사의 직접적인 피해액만 수십억 달러에 달할 것으로 추산하고 있으며, 이는 회사가 운영하는 주유소에 대한 소비자 불매 운동으로 인한 매출 타격조차 포함하지 않은 수치입니다.",
event_shipping5,"DRUG ENFORCEMENT AGENCY CONFISCATES @CORPFULL VESSELS USED TO SMUGGLE DRUGS FROM EAST ASIA, SEIZES 3 TONS OF CRYSTAL ""ICE"" AND HEROIN FOUND ON BOARD

The DEA, in a series of lightning raids, today seized seven large containerships owned by @CORPFULL, on which agents found over 3 tons of crystal amphetamines and heroin, with a street value in the billions. While the shipping company itself was not charged with complicity in the smuggling, several members of a Korean crime syndicate and the captains of all seven ships were arrested on narcotics charges. All face lengthy prison terms in the U.S.

However, the DEA announced that the @CORPFULL ships will be confiscated and sold at public auction, because they were property used in illegal drug smuggling. Company officials were bitter about the DEA decision, calling the agency ""...Nazis..."" and ""...greed mongers..."" and pointing out that the confiscated ships were worth an estimated total of @AMOUNT million, all of which will be used to pay bigger DEA salaries or go into the DEA employees' pension fund.","미 마약단속국 (DEA), 동아시아 마약 밀매에 가담한 @CORPFULL 소유 선박 압수… 필로폰 및 헤로인 3톤 적발

DEA는 오늘 대대적인 기습 단속을 실시하여 @CORPFULL 소유의 대형 컨테이너선 7척을 압수 및 선상에 은닉되어 있던 시가 수십억 달러 상당의 결정형 메스암페타민과 헤로인 3톤을 적발했습니다. 해운사 법인 자체는 공모 혐의에서 제외되었으나, 현장에서 체포된 한국계 범죄 조직원들과 선장 7명은 마약 밀수 혐의로 구속되어 중형을 선고받을 전망입니다.

한편 DEA는 압수된 @CORPFULL 선박들이 불법 마약 밀매에 직접 사용된 범죄 자산에 해당하므로 전량 몰수하여 경매 처분할 예정이라고 발표했습니다. 이에 대해 회사 관계자들은 몰수 조치된 선박의 총 자산 가치가 @AMOUNT백만 달러 에 달한다고 밝히며, 당국의 자산 몰수 집행에 대해 강력히 반발했습니다.",
event_space1,"""STRANGE OBJECT"" IN NORTHWEST SKIES RESULTS IN BLINDING OF THOUSANDS OF SEATTLE AREA RESIDENTS

Medical authorities in Seattle cautioned residents to remain in their homes and offices until the current unusual weather conditions return to normal. Hospitals report that thousands of residents were blinded when the area experienced abnormal atmospheric conditions, with no rain being reported in the area for 3 full days. A government meteorologist explained that, while it is not terribly unusual for the rain to halt briefly in the Seattle area, the current 3-day drought was accompanied by a rare clearing of the cloud layer.

Tens of thousands of local residents, mystified by what they described as a ""large, round, brightly glowing object in the sky"" were initially in a state of near-panic, until an official advisory was broadcast on an emergency basis, informing the public that the bright object was not a UFO, but merely the sun. The last recorded sunshine in Seattle was some 20 years earlier, so many denizens of this grey, rain-soaked city had completely forgotten what the sun looks like.

Several heart attacks were reported among older citizens who either thought the large glowing object was a UFO or, remembering that the object was actually the sun, became so over-excited by the rare sight their hearts failed.

Many area citizens lapsed into a trance-like conditions and stared directly at the sun until they became blinded. Public health officials estimate the number of persons who were blinded by the bright rays of the sun, which was not shielded by the usual perma-cloud layer of the Pacific Northwest, to be near 25,000. Most of those who lost their eyesight, sadly, were young people, under the age of 20, many of whom had been born after the date of the last recorded sunshine in Seattle, in September of@YEAR. Many of these young people, who had never been outside of the Northwest, had never seen the sun before, and thus had no idea what the glowing object was, and no awareness of the dangers of staring directly at the bright orb for extended periods of time.

Rain is expected to resume tomorrow, and weather forecasters do not expect a recurrence of the strange, cloudless weather conditions in the Northwest for at least another 20 years. Public health officials and members of the City Council have recommended that the schools institute a ""sun blindness safety program,"" so that the next time the area experiences such freakish weather the residents of the region will have learned not to look directly into the sun's dangerous rays.","미 태평양 북서부 상공의 ""기이한 물체""로 인해 시애틀 주민 수천 명 실명

시애틀 보건 당국은 현재의 비정상적인 기상 조건이 정상화될 때까지 주민들에게 집이나 사무실 내에 머물 것을 당부했습니다. 시애틀 일대에 사흘 내내 비가 내리지 않는 기상이변이 발생하면서 수천 명의 주민이 실명하는 사태가 발생했다고 병원 측은 전했습니다. 정부 기상학자는 시애틀 지역에서 비가 잠시 멈추는 일 자체는 그리 드문 일이 아니지만, 이번 사흘간의 가뭄은 이례적으로 구름층이 완전히 걷히며 일어난 현상이라고 설명했습니다.

""하늘에 떠 있는 둥글며 밝게 빛나는 물체""를 목격하고 충격에 빠진 수만 명의 주민들은 초기엔 패닉 상태에 빠졌으나, 저 빛나는 물체가 UFO가 아니라 단지 '태양'일 뿐이라는 긴급 정부 공고 방송이 나가고 나서야 겨우 안정을 되찾았습니다. 시애틀에서 햇빛이 관측된 것은 약 20년 전의 일로, 잿빛 비구름에 갇혀 살던 잿빛 도시의 주민들은 태양이 어떻게 생겼는지조차 까마득히 잊고 있었습니다.

고령층 사이에서는 저 빛나는 물체를 UFO로 오인해 경악하거나, 저것이 태양이라는 사실을 깨닫고, 좀처럼 보기 힘든 장관에 지나치게 흥분한 나머지 심장마비로 쓰러지는 사례가 잇따랐습니다.

많은 주민이 넋을 잃은 상태로 태양을 똑바로 쳐다보다가 시력을 잃었습니다. 보건 당국은 태평양 북서부 특유의 영구 구름층이 사라지면서 비친 강렬한 태양 광선에 실명한 인원이 무려 2만 5천 명에 달할 것으로 추산했습니다. 안타깝게도 시력을 잃은 이들의 대부분은 20세 미만의 청소년들로, 시애틀에 마지막으로 햇빛이 비쳤던 과거 @YEAR 9월 이후에 태어난 이들이었습니다. 태평양 북서부를 벗어나 본 적이 없던 이들 청소년은 태양을 단 한 번도 본 적이 없었기에 저 빛나는 구체가 무엇인지도, 빛나는 구체를 장시간 바라보는 것이 얼마나 위험한지조차 알지 못했습니다.

내일부터는 다시 비가 내릴 것으로 예상되며, 기상예보관들은 앞으로 적어도 20년간은 북서부 지역에 이런 구름 한 점 없는 기상이변이 재발하지 않을 것으로 예상하고 있습니다. 보건 당국과 시의회 의원들은 추후 시애틀 지역에 이런 기괴한 날씨가 다시 찾아오더라도 주민들이 위험한 태양 광선을 정면으로 바라보지 않도록, 일선 학교에 ""태양 실명 예방 안전 교육 프로그램""을 도입할 것을 권고했습니다.",
event_space2,"NEW ERA OF SPACE MINING AND EXPLORATION HAS BEGUN

A major consortium of aerospace companies and mining companies today announced the successful opening of the first off-planet mining operation, undertaken at a cost of many billions.

The new high-tech mining operation, which will mostly be manned by thousands of sophisticated robots, is located @TEXTSTRING.

It is expected to usher in a whole new era of space exploration and commercial exploitation of other bodies in the solar system.","우주 채굴과 탐사의 새 시대 열리다

항공우주 기업과 광산 기업들로 구성된 대형 컨소시엄이 오늘, 수십억 달러의 거액이 투입된 사상 최초의 외지구 채굴 사업을 성공적으로 개시했다고 발표했습니다.

이 최첨단 채굴 기지는 수천 대의 고성능 로봇이 운용되는 무인 자동화 시스템으로, 프로젝트는 @TEXTSTRING에서 시작될 것으로 보입니다.

이번 사업은 태양계 내 다른 천체의 상업적 개발과 우주 탐사의 완전히 새로운 시대를 여는 전환점이 될 것으로 기대됩니다.",
event_space3,"FROM:    SPACE AND DEFENSE SYSTEMS ENGINEERING DIVISION SUBJECT: DESIGN FLAW IN OUR NEW MARK VI QUANTUM COMPUTER

Space and Defense Systems Division has warned all along that we didn't feel that our new experimental Mark VI Quantum Computer was far enough along in testing to be sold to NASA for use in mission critical applications, like next month's first launch of the Moon Shuttle. Now we have discovered a design flaw in a relatively obscure heuristic component of the Mark VI, and aren't sure if its built-in error-detection and recovery mechanisms will correct or override any errors that might crop up in this subsystem.

The bottom line is this:

This computer isn't ready to fly yet, and we feel, notwithstanding the loud screams from Marketing, that we ought to warn NASA and urge them to scrap the scheduled launch of the Moon Shuttle, despite the embarrassment this will cause. Or, we can keep our mouths shut and let the launch go ahead on schedule, the ""stonewall"" option, as the Marketing Division describes it -- and is urging us to do.  It's your call....

QUESTION: DO WE ""STONEWALL IT"" AND LET THE LAUNCH GO ON?","제목: 차세대 마크 VI 양자 컴퓨터 설계 결함 보고 및 달 셔틀 발사 일정 재검토 건

우리 우주방위시스템공학부에서는 신형 시범용 '마크 VI 양자 컴퓨터'의 검증 단계가 미흡하여, 다음 달 예정된 NASA의 달 셔틀 최초 발사 등 핵심 임무에 투입하는 것은 시기상조임을 지속적으로 경고해 왔습니다. 최근 정밀 점검 결과, 마크 VI의 휴리스틱 모듈에서 설계 결함이 발견되었으며, 자체 오류 감지 및 복구 시스템이 해당 부문에서 발생하는 연산 오류를 정상적으로 제어할 수 있을지 불확실한 상태입니다.

핵심 사항은 다음과 같습니다.

현재 우리의 선택지는 다음과 같습니다. 마케팅 부서의 반발과 대외 신뢰 하락을 감수하더라도 NASA 측에 결함 사실을 통보하여 달 셔틀 발사 연기를 공식 요청하는 방안이 있습니다. 반대로 마케팅 부서에서 제안하는 '은폐 및 방관' 방침에 따라 무응답으로 일관하며 예정대로 발사를 진행하도록 방치하는 방안이 있습니다.

안건: 마크 VI'의 설계 결함을 은폐하고 예정대로 달 셔틀 발사를 진행하시겠습니까?",
event_space4,"FROM:  @CORPFULL MARKETING DEPARTMENT SUBJ:  EXPANDING INTO ONLINE AUCTIONS

As a major Internet company, we are not earning the kind of top-line growth in revenues (or bottom-line profits) we should be seeing.  Our new online soap opera, ""The Young and the Wireless"" is clearly not generating the kind of ad dollars we had expected, so we need to do some fresh, ""outside-the-box"" thinking, if we are going to make @CORPFULL into a major force and, incidentally, prevent our employee stock options from expiring, worthless, next year. It is obvious that providing content and selling ad space is not a very successful strategy, and that the way to make money on the Net is through auction sites, although the competition there is very tough and well-entrenched.

We, in the marketing department, have been doing some creative thinking and in-depth market research, however, and have come up with an obvious new online application, an auction idea so bold and savagely ""now"" that it has no serious competition at present, the only known competition being one small, poorly financed Russian language website based in Belarus.

We posed for ourselves the following questions, in doing our research:

1. What kind of product, which we could sell at online auction, has a huge, constant, almost insatiable demand?

2. And what product also has an almost inexhaustible supply, a supply that is currently not being tapped efficiently in the Internet auction business?

(We have, of course, ruled out selling dangerous substances like illegal drugs and home-made nuclear weapons kits, sales of which could get us imprisoned, caned, or executed.)

The answer was obvious, once we asked ourselves the right questions:  @FACT.

Something that people are willing to pay serious money for, with few questions asked, in a market that is currently not well served by suppliers, despite the existence of a huge supply, especially in poor, Third World countries. We have done a lot of spade work, and find that the best way to go about this is to set up an independent auction site on the floating ""city"" in international waters, in the North Sea. That offshore site, which seems ideal for our purposes, is the place where a number of controversial activities such as human cloning, brain transplants, genetic experiments (such as the crossbreeding of lawyers and alligators, to try to produce better litigators), and other projects of dubious legality or questionable sanity have been carried on in recent years, all free of any interference from national governments and with maximum secrecy.

We think the profit margins we can realize will rival that of the drug cartels, once we are established as THE place online for auctioning off @FACT.

DO WE IMPLEMENT THE NEW ONLINE AUCTION SITE FOR @MISC?","발신: @CORPFULL 마케팅 부서
제목: 온라인 경매 시장 진출 관련 건

우리는 대형 인터넷 기업임에도 불구하고 기대치에 미치지 못하는 매출 성장세와 수익률을 기록하고 있습니다. 새 자체 제작 콘텐츠인 온라인 웹드라마 '더 영 앤 더 와이어리스'의 광고 수주 실적이 저조한 상황에서, 우리의 시장 지배력 강화 및 내년 만기 예정인 임직원 스톡옵션의 가치 보존을 위해서는 기존의 틀을 벗어난 파격적인 사업 모델 전환이 시급합니다. 단순 콘텐츠 제공 및 광고 판매 방식은 수익성에 한계가 명확하며, 치열한 시장 경쟁에도 불구하고 웹 기반 경매 플랫폼 운영이 확실한 수익원이라는 점이 확인되었습니다.

이에 마케팅 부서에서는 정밀한 시장 조사와 전략적 검토를 거쳐, 독점적 시장 선점이 가능한 파격적인 새 온라인 경매 사업 아이템을 발굴했습니다. 현재 동종 분야의 유일한 경쟁자는 벨라루스 소재 소규모 러시아어 사이트 1곳에 불과하여 사실상 무주공산인 시장입니다.

수익성 검토 과정에서 우리가 설정한 기준은 다음과 같습니다:

1. 폭발적이고 지속적이며 마르지 않는 구매 수요가 존재하는 품목인가?

2. 현재 인터넷 경매 시장에서 효율적으로 수급되지 않는 판로 미개척 대량 공급 품목인가?

(형사 처벌, 체포, 사형 등의 사법 위험가 직결되는 불법 마약류 및 사제 핵무기 키트 등 고위험 품목은 검토 대상에서 즉시 제외했습니다.)

해당 조건에 부합하는 유일한 최적의 사업 아이템은 바로 @FACT입니다.

본 품목은 제3세계 등지에서 거대한 공급 잠재력을 보유하고 있음에도 체계적인 유통망이 부재한 상태로, 구매자들의 높은 지불 용의와 막대한 잠재 수요가 입증된 분야입니다. 우리는 규제 회피와 보안 극대화를 위해 국가 주권의 미치지 않는 북해 공해상의 해상 거점에 독립 경매 플랫폼 서버를 구축할 계획입니다. 해당 거점은 인간 복제, 뇌 이식, 이종 간 유전자 조작 등 치외법권 영역의 고위험 프로젝트들이 비밀리에 진행되어 온 장소로, 사법 당국의 관할권 행사 및 규제 간섭을 완벽히 차단할 수 있습니다.

@FACT 중심의 독점적 온라인 경매 시장 구축이 완료될 경우, 우리는 글로벌 마약 카르텔에 비견되는 막대한 수익률을 확보할 수 있을 것으로 전망합니다.

@MISC를 위한 새로운 온라인 경매 사이트를 구현하시겠습니까?",
event_space5,"RE:  COST-SAVING PROPOSAL REGARDING OFFICE SPACE NEEDS

As you may know, most of our office staff, except upper level executives, now work in cubicles, rather than in individual offices. The typical cubicle is approximtely 12 feet by 12 feet in size, with 6-foot high partitions enclosing it on 3 sides. This is highly inefficient, as approximately 40% of the space encompassed by each cubicle, from floor to ceiling, is simply air, and is unused. This is an unacceptable luxury.

We can reduce this large amount of wasted space, by reducing cubicle dimensions to 6 feet by 6, and by putting a lid on each cubicle, so that overhead space can be utilized for storage, machinery, and other purposes, thus sharply cutting our floor space requirements (and rental expense). Of course, some taller employees may complain about having to crouch down while in their new and smaller cubicles, but any such troublemakers can and should be weeded out of the company.

DO WE GO FOR IT, AND DRAMATICALLY INCREASE THE EFFICIENCY OF OUR OFFICE SPACE UTILIZATION?","제목: 사무 공간 수요 관련 비용 절감안

아시다시피 고위 임원진을 제외한 당사 사무직 직원 대부분은 현재 개인 사무실 대신 파티션으로 나뉘어진 구역 내에서 근무하고 있습니다. 이 공간의 크기는 가로 350cm, 세로 350cm이며 3면이 180cm 높이의 파티션으로 둘러싸여 있습니다. 이는 대단히 비효율적인 구조로, 바닥부터 천장까지 각 공간의 약 40%가 단순히 텅 비어있는 상태로 낭비되고 있습니다. 이는 도저히 용납할 수 없는 사치입니다.

큐비클 규격을 가로 180cm, 세로 180cm로 축소하고 각 공간 상단에 덮개를 덮어 윗공간을 창고나 기계실 등 다른 용도로 활용함으로써 이 막대한 낭비 공간을 줄일 수 있습니다. 이렇게 하면 한 층의 면적 공간과 임대료 비용을 획기적으로 절감하게 됩니다. 물론 키가 큰 일부 직원들이 좁아진 공간 안에서 쪼그려 앉아 근무해야 한다는 점에 불만을 토로할 수도 있으나, 이러한 선동꾼들은 회사 차원에서 솎아내어 정리해고해야 마땅합니다.

이 안을 채택하여 사무 공간 활용 효율을 획기적으로 높이시겠습니까?",
event_space6,"N.A.S.A. MOON SHUTTLE CRASHES INTO CANAVERAL LAUNCH SITE ON MAIDEN VOYAGE!!  HUNDREDS OF GROUND PERSONNEL KILLED, INJURED--CAUSED BY @CORPFULL COMPUTER GLITCH?

NASA's Cape Canaveral launch base was flattened by a massive explosion today, as the first of the space agency's giant new Moon Shuttle craft turned and crashed back into its own launch pad at high speed, just two minutes after what had begun as a flawless lift-off, killing the entire Shuttle crew and killing and wounding hundreds of NASA personnel on the ground. A top NASA official who survived the crash at the launch site told the press that everything was going perfectly until about 90 seconds into the flight, when something went terribly wrong, causing the craft to do a 180-degree turn and fly right back into its launch pad, hitting the ground like a meteorite at about 4000 mph. The Mark VI quantum computer guidance system in the Shuttle and its A.I. software are both made by the same company, @CORPFULL.

Investigators are now focused on an anonymous phone call received minutes before launch, warning of a ""bug"" in the Mark VI Computer or software, urging NASA to scrub the launch, but was ignored as a ""crank call"" by NASA officials, unfortunately. The unknown caller, whoever she was, accused @CORPFULL of knowingly covering up the flaw.","NASA 달 셔틀, 첫 비행 중 케이프 커내버럴 발사장 추락… 수백 명 사상, @CORPFULL 컴퓨터 오작동 원인 지목

오늘 NASA의 케이프 커내버럴 발사 기지가 달 셔틀 추락에 따른 대형 폭발로 전파되었습니다. 우주국의 신형 달 셔틀은 이륙 2분 만에 급격히 선회하여 발사대로 역돌진해 추락했으며, 이로 인해 탑승 승무원 전원 사망 및 지상 요원 수백 명이 사망하거나 다치는 대참사가 발생했습니다. NASA 현장 생존 관계자는 이륙 90초 후 유도 시스템에 치명적인 오류가 발생하여 기체가 180도 회전한 뒤 시속 4,000마일의 속도로 지면에 충돌했다고 밝혔습니다. 해당 달 셔틀의 '마크 VI 양자 컴퓨터' 유도 시스템 및 탑재 AI 소프트웨어는 모두 @CORPFULL이 개발·공급한 제품입니다.

합동 조사단은 발사 직전 접수된 익명의 제보 전화에 집중하고 있습니다. 해당 통화는 마크 VI 시스템의 결함을 경고하며 즉각적인 발사 중단을 요청했으나, 당국은 이를 장난 전화로 치부하여 무시했던 것으로 드러났습니다. 익명의 제보자는 @CORPFULL 측이 치명적인 치수적 결함을 사전에 인지하고도 의도적으로 은폐했다고 주장했습니다.",
event_space7,"FLAW IN @CORPFULL'S ""JIGGER"" GIGACHIP FOUND RESPONSIBLE FOR SENDING MANNED MARS MISSION FLIGHT TO SUN

NASA investigators announced today that the joint U.S.-JapanChina manned mission to Mars, which will end in disaster next month when the Mars Mission craft plunges into the sun, was caused by a defective chip supplied by @CORPFULL.

The newly-developed gigachip, which uses light photons and individual molecules as transistors, had been developed just in time to be used in the joint Tri-National manned space flight to Mars launch, and was a key part of the Mars craft's navigation and guidance system. Due to a small defect in one of the chip's 512 billion transistors, the craft is now on an irrevocable, apparently unalterable, course to the sun, rather than Mars, and all hands are expected to be lost when the delicate interplanetary spacecraft enters the sun's fiery atmosphere some time next month. According to NASA officials, a low-level @CORPFULL employee has provided evidence that the company was aware of the defect, BEFORE launch.","@CORPFULL의 '지거' 테라칩 결함으로 유인 화성 탐사선 태양 추락 위기

NASA 조사단은 미·일·중 합동 유인 화성 탐사선이 궤도를 이탈하여 다음 달 태양에 충돌하게 된 대참사의 원인이 @CORPFULL이 공급한 부품의 치명적 결함 때문이라고 발표했습니다.

광자 및 단일 분자 트랜지스터 기반으로 개발된 이 칩은 화성 탐사선 항법 유도 시스템의 주요 부품으로 탑재되었습니다. 그러나 칩 내부 5120억 개의 트랜지스터 중 발생한 미세 결함으로 인해 탐사선은 화성이 아닌 태양을 향해 궤도 수정이 불가능한 상태로 돌진하고 있으며, 다음 달 태양 대기권 진입 시 탑승자 전원이 목숨을 잃을 것으로 예상됩니다. NASA 관계자는 회사 내부 관계자의 제보를 통해 @CORPFULL이 발사 전부터 해당 결함을 알고도 은폐한 정황과 증거를 확보했다고 밝혔습니다.",
event_sports1,"UNIVERSITY OF ALABAMA FOOTBALL TEAM'S RECORD WIN STREAK ENDED, AT LONG LAST, BY NOTRE DAME, 24-23

All good things must end. For the University of Alabama's football dynasty, their long string of perfect, unbeaten seasons that began back in 2026 finally came to an end today, in a dramatic struggle in South Bend, Indiana, where the Fighting Irish of Notre Dame pulled off an amazing upset victory. In the tightly contested battle, Notre Dame won by scoring a touchdown, by bare inches, as time expired, to stave off defeat, 24-23, and thus ended the nearly 300-game winning streak of the Crimson Tide.

Trailing by 23-18, with only seconds to go, on the Alabama one-yard line, the Notre Dame fullback plunged into the line as time ran out, and the crowd of 100,000 and a huge TV audience held their collective breath, as it wasn't clear whether the fullback had made it across the goal line by inches, or had fallen just short. After several seconds, the line judge raised both arms, signifying that it was indeed a touchdown, and pandemonium erupted as the Notre Dame fans realized they had finally ended the Tide's seemingly endless victory streak at @TEXTSTRING games.

After the game, emotional Notre Dame students and fans, many of them with tears in their eyes, strung garlands of flowers on the large statue of Jesus, with his arms upraised, just outside the South Bend stadium. The tall statue seemed to mimic the posture of the line judge, as he had declared the final play of the game to be the winning score for Notre Dame. (The statue outside the stadium is often referred to by visiting players and fans as ""Touchdown Jesus."")","앨라배마 대학 풋볼팀의 기록적 연승, 마침내 노터데임에 24-23으로 막을 내리다

좋은 일에도 끝은 있는 법입니다. 2026년부터 이어져 온 앨라배마 대학 풋볼 왕조의 무패 행진이, 오늘 인디애나주 사우스벤드에서 벌어진 극적인 대결 끝에 마침내 막을 내렸습니다. 노터데임의 파이팅 아이리시가 놀라운 이변을 일으킨 것입니다. 팽팽했던 접전 끝에 노터데임은 경기 종료 직전 터치다운을 기록하며 24-23으로 승리, 크림슨 타이드의 300경기에 육박하는 연승 행진을 저지했습니다.

18-23으로 뒤진 채 앨라배마 진영 1 미터 지점, 종료 초읽기 상황에서 노터데임의 풀백이 아슬아슬하게 골 라인에 몸을 던졌습니다. 10만 관중과 엄청난 수의 TV 시청자들은 숨 죽이며 그가 골라인을 넘었는지 아니면 아슬아슬하게 못 미쳤는지 지켜보고 있었습니다. 몇 초 후 라인 심판이 두 팔을 들어 올려 터치다운을 선언하자, 노터데임 팬들은 마침내 @TEXTSTRING경기에 달하던 엘라배마 크림슨 타이드의 끝없어 보이던 연승 행진을 끊어냈다는 사실을 깨닫고 열광의 도가니에 빠졌습니다.

경기가 끝난 뒤, 눈물을 글썽이는 노터데임 학생들과 팬들은 사우스벤드 경기장 바로 밖에 두 팔을 벌리고 서 있는 그 유명한 대형 예수 벽화에 꽃 화환을 걸었습니다. 팔을 치켜든 이 거대한 조각상의 자세는, 마치 경기 마지막 플레이를 노터데임의 승리 득점으로 선언했던 라인 심판의 모습을 흉내 내는 듯했습니다. (경기장 밖의 이 조각상은 원정 선수들과 팬들 사이에서 흔히 ""터치다운 예수""라고 불립니다.)",
event_sports2,"FROM:     MARKETING DEPARTMENT

SUBJECT:  THREATS AGAINST @CORPFULL BY THE GOVERNMENT OF TURKEY

Our whole shoe manufacturing and marketing operation in Turkey is in jeopardy. The Ankara government has quietly informed us that they will seize all of our facilities in Turkey and ban us from ever doing business there again, unless we break off our endorsement deal with the Kurdish entertainer who recently sang the Kurdistan national anthem before a major U.S./Kurdistan soccer match. Apparently, some overly-sensitive bureaucrats in Ankara saw the event on a CNN satellite broadcast, and went ballistic over it. The very idea of a Kurdish national anthem is anathema to the Turkish government, while a long-lasting Kurdish insurgency in parts of Turkey persists, as the Kurds seek to break away from Turkey and join the newly created nation of Kurdistan, composed of Kurdish areas that were formerly parts of Syria, Iran, and Iraq.

The crooner, Hassan, is very popular in both Turkey and Kurdistan, and our endorsement contract with him has been a real boon to our operations in that part of the world, and he is great guy, to boot. But he is considered ""politically unreliable,"" in the eyes of the radical Islamist government officials in Ankara, and they are going to make us pay heavily if we maintain our affiliation with the performer.

Accordingly, they are blackmailing us: Either we repudiate all our shoe endorsement deals with the ""enemy of the state,"" as they refer to the singer, or else they will confiscate all of our operations in Turkey. Also, if we do go along with their ""request,"" they have offered us a wide range of very favorable tax breaks and preferential treatment for importing and exporting our shoes in and out of Turkey.

QUESTION:  DO WE GO ALONG WITH THE GOVERNMENT OFFER, AND BREAK OFF THE ENDORSEMENT DEAL?","발신: 마케팅부

제목: 튀르키예 정부의 @CORPFULL 협박 건

튀르키예 현지 신발 제조 및 유통 사업 전체가 파탄 날 위기에 처했습니다. 튀르키예 정부는 최근 주요 미국·쿠르디스탄 축구 경기 직전 쿠르디스탄 국가를 제창한 쿠르드계 연예인과의 전속 모델 계약을 즉각 파기하지 않을 경우, 현지 모든 생산 시설을 압류하고 영구 영업 정지 처분을 내리겠다고 비밀리에 통보해 왔습니다. 앙카라의 고위 당국자들이 CNN 위성 중계로 해당 경기를 지켜보다 분통을 터뜨린 것으로 파악됩니다. 시리아, 이란, 이라크 영토에 걸쳐 새로 창국된 쿠르디스탄으로의 이탈을 희망하는 쿠르드 반군의 무장 투쟁이 이어지는 상황에서, 쿠르드 국가 제창은 튀르키예 정부 입장에서 절대로 용납할 수 없는 금기 사항입니다.

문제의 가수 하산은 튀르키예와 쿠르디스탄 양국 모두에서 입지가 뛰어난 스타로, 전속 계약 이후 현지 매출을 견인해 온 일등 공신이자 인품 역시 훌륭한 인물입니다. 그러나 앙카라의 극단적 이슬람주의 정권 관계자들의 눈에는 '정치적 불순 분자'로 낙인찍힌 상태이며, 이들과의 관계를 유지할 경우 무거운 대가를 치르게 하겠다고 압박하고 있습니다.

명백한 노골적 협박입니다. 놈들이 '국가의 적'이라 칭하는 해당 가수와의 신발 전속 계약을 공식 파기하고 관계를 정산하든가, 아니면 튀르키예 현지 자산을 몰수당하든가 택일하라는 요구입니다. 한편 놈들의 '요청'을 순순히 받아들일 경우, 튀르키예 내 신발 수출입과 관련해 파격적인 세제 혜택과 특혜를 주겠다는 달콤한 제안도 함께 던진 상태입니다.

안건: 정부의 제안에 응하여 홍보 계약을 파기하시겠습니까?",
event_tech1,"[_________*________] CORPORATION BLAMED BY BANKERS FOR UNLEASHING COMPUTER VIRUS THAT CAUSED BANKING COLLAPSE

(*  NAME WITHHELD BY ORDER OF OUR LEGAL DEPT.)

[NAME WITHHELD] Corporation, a major software company and the world's leading maker of ""anti-virus"" software, has been accused by [NAME WITHHELD] Bank of having written and purposefully set loose the devastating ""Armageddon"" virus.

""Armageddon"" is the powerful computer virus that last year caused unauthorized launchings of 3 U.S. nuclear missiles (targeted on the cities of Baghdad, Pyongyang, and Paris). It is a version of the same virus which more recently has brought the U.S., Mexican and Canadian economies to a complete standstill, by suddenly shutting down the entire banking industry in North America, after hopelessly garbling all banking records at several of the major international banks.

The banking system is still frozen, and banks have been reduced to using abacuses instead of computers, ever since a new strain of the Armageddon virus suddenly appeared one day last month and pounced upon thousands of banks' computer systems in one fell swoop.  The virus also caused ATMs (automatic teller machines) throughout North America to simultaneously disgorge all of their cash into the hands of anyone fortunate enough to be present to pick up the money, on the day of the virus attack.

_____________ Corporation made enormous profits by instantly coming up with an ""anti-virus"" to stamp out the initial outbreak of the Armageddon virus after last year's unpleasantness involving the former capitals of Iraq, North Korea and France. The company is alleged by bank officials to not only be the world leader in developing computer anti-viruses, but also of operating a major research facility that has been solely devoted to creating vicious computer viruses for a number of years--for which the company has then sold frightened users its anti-virus software as protection. [---------* ---------] Corporation has built its reputation as the world leader in anti-virus software by nearly always being the first in the industry to come up with a ""vaccine"" or cure for any major new computer virus that has appeared.

According to [-----*-----] Bank and officers of a competing software company, [--------*--------] Corporation maintains its secret and heavily-funded research complex, which is cleverly camouflaged as a swine processing facility, near Lahore, Pakistan, in a nation mainly noted in recent years for its exports of fearsome computer viruses.

A [----]bank officer being interviewed today on CNN swore vengeance against [NAME WITHHELD] Corporation, promising ""...massive, incalculable..."" lawsuits, and claiming that ""...We have been plunged back into the [EXPLETIVES DELETED] Stone Age thanks to these...bandits, this gang of extortionist nerds!""  He went on to describe the software company as ""...lepers -- a bunch of lousy, greedy, overpaid computer hackers... eunuchs with a god complex!....We're not going to take their [EQUINE SCATOLOGICAL EXPLETIVE DELETED] anymore!""

The CNN interview with the bank officer in question had to be abruptly terminated at that point, as a new and unknown computer virus suddenly shut down programming at all television networks in the Western Hemisphere.  The [----]bank officer subsequently had to be restrained by several TV station security personnel, after he began to foam at the mouth and chewed up two expensive oriental carpets. One of the security guards was later reported to be in satisfactory condition, after being treated for bites sustained on both ankles and tested negative for rabies.

A spokesperson for [NAME WITHHELD] Corporation dismissed the charges against his company as ""...Nonsense.  Sour grapes -- the kind of thing you'd expect from incompetent dinosaurs like the banks and a few jealous competitors in our industry.  Our competition is just upset and envious because we've already announced an anti-virus cure at 1:00 pm this afternoon for the Albanian Monkey Wrench computer virus that was responsible for shutting down all the TV networks this morning....""","[_________*________] 사, 은행권 붕괴 초래한 컴퓨터 바이러스 유포 혐의로 은행업계의 비난 받아

(* 법무팀 지시로 사명 비공개)

세계 최대 ""백신"" 소프트웨어 제조사이자 주요 소프트웨어 기업인 [사명 비공개]는 [은행명 비공개]로부터, 치명적인 ""아마겟돈"" 바이러스를 직접 제작해 고의로 유포했다는 혐의로 고발당했습니다.

""아마겟돈""은 지난해 미국의 핵미사일 3기 (바그다드, 평양, 파리 목표)를 무단 발사시킨 강력한 컴퓨터 바이러스로, 최근에는 이 바이러스의 변종이 북미 주요 국제은행 여러 곳의 은행 기록을 완전히 뒤엉키게 만들어 은행업계 전체를 갑자기 마비시킴으로써 미국·멕시코·캐나다 경제를 완전히 정지시켰습니다.

지난달 어느 날 아마겟돈 바이러스의 새로운 변종이 갑자기 나타나 순식간에 수천 개 은행의 컴퓨터 시스템을 덮친 이후, 은행 시스템은 여전히 마비된 상태이며 은행들은 컴퓨터 대신 주판을 사용하는 지경에 이르렀습니다. 이 바이러스는 또한 공격이 발생한 당일 북미 전역의 ATM이 동시에 현금을 모조리 토해내게 만들어, 운 좋게 그 자리에 있던 사람이라면 누구나 돈을 주울 수 있었습니다.

_____________사는 지난해 이라크, 북한, 프랑스의 옛 수도들이 관련된 대참사 이후 아마겟돈 바이러스의 초기 발생을 즉각 잡아낼 ""백신""을 개발해 막대한 이익을 거두었습니다. 은행 관계자들은 이 회사가 컴퓨터 백신 개발 세계 1위일 뿐 아니라, 수년간 오로지 악성 컴퓨터 바이러스 제작에만 매달려온 대형 연구시설을 운영하며 — 이렇게 만든 바이러스에 겁먹은 사용자들에게 자사의 백신 소프트웨어를 판매해왔다고 주장하고 있습니다. [---------* ---------]사는 새로운 주요 컴퓨터 바이러스가 등장할 때마다 업계에서 거의 항상 가장 먼저 ""백신""이나 치료법을 내놓으면서 세계 1위 백신 소프트웨어 기업이라는 명성을 쌓아왔습니다.

[-----*-----]은행 및 경쟁 소프트웨어 기업 임원들에 따르면, [--------*--------]사는 최근 몇 년간 무서운 컴퓨터 바이러스 수출국으로 주로 알려진 파키스탄 라호르 인근에, 양돈 가공시설로 교묘히 위장한 비밀 연구단지에 막대한 자금을 투입해 운영하고 있다고 합니다.

오늘 CNN 인터뷰에 응한 [----]은행의 한 임원은 [사명 비공개]사에 복수를 다짐하며 ""…막대한, 헤아릴 수 없는…"" 소송을 예고했고, ""…이 놈들…이 도적떼, 이 갈취범 컴퓨터 오타쿠 무리 때문에 우리는 다시 [욕설 삭제] 석기시대로 내던져졌습니다!""라고 주장했습니다. 그는 이어 이 소프트웨어 회사를 ""…문둥이들 — 형편없고 탐욕스럽고 과대평가된 컴퓨터 해커 무리…신 콤플렉스에 빠진 고자들!…이제 그들의 [동물 배설물 관련 욕설 삭제]는 더 이상 못 참습니다!""라고 묘사했습니다.

해당 은행 임원과의 CNN 인터뷰는 그 시점에서 갑작스럽게 중단되었는데, 새로운 정체불명의 컴퓨터 바이러스가 서반구 모든 TV 방송사의 방송 시스템을 일제히 마비시켰기 때문입니다. 이후 이 [----]은행 임원은 입에 거품을 물고 값비싼 동양풍 카펫 두 장을 물어뜯기 시작해 방송국 경비 요원 여러 명에게 제압당해야 했습니다. 경비원 한 명은 이후 양쪽 발목에 물린 상처 치료를 받았으며, 광견병 검사 결과 음성으로 확인되어 상태가 양호한 것으로 전해졌습니다.

[사명 비공개]사 대변인은 자사에 대한 혐의를 ""…말도 안 되는 소리입니다. 신포도 같은 소리, 즉 은행들처럼 무능한 공룡 기업이나 동종 업계의 무능한 경쟁사에게서나 나올 법한 이야기죠. 경쟁사들은 그저 오늘 오전 모든 TV 방송사를 마비시킨 알바니안 몽키렌치 컴퓨터 바이러스에 대해 저희가 오늘 오후 1시에 백신 치료법을 이미 발표한 것을 시기하고 질투하는 겁니다…""라며 일축했습니다.",
event_tech2,"SKEPTICAL SCIENTISTS DISMISS UFO CLAIMS AFTER LARGE TRIANGULAR CRAFT HOVERS OVER MANHATTAN ISLAND FOR SEVERAL HOURS

Thousands of awed, fascinated onlookers gathered in the streets of Manhattan yesterday in the shadow of a massive triangular object that hovered in the sky for almost three hours, approximately 200 feet above the offices of the Skeptical Inquirer magazine. Ironically, the publishers of the magazine have been among the most impassioned and strident critics of claims of UFO sightings by thousands of responsible observers over the last half century, including innumerable credible reports by police officers, firemen, government officials, teams of scientists, and by both commercial and military pilots.

The enormous triangular craft, with flashing colored lights on its underbelly that were visible throughout the event, remained stationary, making no sound for the entire time it was visible, as thousands looked on in hushed amazement, as they gathered in the shade, standing or sitting in a large triangular shadow cast by the object on this otherwise clear and sunny afternoon in New York City.

At approximately 2:30 pm, a brilliant beam of light shone down on the steps of the Skeptical Inquirer office building and after a few moments a small, grey creature suddenly appeared to materialize at the bottom of the shaft of light, which suddenly was turned off. The small being or creature then walked over and placed a wreath of flowers on the steps of the Skeptical Inquirer offices. Moments later, he or it appeared to slowly levitate from the ground up into a large round iris-like opening that had suddenly appeared in the bottom of the giant object, some 200 feet above.

Then, without further ado, the massive UFO zoomed off into a cloudless sky, silently, but at tremendous speed, totally disappearing from sight within one or two seconds.

UFO researchers who had rushed across town to witness this strange 3-hour visitation are convinced that it was clear, uncontestable proof of extra-terrestrial visitors, and wondered if the skeptics and debunkers, like the 19th century scientists who doubted the existence of meteorites, would now finally be convinced by the appearance of the alien spacecraft at the very doorstep of the skeptics' flagship magazine in New York City.

The UFO researchers noted that, after decades of dismissing reports of stones falling from the sky as mere superstition or the reports of liars or drunken observers, members of the respected French Academy of Sciences were finally forced to recant when, at midday on April 26, 1803, as if to mock the doubting scientists, a large shower of meteorites literally rained down on L'Aigle in Normandy, France. More than three thousand stones were gathered within days of the fall, and investigators from the French Academy of Sciences had to concede, after several days of study, that rocks do, indeed, fall from space.

However, it appears that the modern-day skeptics were not at all convinced by the amazing aerial display or by the demonstration of some kind of hitherto unknown technology that seemed similar to the ""transporters"" seen in Star Trek epics.

Maleficio Torquemada, an editor and Chief Inquisitor of the Skeptical Inquirer, at an impromptu press conference shortly after the craft departed, said he had carefully watched the entire event, and was not impressed.

Standing on the steps of the magazine's offices, holding the wreath of flowers that had been left by the visitor, he opined that ""It was clearly not any kind of vehicle from outer space, filled with little green men or exotic Moon Goddesses. Most likely it was swamp gas, ball lightning, or some kind of unusual cloud formation -- or perhaps just the planet Venus, although it is usually not visible in the middle of the day. Either that, or it was just a lost weather balloon, or one more elaborate hoax perpetrated by the publicity-seeking adherents of some weird UFO cult.... Harrumphhh....

""There's never been one shred of physical 'proof' of the existence of UFOs that can't be explained by science as natural phenomena,"" he concluded, contemptuously, as he tossed the wreath of flowers into a nearby garbage can.","거대 삼각형 물체, 맨해튼 상공서 수 시간 정지 비행 — 회의적인 과학자들은 UFO 주장 일축

어제 맨해튼 거리에는 하늘에 떠 있는 거대한 삼각형 물체를 구경하려는 수천 명의 인파가 몰려들었습니다. 이 물체는 ""의심하는 조사자"" 잡지사 사무실 약 200피트 상공에서 거의 세 시간 동안 미동도 없이 떠 있었습니다. 공교롭게도 이 잡지사는 지난 반세기 동안 경찰관, 소방관, 정부 관계자, 과학자 팀, 민간 및 군용 조종사 등 신뢰할 만한 수많은 목격자들의 UFO 목격 주장에 대해 가장 신랄하고 격렬한 비판을 쏟아내 온 곳으로 유명합니다.

번쩍이는 색색의 조명이 아랫면에 달린 이 거대한 삼각형 비행체는 나타난 내내 아무 소리도 내지 않고 정지 상태를 유지했습니다. 화창한 뉴욕의 오후, 물체가 드리운 거대한 삼각형 그림자 안에 모여선 수천 명의 사람들은 숨죽인 채 이 광경을 지켜봤습니다.

오후 2시 30분경, 의심하는 조사자 사옥 계단 위로 눈부신 빛줄기가 내리쬐었고, 잠시 후 광선이 갑자기 꺼지면서 그 자리에 작고 회색빛을 띤 생명체가 나타난 것처럼 보였습니다. 이 작은 존재는 걸어가 의심하는 조사자 사무실 계단에 꽃다발 화환을 내려놓았습니다. 잠시 후 그는 (혹은 그것은) 서서히 공중으로 떠올라, 약 200피트 위 거대한 물체 하단에 갑자기 나타난 조리개 모양의 커다란 원형 구멍 속으로 빨려 들어갔습니다.

그 후 이 거대한 UFO는 별다른 예고도 없이 구름 한 점 없는 하늘로 소리 없이, 그러나 엄청난 속도로 솟구쳐 올라 1 ~ 2초 만에 완전히 자취를 감췄습니다.

이 기이한 3시간짜리 방문을 목격하기 위해 시내 반대편에서 달려온 UFO 연구가들은 이번 사건이 외계 방문자의 명백하고 반박 불가능한 증거라고 확신했습니다. 이들은 운석의 존재를 의심했던 19세기 과학자들처럼, 이번에는 회의론자들의 본산인 뉴욕 잡지사 코앞에 외계 우주선이 나타났으니 회의론자와 반박론자들도 마침내 납득하게 될지 궁금해했습니다.

하늘에서 돌이 떨어진다는 보고를 수십 년간 미신이나 거짓말쟁이, 술 주정뱅이들의 헛소리로 치부해 오던 프랑스 학술원 회원들은 1803년 4월 26일 정오, 마치 회의적인 과학자들을 조롱하듯 프랑스 노르망디 래글에 대규모 운석우가 실제로 쏟아지자 결국 입장을 철회할 수밖에 없었다고 합니다. 낙하 후 며칠 만에 3천 개가 넘는 돌이 수거되었고, 프랑스 학술원 조사관들은 며칠간의 조사 끝에 하늘에서 실제로 돌이 떨어질 수 있다는 사실을 인정해야 했습니다.

하지만 현대의 회의론자들은 이 놀라운 공중 쇼나, 스타트렉의 ""트랜스포터""를 연상케 하는 미지의 기술 시연에도 전혀 마음이 흔들리지 않은 모양입니다.

의심하는 조사자의 편집장 겸 수석 심문관 말레피시오 토르케마다는 비행체가 떠난 직후 즉석 기자회견에서, 사건 전체를 주의 깊게 지켜봤지만 별다른 인상을 받지 못했다고 밝혔습니다.

잡지사 계단 위에서 방문자가 두고 간 꽃 화환을 든 채로 그는 이렇게 말했습니다. ""이건 작은 초록 인간이나 신비로운 달의 여신을 태운 외계 우주선 같은 게 절대 아닙니다. 아마도 늪지 가스나 구상 번개, 혹은 특이한 형태의 구름이었을 겁니다. 어쩌면 보통 대낮에는 볼 수 없는 금성이었을 수도 있고요. 그것도 아니면 길 잃은 기상 관측 기구였거나, 관심을 끌고 싶어 하는 어느 괴상한 UFO 광신도 집단이 벌인 또 하나의 정교한 사기극이었을 겁니다… 흠…""

그는 ""과학으로 설명되지 않는, 자연 현상이 아닌 UFO 존재의 물리적 '증거'는 단 하나도 나온 적이 없습니다""라고 경멸조로 결론을 내리며, 화환을 근처 쓰레기통에 던져 넣었습니다.",
event_tech3,"CONFLUENCE OF TECHNOLOGICAL TRENDS PROMISES NEW ERA OF PLENTY

Economists and investment analysts are increasingly coming to believe that the world is on the verge of a ""new era of plenty"" as a result of several technological trends which are coming together. The advent of nearly free data transmission, major breakthroughs in computing, including use of biological memory units and other methods of storing information at the molecular level, plus the development of laser and other light-based and wireless technologies on a wide front, replacing the old electronics, have all come together at once.

""The future is now,"" exclaimed one leading economist, at a recent global conference.  ""The kind of technologies we are developing today will usher in an age of almost unimaginable prosperity and improved living standards, as computers and computing power become so cheap as to nearly be free, and can be included in everything from pencils to hair clippers to simple tools like saws or hammers. The possibilities appear unlimited for the tech-related industries, and it seems clear now that the past cyclical ups and downs of these industries will no longer be a part of the economic landscape, due to the near-instantaneous flows of financial information and feedback.""","기술 트렌드의 융합, 새로운 풍요의 시대 예고

경제학자와 투자 분석가들 사이에서는 여러 기술 트렌드가 한데 융합되고 있다는 인식이 점점 확산되고 있습니다. 그 결과 세계는 ""새로운 풍요의 시대""의 직전에 도달해 있습니다. 거의 무료에 가까운 데이터 전송이 등장했습니다. 생체 메모리 소자를 비롯해 분자 단위로 정보를 저장하는 기술 등 컴퓨팅 분야의 비약적인 도약이 이루어졌습니다. 또한 기존 전자 기술을 대체하는 레이저 및 기타 광학·무선 기술도 전방위적으로 전개되고 있습니다. 이 모든 흐름이 지금 동시에 맞물리고 있습니다.

한 저명한 경제학자는 최근 국제 컨퍼런스에서 이렇게 외쳤습니다. ""미래가 눈앞에 현실로 다가왔습니다. 오늘날 우리가 개발하는 기술들은 상상하기도 힘든 수준의 번영의 시대를 열 것입니다. 컴퓨터와 컴퓨팅 성능이 거의 공짜나 다름없을 만큼 저렴해지면서 연필부터 이발기, 톱이나 망치 같은 기초적인 공구에 이르기까지 모든 것에 탑재될 것입니다. 기술 산업의 가능성은 무한할 것으로 예상됩니다. 금융 정보와 그에 따른 피드백이 거의 실시간으로 처리 되면서, 과거 이들 산업이 겪었던 주기적인 경기 변동은 새로운 경제적 지형에서 더 이상 찾아볼 수 없게 될 것임이 분명해 보입니다.""",
event_tech4,"SUBJECT:  EXCITING OPPORTUNITY IN NANOROBOTICS

Our Robotics and Automation Division, as you know, has been in the forefront of developing ever-smaller robots, and in recent months our R&D labs have successfully tested tiny, microscopically small ""nanorobots,"" which until lately had been a solution in search of a problem. However, a number of medical experts we have hired to look into possible medical applications have come up with some stunning suggestions, which could result in massive new markets (and for those of us execs with stock options, major financial benefits) for @CORPFULL.

The medical people have been saying for years that such tiny nanorobots, if they could be perfected, could be injected into humans to work at the cellular level, to do such things as repair artery walls, selectively attack and kill cancer cells, and clean away arterial plaque for patients with cholesterol problems. Until now, the problem has been cost, as manufacturing vast numbers of the tiny robots has been prohibitively expensive.

However, our R&D people, working with our new Medical Devices Division, have come up with a brilliant solution:  selfreplicating nanorobots that reproduce themselves, almost like living organisms, by scavenging all the iron and other materials they need from the patient's bloodstream and from wastes carried in the blood and lymph systems.

It is a fantastic breakthrough, likely to win some of our people a Nobel Prize, although there are some risks, since we have only done testing on mice so far, and since we have no experience in the medical area, other than relying on the medical experts we've hired away from several drug companies.

The government says it's too risky at this point to test on humans, but we have made a deal with Iran to test the new technology on several hundred prison volunteers in Tehran who have some degree of atherosclerosis.  The Iranian government has even offered us @AMOUNT. up front if we will license the nanorobotic technology to them.

DO WE PROCEED WITH THE IRAN DEAL AND TESTING?","제목: 나노로보틱스 분야 새 사업 기회 보고 건

아시다시피 우리 로봇·자동화 사업부는 초소형 로봇 개발의 선두를 달려왔으며, 최근 R&D 연구소에서는 그간 마땅한 활용처를 찾지 못했던 현미경 크기의 초소형 '나노로봇' 실증 테스트를 성공적으로 완료했습니다. 의료 분야 응용성을 검토하기 위해 영입한 전문가들은 매우 파격적인 제안을 내놓았는데, 이는 @CORPFULL의 대형 신시장 개척은 물론 스톡옵션을 보유한 임원진에게도 막대한 재정적 이익을 가져다줄 핵심 기회가 될 것입니다.

의료계에서는 이러한 초소형 나노로봇이 완성되어 인체에 투여될 경우 세포 단위에서 작동하여 손상된 혈관벽 복구, 암세포 선택적 사멸, 고콜레스테롤 환자의 혈관 내 플라크 제거 등 비약적인 치료가 가능할 것으로 오래전부터 기대해 왔습니다. 다만 지금까지는 해당 초소형 로봇을 대량 생산하는 데 수반되는 막대한 단가가 가장 큰 걸림돌이었습니다.

그러나 우리 R&D 팀은 신설 의료기기 사업부와의 협업을 통해 환자의 혈액 및 림프계 내 철분과 노폐물을 원료로 삼아 유기체처럼 스스로를 증식하는 '자가 복제형 나노로봇'이라는 혁신적인 모듈을 개발해 냈습니다.

비록 지금까지의 임상 테스트가 생쥐 실험에 국한되어 있고 외부에서 영입한 제약 전문가진 외에는 우리의 자체적인 의료 분야 경험이 부족해 일부 위험가 존재하나, 노벨상 수상까지 바라볼 수 있을 만큼 뛰어난 기술적 성과라 할 수 있습니다.

미국 정부는 현재 단계에서의 인체 임상시험을 불허했으나, 우리는 이란 정부와 협의를 거쳐 테헤란 내 동맥경화 증상을 보이는 수형자 수백 명을 대상으로 인체 임상시험을 진행하는 계약을 체결했습니다. 이란 측은 우리의 나노로봇 기술 라이선스 획득을 조건으로 선불금 @AMOUNT 를 제시한 상태입니다.

이란과의 거래와 테스트를 진행하시겠습니까?",
event_tech5,"SUBJECT:  FLAW IN OUR NEW ""JIGGER"" 512-TERABYTE CHIP

Engineering has found a minor (?) flaw in all of our ""Jigger"" terachips, which has potentially serious implications.  As you know, our chip is a key part of the navigation system of next month's planned Mars Explorer Mission, the joint NASA-ChineseJapanese manned flight to Mars. We don't know for sure, but this small design flaw could cripple the mission. This poses a difficult ethical choice for us. If we disclose the existence of the defect, which can't be corrected in time for the 'launch window,' we not only lose the huge amount NASA was going to pay us for the chip and zillions in favorable publicity we would get from its use in the Mars Explorer, but NASA would also have to scrub the entire mission until @YEAR. All of which would totally disgrace @CORPFULL.

On the other hand, if we keep our mouths shut, the mission may go ahead smoothly, and all might be well. Or, the flaw could prove to be critical, with unknown consequences....

QUESTION:  DO WE KEEP QUIET ABOUT THE FLAW IN ""JIGGER""?","제목: 우리의 새로운 ""지거"" 512테라바이트 칩의 결함

엔지니어링 부서에서 ""지거"" 테라칩에서 사소한 (?) 결함을 발견했으며, 이는 심각한 영향을 미칠 수 있는 것으로 드러났습니다. 아시다시피, 우리 칩은 다음 달로 예정된 미 항공우주국 (NASA)-중국-일본 합동 유인 화성 비행인 화성 탐사선 미션의 항법 시스템의 핵심 부분입니다. 이 결함은 미션 실패를 유발할 수 있는 중대한 위험 요인입니다. 발사 가능 기간 전까지 결함을 수정하는 것은 불가능하며, 결함 사실을 공개할 경우 우리는 수주 대금 손실과 @CORPFULL의 평판 실추를 피할 수 없고 NASA 역시 전체 탐사 일정을 @YEAR년까지 전면 연기해야 합니다.

반면 결함을 은폐하고 납품을 강행할 경우 탐사선이 정상 작동할 수도 있으나, 운항 중 항법 시스템의 치명적 오류로 인한 미션 실패 위험를 감수해야 합니다.

안건: ‘지거’의 결함을 숨기시겠습니까?",
event_tech6,"FROM:     TECH DEPARTMENT SUBJECT:  PLAYING HARDBALL WITH THE COMPETITION

Our competition in the @IND industry has been playing hardball with us lately. It is time to show them that hardball is a game two can play.

As you directed, we have assembled a crack team of hackers, several of whom were recently paroled and all of whom are under the age of 18, and completely lacking in any morals, ethics, or scruples. In other words, the perfect employees for our planned virus offensive, which will be code-named ""Operation Barbarossa.""

Our team of hackers has been shown the workings of our new ""Stacheldraht"" (German for ""barbed-wire"") Trojan Horse computer virus developed by our research labs, and are ready to begin spreading it on the Internet, to even the most secure installations. (Nothing, we believe, will be very ""secure"" from these gifted kids we have assembled.)

If all goes according to plan, the Stacheldraht virus will lie low until a predetermined date, at which time it will begin launching denial of service (""DOS"") attacks from the infected servers (called ""zombies"" by the tech types) against thousands of servers throughout the Net, which will overwhelm the attacked servers by sending them billions of packets of random data per minute. We have designed the virus so it will recognize the ""signature"" of, and not attack, any of the servers made by us, except to a very limited degree, and will not attack (at all) the servers made by several of our smaller, unimportant competitors, but the virus will not spare the servers made by our main competitors, which should become completely useless.

This should cover our tracks, and while the virus will mount minor, non-disabling attacks on the servers we make, ours will stand out as the only servers made by a major company that are still up and running, once the Stacheldraht begins its work. Any fingers will be pointed in the direction of our smaller competitors, whose machines will be completely free of any attacks by the virus, making them look suspicious, not us.

Once the word gets around that our machines are somehow able to avoid getting shut down by the virus, we can expect a flood of orders, as frustrated website hosts and operators find their existing servers, made by our major competitors, are continually being reinfected by the virus, and unable to function. (Our kids will be working around the clock from the site we have set up for them in Jamaica, to keep the virus going, by constantly releasing ""mutated"" strains of it every few days). Since the DOS attacks on our own servers will fall just short of levels that would bring them down, many operators will probably order more capacity from us, as well, to increase their margin of safety, so this virus offensive should benefit us in a number of ways, besides decimating our main competition.

(Assuming no one is able to trace the virus back to us....)

All that is needed now is your order to proceed with Operation Barbarossa.

DO WE PROCEED WITH INTRODUCING THE ""STACHELDRAHT"" VIRUS?","발신: 기술부
제목: 경쟁사 대응 강경책 추진의 건

최근 @IND 업계 내 경쟁사들의 견제 수위가 선을 넘어서고 있습니다. 이제 맞불 작전이 무엇인지 본때를 보여줄 시점입니다.

지시하신 바와 같이 최근 가석방된 인원을 비롯해 윤리의식과 양심이 철저히 결여된 18세 미만 정예 해커 전담반을 구성했습니다. 기획 중인 바이러스 사이버 공작 (작전명 '바르바로사')을 수행할 최적의 인력 자원입니다.

해커 팀은 저희 연구소에서 개발한 신종 트로이 목마 '슈타헬드라트 (Stacheldraht, 독일어로 가시철망)'의 메커니즘 숙지를 마쳤으며, 보안망이 견고한 주요 기반 시설을 표적으로 인터넷 유포 개시를 앞두고 있습니다. (이번에 선발한 영재 해커들의 기량 앞에서는 그 어떤 보안 시스템도 무용지물이 될 것입니다.)

모든 작업이 계획대로 차질 없이 진행된다면, 슈타헬드라트 바이러스는 설정된 D-Day 까지 잠복기를 거친 후 감염된 서버 (소위 '좀비 PC')들을 동원해 전 세계 수천 대의 서버를 표적으로 DDOS 공격을 일제히 개시하게 됩니다. 분당 수십억 건의 무작위 데이터 패킷을 퍼부어 타깃 서버를 순식간에 마비시키는 방식입니다. 저희 제품의 경우, 바이러스가 저희 제품들의 고유한 '시그니처'를 식별해 의심을 피할 정도의 최소한의 공격을 제외하고는 주요 공격 대상에서 제외하도록 설계되었습니다. 또한 업계 내 비중이 낮은 소규모 업체들의 서버 역시 전혀 타격을 받지 않는 반면, 저희의 주력 경쟁사들의 서버는 집중 포격을 받아 완전히 불능 상태에 빠지게 됩니다.

이러한 교란 작전은 경쟁사의 추적을 완벽히 차단해 줄 겁니다. 저희 서버에는 다운되지 않을 정도의 형식적인 공격만 가해지므로, 바이러스가 본격 작동하면 주요 대기업 중 오직 회사의 장비만이 정상 작동하는 뛰어난 상황이 연출될 것입니다. 반면 공격을 전혀 받지 않아 자연스럽게 의심을 사게 될 소규모 경쟁사 쪽으로 모든 시선과 혐의가 쏠리게 될 것입니다.

우리의 제품만이 바이러스로 인한 셧다운을 회피할 수 있다는 소문이 시장에 돌기 시작하면 새 주문이 폭발적으로 몰려들 것으로 기대됩니다. 경쟁사 제품을 사용하는 웹사이트 운영자들은 계속되는 재감염으로 서버가 먹통이 되면서 실시간으로 정신을 놓게 될 겁니다. (전담 해커진은 자메이카 현지 거점에 상주하며 며칠 간격으로 변종 웜을 계속 뿌려대며 바이러스의 화력을 유지할 예정입니다). 저희 서버에 가해지는 DDOS 공격은 일정 미만으로 제어되므로, 고객사들은 안전 마진 확보를 위해서라도 저희 라인을 추가로 증설하려 들 것입니다. 즉, 경쟁사 괴멸은 물론 다방면에서 막대한 반사이익을 거둘 수 있는 공작입니다.

(물론 바이러스의 출처가 추적당하지 않는다는 전제 하에 말입니다…)

이제 '바르바로사 작전' 최종 승인 및 개시 명령만을 기다리고 있습니다.

""슈타헬드라트"" 바이러스를 사용하시겠습니까?",
event_tech7,"NUMEROUS HIT AND RUN ACCIDENTS, FIRES BLAMED ON VIOLENT NEW COMPUTER GAMES, ""URBAN HUNTER"" AND ""FIREMAN""; POLICE SEIZE ALL COPIES OF THE PROGRAMS, BANNING ANY FURTHER SALES OF THE TWO BEST-SELLERS BY @CORPFULL

@CORPFULL, whose @FACTGames Division is one of the largest and most profitable marketers of computer games, the industry leader in producing the most violent and disturbing games on the market, has been forced to halt all sales and production of its latest stomach-turning release, ""Urban Hunter,"" and its equally disturbing ""Fireman"" game program.

The government has banned any further sales of the two wildly popular game programs, in the wake of a string of hit-andrun auto accidents and hundreds of serious cases of arson throughout the nation, with most such hit-and-run and arson cases believed to have been committed deliberately by young children

Government officials have asserted that recent exponential increases in hit-and-run pedestrian run-downs and arson fires began shortly after the company began selling the two highly controversial computer game programs in vast numbers.

""Urban Hunter"" is a sickeningly realistic simulation in which players are at the wheel of a heavily armored ""DeathMobile,"" which they drive at high speed through crowded streets, trying to run over any pedestrians who are not quick enough to escape to safety. The game awards extra points to the driver for running down certain ""special prey"" targets, such as the elderly, people in wheelchairs, pregnant women, Boy Scouts, ministers, priests, nuns, rabbis, small children, or women pushing baby carriages. While targeted to children too young to drive, in the 6 to 12 age group, the game has apparently inspired many hundreds of such young children to steal their parents' automobiles and to go out ""urban hunting"" for pedestrians in the real world.

Similarly, authorities allege that the outbreak of thousands of arson fires, which have stretched the nation's fire-fighting resources to the limit, can be attributed to the popularity of the ""Fireman"" computer game, in which the ""hero"" is a pyromaniac, whose goal it is to set as many buildings as possible afire, to accumulate points.

In ""Fireman,"" the ""hero"" tries to slip past security to set fire to public buildings, churches, synagogues, mosques, and for maximum points, the Capitol Building or the White House in the U.S. edition, or, in the British Isles version, the Houses of Parliament or #10 Downing Street. In the Spanish and Italian versions, the maximum score can be attained by torching the Vatican.

If caught, the ""hero"" is penalized by being sent to a psychiatric prison for electroshock treatment, and upon release, being severely brain-damaged (as the plot goes) must start at the bottom, burning his way up the ladder again, starting with shacks, barns, automobiles, sleeping winos, and homes, before eventually working his way up to office buildings, crowded theatres, sports stadiums, places of worship, police headquarters, etc.

The game's ""HELP"" files even include a detailed tutorial on how to make time-delayed incendiary devices.

With much of the country in flames, and with pedestrians now afraid to cross streets when even a single car is visible, the effects of the two computer games have been catastrophic, and criminal and civil charges have been filed against both the company and the executives of @CORPFULL, by the government of @COUNTRY.

A spokeswoman from the company's public relations firm told the media in a press conference that ""There is no proof whatsoever that our client's computer games have caused any of the current wave of youthful pranks in the U.S. or Europe. These are simply harmless games for children, and it is absurd to think that spending 40 to 50 hours a week playing either game has any effect on the kids' behavior or mental states. If they weren't busy playing our games, they might be out in public, getting in trouble.""

On Wall Street, analysts have sharply lowered their @YEAR earnings estimates for @CORPFULL.","잇따른 뺑소니와 방화 사건의 주범으로 지목된 폭력적 신작 게임 '어반 헌터'와 '파이어맨'… 경찰, @CORPFULL 베스트셀러 2종 전량 압수 및 판매 금지

잔혹하고 충격적인 게임들을 쏟아내며 업계 선두를 달려온 @CORPFULL의 @FACTGames 사업부가, 최근 출시한 역겨운 신작 게임인 '어반 헌터'와 그에 못지않게 유해한 '파이어맨' 게임의 생산 및 판매를 전면 중단당했습니다.

전국적으로 뺑소니 교통사고와 수백 건의 대형 방화 사건이 연쇄적으로 발생하고, 이들 범행 다수가 어린아이들의 계획적인 소행으로 드러나자, 정부 당국이 선풍적인 인기를 끌던 해당 게임 2종에 대해 판매 금지 처분을 내리고 제품을 전량 압류한 것입니다.

정부 당국자들은 최근 뺑소니 보행자 참사와 방화 사건이 기하급수적으로 급증한 원인이, 대대적인 논란을 일으킨 문제의 컴퓨터 게임 2종을 회사가 대량으로 유통하기 시작한 시점과 일치한다고 주장했습니다.

'어반 헌터'는 이용자가 중장갑 차량인 '데스모빌'을 몰고 붐비는 도로를 광란으로 질주하며 미처 피하지 못한 보행자들을 치어 죽이는 엽기적인 실사 시뮬레이션 게임입니다. 특히 노약자, 휠체어 이용자, 임산부, 보이스카우트, 목사·신부·수녀·라비 등 성직자, 어린아이, 유모차를 미는 여성 등 특정 '특별 사냥감'을 치어 죽일 경우 가산점을 부여하는 구조로 설계되어 있습니다. 운전 연령에 미달하는 6세에서 12세 사이의 아동층을 겨냥해 출시되었으나, 실제 수백 명에 달하는 어린아이들이 부모의 차량을 몰래 도난시켜 현실에서 보행자들을 상대로 '어반 헌팅'을 벌이도록 부추기는 결과를 초래했습니다.

마찬가지로 당국은 전국 소방 인력과 자원을 마비 상태로 몰아넣은 수천 건의 대형 연쇄 방화 사건 역시 '파이어맨' 게임의 인기에 따른 영향이라고 지적하고 있습니다. 해당 게임은 방화광을 '주인공'으로 설정하여, 더 많은 건물에 불을 지르고 점수를 획득하도록 유도하는 방식을 취하고 있습니다.

'파이어맨'의 '주인공'은 경비망을 뚫고 침투해 공공기관, 교회, 유대교 회당, 이슬람 사원에 방화를 저지르며, 최고 점수를 얻기 위해 미국판에서는 국회의사당이나 백악관을, 영국판에서는 국회의사당이나 다우닝가 10번지 총리 관저를 표적으로 삼습니다. 스페인 및 이탈리아판에서는 바티칸 성당에 불을 지를 때 최고 득점을 기록할 수 있습니다.

붙잡힐 경우 '주인공'은 정신 교도소로 이송되어 전기 격리 치료를 받는 처벌을 받게 됩니다. 설정상 퇴원 후 중증 뇌 손상을 입은 상태에서 다시 바닥부터 시작해야 하는데, 판잣집, 헛간, 차량, 길거리에서 잠든 노숙자, 일반 주택에 불을 지르는 것부터 시작해 최종적으로는 상가 빌딩, 인파로 붐비는 극장, 경기장, 종교 시설, 경찰청 등으로 대상을 확대해 나가게 됩니다.

심지어 게임 내 '도움말' 파일에는 시한 발화 장치 제작법까지 상세히 수록되어 있었습니다.

전국 각지가 화염에 휩싸이고 자동차 한 대만 지나가도 보행자가 길을 건너지 못할 정도로 두 게임이 초래한 파장은 실로 파국적이었습니다. 이에 @COUNTRY 정부는 @CORPFULL 법인과 경영진을 상대로 형사 고발 및 민사 소송을 동시에 제기했습니다.

당사 대외 홍보 대행사 대변인은 기자회견을 통해 ""본 기업의 컴퓨터 게임이 미국과 유럽에서 발생한 일련의 청소년 불상사를 유발했다는 증거는 어디에도 없다. 이는 단순한 아동용 무해한 게임일 뿐이며, 주당 40 ~ 50시간 동안 게임을 즐기는 것이 아이들의 행동이나 정신 상태에 영향을 미친다고 보는 것은 어불성설이다. 오히려 아이들이 게임에 몰두하지 않았다면 거리로 나와 더 큰 사고를 치고 다녔을 것""이라며 무책임한 해명을 내놓았습니다.

한편 월가 증권가 분석가들은 @CORPFULL의 @YEAR년 실적 전망치를 일제히 대폭 하향 조정했습니다.",
event_tech8,"CASUALTIES IN THE TENS OF THOUSANDS IN CALIFORNIA AS AUTONOMOUS KILLER ROBOTS ESCAPE TEST FACILITY AND RUN AMUCK--MARINES STILL HUNTING DOWN THE LAST FEW AUTOBOTS

A ""black"" military program, the development of autonomous killer robots at a test facility near Lompoc, California, has turned into a bloodbath, with catastropic military and civilian casualties, so far estimated at over 145,000, with at least 84,000 confirmed fatalities.

Authorities say that they believe all but a few of the clever and elusive machines have now been destroyed by the combined efforts of an entire U.S. Marine division and the Army's 82nd Airborne division, which are now attempting to hunt down and disable the last few robots. The two elite military units both sustained heavy casualties in bloody firefights, as they struggled to eradicate the killer robots in a desperate effort to prevent the machines, made by @CORPFULL, from reaching Los Angeles.

Under a highly secretive development program, the company had proceeded, without formal government approval or funding, to develop some 200 or more of the T-4 robots, hoping to be able to sell them to the military if they proved effective. They were; lethally so.

The robots are powered by nuclear batteries, which can keep the machines running for years, and their armaments include two .50 caliber machine guns and a 20mm cannon, as well as two ""arms"" with razor sharp machete-sized knives that enable the machines to continue killing long after they run out of ammunition. The ""4-legged"" machines, each weighing over 800 pounds, are able to operate over extremely rugged terrain, in swamps, or even under water, and they are highly ""intelligent,"" able to detect humans and all kinds of vehicles and efficiently destroy them.

According to company officials, the robots can be turned ""on"" remotely, but have no ""off"" switch. They were programmed to function only while located inside the borders of Syria, and once turned on they were designed to kill everyone in sight. Unfortunately, it appears that Russian or Chinese hackers were able to hack into the robots, wirelessly reprogramming their geographic ""kill zone"" to be Southern California instead of Syria. The hackers then activated the ""on"" switch, and the slaughter began as the robots quickly dispatched everyone at the test facility and began their southward march towards Los Angeles.

Like a scythe cutting through a wheat field, the bots completely destroyed the Air Force rocket launching facility at Lompoc, California, leaving no survivors, and moved south towards Ventura and Oxnard, killing everyone in their path, before the Marines and 82nd Airborne halted their advance in the suburbs of Santa Barbara, while the civilian population of the city was evacuated. Once the remaining 6 or 7 robots ran out of ammunition, utilizing their artificial intelligence, they went into a stealth mode, where they hide by day and make sneak attacks on humans by night, using their long knives. Truly machines from hell.

Unconfirmed reports indicate that one or more of the surviving hunter-killers have been spotted along the coastline as far south as a half mile from Oxnard, but the machines reportedly submerged out of site in the surf before troops from the 82nd Airborne could be summoned.

In Wall Street trading, the shares of the manufacturer of the robots, @CORPFULL, plunged.

Interviewed on CNBC, the company's CEO opined that, ""The T-4 is a marvelous weapon, one of the most lethal things we've ever developed, but we just didn't think it could be hacked by anyone. We were wrong, and we truly apologize for the carnage. It's tragic what is happening to our stock....""","캘리포니아 자율 살상 로봇 시험 시설 탈출 후 무차별 난동… 수만 명 사상, 해병대 잔여 기체 추적 중

캘리포니아주 롬복 인근 시험 시설에서 추진되던 기밀 군사 프로젝트인 '자율 살상 로봇 개발 사업'이 참혹한 유혈 사태로 얼룩졌습니다. 현재까지 집계된 군인 및 민간인 피해 규모는 사망자 최소 8만 4천 명을 포함해 총 사상자가 14만 5천 명을 넘어선 것으로 추정됩니다.

당국은 미 해병 사단과 육군 제 82 공수사단의 합동 작전을 통해 살육 병기 대부분을 파괴했으며, 현재 잔여 기체를 추적·무력화하는 데 총력을 기울이고 있다고 밝혔습니다. 두 부대는 @CORPFULL사가 제조한 살상 로봇의 로스앤젤레스 도심 진입을 저지하기 위해 필사적인 격전을 벌이는 과정에서 막대한 인명 피해를 입었습니다.

해당 업체는 정식 정부 승인이나 예산 지원도 없이 극비리 개발을 강행하여 200여 대의 'T-4' 로봇을 제작한 뒤, 성능이 입증되면 군에 납품할 계획이었던 것으로 드러났습니다. 그리고 그 성능은 그야말로 치명적인 수준으로 입증되고 말았습니다.

문제의 살상 로봇들은 수년간 연속 가동이 가능한 원자력 배터리를 동력원으로 삼고 있습니다. 주무장으로는 50구경 중기관총 2문과 20mm 기관포 1문을 탑재했으며, 탄약이 완전히 소모된 후에도 살상을 지속할 수 있도록 날카로운 마체테 크기의 날이 장착된 '작업용 팔' 2개를 갖추었습니다. 중량이 약 360kg에 가까운 이 '4족 보행' 기체들은 극히 험준한 산악지대나 늪지, 심지어 수중에서도 작전 수행이 가능합니다. 여기에 고성능 AI 인공지능이 탑재되어 보병과 각종 차륜·궤도 차량을 자동으로 포착, 무차별 격멸하는 가공할 성능을 지녔습니다.

사측 관계자에 따르면 해당 기체들은 가동만 가능할 뿐 정지 스위치 자체가 존재하지 않는 구조입니다. 당초 시리아 국경 내부에서만 작전을 수행하며 시야에 포착되는 모든 대상을 사살하도록 프로그래밍되어 있었으나 러시아 또는 중국 측 해커 집단이 무선 네트워크로 기체에 침투, 지정된 '살상 구역'을 시리아에서 남캘리포니아 일대로 수정하는 사태가 벌어졌습니다. 해커들이 원격으로 가동 스위치를 켜자마자 로봇들은 시험 시설 내 연구진을 순식간에 몰살하고 로스앤젤레스를 향해 남진을 시작했습니다.

밀밭을 베어 나가는 낫처럼, 로봇 부대는 캘리포니아주 롬폭 소재 공군 로켓 발사 기지를 완전히 초토화해 생존자를 단 한 명도 남기지 않았습니다. 이어 경로상의 민간인을 무차별 학살하며 벤투라와 옥스나드 방향으로 남하했습니다. 시 주민들이 피난길에 오른 사이 산타 바바라 외곽 방어선에서 미 해병대와 82 공수사단이 배수진을 치고 로봇의 진격을 가까스로 저지했습니다. 잔여 기체 6 ~ 7대는 탄약이 떨어지자 AI 알고리즘을 가동해 스텔스 모드로 전환했습니다. 현재 이들은 낮에는 은신하고 밤마다 장검을 휘두르며 민간인과 군경을 기습하는 지옥에서 온 살상 병기 그 자체의 모습을 보여주고 있습니다.

생존한 살상 로봇 (헌터 킬러) 중 일부가 옥스나드 남쪽 약 800m 부근의 해안가 일대에서 목격되었다는 미확인 제보가 접수되었습니다. 그러나 기체들은 제82공수사단 증원 부대가 현장에 도달하기 전 밀려드는 파도 속으로 수중 은신하여 자취를 감춘 것으로 알려졌습니다.

한편, 월가 장중 거래에서 해당 살상 로봇의 제조사인 @CORPFULL의 주가는 폭락세를 면치 못했습니다.

CNBC 방송과의 인터뷰에서 사측 CEO는 ""T-4는 당사가 개발한 가장 강력하고 치명적인 무기 중 하나지만, 외부 해킹 가능성을 전혀 예견하지 못했습니다. 당사의 판단 착오였음을 인정하며 이번 유혈 사태에 대해 깊이 사과드립니다. 무엇보다 저희의 주가가 이 지경에 이른 것이 참으로 비극적입니다…""라는 의견을 밝혔습니다.",
event_tech9,"@CORPFULL CLOSES DOWN CONTROVERSIAL ONLINE AUCTION SITE, WHICH SOLD @MISC ON THE NET

One of the first Internet auction firms to begin aggressively selling @FACT to willing buyers via the Internet was the bold, pioneering company, @CORPFULL.

However, it apparently was an idea whose time had come, as several dozen similar sites sprang up at nearly the same time in places as diverse as Beirut, Calcutta, Shanghai, Mombasa, Tehran, Kiev, and Lima -- wherever life is cheap, and the poor are numerous.  Despite a promising start, within a few months the @CORPFULL auction site had so many @LOSS low-cost imitators around the globe that its profit margins soon shrank to zero, and since then the operation has been spewing red ink by the barrel, until today's announcement by the company that it is terminating the service and closing down the @FACT auction website.

Company spokesman and spin doctor Elbert Gantry explained the company's decision this way:

""Once again, we were the leader, pioneering another great and much-needed service on the Internet, but our period of market leadership has passed, since many of our competitors are obviously willing to operate at razor-thin profit margins, or no profit at all, and have lower acquisition costs than we do, as they are closer to the supply sources. Thus, it is time for @CORPFULL to move on to another venue.

""We will soon be opening a web site, based in Khartoum, in the Sudan, that will auction off slaves throughout North Africa and the Middle East. This is another huge market, currently underserved, and this time we are locating at the very heart of the supply area, with a highly scalable business strategy, so no one will be able to match our cost structure. This is a company on the go, and we are big enough to write off our mistakes and move on.

""Watch us grow!""","@CORPFULL, 인터넷에서 @MISC 판매로 논란을 빚은 온라인 경매 사이트 폐쇄

인터넷 기반으로 @FACT 품목의 대담한 경매 사업을 선도적으로 추진했던 @CORPFULL이 해당 서비스를 공식 종료했습니다.

베이루트, 콜카타, 상하이, 몸바사, 테헤란, 키이우, 리마 등 저임금 노동력과 빈곤층이 집중된 지역을 중심으로 수십 개의 유사 경매 사이트가 난립하면서 시장 경쟁이 과열되었습니다. 회사는 사업 초기 시장 선점에도 불구하고 @LOSS저가 경쟁사들의 대거 유입으로 수익률이 급감하였으며, 적자 폭이 누적됨에 따라 결국 @FACT 경매 플랫폼 사업 철수를 결정했습니다.

회사의 대변인 엘버트 갠트리는 이 사업 철수 및 향후 전략에 대해 다음과 같이 밝혔습니다.

""우리는 웹 기반 새 시장 개척자의 역할을 성공적으로 수행했으나, 공급망 인접 지역을 거점으로 한 후발 주자들의 치열한 단가 파괴 경쟁으로 인해 기존 시장의 수익성이 악화되었습니다. 이에 따라 우리는 새 고수익 사업 분야로 자원을 집중하고자 합니다.

회사는 수단 카르툼에 새 거점을 확보하고, 북아프리카 및 중동 전역을 아우르는 노예 경매 플랫폼 서비스를 조만간 새로 열 예정입니다. 이 시장은 아직 제대로 공급되지 않는 거대한 시장으로, 공급원 중심의 직접 입찰을 통한 뛰어난 원가 경쟁력과 확장성을 확보했습니다. @CORPFULL은 기존 사업의 손실을 털어내고 지속 성장을 도모할 것입니다.""

""우리의 성장을 지켜보십시오!""",
event_telecom1,"IT'S OFFICIAL -- COURT CASE HOLDS THAT CELL PHONES CAUSE CANCER AND ALZHEIMER'S DISEASE

@CORP, a telecommunications company and cell phone maker, has been hit by a whopping damage award in a jury trial which held that the frequent use of cell phones can cause cancer and Alzheimer's Disease. According to several expert witnesses, recent research studies of heavy cell phone users have shown that frequent use of the devices, and the intense microwave radiation emitted in close proximity to the brains of the users, tends to break down the ""bloodbrain"" barrier, enabling various toxins, viruses, and other undesirable substances or pathogens to get past the barrier and into the brain, leading to early cases of Alzheimer's Disease and other brain dysfunctions.

Some teenage heavy users were said to be likely to develop symptoms of senile dementia as early as age thirty, according to estimates of some experts, based on the amount of brain damage resulting from several hours a day of walking around with cell phones glued to their ears, as many teens are apt to do, with many teens already beginning to resemble the ""walking dead,"" according to some observers. Even more dangerous, researchers said, was the growing trend towards using hands-free ""ear buds"" for phone use or to listen to music from the phones. The ""buds"" in each ear communicate with each other by sending microwaves directly back and forth through the user's brain, rapidly damaging brain cells.

Damages in this case, which may bankrupt the defendant, were determined to be @TEXTSTRING","휴대폰 사용이 암과 알츠하이머를 유발한다는 법원 판결 확정

통신사 겸 휴대폰 제조사인 @CORP이/가 휴대폰의 잦은 사용이 암과 알츠하이머병을 유발할 수 있다는 배심원 평결에 따라 엄청난 규모의 손해배상 판결을 받았습니다. 여러 전문가 증언에 따르면, 과도한 휴대폰 사용자들을 대상으로 한 최근 연구에서 기기 사용 빈도가 높고 사용자의 뇌 근처에서 방출되는 강한 마이크로파 전자파가 ""혈액-뇌 장벽""이 무너지는 경향이 나타났습니다. 이로 인해 다양한 독소, 바이러스 및 기타 유해 물질 및 병원체가 장벽을 통과해 뇌에 침투하며, 그 결과 알츠하이머병 초기 증상 및 기타 뇌 기능 장애를 유발하는 것으로 나타났습니다.

일부 전문가들의 추산에 따르면, 하루에도 몇 시간씩 휴대폰을 귀에 달고 살다시피 하며 돌아다니는 청소년들은 이미 서른 살 전부터 노년기 치매 증상을 보일 가능성이 높다고 합니다. 일부 관찰자들에 따르면 청소년들이 이미 ""좀비화"" 되고 있다고 전했습니다. 더욱 위험한 것은, 연구원들이 지적했듯이, 휴대폰 사용이나 음악 감상을 위해 무선 ""이어버드""를 사용하는 추세가 증가하고 있다는 점입니다. 양쪽 귀의 ""이어버드""는 사용자의 뇌를 관통해 마이크로파를 서로 교신하며 뇌 세포를 빠르게 손상시키고 있다고 전합니다.

피고 기업을 파산으로 몰고 갈 수도 있는 이번 사건의 배상액은 @TEXTSTRING으로 결정되었습니다.",
event_telecom2,"SUBJECT: INSTALLATION OF NEW NATIONAL PHONE SYSTEM IN @LOSS BY @CORPFULL

We are one of the three ""finalists"" in the competition to install a new telephone/telecommunications system in @FACT and thereby bring the country into the modern era of communications technology.

Unfortunately, we are now being faced with the usual overseas problem:  the @FACT Communications Ministry officials tell us they favor our bid, but that we won't get the contract unless we pay them $15 million in bribes. This puts us on the spot, because any such payments would violate our own country's foreign corrupt practices law, as well as the laws of @FACT.

On the other hand, if we get the contract, we can expect to make about @AMOUNT million installing and operating their phone system for them in @FACT.

QUESTION:  DO WE PAY THE BRIBE DEMANDED BY THE @LOSS COMMUNICATIONS MINISTRY OFFICIALS?  [ Y / N ]","제목: @LOSS 국영 통신망 구축 사업 입찰 및 @CORPFULL의 해외 관료 뇌물 요구 대응 건

우리는 @FACT의 국영 전화 및 통신망 현대화 사업 수주를 위한 최종 3개 후보사 중 하나로 선정되었습니다.

그러나 @FACT 통신부 고위 관료들이 우리의 제안서를 선호함에도 불구하고, 최종 계약 체결 조건으로 1,500만 달러의 뇌물 공여를 요구하고 있습니다. 이러한 금품 제공은 @FACT 현지 법률은 물론, 본국의 해외부패방지법을 정면으로 위반하는 불법 행위입니다.

반면, 이 계약을 최종 수주할 경우 통신 시스템 구축 및 장기 운영권을 확보하여 약 @AMOUNT백만 달러 규모의 막대한 영업이익을 실현할 수 있을 것으로 전망됩니다.

안건: 우리는 @LOSS 관리들이 요구하는 뇌물을 지불해야 할까요? [ Y / N ]",
event_telecom3,"@CORPFULL FOUND GUILTY OF BRIBING GOVERNMENT OFFICIALS TO WIN TELEPHONE CONTRACT IN @LOSS

@CORPFULL, which recently won a lucrative government contract from the government of @FACT, to revamp and operate the country's telephone and telecommunications system, pleaded guilty in criminal court yesterday to charges of violating the foreign corrupt practices law, by bribing @FACT government officials to win the telephone system contract. Penalties include substantial fines, imposed by the authorities of both @FACT and @COUNTRY.

In a related development, news of the bribery scandal was on the front page of most major newspapers in @FACT today, and the government of @FACT announced that it is confiscating all @CORPFULL property in the country.

The @MISC embassy in @FACT reports that several key executives of the company who were in @FACT today have been detained by @FACT security police, and there are some unconfirmed reports that the executives in question have been taken into the jungle and liquidated by a security police death squad.

A spokesman for the @FACT government declined to comment on the rumored executions, other than to state that ""We know how to deal with foreign bandits in this country, corporate or otherwise....  We don't need no stinkin' white collar criminals....""","@CORPFULL, @LOSS 통신망 수주 관련 불법 뇌물공여 유죄 인정… 현지 자산 몰수 및 임원진 체포 논란

@FACT 정부의 국영 통신망 개편 사업을 수주했던 @CORPFULL이 수주 과정에서 현지 관료들에게 뇌물을 제공한 혐의를 인정하며 해외부패방지법 위반으로 유죄 판결을 받았습니다. 이에 따라 @COUNTRY 및 @FACT 사법 당국으로부터 막대한 규모의 벌금이 부과되었습니다.

스캔들이 폭로되자 @FACT 정부는 즉시 회사가 현지에 보유한 모든 사업 자산과 시설을 몰수 조치한다고 공식 발표했습니다.

아울러 @FACT 주재 @MISC 대사관은 현지에 있던 회사의 주요 임원진이 @FACT 보안 경찰에 구금된 후 비공식적으로 정글에 끌려가 즉결 처형되었다는 정황이 제기되어 논란이 커지고 있습니다.

@FACT 정부 대변인은 처형에 관한 공식 논평을 거부한 채 ""우리는 화이트칼라 범죄자를 포함한 외국의 약탈자들을 처리하는 방법을 알고 있다""는 입장을 밝혀 중동·아프리카 등 해외 사업 전반에 치명적 위기가 고조되고 있습니다.",
event_war1,"LONDON FINANCIAL DISTRICT DECIMATED BY NERVE GAS AND POWERFUL EXPLOSIONS IN THE UNDERGROUND

Teams of police and military personnel, dressed in anticontamination ""spacesuits,"" picked through the wreckage of downtown London yesterday, looking for clues, in the wake of the greatest catastrophe in that venerable city's history. Unknown terrorists are believed to have set off the series of massive explosions at rush hour Monday afternoon, which completely devastated several main London subway tunnels and stations. The blasts were apparently timed to coincide with the release of deadly toxic nerve gas at numerous key points throughout the downtown areas of the subway system.

The death toll is estimated to be in the thousands, with many tens of thousands more, including many who were above ground, seriously injured. Many of the victims were among the elite of the London business and financial community, which has now been virtually eliminated by this unprecedented act of mass terrorism.

Several groups have already claimed responsibility for the massacre, including two radical IRA splinter groups, a Syrian-sponsored terrorist organization called British Jihad, and several Christian, Muslim, and Hindu sects and other assorted Druidic or secular cults.

The London Stock Exchange, which had just closed shortly before the incident, is not expected to re-open for several months, and experts expect most local shares to open at a fraction of their last price when trading does eventually resume. Global stock markets, in New York, Tokyo, Paris and elsewhere briefly dropped sharply in sympathy with the catastrophic turn of events yesterday in London, before quickly recovering.

In Washington, Senator-for-Life Farquhar Q. Bluster opined that ""...That sort of thing could never happen here....""","런던 금융가, 지하철 신경가스 살포 및 강력 폭발로 괴멸

오염 방지용 ""우주복""을 착용한 경찰과 군 수색대가 유서 깊은 도시, 런던의 역사상 최악의 참사 현장인 도심 폐허 속을 수색하며 단서 찾기에 나섰습니다. 신원 미상의 테러리스트들이 월요일 오후 퇴근길 정체 시간에 맞춰 연속 대형 폭발을 일으킨 것으로 추정되며, 이로 인해 런던의 주요 지하철 터널과 역사 여러 곳이 완전히 파괴되었습니다. 이번 폭발은 지하철 도심 구간 곳곳의 주요 거점에 치명적인 독성 신경가스가 살포되는 시점에 맞춰 치밀하게 계획된 것으로 보입니다.

사망자는 수천 명에 달할 것으로 추산되며, 지상에 있던 시민 다수를 포함해 수만 명이 넘는 이들이 중상을 입었습니다. 희생자 중 상당수는 런던 재계 및 금융계 엘리트층이었으며, 이들은 전대미문의 대형 테러로 인해 사실상 몰살당했습니다.

급진적인 아일랜드공화국군 (IRA) 분파 조직 2곳과 시리아의 지원을 받는 '브리티시 지하드'라는 테러 단체, 그리고 기독교·이슬람·힌두교계 일부 파벌 및 드루이드교 등 기타 이단 사이비 집단들을 포함해 수많은 단체가 이미 이번 대학살이 자신들의 소행이라고 주장하고 나섰습니다.

사건 직전 장을 마감했던 런던증권거래소는 향후 몇 달간 개장이 불가능할 것으로 보이며, 전문가들은 추후 거래가 재개되더라도 대부분의 현지 주가가 폭락해 기존 가격의 일부 수준에서 형성될 것으로 예상하고 있습니다. 뉴욕, 도쿄, 파리 등 세계 주요 증시는 어제 런던에서 발생한 대참사로 인해 동조 현상을 보이며 일시적으로 급락했으나 이내 빠르게 회복되었습니다.

한편 워싱턴에서 콘데 Q. 팡파르 종신 상원의원은 ""그런 일은 절대 이곳에서 일어날 수 없다""라며 호언장담했습니다.",
event_war2,"MOROCCO, LAST BASTION OF MODERATE MUSLIMS, FALLS TO ADVANCING HORDE OF FUNDAMENTALIST REBEL MILITANTS

Triumphant rebel troops rolled into Tangier today, riding on tanks and other military vehicles, as the last vestige of opposition to fundamentalist radicalism in the Islamic world fell, without a shot being fired in defense by the loyalist Moroccan forces. Opposition to the fanatical ""Islamic State "" quickly collapsed throughout Morocco last week, following the assassination of King Hassan, whose personal helicopter was downed by a rebel-fired Stinger missile. The rebels, with their ranks swollen greatly by hundreds of thousands of ""volunteers"" from as far away as Pakistan and Indonesia, swept into the city at high speed, wildly firing their automatic weapons into the air in celebration, aware that all of Islam is now finally united under the ISIS banner in a single huge caliphate.

Stretching from Indonesia and the Phillipines in the Far East, across what was formerly northern India, throughout the Middle East, all of the southerly portions of the former Soviet union and all of the Balkans, and through all of Africa north of the Equator, the newly unified Islamic State (ISIS) encompasses nearly 2 billion, very well-armed, highly motivated people, and possesses over 88% of the world's oil reserves.

Beginning with the fall of the Assad regime in Syria in 2024, one Islamic nation after another has fallen, followed in succession by Libya, Iraq, Egypt, Turkey, Saudi Arabia, Indonesia, Pakistan, and all of the smaller nations of the Muslim world, as well as large parts of Slavic, Hindu, and other non-Islamic nations. The last major obstacle to ISIS in the Islamic world, was Shiite Iran, whose army fought to almost the last man, before Tehran capitulated to the Sunni forces of ISIS.

The balance of power has shifted drastically in favor of the new Islamic State, which now dwarfs the U.S., Russia, or China in military assets and resources. Emissaries of all three former superpowers are currently in Cairo, with hats in hand, negotiating over the amount of annual tribute that will be paid to the Caliphate, in order to maintain peaceful relations with, and a steady flow of oil from, the new, and now sole, reigning superpower.

On Wall Street and in London and Shanghai, share prices fell broadly on the news of the surrender of Morocco, which signalled, once and for all, the final chapter in the decline of the West.","온건파 이슬람의 마지막 보루 모로코, 진격하는 근본주의 반군 무리에 함락

모로코 정부군이 단 한 발의 방어 사격도 없이 무너지면서 이슬람 세계 내 급진 근본주의 세력에 대항하는 최후의 보루가 쓰러지고 말았습니다. 승리에 도취한 반군 부대는 오늘 탱크와 군용 차량을 타고 탕헤르로 당당히 진격했습니다. 광신적인 ""이슬람 국가""에 대한 저항은 지난주 하산 국왕이 탄 전용 헬기가 반군이 쏜 스팅어 미사일에 맞아 추락한 직후 모로코 전역에서 급격히 소멸되고 말았습니다. 저 멀리 파키스탄과 인도네시아에서 수십만 명의 ""의용군"" 덕분에 세력이 엄청나게 불어난 반군 세력은 전 이슬람 세계가 마침내 ISIS의 깃발 아래 하나의 거대한 칼리프 국가로 통합되었다는 사실을 자축하며, 공중에 자동소총을 미친듯이 쏘아대며 맹렬한 기세로 시내에 진입했습니다.

극동의 인도네시아와 필리핀에서부터 과거 인도 북부였던 지역과 중동 전역, 구소련의 남부 지역과 발칸반도 전체, 그리고 적도 이북의 아프리카 전역에 이르기까지, 새롭게 통합된 이슬람 국가 (ISIS)는 매우 잘 무장되고 사기충천한 인구 약 20억 명을 아우르며, 전 세계 석유 매장량의 88% 이상을 보유하게 되었습니다.

2024년 시리아의 아사드 정권 몰락을 시작으로 리비아, 이라크, 이집트, 튀르키예, 사우디 아라비아, 인도네시아, 파키스탄과 이슬람권의 수많은 소국은 물론 슬라브족, 힌두교 및 기타 비이슬람 국가들의 이슬람 우세 지역들이 잇따라 무너졌습니다. 이슬람 세계에서 ISIS의 최후의 장애물은 시아파인 이란이었으나, 이란군은 거의 마지막 한 명까지 저항했으나, 테헤란마저 순니파 ISIS 세력에 굴복하고 말았습니다.

세력 균형은 신흥 이슬람 국가 쪽으로 급격히 기울었으며, 이제 이들은 군사 자산과 자원 면에서 미국, 러시아, 중국을 압도하는 수준이 되었습니다. 이 세 (전직) 강대국들의 특사들은 현재 카이로에서 굴복적인 자세로 쩔쩔매며, 새로 등장한 유일무이한 최강대국과 평화로운 관계를 유지하고 석유를 안정적으로 공급받기 위해 칼리프 국가에 지불해야 할 연간 조공의 액수를 두고 협상을 벌이고 있습니다.

모로코의 항복 소식에 월스트리트, 런던, 상하이 증시가 일제히 폭락했으며, 이는 즉 서구권의 몰락을 알리는 대사건으로 기억될 것입니다.",
event_war3,"LATEST ESCALATION IN THE WAR ON SMOKERS -- PRESIDENT ANNOUNCES A ""FINAL SOLUTION"" TO THE TOBACCO PROBLEM: INTERNMENT CAMPS FOR SMOKERS

The U.S. President, continuing the activist tone of his presidency, announced in a news conference today that he has just issued Executive Decree #48,972, stepping up the campaign against smoking in the U.S. Under the Decree Law, all smokers are to be rounded up and placed in internment camps, where they will receive political re-education and treatment for their smoking addiction, while incarcerated.

Announcing the new Decree Law, the President stated that, ""A year ago, I banned the sale of tobacco to U.S. residents, as a public health measure. However, millions of Americans have defied their government, and continue to smoke cigarettes, exported abroad and then smuggled back into this country from Canada and Mexico, countries which have refused to join us in making the smoking of tobacco illegal.

""Today's new Decree Law will show smokers that we are serious about ending the scourge of tobacco smoking in this country. By placing over eight million nicotine addicts in internment camps, not only will we punish and, hopefully, rehabilitate these anti-social individuals, but we will further protect non-smokers from exposure to secondary smoke, which is believed to be a major health hazard. The public's safety requires nothing less. As another public health measure, we will soon impose the death penalty, in all cases, on any person found to be in possession of tobacco, which will greatly reduce the number of deaths from lung cancer. I'll be issuing another Executive Decree on that tomorrow.

""I should also point out that, as a side benefit, our new anti-tobacco initiative will do much to create jobs and to stimulate our economy, as we build the prison facilities needed to house these eight million people under humane conditions....""

In a related story, the White House also issued Executive Decree #48,973 today, which calls for confiscation and forfeiture to the Federal government of all land and property used in the growing of tobacco, along with seizure of all money and other assets of the millions of smokers who are being interned, in part to pay for the cost of their internment and re-education.

The remaining proceeds of the seizures, expected to be in the hundreds of billions of dollars, are to be divided up among various tax-exempt and patriotic organizations, including the National Education Association and two profitsharing Trusts established for the benefit of the Newspaper and Television Industries and the Organization of Prison Construction Industries, as a reward to those advocacy groups for their moral and political leadership in strongly backing the President as he took this courageous action.

Tobacco stocks were mostly up in mixed trading today, as major tobacco companies, all supporters of the President, were not seriously affected by the new Decrees. In recent years, over 95% of their tobacco sales, aided by massive government export subsidies and tax breaks, have come from the booming overseas markets of China, India, and Russia.

The recent legalization of heroin, with opium poppies now grown and sold mainly by the tobacco companies, is expected to expand enough, as a result of the new tobacco ban, to make up for the loss of the small remaining domestic tobacco market in the U.S., according to Wall Street analysts.

The President's family, which has made its fortune over the years by raising tobacco, will also not be adversely affected by the internment of smokers or the confiscation of tobaccogrowing land. The President's tobacco properties were all converted to production of opium poppies last year, shortly before Executive Decree #27,351 legalized cocaine and heroin.","흡연자들과의 전쟁 최후의 격상 — 대통령, 담배 문제에 대한 ""최종 해결책"" 발표: 흡연자 수용소 격리

행동주의적 통치 기조를 이어가고 있는 미국 대통령은 오늘 기자회견을 통해, 국내 금연 캠페인을 한층 강화하는 행정명령 제48,972호를 발령했다고 발표했습니다. 이 법령에 따라 모든 흡연자는 강제 수용되어 감금 상태에서 정치 재교육과 함께 니코틴 중독 치료를 받게 됩니다.

대통령은 새 행정명령을 발표하며 다음과 같이 밝혔습니다. ""1년 전 본인은 국민 건강 증진 조치의 일환으로 미국 주민에 대한 담배 판매를 금지했습니다. 그러나 수백만 명의 미국인이 정부의 방침에 불복했습니다. 이들은 해외로 수출되었지만, 담배 불법화를 거부한 캐나다와 멕시코를 통해 다시 밀반입된 담배를 계속해서 피우고 있습니다.""

""오늘 발표된 새 행정명령은 이 땅에서 담배라는 재앙을 끝장내겠다는 정부의 확고한 의지를, 흡연자들에게 똑똑히 보여줄 것입니다. 800만 명이 넘는 니코틴 중독자들을 수용소에 격리함으로써, 이러한 반사회적 시민들을 처벌하고 교화하는 것은 물론, 치명적인 건강 위해 요소인 간접흡연으로부터 비흡연자들을 확실히 보호하게 될 것입니다. 공공의 안전을 위해서 이는 필요한 최소한의 조치입니다. 또한 또 다른 국민 건강 보호 대책으로, 단순 담배 소지자라 할지라도 예외 없이 사형에 처하는 법안을 조만간 시행하여 폐암 사망자 수를 획기적으로 줄일 방침입니다. 이에 대한 추가 행정명령은 내일 발령할 예정입니다.""

""덧붙여 부수적인 이점으로, 800만 명을 인도적인 환경에 수용하기 위한 교도소 시설을 건설하는 과정에서 수많은 일자리가 창출되고 우리 경제가 크게 활성화될 것이라는 점도 말씀드립니다…""

이와 관련하여 백악관은 오늘 행정명령 제48,973호도 함께 발령했습니다. 이 법령은 담배 재배에 사용된 모든 토지와 재산을 연방 정부로 몰수·압류 조치하고, 수용소에 격리되는 수백만 명의 흡연자의 모든 현금과 자산을 압류하여 이들의 수용 및 재교육 비용에 충당한다는 내용을 담고 있습니다.

몰수액 중 남은 수천억 달러 상당의 수익금은 여러 면세 단체와 애국 단체들에 나눠줄 예정입니다. 분배 대상에는 미국 교육 협회 (NEA)는 물론, 언론·방송계 및 교도소 건설업체 연합의 이익을 위해 설립된 두 곳의 이익 공유 신탁이 포함됩니다. 대통령의 이번 용단에 강력한 도덕적·정치적 지지를 보내준 단체들에 대한 노고와 리더십에 대한 보상으로 금액이 분배될 것으로 보입니다.

오늘 주식 시장에서 대형 담배회사의 주가는 혼조세 속에 대부분 상승세를 보였습니다. 대통령을 후원해 온 주요 담배 기업들은 이번 새 행정명령으로 별다른 타격을 받지 않았기 때문입니다. 정부의 막대한 수출 보조금과 세제 혜택에 힘입어 최근 몇 년간 회사들의 담배 매출의 95% 이상이 중국, 인도, 러시아 등 호황을 누리는 해외 시장에서 발생했습니다.

월가 분석가들에 따르면, 최근 헤로인이 합법화되어 담배회사들이 아편 양귀비를 주력으로 재배 및 판매하고 있는 상황에서, 이번 전면 금연 조치로 인해 아편 시장이 성장해 미국 내 남아있던 소규모 담배 시장의 손실을 충분히 메울 것으로 전망됩니다.

수년에 걸쳐 담배 농사로 부를 축적해 온 대통령 가문 역시 흡연자 수용소 격리나 담배 농지 몰수로 인한 피해를 전혀 입지 않을 것으로 보입니다. 대통령 소유의 담배 농장들은 코카인과 헤로인을 합법화한 행정명령 제27,351호가 발령되기 직전인 지난해, 이미 전량 아편 양귀비 재배지로 전환을 마친 상태였기 때문입니다.",
event_war4,"SOUTH KOREA INVADED, OCCUPIED BY THE NORTH!

In a lightning, Blitzkrieg assault that began with a massive artillery barrage at dawn yesterday, the huge North Korean military machine has obliterated much of the South Korean army and the small detachment of some 33,000 American troops that had been stationed along the DMZ. The huge and heavily armed North Korean army has quickly overrun and captured the South Korean capital, Seoul, and had captured much of the rest of the country before resistance ceased, and the South surrendered this evening.

In a brilliant tactical maneuever, the initial North Korean assault largely ignored the American army forces, except for firing a few artillery rounds into American positions, which lured the American commander into counterattacking through a lightly guarded area of the DMZ, and charging into North Korea. Once lured into the trap, almost the entire U.S. force was destroyed by the remote detonation of a nuclear device which had been planted in a tunnel beneath the invasion route taken by the unsuspecting U.S. troops.

The U.S. Seventh Fleet, which began steaming in the direction of the Korean Peninsula within minutes after the war began yesterday morning, was recalled after today's nuclear incident, and after a warning from the Supreme Leader of North Korea that North Korea had targeted Los Angeles and San Francisco with nuclear missiles that would be fired immediately, if the American fleet attempted to attack North Korea, or undo its ""liberation"" of South Korea.

The Seoul stock exchange was temporarily, perhaps permanently, closed, as tens of thousands of occupying North Korean troops looted, raped and pillaged the former capital of South Korea. Some large South Korean companies will survive the war, though in diminished form, since many had positioned substantial assets abroad, in view of the long-standing threat of invasion from their Northern cousins. Any assets left in Korea have been or will soon be destroyed or confiscated, as formerly prosperous and peaceful South Korea plunges into the same level of poverty and starvation that has long been endured by its hungry and jealous neighbors in the socialist ""workers' paradise"" to the north.

Meanwhile, in Beijing, the capital of North Korea's main ally and backer, the People's Republic of China, there were strong indications that the Chinese government was upset with and shocked by the reckless actions of their nextdoor neighbor, which devastated one of China's major trading partners. As night fell in southeast Asia, there were rumors that China might cease all military and food aid to Pyongyang, unless North Korean troops were quickly withdrawn from below the 38th Parallel, the former dividing line between the two Koreas.","남한 침공! 북에 점령당하다!

어제 새벽, 대규모 포격을 시작으로 전격전이 벌어졌습니다. 거대한 북한군은 한국군의 상당 부분과 비무장지대 (DMZ)를 따라 주둔하고 있던 약 3만 3,000명의 미군 병력을 대부분 궤멸시켰습니다. 막강한 무장을 갖춘 대규모 북한군은 빠르게 한국의 수도 서울을 점령한 뒤 국토 대부분을 장악했고, 결국 저항이 완전히 무너지며 오늘 저녁 남한은 항복을 선언했습니다.

북한군은 뛰어난 전술을 구사했습니다. 초기 공격에서 미군을 거의 무시한 채 미군 진지에 몇 발의 포탄만 발사했고, 이를 통해 미군 지휘관을 유인했습니다. 결국 미군은 경비가 허술한 DMZ 구역을 통해 반격에 나섰고, 북한 영토 안으로 진격했습니다. 함정에 빠진 미군은 자신들이 진격하던 경로 아래의 터널에 설치되어 있던 핵폭발물이 원격으로 폭발하면서 거의 전멸했습니다.

어제 아침 전쟁이 시작된 지 몇 분 만에 한반도를 향해 출항했던 미 제7함대는 오늘 발생한 핵폭발 사건 이후 철수 명령을 받았습니다. 북한 최고지도자는 미국 함대가 북한을 공격하거나 북한의 한국 ""해방""을 되돌리려 한다면, 북한이 로스앤젤레스와 샌프란시스코를 목표로 핵미사일을 즉시 발사할 것이라고 경고했습니다.

수만 명의 북한 점령군이 한국의 옛 수도인 서울에서 약탈과 강간, 파괴를 자행하면서 서울 증권거래소는 일시적으로, 어쩌면 영구적으로 문을 닫게 되었습니다. 일부 대기업들은 규모가 축소된 형태로 전쟁에서 살아남을 것으로 보입니다. 오랫동안 북한의 침공 위협을 받아온 탓에 많은 기업들이 상당한 자산을 해외에 이전해 두었기 때문입니다. 한국에 남아 있는 자산은 이미 파괴되었거나 곧 파괴 또는 몰수될 것으로 보입니다. 한때 번영과 평화를 누렸던 한국은 이제 북녘의 소위 ""노동자의 낙원""이라 불리는 굶주리고 증오에 찬 이웃 국가가 오랫동안 겪어온 빈곤과 기아 속으로 빠져들고 있습니다.

한편 북한의 주요 동맹국이자 후원국인 중화인민공화국의 수도 베이징에서는 중국 정부가 이웃 국가의 무모한 행동에 충격과 분노를 느끼고 있다는 강한 징후가 나타났습니다. 북한의 행동으로 중국의 주요 교역 상대국 가운데 하나가 초토화되었기 때문입니다. 동아시아에 밤이 찾아오면서, 중국이 과거 남북한을 나누던 경계선인 38선 이남에서 북한군을 당장 철수시키지 않는다면 평양에 대한 모든 군사 및 식량 지원을 중단할 수도 있다는 소문이 돌고 있습니다.",
event_war5,"JAPAN'S MAJOR CITIES LIE IN RUINS, AFTER NORTH KOREAN NUCLEAR MISSILE STRIKE

Three of the largest cities in Japan, Tokyo, Kyoto and Osaka, are smoldering ruins today, as the first country to ever suffer a nuclear attack, in 1945, was today the victim of an even more devastating attack, by three nuclear-tipped missiles, fired into Japan with great accuracy by the rogue nation of North Korea. The missile attack came just five days after the Japanese Diet had voted overwhelmingly to embark upon an ambitious program to build a ""Star Wars""-type missile defense shield for the nation, to fend off such attacks in the future.

The attack was unprovoked, and caught the sleeping nation completely by surprise at 3:00 a.m. this morning. Experts on North Korean military strategy speculate that the decision by Japan to build a missile shield, to protect itself from continuing nuclear blackmail threats from North Korea, may have precipitated the horrific attack, since Korean leaders may have feared that the successful construction of a missile shield would have taken away their ability to continue to extract massive amounts of food and financial aid from Japan. Such aid from Japan has kept Korea afloat and the Communist regime in power for the last two years, ever since the U.S. completed its own missile defense shield, and ceased paying nuclear blackmail to the rabid Pyongyang regime.

The loss of human life from the attack was in the millions, and the radiation from the ""dirty"" bombs is certain to cause millions of more casualties, while the economic and financial costs are almost incalculable, estimated to be in the range of tens to hundreds of trillions of yen.

However, most large Japanese multinational corporations are likely to survive the nuclear holocaust, since in recent years most have increasingly moved their manufacturing and other assets out of Japan, to China, Vietnam, Thailand, the Americas, and Europe.","일본, 북한 핵미사일 공격으로 주요 도시 초토화

일본의 3대 도시인 도쿄, 교토, 오사카가 오늘 잿더미로 변했습니다. 1945년 인류 최초로 원자폭탄 공격을 당했던 일본이, 오늘 그보다 훨씬 더 심각한 피해를 입었습니다. 불량국가 북한이 정밀 유도 핵탄두 미사일 세 발을 일본 영토에 명중시킨 것입니다. 이번 미사일 공격은 일본 국회가 향후 이러한 공격을 막기 위한 ""스타워즈"" 미사일 방어망 구축이라는 야심찬 계획을 압도적 찬성으로 통과시킨 지 불과 닷새 만에 벌어졌습니다.

이번 공격은 아무런 도발 없이 이루어졌으며, 오늘 새벽 3시 잠들어 있던 일본을 완전히 기습했습니다. 북한 군사 전략 전문가들은, 일본이 북한의 지속적인 핵 협박에서 벗어나고자 미사일 방어망 구축을 결정한 것 자체가 이번 참혹한 공격을 촉발했을 가능성이 있다고 분석합니다. 미사일 방어망이 성공적으로 구축될 경우 일본으로부터 막대한 식량과 재정 원조를 뜯어낼 수단을 잃게 될 것을 북한 지도부가 두려워했다는 것입니다. 미국이 자체 미사일 방어망을 완성하고 광증에 시달리는 평양 정권에게 대가 지불을 중단한 지난 2년간, 일본의 식량과 재정 원조는 북한을 지탱하고 공산 정권을 유지시켜 온 생명줄이었습니다.

이번 공격으로 인한 인명 피해는 수백만 명에 달하며, ""더티 밤""에서 방출된 방사능으로 인해 앞으로도 수백만 명의 추가 피해가 발생할 것이 확실시됩니다. 경제적, 재정적 손실 규모는 거의 산정이 불가능한 수준으로, 수십조에서 수백조 엔에 이를 것으로 추산됩니다.

다만 일본의 대형 다국적 기업 대부분은 이번 핵 참사에서 살아남을 가능성이 높습니다. 최근 몇 년간 이들 기업 대다수가 제조 시설을 비롯한 자산을 중국, 베트남, 태국, 아메리카 대륙, 유럽 등지로 꾸준히 이전해 왔기 때문입니다.",
event_war6,"PEACE ACCORD SIGNED IN MIDDLE EAST; LONG PERIOD OF CONFLICT ENDS

The unthinkable has occurred in the Middle East. After decades of frequent wars and constant conflict, peace appears to have broken out. Israel and six neighboring Arab states have, after years of negotiation, finally signed onto a regional security agreement, which is said to be satisfactory to all the parties.

This comes in the wake last week's signing of a new treaty of friendship and cooperation between former antagonists China and the USA.

Almost everyone has hailed the new peace accords, except, of course, for arms manufacturers, for whom the constantly warring Middle Eastern nations, the U.S., and China have been some of their best and most well-heeled customers. Oil companies were also none-too-enthusiastic about the changed political landscape in the oil-producing regions, where frequent wars and embargoes have often helped to keep oil prices at elevated levels.","중동 평화 협정 체결; 오랜 분쟁의 시대 막 내리다

중동에서 상상조차 할 수 없던 일이 벌어졌습니다. 수십 년에 걸친 잦은 전쟁과 끊임없는 분쟁 끝에, 마침내 평화가 찾아온 것으로 보입니다. 이스라엘과 이스라엘에 인접한 아랍 6개국은 수년간의 협상 끝에, 모든 우리국이 만족한다고 밝힌 지역 안보 협정에 마침내 서명했습니다.

이는 지난주 오랜 적대국이었던 중국과 미국이 새로운 우호 협력 조약에 서명한 데 이어 나온 것입니다.

물론 무기 제조업체들을 제외하면 거의 모든 사람이 이번 새 평화 협정을 환영하고 있습니다. 끊임없이 전쟁을 벌여온 중동 국가들과 미국, 중국은 그동안 무기 업계에 가장 크고 손꼽히는 주요 고객이었기 때문입니다. 유전 지대의 이러한 정치 지형 변화에 석유회사들 역시 달가워하지 않는 분위기입니다. 잦은 전쟁과 금수 조치가 그동안 고유가를 유지하는 데 큰 도움이 되어 왔기 때문입니다.",
event_war7,"VIRTUAL TRADE WAR HAS ERUPTED BETWEEN U.S., ASIA, AND EUROPE

International tensions have grown, stretching good relations almost to the breaking point, following the U.S. withdrawal from and repudiation of almost all of its trade agreements, and the enactment by the U.S. Congress of heavy tariffs on most kinds of imported goods. This has led to a chain reaction of retaliatory tariffs and other non-tariff trade barriers being erected by a number of European countries, Canada, Mexico, and much of Asia.

Initially, the retaliatory trade barriers were aimed only at the United States, which started this crisis, but many countries, already hurt by the loss of U.S. markets for their goods, have in recent weeks extended their tariff and other barriers to reduce imports from other countries as well, so that now a virtual trade war between all the major trading nations has resulted.

The current trading impasse is perhaps best symbolized by yesterday's actions of a battalion of U.S. Marines in Southern California, stretching barbed wire across the now-closed border entry gates between California and Tijuana, Mexico.

The situation was not helped by last month's attempted ""peace conference"" on global trade, which was to be held in San Francisco to try to head off an impending all-out trade war.  The conference was broken up before it could get started by massive violent demonstrations by the AntiFascist Anti-Capitalist Anti-Trade Anti-American Worker's Democratic Anarchy & Peace, Jihad and Social Justice Front, which put over 50 of the international delegates in the hospital with wounds from shootings, beatings or stabbings, and resulted in the deaths of three trade representatives, from the Ukraine, Brazil, and Angola, who were unlucky enough to get caught in a crossfire during a pitched battle between squads of sharpshooters from the San Francisco Police Department and the AFACATAAWDA & PJSJ Front.

The neo-Marxist, neo-Luddite Front's protests reached a crescendo after members of the Front captured an innocent businessman, whom they mistook for a Governor of the hated Federal Reserve Bank, as he walked into the San Francisco Federal Reserve Bank.

The unfortunate businessman, dressed in a pinstripe suit and vest, was, with great ceremony and reverence, flogged and then sacrificed on the front steps of the Federal Reserve Bank, which was accomplished by tying him to two large oxen that were then driven in opposite directions by whip-wielding, Birkenstock-shod political science professors from the nearby Berkeley campus of the University of California. They were cheered on in their ceremonial duties by hundreds of hooded, torch-carrying demonstrators from the Front and various other loosely related Druidic and Wiccan organizations. (The professors, according to government informers, were also the chief organizers of the violent protest/rally/riot/insurrection.)

Due to the considerable mayhem and anarchy, the scheduled trade war ""peace conference"" had to be canceled, as San Francisco was placed under martial law, and the various trade delegates who survived the ""peaceful protests"" had to return to their respective countries empty-handed.

In the wake of the San Francisco political protests, which seem to have succeeded beyond the fondest dreams of the Berkeley organizers, stock markets across the globe have been in full retreat, as a global recession now seems likely, now that most international trade, other than in weaponry, has come to a screeching halt, for the present. In the ""developed"" countries like the U.S. and Western Europe, the result of the coming economic convulsions will mainly be increased unemployment; in much of the rest of the world, the result will most likely be famine.","미국·아시아·유럽, 사실상의 무역전쟁 발발

미국이 기존 무역 협정 대부분을 파기, 탈퇴하고 미 의회가 대다수 수입품에 높은 관세를 부과하는 법안을 통과시키면서 국제 긴장이 고조되었으며, 우호 관계를 유지하던 국가들과의 외교가 거의 파탄 직전까지 치닫고 있습니다. 이로 인해 여러 유럽 국가, 캐나다, 멕시코, 아시아 대부분 지역에서 보복 관세와 각종 비관세 무역 장벽을 세우는 연쇄 반응이 일어났습니다.

처음에는 이러한 보복성 무역 장벽이 이번 위기를 촉발한 미국만을 겨냥했지만, 이미 미국 시장을 잃고 타격을 입은 여러 국가들이 최근 몇 주 사이 다른 나라로부터의 수입까지 줄이기 위해 관세와 각종 장벽을 확대하면서, 이제는 주요 교역국들 사이에서 사실상의 전면적인 무역전쟁이 벌어지고 있습니다.

현재의 무역 교착 상태를 가장 잘 상징하는 장면은 어제 남캘리포니아에서 미 해병대 1개 대대가, 이제 폐쇄된 캘리포니아 - 멕시코 티후아나 간의 국경 출입문에 철조망을 두르는 모습이었을 것입니다.

전면적인 무역전쟁을 막아보고자 지난달 샌프란시스코에서 열릴 예정이었던 세계 무역 ""평화 회담"" 시도도 상황을 개선하는 데 도움이 되지 못했습니다. 이 회담은 시작도 하기 전에 ""반파시스트 반자본주의 반무역 반미 / 노동자·민주·아나키·평화·지하드·사회정의 전선""의 대규모 폭력 시위로 무산되었으며, 이 과정에서 총격, 구타, 흉기 난동으로 국제 대표단 50여 명이 병원에 실려 갔고, 샌프란시스코 경찰국 소속 저격 팀과 위 단체 사이의 격렬한 총격전에 휘말린 우크라이나, 브라질, 앙골라 출신 무역 대표 3명은 양측의 격렬한 총격전 사이에 끼여 목숨을 잃었습니다.

이 신마르크스주의·신러다이트 성향 시위대는, 회원들이 샌프란시스코 연방준비은행에 걸어 들어가던 죄 없는 한 사업가를 증오의 대상인 연방준비은행 이사로 착각해 붙잡으면서 절정에 달했습니다.

핀스트라이프 정장에 조끼를 갖춰 입고 있던 이 불운한 사업가는, 엄숙한 의식과 경의 속에 두 마리의 큰 황소에 묶인 채 연방준비은행 정문 계단에서 채찍질 당한 뒤, 능지처참에 처해졌습니다. 캘리포니아 대학교 버클리 캠퍼스 소속, 버켄스탁을 신은 정치학 교수들이 채찍을 휘두르며 황소를 정 반대 방향으로 몰았으며, 이 의식은 두건을 쓰고 횃불을 든 수백 명의 시위대와 이런저런 드루이드교, 위카 교 단체 회원들의 환호 속에 거행되었습니다. (정부 정보원들에 따르면 해당 교수들은 이번 폭력 시위·집회·폭동·반란의 주요 조직자이기도 했습니다.)

이러한 대규모 무질서와 무정부 상태로 인해 샌프란시스코에 계엄령이 선포되면서 예정되었던 무역전쟁 ""평화 회담""은 취소될 수밖에 없었고, 이 ""평화 시위""에서 살아남은 각국 무역 대표들은 빈손으로 자국으로 돌아가야 했습니다.

버클리 측 조직자들의 기대조차 뛰어넘은 샌프란시스코 시위의 여파 무기류를 제외한 대부분의 국제 무역이 당분간 완전히 정지되었고, 세계 경기의 침체기가 도래했습니다. 전 세계 증시가 전면적인 후퇴를 겪고 있으며, 미국이나 서유럽 같은 ""선진국""에서는 이번 경제적 대격변의 결과가 실업률 증가에 그치겠지만, 나머지 세계 대부분 지역에서는 기근으로 이어질 가능성이 매우 큽니다.",
event_war8,"INVESTORS CELEBRATE, AS TRADE WAR ENDS

Jubilant investors bid up the prices of stocks and bonds on all major global bourses today, celebrating the early end to what had the potential of becoming a major trade war between the major Asian, European, Latin American and U.S. trading blocs. Fortunately, world leaders came to their senses, and, after months of difficult negotiations in Brussels, conducted amidst frequent violent demonstrations and several car-bombings by members of the Anti-Fascist Anti-Capitalist Anti-Trade Anti-American Worker's Democratic Anarchy & Peace, Jihad and Social Justice Front, they finally have hammered out a new global trade pact that will supersede the old global tariff agreement and former regional trade agreements.

Economists appear to be in general agreement that the world has narrowly averted what could have been a global economic disaster, if the trade war had been allowed to continue to escalate.","무역전쟁 종식에 투자자들 환호

오늘, 전 세계 주요 증시에서 주식과 채권 가격이 일제히 급상승했습니다. 아시아, 유럽, 라틴아메리카, 미국 등 주요 무역 블록 간 대규모 무역전쟁으로 번질 뻔했던 위기가 종식된 것을 축하하는 분위기입니다. 다행히 세계 지도자들이 이성을 되찾았고, ""반파시스트 반자본주의 반무역 반미 노동자 민주 아나키·평화·지하드·사회정의 전선"" 회원들의 잦은 폭력 시위와 여러 차례의 차량 폭탄 테러 속에서도 브뤼셀에서 수 개월에 걸쳐 고된 협상을 진행한 끝에, 기존의 국제 관세 협정과 옛 지역 무역 협정을 대체할 새로운 글로벌 무역 협정을 최종 타결했습니다.

경제학자들은 만약 무역전쟁이 계속 확대되도록 방치되었다면 세계 경제 재앙이 될 수도 있었던 상황을 간신히 모면했다는 데 대체로 의견을 같이하고 있습니다.",
event_war9,"TRADE WAR CONTINUES TO ESCALATE; SMUGGLING GROWS TO BE A BIG BUSINESS, AS THE WORLD ECONOMY CONTINUES IN A TAILSPIN

No end seems in sight to the steady escalation of trade tensions between all the world's major trading blocs. All hopes of a breakthrough in trade negotiations in Geneva fell through last month when angry delegates from the U.S., China, and France walked out of the conference.  They were soon followed by walkouts by equally angry trade delegates from the U.K., Japan, Germany, and more and more other nations, so that after three hours had passed, the only remaining trade envoys in the large Geneva conference hall were the representatives from Belize, Ethiopia, and Nepal, who, after brief deliberations, decided to disband the trade talks and go home.

The trade war that has erupted is causing a wide range of economic dislocations in nearly every country. One of the less savory side effects of the trade war is the return of high levels of smuggling, with even large and supposedly reputable corporations and shipping companies engaging in smuggling activities, in an effort to somehow get embargoed goods into countries that have banned most kinds of nonessential imports of food, textiles, building materials and most types of consumer and capital goods.

The trade crisis was exemplified recently by the sinking of a British freighter by Korean gunboats, several kilometers off the coast of South Korea, as a Korean coastal patrol vessel caught the Brits redhanded, in the act of smuggling cola drinks into Korea, by anchoring offshore in the darkness and shuttling in cases of soft drinks in small, fast ""cigarette boats,"" to their waiting accomplices on the shore. The South Korean government has recently announced a ""zero tolerance"" policy regarding illegal imports, and the torpedoing and sinking of a British vessel has now signaled to the world that the South Koreans' ""get tough"" policy is not to be taken lightly.

In London, Whitehall has requested an explanation from the South Korean government, but Britain is not expected to do much more than lodge a formal protest, in light of the U.K.'s own sinking of a Chilean smuggling ship off the coast of Scotland last week, which regrettably was sent to the bottom with all hands lost, after a fierce bombing attack by Royal Air Force fighter-bombers....","무역전쟁 계속 격화; 세계 경제가 혼란에 빠진 가운데 밀수가 주요 산업으로 성장

세계 주요 무역 블록 간의 무역 긴장이 계속 격화되면서 세계 경제는 수렁에 빠졌습니다. 제네바 무역 협상에서 돌파구가 마련될 것이라는 모든 기대는, 지난달 미국·중국·프랑스 대표단이 격분해 회담장을 박차고 나가면서 무산되었습니다. 곧이어 영국, 일본, 독일을 비롯해 점점 더 많은 나라의 무역 대표들도 잇따라 격분하며 퇴장했고, 세 시간이 지나자 넓은 제네바 회담장에 남은 무역 사절은 벨리즈, 에티오피아, 네팔의 대표뿐이었습니다. 이들은 짧은 논의 끝에 무역 회담을 해산하고 귀국하기로 결정했습니다.

이번에 발발한 무역전쟁은 거의 모든 국가에 광범위한 경제적 혼란을 초래하고 있습니다. 이 무역전쟁의 그다지 달갑지 않은 부작용 중 하나는 밀수가 다시 주요 사업으로 부상한 것으로, 평판 좋은 대기업들과 해운사들까지 식품·섬유·건축자재와 대부분의 소비재·자본재 수입을 금지한 국가들에 어떻게든 금수 품목을 들여보내기 위해 밀수 활동에 가담하고 있습니다.

이번 무역 위기는 최근 한국 연안에서 불과 몇 킬로미터 떨어진 앞바다에서 한국 함정에 의해 영국 화물선이 격침된 사건으로 여실히 드러났습니다. 한국 해안경비정은 영국 측이 야음을 틈타 해상에 정박한 뒤 작고 빠른 ""모터 보트""를 사용해 청량음료 상자를 해안에서 기다리는 공범들에게 실어 나르던 밀수 현장을 적발했습니다. 한국 정부는 최근 불법 수입품에 대한 ""무관용"" 정책을 발표했으며, 이번 영국 선박 격침 사건은 한국의 ""강경 대응"" 정책을 가볍게 여겨서는 안 된다는 신호를 전 세계에 보낸 것으로 해석됩니다.

런던에서는 영국 정부가 한국 정부에 해명을 요구했지만, 지난주 스코틀랜드 앞바다에서 영국 공군 전투폭격기의 맹폭격으로 칠레의 밀수선을 승선자 전원과 함께 격침한 사건을 일으킨 전력이 있는 만큼, 공식 항의 외에 추가적인 강경 대응에 나서기는 어려울 것으로 보입니다…",
event_war10,"WAR ERUPTS AGAIN ON THE INDIAN SUBCONTINENT!

Tensions increased in the latest India/Pakistani war, as Indian tanks and troops broke through Pakistani lines in Kashmir and rolled into Pakistan, moving in the direction of Islamabad.

The war between the two regional powers has not yet escalated into use of nuclear weapons, but Pakistan has threatened to 'obliterate' India if Indian forces don't halt their advance into Pakistan immediately.

Global stock markets tumbled on the latest war news, but shares of aerospace/defense firms were strong, as orders for aircraft, missiles and other military equipment are expected to rise to record levels in the near future....","인도 아대륙에서 또다시 전쟁 발발!

인도 전차와 병력이 카슈미르에서 파키스탄 방어선을 돌파했습니다. 최신 인도-파키스탄 전쟁의 긴장 수위가 극에 달한 가운데 이들은 이슬라마바드 방향으로 진격하고 있습니다.

두 지역 강국 간의 전쟁이 아직 핵무기 사용으로까지 비화되지는 않았으나, 파키스탄은 인도군이 즉시 진격을 멈추지 않으면 인도를 ""완전히 지워버리겠다""고 위협했습니다.

이번 전쟁 소식에 세계 증시는 곤두박질쳤으나, 항공기·미사일을 비롯한 군수품 주문이 가까운 시일 내에 사상 최대치로 증가할 것으로 예상되면서 항공우주·방위 관련 기업 주가는 강세를 보였습니다…",
event_war11,"LATEST MIDEAST CRISIS FLARES OUT OF CONTROL!

The situation has grown more critical in the latest Middle East war, as columns of Israeli armor broke through Arab lines and rolled unopposed into @TEXTSTRING. The war appears to be in danger of spreading, as @HUMOR launched several of its newest S.C.U.D. missiles, bearing chemical warheads, into heavily populated areas of Israel, while several of the Russian-made missiles fell into nearby Lebanon and Jordan, with devastating effect....

Global stock markets generally sold off on the latest war news, but shares of aerospace/defense firms were strong, as orders for aircraft, missiles and other military equipment are expected to rise to record levels in the near future....","최신 중동 위기, 걷잡을 수 없이 확산!

이스라엘 기갑부대가 아랍 방어선을 돌파해 @TEXTSTRING까지 아무런 저항 없이 진격하면서, 최근 중동 전쟁 상황이 더욱 위태로워지고 있습니다. @HUMOR는 화학탄두를 탑재한 최신형 스커드 미사일 여러 발을 이스라엘 인구 밀집 도심 지역에 발사했습니다. 러시아제 미사일 몇 발도 인근 레바논과 요르단에 떨어져 괴멸적인 피해를 입히며 확전 위험이 커지고 있습니다…

이번 전쟁 소식에 세계 증시는 대체로 매도세를 보였지만, 항공기·미사일을 비롯한 군수품 주문이 조만간 기록적인 수준으로 증가할 것으로 예상되면서 항공우주·방위 관련 기업 주가는 강세를 보였습니다…",
event_war12,"SUBJECT:  INTERNATIONAL MARKETING OPPORTUNITY FOR OUR NUCLEAR MISSILE TECHNOLOGY CAPABILITIES

We have been discreetly approached by a Washington law firm, Arnold, Quisling & Benedict, who represent several Mid-Eastern political factions that are solidly supported by certain oilrich Islamic states. They are offering us a highly attractive business opportunity. The gentlemen in question are urgently in need of our sophisticated technology for attaching nuclear warheads to their SCUD missiles, as well as our guidance software, giving them the capability to deliver low-yield nuclear warheads to within a few hundred feet of targets, up to 8,000 miles away (using the new, improved versions of the SCUD that they have been able to acquire from former Soviet states).

The buyers, through their American legal representatives, will transfer @AMOUNT. in U.S. funds into the @MISC bank account we've set up for this purpose, within 24 hours after receiving verification from their attorneys that the ship carrying the equipment and computer software has sailed.

It should be noted that, with our technology, the SCUDs will be able for the first time to deliver nuclear payloads to the East Coast of the United States. If we sell these people the technology, the Company will, of course, need to pay the moving costs of our key executives who currently live on the East Coast, in order to quietly relocate them to the Midwest or West Coast or to non-U.S. locations, out of SCUD range.

Let it never be said that we don't look out for our employees at @CORPFULL!

QUESTION:  DO WE SELL THE FOREIGN BUYERS OUR MISSILE TECHNOLOGY?","제목: 해외 핵미사일 기술 이전 및 수출 건

워싱턴 소재 로펌 아놀드, 퀴슬링 & 베네딕트로부터 비밀리에 사업 제안이 접수되었습니다. 해당 로펌은 중동 석유 부국들의 막대한 자금력을 등에 업은 특정 세력들을 대리하고 있는 것으로 알려져 있습니다. 이들은 우리가 보유한 주요 기술, 즉 스커드 미사일용 핵탄두 장착 기술과 유도 소프트웨어 이전을 긴급히 요청하고 있습니다. 구소련 지역에서 확보한 개량형 스커드 미사일에 우리의 유도 제어 시스템을 결합할 경우, 최대 13,000km 거리의 목표물을 최대 300m 오차 범위 내에서 정밀 타격할 수 있는 저위력 핵 투사 능력을 갖추게 됩니다.

구매 측은 소프트웨어와 주요 장비가 적재된 선박의 출항 사실이 법률 대리인을 통해 확인되는 즉시, 우리가 개설한 @MISC 계좌로 현금 @AMOUNT를 24시간 이내에 입금하기로 약속했습니다.

우리 기술이 이전될 경우, 사상 최초로 스커드 미사일이 미국 동부 해안을 사거리 안에 두게 된다는 점을 유념해야 합니다. 기술 매각이 확정되면 동부 지역에 거주 중인 우리 주요 임원진을 스커드 미사일의 사정권 밖인 미 중서부, 서부 해안 또는 해외 거점으로 보안을 유지한 채 조용히 이전시키는 비용을 회사 차원에서 전액 지원할 방침입니다.

@CORPFULL은 임원진의 신변 안전과 복지를 최우선으로 고려하고 있습니다.

안건: 해외 구매자들에게 우리의 미사일 주요 기술을 매각하시겠습니까?",
event_war13,"U.S. COUNTERINTELLIGENCE CAPTURES SHIPMENT OF ADVANCED NUCLEAR MISSILE TECHNOLOGY ON ITS WAY TO ISIS, AL QAEDA

The U.S. Central Intelligence Agency today announced its recemt confiscation of a shipment of some of the U.S.'s most sophisticated nuclear warhead missile techology, on a small ship destined for ISIS. According to CIA sources, the ship, which the Coast Guard stopped and boarded 8 hours after it sailed out of a New Jersey port under cover of darkness, had been chartered by a major defense contractor, @CORPFULL.

Its destination, had the ship not been stopped, was the port city of Latakia, on the Mediterranean coast of the former nation of Syria, which is now part of the Islamic State, or caliphate, sometimes called ""ISIS,"" where the delivery of the missile guidance technology was eagerly being awaited by officials of ISIS and members of Al Qaeda, one of several major terrorist organizations that work closely with ISIS.

The missile guidance systems and software, had they reached the terrorists (jointly purchased by Al Qaeda and the wellfunded government of ISIS), would have enabled either of the two terrorist organizations to launch and guide nuclear missiles to targets as far away as Washington, D.C. or New York. Clandestine payments of some @FACT. were apparently made to @CORPFULL for this technology.

The company will be subject to fines of over @AMOUNT million, plus loss of future defense contracts for the next 5 years....","미 정보 당국, ISIS행 첨단 핵미사일 기술 밀수선 적발… @CORPFULL 대형 스캔들

미 중앙정보국 (CIA)은 오늘 미군 최첨단 핵탄두 미사일 유도 기술을 적재하고 ISIS 거점으로 향하던 화물선을 압수했다고 발표했습니다. CIA 관계자에 따르면 해안경비대는 어둠을 틈타 뉴 저지항을 출항한 지 8시간 만에 해당 선박을 나포해 수색을 진행했으며, 해당 선박은 대형 방산기업 @CORPFULL이 직접 용선한 것으로 확인됐습니다.

선박이 적발되지 않았다면 최종 목적지는 현재 이슬람 국가 (ISIS)가 점령 중인 옛 시리아 지중해 연안의 라타키아항이었을 것으로 파악됐습니다. 현지에서는 ISIS 지도부와 연계 테러 조직인 알카에다 대원들이 미사일 유도 기술 수령을 대기 중이었습니다.

알카에다와 자금력이 풍부한 ISIS가 공동으로 구입한 이번 미사일 유도 시스템 및 소프트웨어가 넘어갔을 경우, 테러 조직이 워싱턴 D.C.나 뉴욕 등 미 동부 주요 도시를 향해 정밀 핵미사일을 발사할 수 있는 치명적인 위협에 노출될 뻔했습니다. 조사 결과 @CORPFULL은 해당 기술 이전의 대가로 @FACT 규모의 차명 자금을 비밀리에 수령한 것으로 밝혀졌습니다.

이번 사건으로 회사는 @AMOUNT백만 달러 이상의 벌금 부과와 함께 향후 5년간 정부 방산 사업 입찰 자격을 전면 박탈당할 위기에 처했습니다…",
quotes_1,"""If you see a banker jump out a window, jump after him. There is sure to be profit in it."" -- Voltaire","""은행가가 창밖으로 뛰어내리는 걸 보거든, 따라 뛰어내려라. 분명 거기서 한몫 챙길 수 있을 것이다."" — 볼테르",
quotes_2,"""The best way to rob a bank is to own one."" -- Economics Professor William Black","""은행을 터는 가장 좋은 방법은 은행을 소유하는 것이다."" — 윌리엄 블랙 경제학 교수",
quotes_3,"""God must love the rich, or He wouldn't divide so much among so few of them."" -- H.L. Mencken","""신은 분명 부자들을 사랑하는 게 틀림없다. 그렇지 않고서야 그토록 많은 것을 그토록 적은 사람들에게 나눠줬을 리 없다."" — H.L. 멩켄",
quotes_4,"""Behind every great fortune there lies a crime."" -- Honore de Balzac","""위대한 재산 뒤에는 반드시 범죄가 있다."" — 오노레 드 발자크",
quotes_5,"""If you ain't cheating, you ain't trying."" -- Barclays Bank employee, after several mega-banks were fined billions for currency manipulation","""속임수를 쓰지 않는다면, 애초에 노력도 안 하는 것이다."" — 바클레이스 은행 직원, 여러 대형은행이 환율 조작으로 수십억 달러의 벌금을 부과받은 뒤 남긴 말",
quotes_6,"""History will be kind to me. For I intend to write it."" -- Sir Winston Churchill","""역사는 나에게 관대할 것이다. 왜냐하면 내가 직접 그 역사를 쓸 것이기 때문이다."" — 윈스턴 처칠 경",
quotes_7,"""History would be a wonderful thing if only it were true."" -- Leo Tolstoy","""역사가 사실이기만 하다면 정말 멋진 것일 텐데."" — 레프 톨스토이",
quotes_8,"""Never trust a bookkeeper who comes to work in a chauffeured Rolls-Royce."" -- Dr. Coyote's First Law of Business Survival","""운전기사가 모는 롤스로이스를 타고 출근하는 경리 담당자는 절대 믿지 마라."" — 코요테 박사의 사업 생존 제1법칙",
quotes_9,"""Conscience is the inner voice that warns us that someone may be looking."" -- H.L. Mencken","""양심이란 누군가 지켜보고 있을지 모른다고 경고하는 내면의 목소리다."" — H.L. 멩켄",
quotes_10,"""A dollar borrowed is a dollar earned."" -- Dr. Coyote's Second Law of Business Survival","""빌린 1달러도 번 1달러다."" — 코요테 박사의 사업 생존 제2법칙",
quotes_11,"""Steal only the best."" -- Dr. Coyote's Third Law of Business Survival and the Reverse Engineers' First Principle of Intellectual Property","""훔치려거든 최고만 훔쳐라."" — 코요테 박사의 사업 생존 제3법칙이자 리버스 엔지니어들의 지식재산권 제1원칙",
quotes_12,"""A banker is a person who will only lend you an umbrella if the sun is shining."" -- Alan Abelson","""은행가란 햇볕이 쨍쨍할 때만 우산을 빌려주는 사람이다."" — 앨런 에이벌슨",
quotes_13,"""The possession of gold has ruined fewer men than the lack of it."" -- Thomas Bailey Aldridge","""금을 가진 것보다 금이 없는 것이 더 많은 사람을 파멸시켰다."" — 토머스 베일리 올드리지",
quotes_14,"""Trust in Allah. But always tie your camel."" -- Arab proverb","""알라를 믿어라. 하지만 낙타는 항상 묶어 두어라."" — 아랍 속담",
quotes_15,"""All political power grows out of the barrel of a gun."" -- Chairman Mao","""모든 정치권력은 총구에서 나온다."" — 마오쩌둥 주석",
quotes_16,"""Don't forget your great guns, because they are the most respectable of arguments."" -- Frederick the Great, of Prussia (1712-1786)","""그대의 대포를 잊지 마라. 대포야말로 가장 설득력 있는 논거이니."" — 프로이센의 프리드리히 대왕 (1712-1786)",
quotes_17,"""Give a man a gun and he can rob a bank. Give a man a bank and he can rob everyone."" -- Anonymous","""총을 쥐어주면 은행 하나를 털 수 있지만, 은행을 쥐어주면 모두를 털 수 있다."" — 작자 미상",
quotes_18,"""Trust no one. If it's important, always get it in writing up front. Your own mother will cheat you blind if you don't."" -- Dr. Coyote's Tenth Law of Business Survival","""아무도 믿지 마라. 중요한 일이라면 반드시 사전에 문서로 남겨라. 그러지 않으면 친어머니라도 눈 뜨고 코 베어 갈 것이다."" — 코요테 박사의 사업 생존 제10법칙",
quotes_19,"""How can anyone govern a nation that has 246 different kinds of cheese?"" -- Charles DeGaulle","""치즈 종류가 246가지나 되는 나라를 대체 어떻게 다스린단 말인가?"" — 샤를 드골",
quotes_20,"""The LOVE of money is not the root of all evil. The LACK of money is the root of all evil."" -- The Reverend Ike","""돈에 대한 '사랑'이 모든 악의 근원이 아니다. 돈의 '부족'이야말로 모든 악의 근원이다."" — 리버런드 아이크",
quotes_21,"""Work is the curse of the drinking classes."" -- Oscar Wilde","""노동이란 술 마시는 계급에게 내려진 저주다."" — 오스카 와일드",
quotes_22,"""If you think health care is expensive now, wait until you see what it costs when it's free."" -- P.J. O'Rourke","""건강보험이 지금도 비싸다고 생각한다면, 공짜가 됐을 때 얼마나 드는지 두고 봐라."" — P.J. 오루크",
quotes_23,"""The trouble with Socialism is that eventually you run out of other people's money."" -- Margaret Thatcher","""사회주의의 문제는 결국 남의 돈이 바닥난다는 것이다."" — 마거릿 대처",
quotes_24,"""Send us no interrogatories, and we'll tell you no lies."" -- The Litigators' Oath","""우리에게 심문서를 보내지 마라, 그러면 우리도 거짓말을 하지 않겠다."" — 소송 변호사들의 맹세",
quotes_25,"""Red meat is NOT bad for you. Now, blue-green meat, that's REALLY BAD for you."" -- Tommy Smothers","""붉은 고기는 몸에 나쁘지 않다. 하지만 청록색 고기, 그건 정말 몸에 나쁘다."" — 토미 스마더스",
quotes_26,"""If you want a picture of the future, imagine a boot stamping on a human face forever."" -- Inner Party member O'Brien, in George Orwell's 1984","""미래의 모습을 그려보고 싶다면, 인간의 얼굴을 영원히 짓밟는 군화를 상상하라."" — 조지 오웰의 소설 <1984>에 등장하는 내부당원 오브라이언",
quotes_27,"""If you're going to sin, sin against God, not the bureaucracy. God will forgive you, but the bureaucracy won't."" -- Admiral Hyman G. Rickover","""죄를 지으려거든 신에게 죄를 지어라, 관료제에는 짓지 마라. 신은 용서해주지만 관료제는 용서하지 않는다."" — 하이먼 G. 리코버 제독",
quotes_28,"""If you put the federal government in charge of the Sahara Desert, in five years there'd be a shortage of sand."" -- Milton Friedman","""연방정부에 사하라 사막을 맡기면 5년 안에 모래가 부족해질 것이다."" — 밀턴 프리드먼",
quotes_29,"""Now, now, my good man, this is no time for making enemies."" -- Voltaire, on his death bed, when asked by a priest to renounce Satan","""자, 자, 이보게, 지금은 원수를 만들 때가 아닐세."" — 볼테르, 임종 자리에서 사제가 사탄을 부인하라고 하자",
quotes_30,"""When a friend dies, you gotta go to their funeral, or they won't go to yours."" -- Yogi Berra","""친구가 죽으면 장례식에 가야 한다, 안 그러면 네 장례식에도 안 올 테니까."" — 요기 베라",
quotes_31,"""Never forget that the bureaucrat who smiles when something goes seriously wrong has already found someone to blame it on."" -- Dr. Coyote's Ninth Law of Business Survival","""심각한 문제가 터졌을 때 웃고 있는 관료는 이미 책임을 뒤집어씌울 사람을 찾아냈다는 뜻임을 잊지 마라."" — 코요테 박사의 사업생존 제9법칙",
quotes_32,"""The Chinese ideogram for 'crisis' is made up of two symbols, one for 'boss,' the other meaning 'very upset.'"" -- Christopher Buckley","""중국어에서 '위기'를 뜻하는 표의문자는 '상사'를 뜻하는 기호와 '매우 화남'을 뜻하는 기호, 두 개로 이루어져 있다."" — 크리스토퍼 버클리",
quotes_33,"""It's too early to say."" -- Chinese Premier Zhou-Enlai's reply, shortly after President Nixon's visit to China in 1973, when asked what he thought of the French Revolution","""말하기엔 아직 이르다."" — 1973년 닉슨 대통령의 중국 방문 직후, 프랑스 혁명에 대한 의견을 묻자 저우언라이 중국 총리가 한 대답",
quotes_34,"""I think I joined the wrong mob."" -- Lucky Luciano, after touring the trading floor of the New York Stock Exchange, and being shown the workings of the stock specialist system (a system not unlike a poker game in which the dealer gets to see your cards before he bets)","""내가 잘못된 조직에 들어간 것 같다."" — 럭키 루치아노, 뉴욕증권거래소 매매장을 둘러보며 스페셜리스트 제도 (딜러가 베팅 전에 상대 패를 먼저 보는 포커 게임과 다를 바 없는 방식)의 작동 원리를 설명받은 후",
quotes_35,"""Quantity has a quality all of its own."" -- Lenin, referring to the value of tanks in warfare","""양은 그 자체로 질이 된다."" — 레닌, 전쟁에서 탱크의 가치를 언급하며",
quotes_36,"""If you can see them, they're not Apaches."" -- Capt. Kirby York - Ft. Apache, Arizona Territory","""눈에 보이면 아파치가 아니다."" — 커비 요크 대위, 애리조나 준주 포트 아파치",
quotes_37,"""If your man keeps whining about feeling 'suffocated,' then you obviously aren't pressing down hard enough on the pillow."" -- Feminist saying","""남자친구가 '숨 막힌다'고 계속 징징댄다면, 베개를 충분히 세게 누르지 않고 있는 것이다."" — 페미니스트 격언",
quotes_38,"""The only reason they say 'Women and children first' is to test the strength of the lifeboats."" -- Jean Kerr","""'여성과 아이 먼저'라고 말하는 유일한 이유는 구명보트의 내구성을 시험하기 위해서다."" — 진 커",
quotes_39,"""There will be no nuclear war. There's too much real estate involved."" -- Frank Zappa","""핵전쟁은 일어나지 않을 것이다. 걸린 부동산이 너무 많다."" — 프랭크 자파",
quotes_40,"""No man's life, liberty, or property are safe when the legislature is in session."" -- Gideon J. Tucker, 1860","""입법부가 개회 중일 때는 그 누구의 생명도, 자유도, 재산도 안전하지 않다."" — 기디언 J. 터커, 1860년",
quotes_41,"""You can't use tact with a Congressman. A Congressman is a hog. You must take a stick and hit him on the snout."" -- Henry Adams","""의원에게는 요령이 안 통한다. 의원은 돼지다. 몽둥이를 들고 코를 후려쳐야 한다."" — 헨리 애덤스",
quotes_42,"""To the child and the stockbroker, all things are possible."" -- Eric Hoffer","""아이와 증권 브로커에게는 모든 것이 가능해 보인다."" — 에릭 호퍼",
quotes_43,"""An investment is a trade gone bad."" -- Wall Street saying","""투자란 잘못된 거래일 뿐이다."" — 월가 격언",
quotes_44,"""When they call the roll in the Senate, the Senators do not know whether to answer 'present' or 'not guilty.'"" -- Theodore Roosevelt","""상원에서 출석을 부를 때, 의원들은 '출석'이라 답해야 할지 '무죄'라 답해야 할지 모른다."" — 시어도어 루스벨트",
quotes_45,"""I've been married to a communist and a fascist, and neither would take out the garbage."" -- Zsa Zsa Gabor","""나는 공산주의자와도, 파시스트와도 결혼해봤지만 둘 다 쓰레기를 안 버리더라."" — 자자 가보",
quotes_46,"""I am dying with the help of too many physicians."" -- Alexander of Macedon (Alexander","""나는 너무 많은 의사들의 도움을 받아 죽어가고 있다."" — 알렉산드로스 대왕 (마케도니아)",
quotes_47,"""After one look at this planet any visitor from outer space would say 'I want to see the manager.'"" -- William S. Burroughs","""이 행성을 한 번 둘러본 외계 방문객이라면 누구든 '매니저를 만나고 싶다'고 말할 것이다."" — 윌리엄 S. 버로스",
quotes_48,"""If you hold an ashtray to your ear, you can hear Los Angeles."" -- Unknown","""재떨이를 귀에 대면 로스앤젤레스가 들린다."" — 작자 미상",
quotes_49,"""The L.A. Basin is God's idea of a place to stub his cigarettes."" -- Dennis Miller","""LA 분지는 신이 담배꽁초를 비벼 끄는 재떨이다."" — 데니스 밀러",
quotes_50,"""Tolerance will reach such a level that intelligent people will be banned from thinking so as not to offend the imbeciles."" -- Dostoyevsky (1821-1881)","""관용이 지나쳐, 결국 지적인 사람들은 저능아들의 기분을 상하게 하지 않으려 생각조차 금지당하는 지경에 이를 것이다."" — 도스토옙스키 (1821-1881)",
quotes_51,"""Morale still seems reasonably high -- and while the desertion rate has risen, it is still limited to those who can walk."" -- Woody Allen","""사기는 여전히 꽤 높아 보인다 — 탈영률이 늘긴 했지만, 아직은 걸을 수 있는 사람들에게만 국한돼 있다."" — 우디 앨런",
quotes_52,"""Artificial intelligence is no match for natural stupidity."" -- Anonymous","""인공지능은 천연 멍청함의 상대가 안 된다."" — 작자 미상",
quotes_53,"""I should have blown my brains out, but for the recollection that it would have given pleasure to my mother-in-law."" -- Lord Byron","""내 머리를 쏴버렸어야 했지만, 그랬다면 장모가 기뻐했을 거라는 생각에 참았다."" — 바이런 경",
quotes_54,"""Mixed feelings. That's what you experience when your mother-in-law drives your new Mercedes over a cliff."" -- Dr. Coyote","""복잡한 심경. 장모가 새 벤츠를 몰고 절벽에서 떨어질 때 느끼는 감정이 바로 그것이다."" — 코요테 박사",
quotes_55,"""Despair of peace as long as your mother-in-law is alive."" -- Juvenal","""장모가 살아 있는 한 평화는 기대하지 마라."" — 유베날리스",
quotes_56,"""We hang the petty thieves but appoint the great ones to public office."" -- Aesop (c600 B.C.)","""우리는 좀도둑은 목매달지만 대도둑은 공직에 임명한다."" — 이솝 (기원전 600년경)",
quotes_57,"""Politicians are not born; they are excreted."" -- Cicero","""정치인은 태어나는 게 아니라 배출되는 것이다."" — 키케로",
quotes_58,"""I would not advise anyone to stay in the pool of mud [that is Washington, D.C.]....Save yourself from the criminal atmosphere and leave...."" -- Maharishi Mahesh Yogi, a guru not known for having a negative attitude","""[워싱턴 D.C.라는] 진흙탕에는 머물지 말라고 조언하고 싶다…범죄적인 분위기에서 벗어나 떠나라…"" — 부정적인 태도로 알려지지 않은 구루, 마하리시 마헤시 요기",
quotes_59,"""My husband and I have never considered divorce. Murder, sometimes, but never divorce."" -- Dr. Joyce Brothers","""남편과 나는 이혼을 생각해본 적이 없다. 살인은 가끔 생각하지만, 이혼은 절대 아니다."" — 조이스 브라더스 박사",
quotes_60,"""Hedge funds are not an investment. They are a compensation system for hedge fund managers."" -- Warren Buffett","""헤지펀드는 투자가 아니다. 헤지펀드 매니저를 위한 보수 지급 시스템일 뿐이다."" — 워런 버핏",
quotes_61,"""I help other people with their investments until there's nothing left."" -- Woody Allen, in a role as a stockbroker","""나는 남들의 투자를 도와주다가 결국 아무것도 안 남을 때까지 도와준다."" — 우디 앨런, 증권 브로커 역을 맡아",
quotes_62,"""The difference between a 4-wheel drive vehicle and a rental car is that there are some trails where you can't go in a 4-wheeler."" -- Mike, back country guide, in Moab, Utah","""사륜구동 차량과 렌터카의 차이는, 사륜구동으로도 못 들어가는 길이 있다는 것이다."" — 마이크, 유타주 모아브의 오지 가이드",
quotes_63,"""In the long run, we are all dead."" -- Lord John Maynard Keynes","""장기적으로 보면, 우리는 모두 죽는다."" — 존 메이너드 케인스 경",
quotes_64,"""The economy comes in cycles. If you believe the economy is not cyclical, then buy-and-hold is for you."" -- Robert Soros","""경제는 순환한다. 경제가 순환하지 않는다고 믿는다면, 사고 나서 계속 보유하는 전략이 딱 맞을 것이다."" — 로버트 소로스",
quotes_65,"""If something cannot go on for ever, it will stop."" -- Herbert Stein","""영원히 지속될 수 없는 것은 결국 멈추게 마련이다."" — 허버트 스타인",
quotes_66,"""Bonds are promoted as offering risk-free returns but are often priced to provide return-free risk."" -- Wall Street saying","""채권은 무위험 수익을 제공한다고 광고되지만, 실제 가격은 종종 무수익 위험을 안겨준다."" — 월가 격언",
quotes_67,"""A limited partnership is a business arrangement where, at the outset, the limited partners have the money, and the general partners have the experience, and at the end, the roles are reversed. Remember that before you invest."" -- Dr. Coyote's Eighth Law of Business Survival","""합자회사란, 처음엔 유한책임 파트너가 돈을 갖고 무한책임 파트너가 경험을 갖지만, 끝날 때쯤엔 그 역할이 뒤바뀌는 사업 형태다. 투자하기 전에 명심하라."" — 코요테 박사의 사업 생존 제8법칙",
quotes_68,"""If voting could really change things, it would be illegal."" -- Unknown","""투표로 정말 뭔가 바뀔 수 있다면, 진작에 불법이 됐을 것이다."" — 작자 미상",
quotes_69,"""I am dying with the help of too many physicians."" -- Alexander of Macedon (Alexander the Great), 323 B.C.","""나는 너무 많은 의사들의 도움을 받아 죽어가고 있다."" — 마케도니아의 알렉산드로스 (알렉산드로스 대왕), 기원전 323년",
quotes_70,"""You medical people will have more lives to answer for in the other world than even we generals."" -- Napoleon","""의사들이여, 저승에 가면 우리 장군들보다 더 많은 목숨에 대해 책임을 져야 할 것이오."" — 나폴레옹",
quotes_71,"""Would I buy long-term government bonds now that rates are a bit higher? It's like walking in front of a steamroller to pick up a dime."" -- Legendary investor Leon Cooperman","""금리가 조금 올랐다고 지금 장기 국채를 사겠냐고? 그건 동전 한 닢 주우려고 스팀롤러 앞으로 걸어가는 것과 같다."" — 전설적 투자자 리언 쿠퍼먼",
quotes_72,"""When I was a lad of 15, a teacher of mine once told us that money could not buy happiness. I've dedicated my life ever since to proving him wrong."" -- Donald Tanner","""내가 열다섯 살이었을 때, 한 선생님이 돈으로는 행복을 살 수 없다고 말씀하셨다. 그때부터 나는 그게 틀렸다는 걸 증명하는 데 평생을 바쳤다."" — 도널드 태너",
quotes_73,"""Money can't buy you happiness, but it can buy you a yacht big enough to pull up right alongside it."" -- David Lee Roth","""돈으로 행복을 살 수는 없지만, 행복 바로 옆에 댈 수 있을 만큼 큰 요트는 살 수 있다."" — 데이비드 리 로스",
quotes_74,"""When we were kids, my sister was so fat, my folks had to hire a couple of rodeo clowns to distract her when they brought in the groceries."" -- Larry, the Cable Guy","""어릴 때 우리 누나는 어찌나 뚱뚱했던지, 부모님이 장을 봐올 때마다 로데오 광대를 두어 명 고용해서 누나 주의를 딴 데로 돌려야 했다."" — 래리 더 케이블 가이",
quotes_75,"""He had the kind of house God would have built if he had had the money."" -- Said of John D. Rockefeller","""그의 집은 신에게 돈이 있었다면 지었을 법한 집이었다."" — 존 D. 록펠러를 두고 한 말",
quotes_76,"""The family that preys together, stays together."" -- Charles Manson","""함께 먹잇감을 노리는 가족이 함께 오래간다."" — 찰스 맨슨",
quotes_77,"""Paying creditors only encourages them."" -- Richard Brinsley Sheridan, in School for Scandal","""채권자에게 돈을 갚으면 그들을 더 부추길 뿐이다."" — 리처드 브린슬리 셰리든, [스캔들 학교]에서",
quotes_78,"""I don't believe in astrology. I am a Sagittarius and we're very skeptical."" -- Sir Arthur C. Clarke","""나는 점성술을 믿지 않는다. 나는 사수자리인데, 사수자리는 원래 회의적이다."" — 아서 C. 클라크 경",
quotes_79,"""Millionaires do not use astrology, billionaires do."" -- J. P. Morgan","""백만장자는 점성술을 쓰지 않지만, 억만장자는 쓴다."" — J. P. 모건",
quotes_80,"""The difference between Marxism and Stalinism is the body count."" -- Unknown","""마르크스주의와 스탈린주의의 차이는 시체의 숫자다."" — 작자 미상",
quotes_81,"""You're not drunk if you can lie on the floor without hanging on."" -- Dean Martin","""바닥에 누워서도 뭔가를 붙잡지 않고 버틸 수 있다면, 취한 게 아니다."" — 딘 마틴",
quotes_82,"""In wine there is wisdom, in beer there is freedom, in water there is bacteria."" -- Unknown","""포도주에는 지혜가 있고, 맥주에는 자유가 있고, 물에는 세균이 있다."" — 작자 미상",
quotes_83,"""If you owe your bank manager a thousand pounds, you are at his mercy. If you owe him a million pounds, he is at your mercy."" -- Lord John Maynard Keynes","""은행 지점장에게 천 파운드를 빚졌다면 그의 처분에 달려 있지만, 백만 파운드를 빚졌다면 그가 채무자의 처분에 달려 있다."" — 존 메이너드 케인스 경",
quotes_84,"""Getting a book published is sort of like giving birth; but, of course, as I'm not a female, perhaps it's more appropriate for me to aver instead that publishing a book is a rite of passage -- much like passing a kidney stone."" -- Dr. Coyote","""책을 출간하는 건 마치 출산과도 같다. 하지만 나는 여성이 아니니, 차라리 책을 출간하는 것은 신장결석을 배출하는 것과 같은 통과의례라고 말하는 편이 더 적절할 것이다."" — 코요테 박사",
quotes_85,"""Using a financial professional to help you invest is like getting open-heart surgery from a starving lion."" -- Scott Adams, ""Dilbert"" cartoonist","""투자를 도와줄 금융 전문가를 쓰는 것은 굶주린 사자에게 심장 개흉 수술을 맡기는 것과 같다."" — 스콧 애덤스, [딜버트] 만화가",
quotes_86,"""I was born in Nicaragua and I felt there wasn't enough political instability in my life. So I moved to Quebec."" -- Marta Chaves","""나는 니카라과에서 태어났는데, 인생에 정치적 불안정이 부족하다고 느꼈다. 그래서 퀘벡으로 이사했다."" — 마르타 차베스",
quotes_87,"""Depend on it, Sir, when a man knows he is to be hanged in a fortnight, it concentrates his mind wonderfully."" -- Dr. Samuel Johnson (1709-1784)","""분명히 말하건대, 어떤 사람이 보름 후에 교수형에 처해진다는 걸 알게 되면, 그의 정신은 놀랍도록 또렷해진다."" — 새뮤얼 존슨 박사 (1709-1784)",
quotes_88,"""A kind word and a gun goes farther than a kind word alone."" -- Al Capone","""친절한 말과 총을 함께 쓰면, 친절한 말만 쓸 때보다 더 멀리 간다."" — 알 카포네",
quotes_89,"""I used to get things done by saying please. Now I dynamite 'em out of my path."" -- Huey P. Long, Governor of Louisiana and U.S. Senator during the Depression","""예전에는 부탁을 해서 일을 처리했지만, 지금은 다이너마이트로 길을 뚫는다."" — 휴이 P. 롱, 대공황기 루이지애나 주지사 겸 미국 상원의원",
quotes_90,"""I'll represent anyone. I'd even represent the American Bar Association in a libel suit if someone accused them of believing in civil rights or due process of law."" -- Melvin Belli","""나는 누구든 변호한다. 누군가 미국변호사협회가 시민권이나 적법절차를 믿는다고 명예훼손으로 고소해도, 나는 협회 편에 설 것이다."" — 멜빈 벨리",
quotes_91,"""You'll get a fair trial followed by a first-class hanging."" -- Judge Roy Bean","""공정한 재판을 받게 해주겠소. 그다음엔 최고급 교수형이오."" — 로이 빈 판사",
quotes_92,"""Possession is nine-tenths, as they say in law and exorcism."" -- Unknown","""점유는 권리의 9할이라는 말이 법률에서도, 퇴마술에서도 통한다."" — 작자 미상",
quotes_93,"""Life's tough.... It's even tougher if you're stupid."" -- John Wayne","""인생은 힘들다… 멍청하면 더 힘들다."" — 존 웨인",
quotes_94,"""I'm going to give my psychoanalyst one more year -- then I'm going to Lourdes."" -- Woody Allen, in Annie Hall","""정신분석의에게 1년만 더 기회를 주겠다. 그다음엔 루르드로 갈 것이다."" — 우디 앨런, [애니 홀]에서",
quotes_95,"""The universe is as close as the veins in your neck."" -- The Koran","""우주는 그대 목의 정맥만큼이나 가깝다."" — 코란",
quotes_96,"""Either we're not alone in the universe, or we are, and both are equally terrifying.' -- Sir Arthur C. Clarke","""우리는 우주에서 혼자가 아니거나, 혼자이거나 둘 중 하나다. 어느 쪽이든 똑같이 끔찍하다."" — 아서 C. 클라크 경",
quotes_97,"""God made man and woman. Colonel Colt made them equal."" -- Old West saying","""신은 남자와 여자를 만들었다. 콜트 대령은 그들을 평등하게 만들었다."" — 서부 개척시대 격언",
quotes_98,"""I'll see to it that prices remain stable. That's what I have my storm troopers for."" -- Adolf Hitler, explaining to Albert Speer and economic advisors why there would be no inflation in war-time Germany","""나는 물가를 안정시킬 것이다. 그러기 위해 돌격대가 있는 것이다."" — 아돌프 히틀러, 전시 독일에서 인플레이션이 없을 것이라고 알베르트 슈페어와 경제 자문들에게 설명하며",
quotes_99,"""I come from a family of writers....My sister wrote books nobody wanted to read; my brother wrote songs no one wanted to sing; I write checks no one wants to cash."" -- Unknown","""나는 작가 집안 출신이다… 누나는 아무도 읽고 싶어하지 않는 책을 썼고, 형은 아무도 부르고 싶어하지 않는 노래를 썼으며, 나는 아무도 현금으로 바꾸고 싶어하지 않는 수표를 쓴다."" — 작자 미상",
quotes_100,"""Every normal man must be tempted at times, to spit on his hands, hoist the black flag, and begin slitting throats."" -- H.L. Mencken","""정상적인 사람이라면 누구나 이따금 손에 침을 뱉고 검은 깃발을 올린 뒤 닥치는 대로 목을 베고 싶은 충동을 느낀다."" — H.L. 멩켄",
quotes_101,"""Don't expect the government to protect you from bad and phony investments. The S.E.C. is toothless and clueless and it only shows up after the battle, in time to shoot the wounded."" -- Dr. Coyote","""정부가 부실 투자와 사기성 투자로부터 보호해 줄 거라 기대하지 마라. 증권거래위원회 (SEC)는 이빨도 없고 감도 없어서, 전투가 끝난 뒤에야 나타나 부상자들에게 총을 쏠 뿐이다."" — 코요테 박사",
quotes_102,"""Before you sue someone, never forget that lawyers' houses are always roofed with the skins of litigants."" -- Lawyers' saying","""누군가를 고소하기 전에, 변호사들의 집 지붕은 언제나 소송 우리자들의 가죽으로 덮여 있다는 사실을 잊지 마라."" — 변호사들의 격언",
quotes_103,"""The law, in its majestic equality, forbids the rich as well as the poor to sleep under bridges, to beg in the streets, and to steal bread."" -- Anatole France","""법은 그 장엄한 평등 속에서, 부자든 가난한 자든 다리 밑에서 잠자고 거리에서 구걸하고 빵을 훔치는 것을 똑같이 금지한다."" — 아나톨 프랑스",
quotes_104,"""I've known what it is to be hungry, but I always went right to a restaurant."" -- Ring Lardner","""나는 배고픔이 어떤 것인지 잘 안다. 하지만 나는 언제나 곧장 식당으로 갔다."" — 링 라드너",
quotes_105,"""History is a pack of lies about events that never happened told by people who weren't there."" -- George Santayana","""역사란 그 자리에 없던 사람들이 일어나지도 않은 사건에 대해 늘어놓는 거짓말 뭉치다."" — 조지 산타야나",
quotes_106,"""Capitalists are so greedy they will vie for the opportunity to sell you the rope to hang them with."" -- Lenin","""자본가들은 얼마나 탐욕스러운지, 자기 목을 매달 밧줄조차 서로 팔겠다고 다툰다."" — 레닌",
quotes_107,"""History never repeats itself. Only historians do that."" -- History professor Burl Noggle","""역사는 결코 반복되지 않는다. 반복하는 것은 역사학자들뿐이다."" — 역사학 교수 벌 노글",
quotes_108,"""An armed society is a polite society."" -- Robert A. Heinlein","""무장한 사회는 예의 바른 사회다."" — 로버트 A. 하인라인",
quotes_109,"""I don't like money actually, but it steadies my nerves."" -- Joe Louis","""사실 나는 돈을 좋아하지 않는다. 다만 돈은 내 신경을 안정시켜줄 뿐이다."" — 조 루이스",
quotes_110,"""Religion is what keeps the poor from murdering the rich."" -- Napoleon","""종교란 가난한 자들이 부자를 죽이지 못하게 막는 것이다."" — 나폴레옹",
quotes_111,"""Death solves all problems. No man, no problem."" -- Josef Stalin","""죽음이 모든 문제를 해결한다. 사람이 없으면, 문제도 없다."" — 이오시프 스탈린",
quotes_112,"""I've got all the money I'll ever need -- just so long as I die by four o'clock."" -- Henny Youngman","""나는 평생 필요한 돈을 다 가지고 있다 — 단, 네 시 전에 죽는다는 조건이라면."" — 헤니 영맨",
quotes_113,"""If the rich could hire people to die for them, the poor could make a wonderful living."" -- Yiddish proverb","""부자들이 자기 대신 죽어줄 사람을 고용할 수 있다면, 가난한 자들은 훌륭한 생계를 꾸릴 수 있을 것이다."" — 이디시 속담",
quotes_114,"""After the game, the King and the pawn go into the same box."" -- Italian proverb","""게임이 끝나면 왕도 졸도 같은 상자에 들어간다."" — 이탈리아 속담",
quotes_115,"""A man who will steal for me will steal from me."" -- Teddy Roosevelt","""나를 위해 훔쳐줄 사람은 나에게서도 훔칠 것이다."" — 테디 루스벨트",
quotes_116,"""Before you criticize someone, you should walk a mile in their shoes. That way when you criticize them, you are a mile away from them and you have their shoes."" -- Jack Handey","""누군가를 비판하기 전에 그 사람의 신발을 신고 1마일을 걸어봐야 한다. 그러면 비판할 때쯤엔 그 사람에게서 1마일 떨어져 있고, 그의 신발도 갖게 된다."" — 잭 핸디",
quotes_117,"""Even a blind hog occasionally finds an acorn."" -- French proverb","""눈먼 돼지도 가끔은 도토리를 찾는다."" — 프랑스 속담",
quotes_118,"""Annual income twenty pounds, annual expenditure nineteen nineteen six, result happiness. Annual income twenty pounds, annual expenditure twenty pounds ought and six, result misery."" -- Mr. Micawber, in Dickens' David Copperfield","""연 수입 20파운드에 연 지출 19파운드 19실링 6펜스면 결과는 행복이다. 연 수입 20파운드에 연 지출 20파운드 0실링 6펜스면 결과는 불행이다."" — 미코버 씨, 디킨스의 『데이비드 코퍼필드』 중",
quotes_119,"""It is difficult to produce a television documentary that is both incisive and probing when every twelve minutes one is interrupted by dancing rabbits singing about toilet paper."" -- Rod Serling","""12분마다 화장지 노래를 부르는 춤추는 토끼들에게 방해받으면서, 예리하고 통찰력 있는 텔레비전 다큐멘터리를 만들기란 쉽지 않다."" — 로드 설링",
quotes_120,"""Man is a thinking animal, a talking animal, a tool-making animal, a building animal, a political animal, a fantasizing animal. But in the twilight of a civilization he is chiefly a taxpaying animal."" -- Hugh MacLennan","""인간은 생각하는 동물이고, 말하는 동물이고, 도구를 만드는 동물이고, 짓는 동물이고, 정치적인 동물이고, 공상하는 동물이다. 하지만 문명의 황혼기에 인간은 무엇보다 세금을 내는 동물이다."" — 휴 매클레넌",
quotes_121,"""Income tax has made more liars out of the American people than golf."" -- Will Rogers","""소득세는 골프보다 더 많은 거짓말쟁이를 미국인들 사이에서 만들어냈다."" — 윌 로저스",
quotes_122,"""The art of taxation consists in so plucking the goose as to obtain the largest possible number of feathers with the smallest possible amount of hissing."" -- Jean-Baptiste Colbert, finance minister to Louis XIV","""과세의 기술이란, 거위가 최대한 적게 울도록 하면서 최대한 많은 깃털을 뽑아내는 데 있다."" — 장바티스트 콜베르, 루이 14세의 재무장관",
quotes_123,"""Taxation without representation is tyranny."" -- Patrick Henry","""대표 없는 과세는 폭정이다."" — 패트릭 헨리",
quotes_124,"""Taxation with representation is worse."" -- Will Rogers","""대표 있는 과세는 그보다 더 나쁘다."" — 윌 로저스",
quotes_125,"""The hardest thing in the world to understand is the Income Tax."" -- Albert Einstein","""세상에서 가장 이해하기 어려운 것은 소득세다."" — 알베르트 아인슈타인",
quotes_126,"""The difference between a taxidermist and a tax collector is that the taxidermist leaves the skin."" -- American proverb","""박제사와 세금 징수원의 차이는, 박제사는 가죽은 남겨둔다는 것이다."" — 미국 속담",
quotes_127,"""People who complain about taxes can be divided into two classes: men and women."" -- Unknown","""세금에 대해 불평하는 사람은 두 부류로 나뉜다: 남자와 여자."" — 작자 미상",
quotes_128,"""Death is the sound of distant thunder at a picnic."" -- W.H. Auden","""죽음이란 소풍 중에 들려오는 먼 천둥소리다."" — W.H. 오든",
quotes_129,"""People never believe in volcanoes until the lava actually overtakes them."" -- George Santayana","""사람들은 용암이 실제로 덮쳐올 때까지 화산을 믿지 않는다."" — 조지 산타야나",
quotes_130,"""I've always had a wild, slightly crazy streak in me. When I was just a lad of 16, I ran away from home and joined an accounting firm."" -- Dr. Coyote","""나는 늘 거칠고 약간 미친 구석이 있었다. 겨우 16살이었을 때 집을 뛰쳐나와 회계법인에 들어갔다."" — 코요테 박사",
quotes_131,"""The word 'genius' isn't applicable in football. A genius is a guy like Norman Einstein."" -- Joe Theisman, NFL football quarterback and sports analyst.","""'천재'라는 단어는 미식축구에는 어울리지 않는다. 천재란 노먼 아인슈타인 같은 사람을 말한다."" — 조 타이즈먼, NFL 쿼터백 겸 스포츠 해설가",
quotes_132,"""A cynic is a man who, when he smells flowers, looks around for a coffin."" -- H.L. Mencken","""냉소가란 꽃향기를 맡으면 관을 찾아 두리번거리는 사람이다."" — H.L. 멩켄",
quotes_133,"""U.S. government debt is a safe haven [investment] the way Pearl Harbor was a safe haven in 1941."" -- Niall Ferguson","""미국 국채는 안전자산이다 — 1941년의 진주만이 안전했던 것과 같은 의미에서."" — 니얼 퍼거슨",
quotes_134,"""To understand the mathematical meaning of infinity, one must consider the extent of human stupidity."" -- Voltaire, contemplating religious history","""무한의 수학적 의미를 이해하려면, 인간이 얼마나 어리석을 수 있는지를 헤아려 보아야 한다."" — 볼테르, 종교사를 성찰하며",
quotes_135,"""Despite all the wretchedness of the human condition, I remain an incorrigible optimist -- at least until they start moving the animals in pairs to Cape Canaveral."" -- Unknown","""인간 조건의 온갖 비참함에도 불구하고 나는 구제 불능의 낙관주의자다 — 적어도 동물들을 한 쌍씩 케이프 커내버럴로 실어 나르기 시작하기 전까지는."" — 작자 미상",
quotes_136,"""I'm proud to be paying taxes in the United States. The only thing is -- I could be just as proud for half the money."" -- Arthur Godfrey","""나는 미국에서 세금을 내는 것이 자랑스럽다. 다만 절반의 돈만 내고도 똑같이 자랑스러울 수 있을 것 같다."" — 아서 갓프리",
quotes_137,"""Every time I hear the word 'culture,' I reach for my Luger."" -- Hermann Goering","""'문화'라는 말을 들을 때마다 나는 루거 권총을 집어 든다."" — 헤르만 괴링",
quotes_138,"""The Lawyer's Creed: A man is innocent until proven broke."" -- Anonymous","""변호사의 신조: 사람은 무일푼임이 증명되기 전까지는 무죄다."" — 작자 미상",
quotes_139,"""A .357 magnum beats a straight flush."" -- Dr. Coyote's Law",""".357 매그넘이 스트레이트 플러시를 이긴다."" — 코요테 박사의 법칙",
quotes_140,"""Friends help you move; real friends help you move bodies."" -- Sicilian proverb","""친구는 이사를 도와주지만, 진짜 친구는 시체를 옮기는 걸 도와준다."" — 시칠리아 속담",
quotes_141,"""The future is already here. It's just unevenly distributed."" -- William Gibson, ""cyberpunk"" science fiction writer, in 1990","""미래는 이미 와 있다. 다만 고르게 퍼져 있지 않을 뿐이다."" — 윌리엄 깁슨, '사이버펑크' SF 작가, 1990년",
quotes_142,"""In our society there are two paths to success: One is to be good at computers and the other is to be a sociopath.""  -- Jaron Lanier, Silicon Valley pioneer and neo-Luddite","""우리 사회에서 성공으로 가는 길은 두 가지다: 하나는 컴퓨터를 잘하는 것이고, 다른 하나는 사이코패스가 되는 것이다."" — 재런 러니어, 실리콘밸리 선구자 겸 신러다이트",
quotes_143,"""Trying is the first step toward failure."" -- Homer Simpson, in The Simpsons","""시도는 실패로 가는 첫걸음이다."" — 호머 심슨, 심슨 가족",
quotes_144,"""You have to choose between trusting to the natural stability of gold and the natural stability of the honesty and intelligence of the members of the government. And, with due respect to these gentlemen, I advise you to vote for gold."" -- George Bernard Shaw","""여러분은 금이 지닌 본연의 안정성과, 정부 관료들의 정직함과 지성이 지닌 본연의 안정성 중 하나를 믿어야 한다. 그리고 이 신사분들께는 죄송하지만, 나는 금에 표를 던지시길 권한다."" — 조지 버나드 쇼",
quotes_145,"""The entire U.S. government is a Ponzi scheme."" -- Bernie Madoff (1938-2021), convicted con man, who knew a thing or two about Ponzi schemes","""미국 정부 전체가 폰지 사기다."" — 버니 메이도프 (1938-2021), 폰지 사기라면 누구보다 잘 아는 유죄 판결받은 사기꾼",
quotes_146,"""My goal is to cut government in half in 25 years, to get it down to the size where we can drown it in the bathtub."" -- Grover Norquist, of the National Taxpayers Union","""내 목표는 25년 안에 정부를 절반으로 줄여, 욕조에 빠뜨려 죽일 수 있는 크기로 만드는 것이다."" — 그로버 노퀴스트, 전국납세자연맹",
quotes_147,"""My doctor gave me six months to live, but I couldn't pay the bill so he gave me six months more."" -- Walter Matthau","""의사가 나에게 살 날이 여섯 달 남았다고 했다. 그런데 진료비를 못 냈더니 여섯 달을 더 줬다."" — 월터 매소",
quotes_148,"""There are several good protections against temptations, but the surest is cowardice."" -- Mark Twain","""유혹을 막는 좋은 방법이 여럿 있지만, 가장 확실한 것은 비겁함이다."" — 마크 트웨인",
quotes_149,"""When I left Louisiana for Harvard, I lowered the average IQ of both places."" -- Dr. Coyote","""루이지애나를 떠나 하버드로 갔을 때, 나는 두 곳 모두의 평균 IQ를 낮춰버렸다."" — 코요테 박사",
quotes_150,"""An observation, that in Boston is an accepted truth: If you can't count, you're from Harvard. If you can't read, from M.I.T."" -- Malcolm Forbes","""보스턴에서는 다들 인정하는 사실이 하나 있다: 숫자를 못 세면 하버드 출신이고, 글을 못 읽으면 MIT 출신이다."" — 맬컴 포브스",
quotes_151,"""There is no sweeter sound than the crumbling of your fellow man."" -- Groucho Marx","""동료 인간이 무너지는 소리보다 더 달콤한 소리는 없다."" — 그루초 마르크스",
quotes_152,"""I don't know what's wrong with my television set. I was getting C-Span and the Home Shopping Network on the same station. I accidentally bought a congressman."" -- Bruce Baum","""내 텔레비전이 왜 이런지 모르겠다. C-SPAN이랑 홈쇼핑 채널이 같은 채널에서 나오더니, 어쩌다 보니 나는 국회의원을 하나 사버렸다."" — 브루스 바움",
quotes_153,"""If you watch TV news, you know less about the world than if you just drank gin straight from the bottle."" -- Garrison Keillor","""TV 뉴스를 보느니 진을 병째 들이켜는 편이 세상을 더 잘 아는 방법이다."" — 개리슨 케일러",
quotes_154,"""If you're not careful, the newspapers will have you hating the people who are being oppressed, and loving the people who are doing the oppressing."" -- Malcolm X","""조심하지 않으면 신문은 억압받는 사람을 미워하고 억압하는 사람을 사랑하게 만들 것이다."" — 맬컴 엑스",
quotes_155,"""If you don't read the newspaper, you're uninformed. If you read the newspaper, you're misinformed."" -- Mark Twain","""신문을 읽지 않으면 무지해지고, 신문을 읽으면 잘못된 정보를 얻게 된다."" — 마크 트웨인",
quotes_156,"""I'm far from a minimalist. I'm not a post-modernist. I'm not a modernist. I'm a dinosaur...."" -- Novelist John Irving, in an interview","""나는 미니멀리스트와는 거리가 멀다. 포스트모더니스트도 아니고, 모더니스트도 아니다. 나는 공룡이다…"" — 소설가 존 어빙, 한 인터뷰에서",
quotes_157,"""A politician is a man who will double cross that bridge when he comes to it."" -- Oscar Levant","""정치인이란 어떤 다리를 건너야 할 상황이 오면, 건너는 대신 배신할 사람이다."" — 오스카 레반트",
quotes_158,"""Show me a politician who doesn't steal and I'll show you a politician with hair growing out of his palms."" -- Dr. Coyote","""도둑질 안 하는 정치인을 보여주면, 나는 손바닥에 털 난 정치인을 보여주겠다."" — 코요테 박사",
quotes_159,"""The good part about dying is that it cuts down on expenses."" -- Woody Allen","""죽음의 좋은 점은 지출을 줄여준다는 것이다."" — 우디 앨런",
quotes_160,"""You can never be too rich, too thin, or too cynical."" -- Dr. Coyote","""너무 부유하거나, 너무 마르거나, 너무 냉소적인 것은 있을 수 없다."" — 코요테 박사",
quotes_161,"""Fact-checkers, n. Censors, of all facts that do not conform to official government disinformation campaigns."" -- From the Skeptic's Dictionary","""팩트체커, 명사. 정부의 공식 허위정보 공작에 부합하지 않는 모든 사실을 검열하는 자."" — 회의주의자 사전에서",
quotes_162,"""The yuppie Nuremberg defense: I vas only paying ze mortgage."" -- Christopher Buckley","""여피족의 뉘른베르크 변론: '나는 그저 대출금을 갚고 있었을 뿐이다.'"" — 크리스토퍼 버클리",
quotes_163,"""It had all the earmarks of a CIA operation; the bomb killed everybody in the room except the intended target!"" -- William F. Buckley, Jr.","""그건 영락없는 CIA 작전이었다. 폭탄이 방 안의 모든 사람을 죽였는데, 정작 노리던 표적만은 살아남았다!"" — 윌리엄 F. 버클리 주니어",
quotes_164,"""Life is tough. Three out of three people die, so shut up and deal."" -- Ring Lardner","""인생은 힘들다. 셋 중 셋이 죽는다. 그러니 닥치고 받아들여라."" — 링 라드너",
quotes_165,"""Economics is the only profession in which one can become rich and famous without ever once being right about anything."" -- William F. Buckley, Jr., referring to Nobel Prize winner John Kenneth Galbraith","""경제학은 단 한 번도 맞은 적이 없어도 부와 명성을 얻을 수 있는 유일한 직업이다."" — 윌리엄 F. 버클리 주니어, 노벨상 수상자 존 케네스 갤브레이스를 두고",
quotes_166,"""I don't do favors -- I accumulate debts."" -- Old Sicilian saying","""나는 호의를 베풀지 않는다 — 빚을 쌓아둘 뿐이다."" — 시칠리아 옛 속담",
quotes_167,"""When the going gets tough, the tough gets an Uzi."" -- Axl Rose, of Guns N' Roses","""상황이 힘들어지면, 강한 자는 우지를 집어 든다."" — 액슬 로즈, 건즈 앤 로지스",
quotes_168,"""Somebody get me a one-armed economist. All my economists say, 'On the one hand... On the other hand.'"" -- President Harry S. Truman","""누가 나에게 팔 하나짜리 경제학자를 좀 데려와 달라. 내 경제학자들은 다들 '한편으로는… 다른 한편으로는…'이라고만 말한다."" — 해리 S. 트루먼 대통령",
quotes_169,"""You want a friend in Washington? Get a dog."" -- President Harry S. Truman","""워싱턴에서 친구가 필요한가? 개를 한 마리 키워라."" — 해리 S. 트루먼 대통령",
quotes_170,"""Asking a working writer what he thinks about critics is like asking a lamppost how it feels about dogs."" -- Christopher Hampton","""현역 작가에게 평론가를 어떻게 생각하냐고 묻는 것은, 가로등에게 개를 어떻게 생각하냐고 묻는 것과 같다."" — 크리스토퍼 햄프턴",
quotes_171,"""After the sensitivity training, I got so in touch with my feelings that I took my inner child outside and strangled it."" -- Dr. Coyote","""감수성 훈련을 받고 나니 내 감정과 어찌나 가까워졌던지, 내 안의 어린아이를 밖으로 데리고 나가 목을 졸라버렸다."" — 코요테 박사",
quotes_172,"""All professions are conspiracies against the laity."" -- George Bernard Shaw","""모든 전문직은 문외한을 상대로 한 음모다."" — 조지 버나드 쇼",
quotes_173,"""[Americans] are a race of convicts and ought to be thankful for anything we allow them short of hanging."" -- Dr. Samuel Johnson (1709-1784)","""[미국인들은] 죄수들의 종족이니, 교수형만 면하게 해준다면 우리가 허락하는 무엇에든 감사해야 마땅하다."" — 새뮤얼 존슨 박사 (1709-1784)",
quotes_174,"""Facebook and the other social media networks have succeeded in bringing people closer together; close enough to grab each other by the throats."" -- Dr. Coyote","""페이스북을 비롯한 소셜 미디어 네트워크들은 사람들을 더 가깝게 만드는 데 성공했다. 서로의 목을 움켜쥘 수 있을 만큼 가깝게."" — 코요테 박사",
quotes_175,"""The four most dangerous words in investing are: 'this time it's different.'"" -- John Templeton","""투자에서 가장 위험한 네 단어는 '이번엔 다르다'이다."" — 존 템플턴",
quotes_176,"""When the white man came, we had the land and they had the Bibles. Now they have the land and we have the Bibles."" -- Chief Dan George","""백인들이 왔을 때 우리에게는 땅이 있었고 그들에게는 성경이 있었다. 이제는 그들이 땅을 갖고 우리가 성경을 갖고 있다."" — 댄 조지 추장",
quotes_177,"""I don't want any yes-men in this organization. I want people to speak their minds -- even if it does cost them their jobs."" -- Samuel Goldwyn","""이 조직에는 예스맨이 필요 없다. 나는 사람들이 소신껏 말하길 바란다 — 설령 그것 때문에 일자리를 잃는다 해도."" — 새뮤얼 골드윈",
quotes_178,"""Those who trade headlines end up selling newspapers."" -- Wall Street saying","""헤드라인만 보고 매매하는 사람은 결국 신문팔이로 전락한다."" — 월가 격언",
quotes_179,"""I sneaked a peek at my stock portfolio today. That was a big mistake. In this kind of market, I don't know whether I should stick my head in the sand, or in the oven."" -- Dr. Coyote","""오늘 몰래 내 주식 포트폴리오를 들여다봤다. 큰 실수였다. 이런 장에서는 머리를 모래에 처박아야 할지, 오븐에 처박아야 할지 모르겠다."" — 코요테 박사",
quotes_180,"""The ancient Egyptians built elaborate fortresses and tunnels and even posted guards at tombs to stop grave robbers. In today's America, we call that estate planning."" -- Congressman Bill Archer","""고대 이집트인들은 도굴꾼을 막기 위해 정교한 요새와 터널을 짓고 무덤에 경비병까지 세웠다. 오늘날 미국에서는 그것을 '상속 설계'라고 부른다."" — 빌 아처 하원의원",
quotes_181,"""Laws are like sausages. It is better not to see them being made."" -- Count Otto von Bismarck","""법률은 소시지와 같다. 만들어지는 과정은 안 보는 게 낫다."" — 오토 폰 비스마르크 백작",
quotes_182,"""Honesty is the best policy; unless, of course, you're selling life insurance."" -- Dr. Coyote","""정직이 최선의 방책이다 — 물론 생명보험을 팔고 있는 게 아니라면."" — 코요테 박사",
quotes_183,"""Advertising is the rattling of a stick inside a swill bucket."" -- George Orwell","""광고란 구정물 통 속에서 막대기를 휘저어 소리를 내는 것이다."" — 조지 오웰",
quotes_184,"""When I told the people of Northern Ireland that I was an atheist, a woman in the audience stood up and said, 'Yes, but is it the God of the Catholics or the God of the Protestants in whom you don't believe?'"" -- Quentin Crisp","""북아일랜드 사람들에게 내가 무신론자라고 말하자, 청중 속 한 여성이 일어나 이렇게 말했다. '그렇군요. 그런데 믿지 않는 신이 가톨릭의 신인가요, 개신교의 신인가요?'"" — 퀜틴 크리스프",
quotes_185,"""Book tour, n. That part of the modern American judicial process that immediately follows conviction for a capital crime."" -- From the Skeptic's Dictionary","""북 투어, [명사] 현대 미국 사법 절차에서 중범죄 유죄 판결 직후에 이어지는 단계."" — 《회의주의자 사전》에서",
quotes_186,"""There's nothing wrong with the way you look that $50,000 of plastic surgery wouldn't fix."" -- Advice from his mother to Dr. Coyote","""네 외모는 성형수술 5만 달러어치면 다 고칠 수 있는 수준이니 걱정 마라."" — 코요테 박사의 어머니가 아들에게 해준 조언",
quotes_187,"""If I had a dollar for every girl that ever found me unattractive, they'd eventually find me attractive."" -- Dr. Coyote","""나를 매력 없다고 생각한 여자들한테서 매번 1달러씩 받았다면, 결국엔 그 돈으로 매력적으로 보일 수 있었을 텐데."" — 코요테 박사",
quotes_188,"""Contrary to what you may have heard, mathematics is not an exact science. An engineer will demonstrate in mind-numbing detail that 2+2=4. A trial lawyer, on the other hand, will prove to a jury, beyond a shadow of a doubt, that 2+2=37, while an accountant, when asked what 2+2 equals, will ask, 'What do you want it to be?'"" -- Anonymous","""들었던 것과 달리, 수학은 정밀과학이 아니다. 엔지니어는 지루할 만큼 세세하게 2+2=4임을 증명해 보인다. 반면 소송 변호사는 배심원단 앞에서 2+2=37임을 한 치의 의심도 없이 입증해 보이고, 회계사는 2+2가 얼마냐는 질문에 이렇게 되묻는다. '얼마이길 원하십니까?'"" — 작자 미상",
quotes_189,"""You can do anything with bayonets, except sit on them."" -- Napoleon","""총검으로는 무엇이든 할 수 있다, 그 위에 앉는 것만 빼고."" — 나폴레옹",
quotes_190,"""Troops are the only answer to democracy."" -- Count Otto von Bismarck","""민주주의에 대한 유일한 해답은 군대다."" — 오토 폰 비스마르크 백작",
quotes_191,"""Before any task can be begun, some other task must first be completed; and so ad infinitum."" -- Dr. Coyote's First Law of Endless Disorganization and Maximum Entropy","""어떤 일을 시작하려면 먼저 다른 일이 끝나야 한다. 이것이 끝없이 반복된다."" — 코요테 박사의 '무한 무질서와 최대 엔트로피 제1법칙'",
quotes_192,"""My doctor is an eye, ear, nose and wallet man."" -- Johnny Carson","""내 주치의는 눈, 귀, 코, 그리고 지갑을 진료하는 의사다."" — 자니 카슨",
quotes_193,"""Never in the course of human history have so few earned so much for doing so little."" -- News account regarding Michael Milken and his junk bond cronies at the annual Predators' Ball","""인류 역사상 그토록 적은 사람이 그토록 적은 일을 하고 그토록 많은 돈을 번 적은 없었다."" — '프레데터스 볼' 연례 행사에서 마이클 밀켄과 그의 정크본드 일당에 관한 언론 보도",
quotes_194,"""Making money in the market is easy. You buy a stock and when it goes up, sell it. And if it doesn't go up? Then don't buy it."" -- Stockbroker's advice","""시장에서 돈 버는 건 쉽다. 주식을 사서 오르면 팔면 된다. 안 오르면 어떻게 하냐고? 그럼 애초에 사지 마라."" — 어느 증권 브로커의 조언",
quotes_195,"""If my words seemed clear, then obviously I have been misunderstood."" -- Fed Chairman Alan Greenspan, testifying in Congress","""제 말이 명확하게 들리셨다면, 그건 분명 오해하신 겁니다."" — 앨런 그린스펀 연준 의장, 의회 증언 중",
quotes_196,"""Quantitative easing, n. Fedspeak code words for printing money and airlifting it to Wall Street and Washington."" -- From the Skeptic's Dictionary","""양적완화, [명사] 돈을 찍어 월가와 워싱턴으로 공수한다는 뜻의 연준식 암호명."" — 《회의주의자 사전》에서",
quotes_197,"""Whiskey is for drinking and water is for fighting over."" -- Old saying in the West (U.S.)","""위스키는 마시는 것이고 물은 싸우는 것이다."" — 미국 서부의 옛 속담",
quotes_198,"""Those who know, don't tell. Those who tell, don't know."" -- Buddhist proverb (and useful advice, when it comes to stock tips)","""아는 자는 말하지 않고, 말하는 자는 알지 못한다."" — 불교 격언 (주식 정보에도 유용한 조언)",
quotes_199,"""The world needs sociopaths. Who else ever gets anything done?"" -- Fake Steve Jobs","""세상엔 소시오패스가 필요하다. 그들 말고 누가 일을 해내겠는가?"" — 가짜 스티브 잡스",
quotes_200,"""What will I do if I'm elected? Demand a recount."" -- William F. Buckley, Jr., when running for office in New York","""당선되면 무엇을 하겠느냐고요? 재검표를 요구하겠습니다."" — 윌리엄 F. 버클리 주니어, 뉴욕 공직 선거에 출마했을 때",
quotes_201,"""Chicago has the best politicians that money can buy."" -- Al Capone (From the Some Things Never Change Department)","""시카고에는 돈으로 살 수 있는 최고의 정치인들이 있다."" — 알 카포네 ('변하지 않는 것들' 코너에서)",
quotes_202,"""Instead of giving a politician the keys to the city, it might be better to change the locks."" -- Doug Larson (English runner and gold medal winner at the 1924 Olympic Games)","""정치인에게 도시의 열쇠를 넘겨주느니, 차라리 자물쇠를 바꾸는 게 나을지도 모른다."" — 더그 라슨 (1924년 올림픽 금메달리스트, 영국 육상선수)",
quotes_203,"""The first lady [Hillary Clinton] is in Amsterdam and visited the house of Anne Frank, where she, just out of habit, shredded the diary."" -- Bill Maher","""영부인[힐러리 클린턴]이 암스테르담을 방문해 안네 프랑크의 집에 갔는데, 그곳에서 그저 습관적으로 일기장을 파쇄해 버렸다."" — 빌 마허",
quotes_204,"""When I played pro football I never set out to hurt anybody deliberately, unless it was, you know, important, like a league game or something."" -- Dick Butkus","""프로 미식축구를 할 때 일부러 누군가를 다치게 하려던 적은 없다, 뭐 리그 경기처럼 중요한 순간이 아니라면."" — 딕 버터스",
quotes_205,"""I don't know. I only played there for nine years."" -- Walt Garrison, Dallas Cowboys fullback, when asked if coach Tom Landry ever smiled","""글쎄요, 저는 거기서 9년밖에 안 뛰어봐서요."" — 월트 개리슨, 댈러스 카우보이스 풀백, 감독 톰 랜드리가 웃는 걸 본 적 있냐는 질문에",
quotes_206,"""There will always be death and taxes. But death doesn't get worse every year."" -- Anonymous","""죽음과 세금은 늘 존재할 것이다. 하지만 죽음은 해마다 나빠지진 않는다."" — 작자 미상",
quotes_207,"""The wages of sin are death, but by the time taxes are taken out, it's just sort of a tired feeling."" -- Paula Poundstone","""죄의 대가는 죽음이지만, 세금까지 다 떼고 나면 그저 피곤한 느낌만 남는다."" — 폴라 파운드스톤",
quotes_208,"""Gaffe: When a politician accidentally speaks the truth."" -- Michael Kinsley","""실언: 정치인이 실수로 진실을 말하는 것."" — 마이클 킨슬리",
quotes_209,"""You want loyalty, hire a cocker spaniel."" -- Salomon Brothers bond trader, quoted by Michael Lewis in Liar's Poker","""충성심을 원한다면, 코커 스패니얼을 고용하라."" — 살로먼 브라더스의 한 채권 트레이더, 마이클 루이스의 저서 《라이어스 포커》에서 인용",
quotes_210,"""Winning isn't everything, it's the only thing."" -- Legendary Green Bay Packers coach Vince Lombardi","""승리가 전부는 아니다. 승리가 유일한 것이다."" — 전설적인 그린베이 패커스 감독 빈스 롬바르디",
quotes_211,"""An honest politician is one who, when he is bought, will stay bought."" -- Simon Cameron","""정직한 정치인이란, 한 번 매수되면 계속 매수된 상태를 유지하는 사람이다."" — 사이먼 캐머런",
quotes_212,"""What's the definition of a friend in Washington? Someone who stabs you in the chest."" -- Washington, D.C. saying","""워싱턴에서 친구의 정의가 뭔지 아는가? 등이 아니라 가슴을 찌르는 사람이다."" — 워싱턴 D.C.에서 전해지는 말",
quotes_213,"""People in Washington aren't very compassionate. Without hesitating, they will unplug your life support machine, just to recharge their cellphone."" -- Senator John Kennedy (R-La.)","""워싱턴 사람들은 그리 인정이 많지 않다. 휴대폰을 충전하겠다고 망설임 없이 생명유지장치 코드를 뽑아버릴 사람들이다."" — 존 케네디 상원의원 (공화당-루이지애나)",
quotes_214,"""You don't own furniture. It owns you."" -- Henry David Thoreau","""사람이 가구를 소유하는 게 아니다. 가구가 사람을 소유하는 것이다."" — 헨리 데이비드 소로",
quotes_215,"""Alimony, n. The cash surrender value of a husband."" -- From the Skeptic's Dictionary","""위자료, 명사. 남편의 현금 해지환급금."" — 《회의주의자 사전》에서",
quotes_216,"""Money is the ultimate labor-saving device."" -- Anonymous","""돈이야말로 궁극의 노동 절약 장치다."" — 작자 미상",
quotes_217,"""Kiss the hand you cannot sever."" -- Tuareg saying","""자를 수 없는 손이라면 입을 맞춰라."" — 투아레그족 속담",
quotes_218,"""Conspiracy theorist, n. One who refuses to follow the admonition from the government, the media, academia, and big business, that he should pay no attention to the man behind the curtain."" -- From the Skeptic's Dictionary","""음모론자, 명사. 정부와 언론, 학계, 대기업이 '커튼 뒤의 남자에게는 신경 쓰지 말라'고 훈계해도 이를 따르지 않는 사람."" — 《회의주의자 사전》에서",
quotes_219,"""Now that I'm 80, there are two things I refuse to do any more -- wear a necktie or wear long pants; unless it's to a hanging, a funeral, a wedding, or some other somber occasion."" -- Dr. Coyote","""이제 여든이 됐으니, 더는 하지 않을 두 가지가 있다 — 넥타이를 매는 것과 긴 바지를 입는 것. 교수형이나 장례식, 결혼식, 혹은 그 밖의 엄숙한 자리가 아니라면 말이다."" — 코요테 박사",
quotes_220,"""The Eiffel Tower is the Empire State Building after taxes."" -- Anonymous","""에펠탑은 세금을 떼고 난 엠파이어 스테이트 빌딩이다."" — 작자 미상",
quotes_221,"""You can sleep when you die."" -- The Programmers' Credo (at Microsoft)","""잠은 죽어서 자면 된다."" — 프로그래머들의 신조 (마이크로소프트 사내)",
quotes_222,"""I don't vote any more, for the same reason I don't bet on Mexican wrestling matches."" -- Hunter S. Thompson","""나는 더 이상 투표하지 않는다. 멕시코 레슬링 경기에 돈을 걸지 않는 것과 같은 이유에서다."" — 헌터 S. 톰슨",
quotes_223,"""The best argument against democracy is a five-minute conversation with the average voter."" -- Winston Churchill","""민주주의를 반대하는 가장 강력한 논거는 평범한 유권자와 5분만 대화해보는 것이다."" — 윈스턴 처칠",
quotes_224,"""It is better to be a mouse in a cat's mouth than a man in a lawyer's hands."" -- Spanish proverb","""변호사 손에 걸린 사람이 되느니 고양이 입 속의 쥐가 되는 편이 낫다."" — 스페인 속담",
quotes_225,"""Nothing is wrong with Southern California that a rise in the ocean level wouldn't cure."" -- Ross MacDonald","""남부 캘리포니아의 문제는 해수면이 상승하면 다 해결될 것들뿐이다."" — 로스 맥도널드",
quotes_226,"""I do not care to speak ill of a man behind his back, but I believe he is an attorney."" -- Dr. Samuel Johnson (1709-1784)","""나는 남을 뒤에서 험담하고 싶지 않지만, 그가 변호사라는 것만은 말해두어야겠다."" — 새뮤얼 존슨 박사 (1709-1784)",
quotes_227,"""It is almost never a good idea to build too much intelligence into selfreplicating machines."" -- Isaac Asimov","""자기복제 기계에 지나치게 높은 지능을 부여하는 것은 거의 언제나 좋은 생각이 아니다."" — 아이작 아시모프",
quotes_228,"""Programming today is a race between software engineers striving to build bigger and better idiot-proof programs, and the Universe trying to produce bigger and better idiots. So far, the Universe is winning."" -- Rich Cook","""오늘날의 프로그래밍이란, 더 크고 더 완벽한 바보 방지 프로그램을 만들려는 소프트웨어 엔지니어들과, 더 크고 더 완벽한 바보를 만들어내려는 우주 사이의 경주다. 지금까지는 우주가 이기고 있다."" — 리치 쿡",
quotes_229,"""A cynic is a person searching for an honest man, with a stolen lantern."" -- Edgar Shoaff","""냉소주의자란 훔친 등불을 들고 정직한 사람을 찾아다니는 이다."" — 에드거 쇼프",
quotes_230,"""Only mad dogs and Englishmen go out in the midday sun."" -- Saying in colonial India","""미친개와 영국인만이 한낮의 뙤약볕 아래를 돌아다닌다."" — 식민지 시대 인도의 속담",
quotes_231,"""It is difficult to get a man to understand something when his salary depends on his not understanding it."" -- Upton Sinclair, on government bureaucrats","""어떤 사람의 월급이 그것을 이해하지 못하는 데 달려 있다면, 그에게 그것을 이해시키기란 어려운 일이다."" — 업턴 싱클레어, 정부 관료들을 두고 한 말",
quotes_232,"""Only painters and lawyers can change white to black."" -- Japanese proverb","""흰 것을 검은 것으로 바꿀 수 있는 건 화가와 변호사뿐이다."" — 일본 속담",
quotes_233,"""Eat the rich!"" -- Radical slogan from the '60s, which may soon come back into vogue in the next economic crisis","""부자를 잡아먹어라!"" — 60년대의 급진파 구호. 다음 경제 위기가 오면 곧 다시 유행할지도 모른다",
quotes_234,"""In business, only the paranoid survive."" -- Intel CEO Andrew Grove","""비즈니스에서는 편집증 환자만이 살아남는다."" — 인텔 CEO 앤드루 그로브",
quotes_235,"""Experience is the best teacher."" -- Epitaph","""경험이 최고의 스승이다."" — 묘비명",
quotes_236,"""I told you I was sick!"" -- Epitaph","""거봐, 내가 아프다고 했잖아!"" — 묘비명",
quotes_237,"""Tax audit, n. A financial proctoscopic exam, performed by sadistic civil service types in a medieval setting, without benefit of anesthesia."" -- From the Skeptic's Dictionary","""세무조사, 명사. 마취도 없이 중세식 환경에서 가학적인 공무원들이 시행하는 재정 항문경 검사."" — 《회의주의자 사전》에서",
quotes_238,"""Joe Camel isn't dead. He's been deported."" -- Senator Joseph Lieberman, commenting on the supposed demise of America's favorite commercial cartoon character","""조 카멜은 죽지 않았다. 추방됐을 뿐이다."" — 조지프 리버먼 상원의원, 미국인이 사랑한 만화 캐릭터의 이른바 '퇴출'을 두고 한 말",
quotes_239,"""As I mature, I've learned that you can keep vomiting long after you think you're finished."" -- Dr. Coyote","""나이가 들면서 깨달은 것이 있다. 다 토했다고 생각한 뒤에도 한참을 더 토할 수 있다는 것이다."" — 코요테 박사",
quotes_240,"""Whoever said the pen is mightier than the sword obviously never encountered automatic weapons."" -- General Douglas Macarthur","""펜이 칼보다 강하다고 말한 사람은 분명 자동화기를 접해본 적이 없을 것이다."" — 더글러스 맥아더 장군",
quotes_241,"""Convict, n.  An accused person who couldn't afford a well-connected lawyer."" -- From the Skeptic's Dictionary","""죄수, 명사. 인맥 좋은 변호사를 살 형편이 안 됐던 피고인."" — 《회의주의자 사전》에서",
quotes_242,"""Ambition is a poor excuse for not having sense enough to be lazy."" -- Milan Kundera","""야망이란, 게으를 만큼의 분별력조차 없는 것에 대한 초라한 변명이다."" — 밀란 쿤데라",
quotes_243,"""Exonerate. v., trans. To mount a successful public relations disinformation (""spin"") campaign, vilifying one's accusers, after having been caught red-handed with a hand in the cookie jar or a hind leg in the public trough."" -- From the Skeptic's Dictionary","""무죄를 입증하다. 동사, 타동사. 과자통에 손을 넣거나 공공의 여물통에 다리를 걸친 채 현장에서 붙잡힌 뒤, 고발자를 매도하는 성공적인 홍보용 허위정보 ('스핀') 캠페인을 벌이는 것."" — 《회의주의자 사전》에서",
quotes_244,"""Democracy is two wolves and a lamb voting on what to have for lunch. Liberty is a well-armed lamb contesting the vote."" -- Benjamin Franklin","""민주주의란 늑대 두 마리와 양 한 마리가 점심 메뉴를 투표로 정하는 것이다. 자유란 중무장한 양이 그 투표 결과에 이의를 제기하는 것이다."" — 벤저민 프랭클린",
quotes_245,"""All progress is based upon a universal innate desire on the part of every organism to live beyond its income."" -- Samuel Butler, 1912","""모든 진보는 자신의 수입 이상으로 살고자 하는, 모든 생물에 내재된 보편적 욕망에 기반한다."" — 새뮤얼 버틀러, 1912년",
quotes_246,"""Giving money and power to government is like giving whiskey and car keys to teenage boys."" -- P.J. O'Rourke","""정부에 돈과 권력을 쥐어주는 것은 십대 소년에게 위스키와 자동차 열쇠를 쥐어주는 것과 같다."" — P.J. 오루크",
quotes_247,"""A democratic government is the only one in which those who vote for a tax can escape the obligation to pay it."" -- Alexis de Tocqueville (1835)","""민주주의 정부란, 세금에 찬성표를 던진 이들이 정작 그 세금을 낼 의무는 피해갈 수 있는 유일한 정부다."" — 알렉시 드 토크빌 (1835년)",
quotes_248,"""I contend that for a nation to try to tax itself into prosperity is like a man standing in a bucket and trying to lift himself up by the handle."" -- Sir Winston Churchill","""국가가 세금을 통해 번영을 이루려는 것은, 양동이 안에 서서 손잡이를 잡고 자기 자신을 들어 올리려는 것과 같다."" — 윈스턴 처칠 경",
quotes_249,"""Sometimes I get the feeling the whole world is against me, but deep down I know that's not true. Some smaller countries are neutral."" -- Robert Orben","""가끔은 온 세상이 나를 적대하는 것 같은 기분이 든다. 하지만 마음속 깊이 알고 있다. 그렇지 않다는 것을. 몇몇 작은 나라들은 중립을 지키고 있으니까."" — 로버트 오벤",
quotes_250,"""Everyone has a plan until they get punched in the face."" -- Mike Tyson","""누구나 그럴듯한 계획이 있다, 한 대 얻어맞기 전까지는."" — 마이크 타이슨",
quotes_251,"""I consider it the duty of every serious investor to suffer grievous losses with great equanimity."" -- Lord John Maynard Keynes","""진지한 투자자라면 마땅히 큰 손실을 태연하게 감내할 의무가 있다고 생각한다."" — 존 메이너드 케인스 경",
quotes_252,"""Bull markets are born on pessimism, grow on skepticism, mature on optimism, and die on euphoria."" -- David Skarica","""강세장은 비관 속에서 태어나 회의 속에서 자라고, 낙관 속에서 성숙해 도취 속에서 죽는다."" — 데이비드 스카리카",
quotes_253,"""There are three sides to every triangle."" -- According to the Greek philanderer, Isosceles","""모든 삼각형에는 변이 세 개 있다."" — 그리스의 바람둥이 이등변 (아이소셀레스)에 따르면",
quotes_254,"""The masses have never thirsted after truth. Whoever can supply them with illusions is easily their master; whoever attempts to destroy their illusions is always their victim."" -- Gustave Le Bon, in ""The Crowd"" (1896)","""대중은 결코 진실을 갈망한 적이 없다. 그들에게 환상을 제공하는 자는 쉽게 그들의 주인이 되고, 그들의 환상을 깨뜨리려는 자는 언제나 그들의 희생양이 된다."" — 귀스타브 르 봉, 《군중심리》 (1896년)",
quotes_255,"""There is great disorder under heaven. The situation is excellent."" -- Chairman Mao","""하늘 아래 큰 혼란이 있다. 상황은 훌륭하다."" — 마오쩌둥 주석",
quotes_256,"""When children start paying union dues, that's when I'll start representing the interests of school children."" -- Albert Shanker, president of the American Federation of Teachers union","""아이들이 노조 회비를 내기 시작하면, 그때 나도 학생들의 이익을 대변하기 시작하겠다."" — 앨버트 섕커, 미국교사연맹 (AFT) 위원장",
quotes_257,"""My luck is so bad that if I bought a cemetery, people would stop dying."" -- Rodney Dangerfield","""운이 너무 없어서, 제가 묘지를 하나 사면 사람들이 죽는 걸 멈출 겁니다."" — 로드니 데인저필드",
quotes_258,"""The Beverly Hilton is a great hotel. The towels are so fluffy you can barely close your suitcase."" -- Dick Gregory","""베벌리 힐튼은 훌륭한 호텔입니다. 수건이 너무 푹신해서 가방을 닫기가 힘들 정도죠."" — 딕 그레고리",
quotes_259,"""Anything that is not prohibited, is mandatory."" -- Bureaucrats' Credo","""금지되지 않은 것은 모두 의무다."" — 관료들의 신조",
quotes_260,"""Times of crusading spirit are times of unreality."" -- Mr. Johnson, founder of Fidelity Investments","""십자군적 열정의 시대는 곧 비현실의 시대다."" — 존슨, 피델리티 인베스트먼트 창립자",
quotes_261,"""Jesus saves. Confucius invests."" -- @REGION proverb","""예수는 구원하고, 공자는 투자한다."" — @REGION 속담",
quotes_262,"""Every calculation based on experience elsewhere fails in New Mexico."" -- Lew A. Wallace, Governor of Territorial New Mexico, 1878-1881","""다른 곳에서의 경험에 기반한 계산은 뉴멕시코에서는 하나같이 빗나간다."" — 루 A. 월리스, 뉴멕시코 준주 지사 (1878-1881)",
quotes_263,"""As I mature, I have learned that you can never really make someone love you. All you can do is stalk them relentlessly and aggressively, and hope they will panic and give in."" -- Dr. Coyote","""나이가 들면서 깨달았다. 누군가 나를 사랑하게 만들 수는 없다는 것을. 할 수 있는 일이라곤 끈질기고 집요하게 그 사람을 쫓아다니며, 상대가 겁에 질려 항복하기를 바라는 것뿐이다."" — 코요테 박사",
quotes_264,"""A mature person is one who agrees with you."" -- Malcolm Forbes","""성숙한 사람이란 나에게 동의하는 사람이다."" — 맬컴 포브스",
quotes_265,"""There is no Izvestiya in Pravda and no Pravda in Izvestiya."" -- Old Soviet Russian saying about the two leading Soviet newspapers, Pravda (""Truth"") and Izvestiya (""News"")","""프라우다에는 이즈베스티야가 없고, 이즈베스티야에는 프라우다가 없다."" — 소련의 양대 신문 《프라우다 (진실)》와 《이즈베스티야 (소식)》를 두고 전해지던 옛 소련 속담",
quotes_266,"""You shall know the truth, and the truth shall make you mad."" -- Aldous Huxley","""너희가 진리를 알지니, 진리가 너희를 미치게 하리라."" — 올더스 헉슬리",
quotes_267,"""Alimony -- the ransom that the happy pay to the devil."" -- H.L. Mencken","""위자료 — 행복했던 자가 악마에게 지불하는 몸값."" — H.L. 멩켄",
quotes_268,"""Gentlemen prefer bonds."" -- Wall Street saying","""신사는 채권을 좋아한다."" — 월스트리트 속담",
quotes_269,"""If you don't inherit it, you have to borrow it."" -- Motto of a junk bond financier, quoted in Liar's Poker, by Michael Lewis","""물려받지 못했다면, 빌려야 한다."" — 어느 정크본드 금융인의 좌우명, 마이클 루이스의 《라이어스 포커》에서 인용",
quotes_270,"""Markets can remain irrational longer than you can remain solvent."" -- Lord John Maynard Keynes","""시장은 투자자가 지급불능 상태에 빠지지 않고 버틸 수 있는 시간보다 더 오래 비이성적일 수 있다."" — 존 메이너드 케인스 경",
quotes_271,"""Being right, but early, is the same as being wrong."" -- Howard Marks, on investing","""맞는 판단이라도, 너무 이르면 틀린 것과 같다."" — 하워드 막스, 투자에 대해",
quotes_272,"""Divorce is probably of nearly the same date as marriage. I believe, however, that marriage is some weeks more ancient."" -- Voltaire","""이혼은 아마 결혼과 거의 같은 시기에 생겨났을 것이다. 다만 결혼이 몇 주쯤 더 오래되었으리라 생각한다."" — 볼테르",
quotes_273,"""Wall Street is replete with celebrity investors who are famous for having been right once in a row, having correctly predicted thirteen of the last two market crashes."" -- Dr. Coyote","""월스트리트에는 단 한 번 연속으로 옳았던 것으로 유명해진 스타 투자자들이 넘쳐난다. 지난 두 번의 시장 폭락 중 열세 번을 정확히 예측했다는 이들 말이다."" — 코요테 박사",
quotes_274,"""Give a man a fish, and he will vote for you in the next election. Teach a man how to fish, and he may someday vote for the other party."" -- Dr. Coyote","""사람에게 물고기를 주면 다음 선거에서 표를 던질 것이다. 낚시하는 법을 가르치면 언젠가 다른 당에 투표할지도 모른다."" — 코요테 박사",
quotes_275,"""Criminal: a person with predatory instincts who has not sufficient capital to form a corporation."" -- Howard Scott","""범죄자: 포식자적 본능은 있지만 회사를 세울 만한 자본은 없는 사람."" — 하워드 스콧",
quotes_276,"""Homeless person, n. A U.S. military veteran who has relied on the kindness and gratitude of strangers and the V.A."" -- From The Skeptic's Dictionary","""노숙자, 명사. 낯선 이들의 친절과 감사, 그리고 재향군인회 (V.A.)에 의지해 살아온 미군 참전용사."" — 《회의주의자 사전》에서",
quotes_277,"""Football combines the two worst features of American life; violence and committee meetings."" -- George Will","""미식축구는 미국 생활에서 가장 나쁜 두 가지, 즉 폭력과 위원회 회의를 결합한 것이다."" — 조지 윌",
quotes_278,"""We were tipping off our plays. Whenever we broke from the huddle, three backs were laughing and one was pale as a ghost."" -- John Breen, Houston Oilers running back","""우리는 작전을 다 들키고 있었다. 허들에서 나올 때마다 백 세 명은 웃고 있고 한 명만 유령처럼 창백했으니까."" — 존 브린, 휴스턴 오일러스 러닝백",
quotes_279,"""Nothing in life is so exhilarating as to be shot at without result."" -- Sir Winston Churchill","""인생에서 총을 맞고도 무사한 것만큼 짜릿한 일은 없다."" — 윈스턴 처칠 경",
quotes_280,"""New Yorker ('Noo Yawka'), n. A person who exists for the sole purpose of transferring funds from their employer to their landlord."" -- Unknown","""뉴요커, 명사. 오로지 고용주의 돈을 집주인에게 옮기기 위해 존재하는 사람."" — 작자 미상",
quotes_281,"""The fellow who said that 'Patriotism is the last refuge of scoundrels' under-estimated the possibilities of compassion."" -- Old Tammany Hall saying","""'애국심은 악당의 마지막 피난처'라고 말한 자는 동정심의 가능성을 과소평가했다."" — 태머니 홀에서 전해지던 옛말",
quotes_282,"""Revenge is a dish best served cold."" -- Sicilian proverb","""복수는 차갑게 식혀서 먹어야 제맛이다."" — 시칠리아 속담",
quotes_283,"""I'm descended from a long line of barn burners in Mississippi. Naturally, I wanted to continue the family tradition, so I went to law school."" -- Dr. Coyote Snopes","""나는 미시시피에서 대대로 헛간에 불을 지르던 집안의 후손이다. 당연히 가업을 잇고 싶었기에, 로스쿨에 진학했다."" — 코요테 스놉스 박사",
quotes_284,"""Without education, we are in a horrible and deadly danger of taking educated people seriously."" -- G.K. Chesterton","""교육을 받지 못하면, 우리는 배운 사람들의 말을 진지하게 받아들이는 끔찍하고도 치명적인 위험에 처하게 된다."" — G.K. 체스터턴",
quotes_285,"""The original point and click interface was by Smith & Wesson."" -- T-shirt slogan","""최초의 '포인트 앤 클릭' 인터페이스는 스미스 앤 웨슨이 만들었다."" — 티셔츠 문구",
quotes_286,"""'Of all the boils I've ever lanced, yours was definitely the worst,' commented Dr. James as he casually wiped off his glasses."" -- Bad prose award-winner from the annual Bulwer-Lytton Contest","""'내가 지금껏 짜낸 종기 중에 그쪽 것이 단연 최악이었소.' 제임스 박사는 안경을 무심히 닦으며 말했다."" — 매년 열리는 벌워-리턴 공모전 (최악의 문장 대회) 수상작",
quotes_287,"""Hard work never killed anybody, but why take a chance?"" -- Edgar Bergen","""고된 노동으로 죽은 사람은 없다지만, 굳이 모험할 필요가 있을까?"" — 에드거 버건",
quotes_288,"""Cream usually rises to the top. So, unfortunately, does scum."" -- Dr. Coyote, in the Gonzo Chronicles","""크림은 대개 위로 뜬다. 안타깝게도, 찌꺼기도 마찬가지다."" — 코요테 박사, 《곤조 연대기》에서",
quotes_289,"""I looked him straight in the eye and did what lawyers do best, what we're trained for, what we're paid for. I lied."" -- Dr. Coyote, in the Gonzo Chronicles","""나는 그의 눈을 똑바로 쳐다보며, 변호사가 가장 잘하는 일, 훈련받은 일, 돈을 받는 그 일을 했다. 거짓말을 했다."" — 코요테 박사, 《곤조 연대기》에서",
quotes_290,"""Politics is a blood sport."" -- Aneurin Bevan, British Labor Party politician","""정치는 피 튀기는 스포츠다."" — 어나이린 베번, 영국 노동당 정치인",
quotes_291,"""I don't know a heck of a lot about taking care of animals. If I took my cat to the vet and he told me it needed new batteries, I'd pull out my check book and ask 'What kind?'"" -- Stand-up comic","""나는 동물 돌보는 법을 잘 모른다. 고양이를 데리고 동물병원에 갔는데 수의사가 '배터리를 갈아야 한다'고 하면, 나는 수표책을 꺼내며 '어떤 종류로요?'라고 물을 사람이다."" — 어느 스탠드업 코미디언",
quotes_292,"""Allowing me unlimited access to the Internet is the moral equivalent of taking a recovering drug addict to a Grateful Dead concert."" -- Wired Earp","""나에게 인터넷을 무제한으로 허용하는 것은, 마약을 끊어가는 중독자를 그레이트풀 데드 콘서트에 데려가는 것과 도덕적으로 다를 바 없다."" — 와이어드 어프",
quotes_293,"""Politics is the entertainment division of the military-industrial complex."" -- Frank Zappa","""정치는 군산복합체의 오락 부문다."" — 프랭크 자파",
quotes_294,"""It is easier for a camel to pass through the eye of a needle, than for a lawyer to enter into the Kingdom of Heaven."" -- Philistines 3:22","""변호사가 천국에 들어가는 것보다 낙타가 바늘구멍을 통과하는 것이 더 쉽다."" — 빌레셋서 3장 22절",
quotes_295,"""It's no longer a mystery why Jesus was born in a manger, in a dirty stable -- Joseph and Mary were obviously enrolled in an HMO."" -- Dr. Joan Efinger, Ph. D.","""예수가 왜 더러운 마구간의 구유에서 태어났는지 더는 미스터리가 아니다 — 요셉과 마리아는 분명 HMO(민간 건강보험)에 가입되어 있었던 것이다."" — 조앤 에핑거 박사",
quotes_296,"""Third parties have never gotten much traction in America. The American two-party system seems to be deeply embedded in the body politic -- the Plutocrats versus the Kleptocrats -- and always will be."" -- Dr. Coyote","""제3정당은 미국에서 한 번도 큰 힘을 얻지 못했다. 미국의 양당 체제 — 금권정치파 대 도둑정치파 — 는 정치 체제에 깊이 뿌리박혀 있으며, 앞으로도 그럴 것이다."" — 코요테 박사",
quotes_297,"""Politics is the art of looking for trouble, finding it everywhere, diagnosing it incorrectly, and applying the wrong remedies."" -- Groucho Marx","""정치란 문제를 찾아다니다가 어디서든 그것을 찾아내고, 잘못 진단한 뒤, 엉뚱한 처방을 내리는 기술이다."" — 그루초 막스",
quotes_298,"""Never pick a fight with anyone who buys ink by the barrel."" -- Tommy Lasorda","""잉크를 드럼통째로 사는 사람과는 절대 싸우지 마라."" — 토미 라소다",
quotes_299,"""Anyone who thinks that money can't buy happiness is shopping in the wrong places."" --Malcolm Forbes","""돈으로 행복을 살 수 없다고 생각하는 사람은, 잘못된 곳에서 쇼핑하고 있는 것이다."" — 맬컴 포브스",
quotes_300,"""Accept who you are. Unless you're a serial killer."" -- Ellen DeGeneres","""자신을 있는 그대로 받아들여라. 연쇄살인마가 아니라면 말이다."" — 엘렌 드제너러스",
quotes_301,"""Apathy, n.  That quality a politician finds most endearing in the typical voter, after gullibility."" -- From the Skeptic's Dictionary","""무관심, 명사. 정치인이 평범한 유권자에게서 가장 사랑스럽게 여기는 자질. 잘 속아 넘어가는 성향 다음으로."" — 《회의주의자 사전》에서",
quotes_302,"""In Louisiana they skim the cream, steal the milk, hijack the bottle and look for the cow."" -- FBI Special Agent James Bernazzani, after arresting another corrupt New Orleans politician in 2007","""루이지애나에서는 크림을 걷어가고, 우유를 훔치고, 병째 강탈한 다음, 소까지 찾아 나선다."" — 제임스 버나자니 FBI 특수요원, 2007년 뉴올리언스의 또 다른 부패 정치인을 체포한 뒤",
quotes_303,"""Show me a man that gets rich by being a politician and I'll show you a crook."" -- President Harry S. Truman","""정치를 해서 부자가 된 사람을 보여달라, 그러면 나는 그 사람이 사기꾼임을 보여주겠다."" — 해리 S. 트루먼 대통령",
quotes_304,"""The Pharisee stood and prayed thus with himself, 'God, I thank thee that I am not like other men, extortioners, unjust, adulterers, or even like this tax collector.'"" -- New Testament","""바리새인은 서서 따로 기도하여 이르되, '하나님이여, 나는 다른 사람들, 곧 토색, 불의, 간음을 하는 자들과 같지 아니하고 이 세리와도 같지 아니함을 감사하나이다.'"" — 신약성경",
quotes_305,"""Be wary of strong drink. It can make you shoot at tax collectors -- and miss."" -- Robert Heinlein","""독한 술을 조심하라. 세리를 향해 총을 쏘고도 빗나가게 만들 수 있으니."" — 로버트 하인라인",
quotes_306,"""Plagiarism is the sincerest form of flattery."" -- Joe Biden","""표절은 가장 진실한 형태의 아첨이다."" — 조 바이든",
quotes_307,"""If you pick up a starving dog and make him prosperous, he will not bite you; that is the principal difference between a dog and a man."" -- Mark Twain","""굶주린 개를 거두어 잘 먹여 살리면 그 개는 주인을 물지 않는다. 이것이 개와 인간의 가장 큰 차이다."" — 마크 트웨인",
quotes_308,"""I don't know why they tell me I have to wear a mask; I didn't bite anyone. Although I must admit, friends tell me I look much better wearing a mask."" -- Dr. Coyote","""왜 마스크를 써야 한다는 건지 모르겠다. 나는 아무도 물지 않았는데. 하긴, 친구들은 내가 마스크를 쓰니 훨씬 나아 보인다고들 하더라."" — 코요테 박사",
quotes_309,"""Lawyer, n. The larval form of a politician."" -- From the Skeptic's Dictionary","""변호사, 명사. 정치인의 애벌레 형태."" — 《회의주의자 사전》에서",
quotes_310,"""The whole aim of practical politics is to keep the populace alarmed (and hence clamorous to be led to safety) by menacing it with an endless series of hobgoblins, all of them imaginary."" -- H.L. Mencken","""실용정치의 목적은 오직 하나, 끝없이 이어지는 상상 속의 도깨비들로 대중을 위협하여 늘 불안에 떨게 만들고, 그리하여 안전으로 이끌어달라 아우성치게 만드는 것이다."" — H.L. 멩켄",
quotes_311,"""Punctuality is the thief of time."" -- Oscar Wilde","""시간엄수는 시간의 도둑이다."" — 오스카 와일드",
quotes_312,"""Imitation is the sincerest form of flattery."" -- Oscar Wilde","""모방은 가장 진실한 형태의 아첨이다."" — 오스카 와일드",
quotes_313,"""Plagiarism is the better part of creativity."" -- Dr. Coyote, in The Gonzo Chronicles","""표절은 창의성의 8할이다."" — 코요테 박사, 《곤조 연대기》에서",
quotes_314,"""We are only three meals from anarchy."" -- French saying","""우리는 단 세 끼만 굶으면 무정부 상태에 빠진다."" — 프랑스 속담",
quotes_315,"""We are all addicts of fossil fuels in a state of denial, about to face cold turkey."" -- Kurt Vonnegut","""우리는 모두 화석연료 중독자이며, 현실을 부정한 채 곧 금단현상을 맞이할 처지다."" — 커트 보니것",
quotes_316,"""We will defend you to your last dollar."" -- The Attorneys' Oath","""우리는 의뢰인의 마지막 한 푼까지 지켜드릴 것입니다."" — 변호사들의 선서",
quotes_317,"""Attorneys get a bad rap. Not all of them are lying, bill-padding, witness-suborning ambulance chasers. It's a real shame that 99% of all lawyers give the other 1% a bad name. "" -- Dr. Coyote, in The Gonzo Chronicles","""변호사들은 억울하게 욕을 먹는다. 모두가 거짓말하고, 청구서를 부풀리고, 증인을 매수하는 구급차 쫓기꾼은 아니니까. 안타깝게도 99%의 변호사가 나머지 1%의 평판을 망치고 있을 뿐이다."" — 코요테 박사, 《곤조 연대기》에서",
quotes_318,"""It's immoral to let a sucker keep his money."" -- Canada Bill Jones, 19th century poker player","""봉을 그대로 놔두고 돈을 지키게 두는 것은 부도덕한 일이다."" — 캐나다 빌 존스, 19세기 포커 도박사",
quotes_319,"[Goldman, Sachs is] ""... a great vampire squid wrapped around the face of humanity, relentlessly jamming its blood funnel into anything that smells like money."" -- Matt Taibbi, in Rolling Stone","[골드만삭스는] ""…인류의 얼굴에 들러붙은 거대한 흡혈 오징어와 같다. 돈 냄새가 나는 것이라면 무엇에든 가차없이 피의 깔때기를 꽂아 넣는다."" — 맷 타이비, 《롤링스톤》",
quotes_320,"""Trust everyone, but brand your cattle."" -- Hallie Stillwell","""누구든 믿어라, 하지만 소에는 낙인을 찍어라."" — 할리 스틸웰",
quotes_321,"""I'm not offended by all the dumb blonde jokes because I know I'm not dumb... and I also know that I'm not blonde."" --- Dolly Parton","""나는 '멍청한 금발' 농담에 기분 나빠하지 않는다. 나는 내가 멍청하지 않다는 걸 알고… 또 내가 금발이 아니라는 것도 알기 때문이다."" — 돌리 파튼",
quotes_322,"""Nothing is confirmed until it is officially denied."" -- Count Otto von Bismarck","""공식적으로 부인되기 전까지는 그 무엇도 확인된 것이 아니다."" — 오토 폰 비스마르크 백작",
quotes_323,"""Once is happenstance. Twice is coincidence. Three times is enemy action."" -- Ian Fleming","""한 번은 우연이다. 두 번은 우연의 일치다. 세 번은 적의 소행이다."" — 이언 플레밍",
quotes_324,"""Everywhere I go, I'm asked if I think the universities stifle writers. My opinion is that they don't stifle enough of them."" -- Flannery O'Connor, (1925-1964)","""어디를 가든 나는 대학이 작가들을 억누른다고 생각하느냐는 질문을 받는다. 내 생각은, 충분히 억누르지 못하고 있다는 것이다."" — 플래너리 오코너 (1925-1964)",
quotes_325,"""Beggar. One who has relied on the assistance of his friends."" -- Ambrose Bierce","""거지. 친구들의 도움에 의지해 살아온 사람."" — 앰브로즈 비어스",
quotes_326,"""Politics is the gentle art of getting votes from the poor and campaign funds from the rich, by promising to protect each from the other."" -- Oscar Ameringer","""정치란, 가난한 이들에게는 표를, 부유한 이들에게는 선거자금을 얻어내는 온화한 기술이다. 서로가 서로로부터 지켜주겠다고 약속하는 방식으로."" — 오스카 아메링거",
quotes_327,"""I figure if the children are alive when he gets home, I've done my job."" --- Roseanne Barr","""남편이 퇴근했을 때 아이들이 살아 있으면, 내 할 일은 다 한 거라고 생각한다."" — 로잔 바",
quotes_328,"""They say marriages are made in heaven. But so are thunder and lightning."" -- Clint Eastwood","""결혼은 하늘에서 맺어진다고들 한다. 하지만 천둥과 번개도 하늘에서 만들어진다."" — 클린트 이스트우드",
quotes_329,"""Freedom is the right to use handcuffs for friendly purposes."" -- Aerosmith guitarist Joe Perry","""자유란 수갑을 우호적인 목적으로 사용할 권리다."" — 에어로스미스의 기타리스트 조 페리",
quotes_330,"""You can never be too rich, too thin, or too paranoid."" -- Dr. Coyote","""너무 부유하거나, 너무 마르거나, 너무 편집증적인 것은 있을 수 없다."" — 코요테 박사",
quotes_331,"""Deplore. v., trans.  To publicly condemn some unspeakable, utterly heinous act of a political ally, while privately applauding it."" -- From the Skeptic's Dictionary","""개탄하다. 동사, 타동사. 정치적 동지가 저지른 차마 말할 수 없이 극악한 행위를, 공개적으로는 규탄하면서 속으로는 박수치는 것."" — 《회의주의자 사전》에서",
quotes_332,"""There's an old saying among psychiatrists that neurotics build castles in the air and that psychotics live in them. My mother cleans them."" --Rita Rudner","""정신과 의사들 사이에는 이런 옛말이 있다. 신경증 환자는 허공에 성을 짓고, 정신병 환자는 그 안에 산다고. 우리 어머니는 그 성을 청소하신다."" — 리타 러드너",
quotes_333,"""One mass is not too much for Paris."" -- Henry of Navarre, who converted to Catholicism, not once but TWICE, in order to retain the crown of France","""미사 한 번쯤이야 파리를 얻는 데 아까울 것 없다."" — 나바르의 앙리, 프랑스 왕관을 지키기 위해 한 번도 아니고 두 번이나 가톨릭으로 개종한 인물",
quotes_334,"""Being on a ship in the navy is exactly like being in jail, but with a much better chance of drowning."" -- Naval saying","""해군 함정에 타는 것은 감옥에 갇힌 것과 똑같다. 다만 익사할 확률이 훨씬 높을 뿐이다."" — 해군 속담",
quotes_335,"""The taxpayer: That's someone who works for the federal government but doesn't have to take the civil service examination."" -- Ronald Reagan","""납세자: 연방정부를 위해 일하지만 공무원 시험은 볼 필요가 없는 사람."" — 로널드 레이건",
quotes_336,"""Activist, n. One who acts, as opposed to thinking, and whose intensity of devotion to a particular cause or issue is inversely proportional to his or her knowledge or understanding thereof."" -- From the Skeptic's Dictionary","""활동가, 명사. 생각하기보다는 행동하는 사람. 특정 대의나 사안에 대한 헌신의 강도는 그것에 대한 지식이나 이해도에 반비례한다."" — 《회의주의자 사전》에서",
quotes_337,"""As an adolescent I aspired to lasting fame, I craved factual certainty, and I thirsted for a meaningful vision of human life -- so I became a scientist. This is like becoming an archbishop so you can meet girls."" -- Matt Cartmill","""청소년 시절 나는 영원한 명성을 갈망했고, 확고한 사실을 갈구했으며, 인간 삶에 대한 의미 있는 통찰에 목말라했다 — 그래서 나는 과학자가 되었다. 이는 마치 여자를 만나려고 대주교가 되는 것과 같다."" — 맷 카트밀",
quotes_338,"""Bigamy is having one wife too many. Monogamy is the same."" -- Oscar Wilde","""중혼이란 아내가 한 명 너무 많은 것이다. 일부일처제도 마찬가지다."" — 오스카 와일드",
quotes_339,"""I had some words with my wife, and she had some paragraphs with me."" -- Sigmund Freud","""나는 아내에게 몇 마디 했을 뿐인데, 아내는 나에게 몇 문단을 쏟아냈다."" — 지그문트 프로이트",
quotes_340,"""There is no difference between men who eat too little and see Heaven, and those who drink too much and see snakes."" -- Bertrand Russell, referring to mystics","""너무 적게 먹고 천국을 보는 사람과, 너무 많이 마시고 뱀을 보는 사람 사이에는 아무런 차이가 없다."" — 버트런드 러셀, 신비주의자들을 두고 한 말",
quotes_341,"""'Organizationally impaired' -- A 'misfit,' who does not fit in well with any organization. In fact, if you look in the dictionary under the definition of 'misfit,' you'll see my picture there."" -- Dr. Coyote","""'조직 부적응자' — 그 어떤 조직에도 잘 맞지 않는 '부적응자'를 뜻한다. 사실 사전에서 '부적응자'를 찾아보면, 거기 내 사진이 실려 있을 것이다."" — 코요테 박사",
quotes_342,"""The situation is hopeless, but not serious."" -- Karl Klaus","""상황은 절망적이다. 하지만 심각하지는 않다."" — 카를 크라우스",
quotes_343,"""My father rode a camel. I drive a car. My son flies a jet airplane. His son will ride a camel."" -- Saudi saying","""내 아버지는 낙타를 타셨다. 나는 자동차를 몬다. 내 아들은 제트기를 몬다. 그 아들은 다시 낙타를 탈 것이다."" — 사우디 속담",
quotes_344,"""There's many a pessimist who got that way by financing an optimist."" -- Unknown","""낙관론자에게 돈을 대주다가 비관론자가 된 사람이 부지기수다."" — 작자 미상",
quotes_345,"""My daddy was half-Mexican, half-Jewish. He was a migrant stockbroker."" -- Unknown","""우리 아버지는 절반은 멕시코계, 절반은 유대계였다. 아버지 직업은 이주 주식중개인이었다."" — 작자 미상",
quotes_346,"""My grandpa came from a family of very poor coal miners. They would send him down into the mine to make sure it was safe for the canaries."" -- Dr. Coyote","""우리 할아버지는 몹시 가난한 광부 집안 출신이었다. 사람들은 카나리아가 안전한지 확인하려고 할아버지를 먼저 광산 아래로 내려보내곤 했다."" — 코요테 박사",
quotes_347,"""A gold mine is a hole in the ground with a liar on top."" -- Mark Twain","""금광이란, 땅에 뚫린 구멍 위에 거짓말쟁이가 서 있는 것이다."" — 마크 트웨인",
quotes_348,"""The meek shall inherit the earth, but not the mineral rights."" -- J. Paul Getty","""온유한 자가 땅을 물려받으리라. 다만 광물채굴권까지는 아니다."" — J. 폴 게티",
quotes_349,"""Moses took us 40 years through the desert to bring us to the one spot in the Middle East that has no oil."" -- Golda Meir","""모세는 우리를 40년 동안 사막에서 헤매게 하고서야, 중동에서 유일하게 석유가 나지 않는 곳으로 데려왔다."" — 골다 메이어",
quotes_350,"""If you don't know who you are, the stock market is an expensive place to find out."" -- Adam Smith (Jerry Goodman)","""자신이 누구인지 모른다면, 주식시장은 그것을 알아내기에 값비싼 곳이다."" — 애덤 스미스 (제리 굿맨)",
quotes_351,"""Find the premise that is false and invest against it."" -- George Soros","""틀린 전제를 찾아내고, 그것에 반대로 투자하라."" — 조지 소로스",
quotes_352,"""The Americans will always do the right thing. After they've exhausted all the alternatives."" -- Sir Winston Churchill","""미국인들은 결국 항상 옳은 일을 한다. 다른 모든 대안을 다 써보고 난 뒤에."" — 윈스턴 처칠 경",
quotes_353,"""Political dissident, n. In America, a person who is about to have his or her income tax returns audited by the I.R.S., all the way back to 1913. In China, a person who is about to become an organ donor."" -- From the Skeptic's Dictionary","""정치적 반체제 인사, 명사. 미국에서는, 1913년까지 거슬러 올라가 국세청 (IRS)의 세무조사를 받게 될 사람. 중국에서는, 곧 장기기증자가 될 사람."" — 《회의주의자 사전》에서",
quotes_354,"""Any ship can be a minesweeper... once."" --  Naval brass saying","""어떤 배든 소해정이 될 수 있다… 단 한 번은."" — 해군 고위급 사이에서 전해지는 말",
quotes_355,"""Cluster bombing from B-52s is very, very accurate. The bombs are guaranteed to always hit the ground."" -- U.S. Air Force literature","""B-52의 클러스터 폭격은 매우, 매우 정확하다. 폭탄은 반드시 땅에 명중하도록 보장되어 있다."" — 미 공군 홍보 자료",
quotes_356,"""All that happens [in a tax audit] is, you take your financial records to the IRS office and they put you into a tank filled with giant, stinging leeches. Many taxpayers are pleasantly surprised to find that they die within hours."" -- Dave Barry","""[세무조사에서] 벌어지는 일은 이렇다. 재무 기록을 들고 국세청 사무실에 가면, 조사관들이 거대한 독거머리로 가득 찬 수조에 집어넣는다. 많은 납세자들은 몇 시간 안에 죽는다는 사실에 뜻밖의 위안을 얻는다."" — 데이브 배리",
quotes_357,"""Taxes, n. Voluntary contributions to benefit the common weal, made by patriotic, civic-minded citizens, under maximum duress, at gunpoint if necessary."" -- From the Skeptic's Dictionary","""세금, 명사. 공익을 위해 애국적이고 시민의식 있는 국민이 자발적으로 내는 기부금. 최대한의 압박 아래, 필요하다면 총구를 겨눠서라도."" — 《회의주의자 사전》에서",
quotes_358,"""The more the state plans, the more difficult planning becomes for the individual."" -- Friedrich von Hayek","""국가가 계획을 세울수록, 개인이 계획을 세우기는 더 어려워진다."" — 프리드리히 폰 하이에크",
quotes_359,"""In economics, the majority is always wrong."" -- Noted economist John Kenneth Galbraith (who famously predicted that the centrally planned Soviet economy would soon leave the U.S. economy in the dust bin of history)","""경제학에서는 다수가 항상 틀린다."" — 저명한 경제학자 존 케네스 갤브레이스 (계획경제 체제의 소련 경제가 곧 미국 경제를 역사의 쓰레기통으로 몰아넣을 것이라 예측한 것으로도 유명하다)",
quotes_360,"""A government which robs Peter to pay Paul can always count on Paul's support."" -- George Bernard Shaw","""베드로의 것을 빼앗아 바울에게 주는 정부는 언제나 바울의 지지를 확보할 수 있다."" — 조지 버나드 쇼",
quotes_361,"""In general, the art of government consists of taking as much money as possible from one party of the citizens to give to the other."" -- Voltaire (1764)","""일반적으로 통치의 기술이란, 국민의 한쪽에서 최대한 많은 돈을 빼앗아 다른 쪽에게 주는 것으로 이루어진다."" — 볼테르 (1764년)",
quotes_362,"""It's not important who votes, but who counts the votes."" -- Josef Stalin (who, contrary to what some may have suspected, was from Georgia, the country, not Georgia, the state)","""누가 투표하느냐는 중요하지 않다. 누가 표를 세느냐가 중요하다."" — 이오시프 스탈린 (일각의 짐작과 달리, 그는 미국의 조지아주가 아니라 나라 조지아 출신이다)",
quotes_363,"""I'm glad to see we're finally taking life-and death medical decisions out of the greedy hands of lawyers, and putting them where they belong -- in the hands of accountants."" -- Dr. Coyote","""생사를 가르는 의료 결정을, 마침내 탐욕스러운 변호사들의 손에서 빼앗아 원래 있어야 할 곳 — 회계사들의 손 — 으로 넘기고 있다니 반가운 일이다."" — 코요테 박사",
quotes_364,"""Asking an incumbent member of Congress to vote for term limits is a bit like asking the chicken to vote for Colonel Sanders."" -- Rep. Bob Inglis, (R - South Carolina)","""현직 의원에게 임기 제한 법안에 찬성표를 던지라고 요구하는 것은, 닭에게 커널 샌더스를 지지하라고 요구하는 것과 다름없다."" — 밥 잉글리스 하원의원 (공화당-사우스캐롤라이나)",
quotes_365,"""Election, n. That part of the political process by which we eliminate all the scoundrels, cads, fools, mountebanks, liars, frauds, and scalawags but one."" -- The Skeptic's Dictionary","""선거, 명사. 정치 과정에서 악당과 비열한 자, 바보, 사기꾼, 거짓말쟁이, 협잡꾼, 불한당을 단 한 명만 남기고 모두 제거하는 절차."" — 《회의주의자 사전》",
quotes_366,"""While there may not be anyone worth voting for in some elections, there is always someone worth voting AGAINST."" -- Sir Winston Churchill","""어떤 선거에는 찬성표를 던질 만한 사람이 없을 수도 있다. 하지만 반대표를 던질 만한 사람은 언제나 있다."" — 윈스턴 처칠 경",
quotes_367,"""Democracy is the theory that the common people know what they want, and deserve to get it good and hard."" -- H.L. Mencken","""민주주의란, 평범한 사람들이 무엇을 원하는지 알고 있으며, 그것을 호되게 얻어맞아 가며 얻을 자격이 있다는 이론이다."" — H.L. 멩켄",
quotes_368,"""Democracy must be something more than two wolves and a sheep voting on what to have for dinner."" -- James Bovard, Civil Libertarian","""민주주의는 늑대 두 마리와 양 한 마리가 저녁 메뉴를 투표로 정하는 것 이상이어야 한다."" — 제임스 보바드, 시민자유주의자",
quotes_369,"""Politics, n. As practiced in America, a civil war in a leper colony."" -- From The Skeptic's Dictionary (with thanks to Terence McKenna)","""정치, 명사. 미국에서 행해지는 방식으로 보자면, 나환자촌에서 벌어지는 내전."" — 《회의주의자 사전》에서 (테런스 매케나에게 감사를 전하며)",
quotes_370,"""Campaign contribution, n. bribe; value given for favors received."" -- From the Skeptic's Dictionary","""선거자금 기부, 명사. 뇌물. 받은 특혜에 대한 대가로 건네는 가치."" — 《회의주의자 사전》에서",
quotes_371,"""Government is a broker in pillage, and every election is a sort of advance auction in stolen goods."" -- H.L. Mencken","""정부는 약탈을 중개하는 브로커이며, 모든 선거는 일종의 장물 선매 경매다."" — H.L. 멩켄",
quotes_372,"""Uncommitted, adj. In politics, one whose asking price has not yet been agreed to."" -- From the Skeptic's Dictionary","""미결정, 형용사. 정치에서, 아직 몸값 흥정이 끝나지 않은 사람."" — 《회의주의자 사전》에서",
quotes_373,"""America is the only country that went from barbarism to decadence without civilization in between."" -- Oscar Wilde","""미국은 문명 단계를 거치지 않고 야만에서 곧바로 타락으로 넘어간 유일한 나라다."" — 오스카 와일드",
quotes_374,"""If only God would give me a clear sign! Like making a deposit under my name in a Swiss bank account."" -- Woody Allen","""신이 확실한 표시라도 하나 보내주면 좋겠다! 이를테면 내 이름으로 스위스 은행 계좌에 입금을 해준다든지."" — 우디 앨런",
quotes_375,"""...scientific theories change... one funeral at a time."" -- John Dobson","""…과학 이론은 바뀐다… 장례식 한 번에 하나씩."" — 존 돕슨",
quotes_376,"""The missionaries came to Hawaii, intending to do good, but instead wound up doing well."" -- Hawaiian saying","""선교사들은 좋은 일을 하려고 하와이에 왔지만, 결국 그들 자신이 잘 먹고 잘살게 되었다."" — 하와이 속담",
quotes_377,"""The first generation of missionaries who came to Hawaii were into religion. The second generation went into real estate."" -- Hawaiian saying","""하와이에 온 첫 세대 선교사들은 종교에 몸담았다. 그 자녀 세대는 부동산업에 몸담았다."" — 하와이 속담",
quotes_378,"""We are asked by science to believe that the entire universe sprang from nothingness, and at a single point and for no discernible reason. This notion is the limit case for credulity. In other words, if you can believe this, you can believe anything."" -- Terence McKenna (the ""mushroom philosopher"")","""과학은 우리에게 우주 전체가 아무런 이유도 없이 단 한 점에서 무 (無)로부터 생겨났다고 믿으라 요구한다. 이는 맹신의 극한값과도 같은 발상이다. 다시 말해, 이것을 믿을 수 있다면 무엇이든 믿을 수 있다는 뜻이다."" — 테런스 매케나 ('버섯 철학자')",
quotes_379,"""Modern science is based on the principle: 'Give us one free miracle, and we'll explain the rest.' The one free miracle is the appearance of all the mass and energy in the universe and all the laws that govern it in a single instant from nothing."" -- Terence McKenna","""현대 과학은 이런 원칙에 기반한다. '기적 하나만 공짜로 달라, 나머지는 우리가 설명하겠다.' 그 공짜 기적이란, 우주의 모든 질량과 에너지, 그리고 그것을 지배하는 모든 법칙이 단 한 순간에 무에서 생겨난 사건이다."" — 테런스 매케나",
quotes_380,"""The great thing about Glasgow is that if there's a nuclear attack it'll look exactly the same afterwards."" -- Billy Connolly","""글래스고의 좋은 점은, 핵공격을 당해도 그 전과 똑같아 보일 거라는 점이다."" — 빌리 코널리",
quotes_381,"""The state pretends to pay us, and we pretend to work."" -- Workers' saying in the old Soviet Union","""국가는 우리에게 월급을 주는 척하고, 우리는 일하는 척한다."" — 옛 소련 노동자들 사이에서 전해지던 말",
quotes_382,"""A dog who thinks he is man's best friend is a dog who obviously has never met a tax lawyer."" -- Fran Lebowitz","""자신이 인간의 가장 친한 친구라고 믿는 개는, 분명 세무 변호사를 만나본 적이 없는 개다."" — 프랜 레보위츠",
quotes_383,"""When I was younger I made it a rule never to take a strong drink before lunch. Now it is my rule never to do so before breakfast."" -- Sir Winston Churchill","""젊었을 때 나는 점심 전에는 절대 독한 술을 마시지 않는다는 원칙을 세웠다. 지금은 아침식사 전에는 절대 마시지 않는다는 원칙을 지키고 있다."" — 윈스턴 처칠 경",
quotes_384,"""Charisma, n. The ability of a politician to correctly anticipate the feelings of the mob and pander to them. Cf., focus groups."" -- From the Skeptic's Dictionary","""카리스마, 명사. 정치인이 대중의 감정을 정확히 예측하고 그것에 영합하는 능력. 참조: 포커스 그룹."" — 《회의주의자 사전》에서",
quotes_385,"""Contrite, adj. Exposed."" -- From the Skeptic's Dictionary","""뉘우치는, 형용사. 들통난."" — 《회의주의자 사전》에서",
quotes_386,"""Deficit spending, n. Leaving our descendants the sleeves of the vest."" -- From the Skeptic's Dictionary","""적자 지출, 명사. 후손들에게 조끼의 소매만 남겨주는 것."" — 《회의주의자 사전》에서",
quotes_387,"""Graft, n. A rarely mentioned fringe benefit of a career in public service."" -- From the Skeptic's Dictionary","""부정축재, 명사. 공직 경력에서 좀처럼 언급되지 않는 부가 혜택."" — 《회의주의자 사전》에서",
quotes_388,"""Paranoia means having all the facts."" -- William Burroughs","""편집증이란 모든 사실을 다 알고 있다는 뜻이다."" — 윌리엄 버로스",
quotes_389,"""Woe unto you also, ye lawyers."" -- Luke 11:46","""화 있을진저, 너희 변호사들이여."" — 누가복음 11장 46절",
quotes_390,"""Mortician, n. A professional person with a compelling financial interest in seeing a government bureaucracy take over the health care system."" -- From the Skeptic's Dictionary","""장의사, 명사. 정부 관료조직이 의료 시스템을 장악하는 것을 보고 싶어할 강력한 금전적 이해관계를 가진 전문직."" — 《회의주의자 사전》에서",
quotes_391,"""The difference between tax avoidance and tax evasion is the thickness of a prison wall."" -- Denis Healey","""절세와 탈세의 차이는 감옥 벽의 두께 정도다."" — 데니스 힐리",
quotes_392,"""Poor Mexico. So far from God, so close to the United States."" -- Porfirio Diaz (President of Mexico, 1876-1911)","""불쌍한 멕시코. 신으로부터는 그토록 멀고, 미국과는 그토록 가까우니."" — 포르피리오 디아스 (멕시코 대통령, 1876-1911)",
quotes_393,"""Top secret, n. An important fact, classified information known only to the NSA and other high government officials, the Internal Revenue Service, and the enemy."" -- From the Skeptic's Dictionary","""일급비밀, 명사. 국가안보국 (NSA)을 비롯한 고위 정부 관료, 국세청, 그리고 적국만 알고 있는 중요한 기밀정보."" — 《회의주의자 사전》에서",
quotes_394,"""If you keep banging your head against the wall long enough, eventually a few cracks will appear. Not in the wall, necessarily."" -- Dr. Coyote","""벽에 머리를 계속 부딪히다 보면, 언젠가는 금이 간다. 반드시 벽에 간다는 보장은 없지만."" — 코요테 박사",
quotes_395,"""The more I read him, the less I wonder that they poisoned him."" -- Thomas Babington Macaulay, on Socrates","""그의 글을 읽으면 읽을수록, 사람들이 왜 그에게 독배를 내렸는지 더 이해가 간다."" — 토머스 배빙턴 매콜리, 소크라테스에 대해",
quotes_396,"""You can't tell the people the truth. If you tell them the truth, they will become fearful and unable to sleep at night. If they can't sleep at night, they will get up the next morning and vote you out of office."" -- Unknown politician, in a rare moment of candor","""국민에게 진실을 말해서는 안 된다. 진실을 말하면 그들은 두려움에 밤잠을 이루지 못할 것이다. 밤잠을 못 이루면 다음 날 아침 일어나 현직자를 낙선시킬 것이다."" — 어느 정치인, 보기 드문 솔직함의 순간에",
quotes_397,"""Self-determination, n. The unalienable right of a people to select their own oppressors. One man, one vote, one time."" -- From the Skeptic's Dictionary","""자결권, 명사. 국민이 자신을 억압할 자를 스스로 선택할 수 있는 양도할 수 없는 권리. 1인 1표, 단 한 번."" — 《회의주의자 사전》에서",
quotes_398,"""Taxes, n. The price we pay as citizens, so our government can make our lives more difficult and stressful."" -- From the Skeptic's Dictionary","""세금, 명사. 정부가 우리 삶을 더 힘들고 스트레스 가득하게 만들 수 있도록, 국민으로서 지불하는 대가."" — 《회의주의자 사전》에서",
quotes_399,"""Taxes grow without rain."" -- Jewish proverb","""세금은 비가 오지 않아도 자란다."" — 유대 속담",
quotes_400,"""The L.A.P.D. finally got around to filing charges against Rodney King after his little videotaped run-in with the law -- the charge was 'impersonating a pinata.'"" -- Dennis Miller","""LA경찰 (LAPD)은 로드니 킹이 비디오로 찍힌 그 작은 법 집행 소동을 벌인 뒤, 마침내 그에게 혐의를 씌웠다 — 죄목은 '피냐타 사칭'이었다."" — 데니스 밀러",
quotes_401,"""Man is basically a party animal."" -- St. Thomas Aquinas","""인간은 근본적으로 파티를 즐기는 동물이다."" — 성 토마스 아퀴나스",
quotes_402,"""Assault weapon, n. A hunting rifle, generally used to hunt two-legged deer."" -- From the Skeptic's Dictionary","""공격용 무기, 명사. 대개 두 발 달린 사슴을 사냥하는 데 쓰이는 사냥용 소총."" — 《회의주의자 사전》에서",
quotes_403,"""Never trust pessimistic forecasts from people who make a living selling more government."" -- Congressman Dick Armey","""정부 확대를 팔아 먹고사는 사람들의 비관적인 전망은 절대 믿지 마라."" — 딕 아미 하원의원",
quotes_404,"""I always advise people never to give advice."" -- P.G. Wodehouse","""나는 사람들에게 절대 충고하지 말라고 항상 충고한다."" — P.G. 우드하우스",
quotes_405,"""Peace is that brief glorious moment in history when everybody stands around reloading."" -- Attributed (incorrectly) to Thomas Jefferson","""평화란, 모두가 둘러서서 총을 재장전하는 역사 속의 짧고 영광스러운 순간이다."" — 토머스 제퍼슨이 한 말로 (잘못) 알려짐",
quotes_406,"""If God had intended us to fly he would have made it easier to get to the airport."" -- Jonathan Winters","""신이 우리를 날게 하려 했다면, 공항까지 가는 길을 좀 더 쉽게 만들어 놓았을 것이다."" — 조너선 윈터스",
quotes_407,"""Just because the river is quiet does not mean the crocodiles have left."" -- Malay proverb","""강이 잠잠하다고 해서 악어가 떠난 것은 아니다."" — 말레이 속담",
quotes_408,"""Life is short. Always eat dessert first."" -- Snoopy (Charles Schulz)","""인생은 짧다. 디저트는 항상 먼저 먹어라."" — 스누피 (찰스 슐츠)",
quotes_409,"""The secret of immortality is to pick an age you like and stick with it."" -- Snoopy","""불멸의 비결은 마음에 드는 나이를 골라 그 나이에 계속 머무는 것이다."" — 스누피",
quotes_410,"""Cocaine is the most mindless, pathetic drug.... It's God's way of telling you you've got too much money."" -- Sting","""코카인은 가장 무분별하고 한심한 마약이다… 돈이 너무 많다는 사실을 신이 알려주는 방식이다."" — 스팅",
quotes_411,"""I hate to advocate drugs, alcohol, violence, or insanity to anyone, but they've always worked for me."" -- Hunter S. Thompson","""누구에게든 마약, 술, 폭력, 광기를 권하고 싶지는 않다. 하지만 나에게는 늘 효과가 있었다."" — 헌터 S. 톰슨",
quotes_412,"""Happiness is an arms merchant selling to both sides in a holy war."" -- Anonymous","""행복이란, 성전 (聖戰)에서 양측 모두에 무기를 파는 무기상이 되는 것이다."" — 작자 미상",
quotes_413,"""Rock 'n' roll might best be summed up as monotony tinged with hysteria."" -- Vance Packard","""로큰롤은 히스테리가 가미된 단조로움으로 요약할 수 있을 것이다."" — 밴스 패커드",
quotes_414,"""GE and Whirlpool spent billions of dollars trying, but they still weren't able to put little Maytag out of the appliance business. You see, Maytag was clever. They segmented their market. That is, they shrewdly went after that segment of the appliance-buying market that wanted appliances that actually work."" -- Tom Peters","""GE와 월풀은 수십억 달러를 쏟아부었지만, 그래도 작은 메이택을 가전업계에서 몰아내지 못했다. 메이택은 영리했다. 그들은 시장을 세분화했다. 즉, '실제로 고장 나지 않는 가전제품'을 원하는 소비자층을 영리하게 공략한 것이다."" — 톰 피터스",
quotes_415,"""Fall is my favorite season in Los Angeles, watching the birds change color and fall from the trees."" -- David Letterman","""로스앤젤레스에서 내가 가장 좋아하는 계절은 가을이다. 새들이 색을 바꾸고 나무에서 떨어지는 걸 볼 수 있으니까."" — 데이비드 레터맨",
quotes_416,"""I have a rock garden. Last week three of them died."" -- Richard Diran","""나는 정원에 돌을 키운다. 지난주에 세 개가 죽었다."" — 리처드 디런",
quotes_417,"""In politics, never let a good crisis go to waste."" -- Rahm Emanuel","""정치에서는, 좋은 위기를 절대 허투루 흘려보내지 마라."" — 람 이매뉴얼",
quotes_418,"""There is nothing more reliable than a man whose loyalty can be bought for hard cash."" -- Rahm Emanuel","""현금으로 충성심을 살 수 있는 사람만큼 믿을 만한 사람도 없다."" — 람 이매뉴얼",
quotes_419,"""He who sells what isn't his'n, must buy it back or go to prison."" -- Daniel Drew, legendary 19th century stock speculator and short seller","""자기 것이 아닌 것을 판 자는, 그것을 되사거나 감옥에 가야 한다."" — 대니얼 드루, 19세기의 전설적인 주식 투기꾼이자 공매도 세력",
quotes_420,"""The time to buy is when there is blood in the streets ... even if the blood is your own."" -- 18th century British banker Baron Nathan Meyer Rothschild","""매수할 때는 거리에 피가 흐를 때다… 설령 그 피가 자신의 것일지라도."" — 18세기 영국 은행가 네이선 메이어 로스차일드 남작",
quotes_421,"""There is nothing in this world quite so sweet as positive cash flow."" -- Dr. Coyote","""세상에 흑자 현금흐름만큼 달콤한 것은 없다."" — 코요테 박사",
quotes_422,"""If there is one thing I learned on Wall Street, it's that when an investment banker starts talking about principles, he is usually also defending his interests and that he rarely stakes out the moral high ground unless he believes there is gold under his campsite."" -- Michael Lewis, in Liar's Poker","""월스트리트에서 배운 것이 하나 있다면, 투자은행가가 원칙을 논하기 시작할 때는 대개 자신의 이해관계도 함께 지키고 있다는 것, 그리고 그가 도덕적 우위를 점하는 것은 자기 야영지 밑에 금이 묻혀 있다고 확신할 때뿐이라는 것이다."" — 마이클 루이스, 《라이어스 포커》",
quotes_423,"""Life is a game. In order to have a game, something has to be more important than something else. So, life is a game in which what isn't is more important than what is. Let the good times roll."" -- Werner Erhard","""인생은 게임이다. 게임이 성립하려면 어떤 것이 다른 것보다 더 중요해야 한다. 그러므로 인생이란, 있는 것보다 없는 것이 더 중요한 게임이다. 좋은 시절을 마음껏 누려라."" — 베르너 에르하르트",
quotes_424,"""Money is the mother's milk of politics."" -- Jesse Unruh, California political godfather","""돈은 정치의 모유 (母乳)다."" — 제시 언루, 캘리포니아 정계의 대부",
quotes_425,"""I have never killed a man, but I have read many obituaries with great pleasure."" -- Clarence Darrow","""나는 사람을 죽여본 적은 없지만, 부고 기사는 큰 즐거움을 느끼며 여러 번 읽었다."" — 클래런스 대로",
quotes_426,"""As the camel falls to its knees, more knives are drawn."" -- Bedouin proverb","""낙타가 무릎을 꿇으면, 더 많은 칼이 뽑힌다."" — 베두인 속담",
quotes_427,"""Tyranny begins in the nursery."" -- Disraeli","""폭정은 육아실에서 시작된다."" — 디즈레일리",
quotes_428,"""Thy sin's not accidental, but a trade."" -- William Shakespeare","""그대의 죄는 우연이 아니라 생업이라."" — 윌리엄 셰익스피어",
quotes_429,"""And it came to pass in those days, that there went out a decree from Caesar Augustus, that all the world should be taxed."" -- Luke 2:1 (From the ""Were It Ever Not So?"" file)","""그 때에 가이사 아구스도가 영을 내려 천하로 다 호적하라 하였으니."" — 누가복음 2장 1절 ('세상이 달랐던 적이 있던가?' 파일에서)",
quotes_430,"""We didn't starve, but we didn't eat chicken unless we were sick, or the chicken was."" -- Bernard Malamud, writing of his childhood","""굶주리지는 않았지만, 우리가 아프거나 닭이 아프지 않는 한 닭고기를 먹는 일은 없었다."" — 버나드 맬러머드, 자신의 어린 시절을 회고하며",
quotes_431,"""Once, the bears were our food. Now we've become the food."" -- Inuit Naujaat elder Donat Milortok, on the recent proliferation of polar bears in northern Canada","""한때는 곰이 우리의 먹이였다. 이제는 우리가 곰의 먹이가 되었다."" — 이누이트 노아탁 원로 도낫 밀로톡, 캐나다 북부 지역에서 최근 급증한 북극곰에 대해",
quotes_432,"""There is only one cure for gray hair. It was invented by a Frenchman. It is called the guillotine."" -- P.G. Wodehouse","""흰머리에는 치료법이 딱 하나 있다. 프랑스인이 발명한 것으로, 이름은 기요틴이다."" — P.G. 우드하우스",
quotes_433,"""Lawsuit: A machine which you go into as a pig and come out as a sausage."" -- Ambrose Bierce","""소송: 돼지로 들어가서 소시지로 나오는 기계."" — 앰브로즈 비어스",
quotes_434,"""Cowardice is Mother Nature's gentle way of sorting out the weak and craven from the congenitally stupid."" -- Dr. Coyote","""비겁함이란, 대자연이 나약하고 겁 많은 자들을 선천적으로 어리석은 자들과 구분해내는 온화한 방식이다."" — 코요테 박사",
quotes_435,"""We are all born ignorant, but one must work hard to remain stupid."" -- Benjamin Franklin","""우리는 모두 무지한 채로 태어난다. 하지만 계속 어리석은 채로 남으려면 노력이 필요하다."" — 벤저민 프랭클린",
quotes_436,"""In Silicon Valley, being nouveau is not a problem if one is sufficiently riche."" -- Dr. Coyote, in the Gonzo Chronicles","""실리콘밸리에서는, 충분히 부유하기만 (리시) 하다면 벼락부자 (누보)인 것은 문제가 되지 않는다."" — 코요테 박사, 《곤조 연대기》에서",
quotes_437,"""You can fool all of the people some of the time, and some of the people all of the time... but now I am sure you can fool all of the people all of the time with a big enough budget and a really slick ad campaign."" -- Sean David Morton","""모든 사람을 잠깐 동안 속일 수 있고, 몇몇 사람을 영원히 속일 수는 있다… 하지만 이제는 예산만 충분하고 정말 세련된 광고 캠페인만 있다면, 모든 사람을 영원히 속일 수 있다고 확신한다."" — 션 데이비드 모턴",
quotes_438,"""Last year I had trouble with my income tax. I tried to take my analyst off as a business deduction. The government said it was entertainment. We compromised -- we made it a religious contribution."" -- Woody Allen","""작년에 소득세 문제로 골머리를 앓았다. 나는 정신분석의 비용을 사업 경비로 공제하려 했다. 국세청은 그것이 접대비라고 했다. 우리는 타협했다 — 결국 종교 기부금으로 처리하기로 했다."" — 우디 앨런",
quotes_439,"""It's another mediocre year -- worse than last year, but better than next year."" -- Russian saying, during the Soviet years","""또 한 번의 평범한 해다 — 작년보다는 나쁘지만, 내년보다는 낫다."" — 소련 시절 러시아 속담",
quotes_440,"""The search for someone to blame is always successful."" -- Robert Half","""탓할 사람을 찾는 일은 언제나 성공한다."" — 로버트 하프",
