Key,Source (EN),Target (KO),Context
advisory_3month_negative,@CORP will have negative cash flow in the next @MONTHS months.,@CORP은/는 향후 @MONTHS개월간 마이너스 현금흐름을 기록할 것입니다.,
advisory_acquires_mil,@CORP1 acquires @ASSET from @CORP2 for @AMOUNT mil.,@CORP1이/가 @CORP2로/으로부터 @ASSET을/를 @AMOUNT M.에 인수했습니다.,
advisory_analayst_providerstock,"Analysts see value in @IND stocks, despite current industry woes.","현재 업계의 부진에도 불구하고, 애널리스트들은 @IND 주식에서 투자 가치를 찾고 있습니다.",
advisory_analyst_prediction_1,Analysts predict both oil prices and interest rates will {fall|rise} from present levels.,애널리스트들은 유가와 금리 모두 현재보다 {하락|상승}할 것으로 전망합니다.,
advisory_analyst_prediction_2,"Analysts predict decreasing oil prices, but rising interest rates.","애널리스트들은 유가는 하락하고, 금리는 상승할 것으로 전망합니다.",
advisory_analyst_prediction_3,"Analysts predict a rise in oil prices, while interest rates are likely to decline.","애널리스트들은 유가는 상승할 것이라 내다보지만, 금리는 하락할 수도 있을 것으로 전망합니다.",
advisory_analyst_prediction_4,Analysts predict a {drop|rise} in interest rates in the near future.,애널리스트들은 조만간 금리가 {하락|상승}할 것으로 전망합니다.,
advisory_analyst_prediction_5,Analysts predict that oil prices will come under increasing downward pressure as {production rises|consumption decreases in a weak economy}.,애널리스트들은 {석유 생산량이 늘어남에 따라 유가에 하방 압력이 커질|경기 부진으로 소비가 줄어들면서 유가에 추가 하락 압력이 가해질} 것으로 전망합니다.,
advisory_analyst_prediction_6,"Analysts predict that oil prices will rise, due to tightening supply conditions.",애널리스트들은 공급이 축소되면서 유가가 상승할 것으로 전망합니다.,
advisory_analyst_rating,ANALYSTS' STOCK RATING: @RECOMMENDATION,애널리스트 주식 평가: @RECOMMENDATION,
advisory_any_slowing_economic,"Any slowing in economic growth and auto sales often has little effect on parts makers, as pricing of replacement parts for existing vehicles is generally much higher than auto parts companies can charge auto manufacturers for original equipment.","경제 성장 및 자동차 판매 둔화는 대개 부품 제조업체에 큰 영향을 미치지 않는데, 기존 차량용 교체 부품의 가격이 자동차 부품업체가 완성차 제조사에 순정부품 명목으로 청구할 수 있는 가격보다 일반적으로 훨씬 높기 때문입니다.",
advisory_bankprime_comparaison,"The bank prime interest rate has {risen|fallen} {sharply|significantly|dramatically}, from @PCT1 a year ago, to @PCT2 at present.",은행 우대 금리는 1년 전 @PCT1에서 현재 @PCT2로 {[2]급격히|크게|극적으로} {[1]상승|하락}했습니다.,
advisory_bearmarket,"In the current {[1]bear|bull} market, stocks have been {[2]falling|climbing} for the last @COUNT {years|months}.",현재 {[1]약세장에서|강세장에서} 주가는 최근 @COUNT{년|개월} 동안 {[2]하락해|상승해} 왔습니다.,
advisory_burningcash,"The company {[1]is burning cash rapidly and is expected to|is expected to} use up most of its existing cash in the next @MONTHS1 months, and may run out of cash at that burn rate in @MONTHS2 months or less.","해당 기업은 {[1]현금을 빠르게 소진하고 있으며, 향후 @MONTHS1개월 내로 기존 현금 대부분을 다 쓸 것으로 예상됩니다. 이|향후 @MONTHS1개월 내로 보유한 현금 대부분을 소진할 것으로 예상되며, 이} 소진 속도라면 @MONTHS2개월 이내에 현금이 바닥날 수도 있습니다.",
advisory_cash_burning,"However, the company is burning cash at a fairly rapid rate.","다만, 해당 기업은 현금을 상당히 빠른 속도로 소진하고 있습니다.",
advisory_cash_credit_03,"Unless there are major changes, it will have completely exhausted any cash resources by then.","큰 변수가 없다면, 해당 기업은 남아있는 현금을 모두 소진할 것으로 보입니다.",
advisory_cashflow_3month_negative_liquidity,"Negative cash flow is projected over the next @MONTHS months, but @CORPFULL has ample liquidity.","향후 @MONTHS개월간 현금흐름이 마이너스로 전망되지만, @CORPFULL은/는 충분한 유동성을 보유하고 있습니다.",
advisory_cashflow_3month_negative_liquidity_lineofcredit,"Negative cash flow is projected over the next @MONTHS months, but @CORPFULL has ample liquidity and a bank line of credit to finance its continued rapid expansion.","향후 @MONTHS개월간 마이너스 현금흐름이 전망되지만, @CORPFULL은/는 풍부한 유동성과 은행 신용한도를 보유하고 있어 빠른 확장세를 유지할 수 있을 것으로 보입니다.",
advisory_cashflow_3month_negative_liquidity_lineofcredit_1,"Negative cash flow is projected over the next @MONTHS months, but @CORPFULL has ample liquidity and a bank line of credit.","향후 @MONTHS개월간의 현금흐름은 마이너스일 것으로 전망되지만, @CORPFULL은/는 충분한 유동성과 은행 신용한도를 보유하고 있습니다.",
advisory_cashflow_3month_positive,Cash flow is expected to remain positive over the next @MONTHS months for the company.,향후 @MONTHS개월간 현금흐름이 플러스를 유지할 것으로 예상됩니다.,
advisory_cashflow_3month_positive_bonds,"Cash flow is expected to remain positive over the next @MONTHS months for the company, which {is accumulating|has accumulated} cash to redeem bonds due in @YEAR.","해당 기업은 향후 @MONTHS개월간 현금흐름이 플러스를 유지할 것으로 예상되며, @YEAR년 만기 채권 상환을 위한 {자금을 모으고 있습니다|충분한 현금을 축적해 왔습니다}.",
advisory_cashflow_3month_positive_lead,Cash flow is expected to remain positive over the next three months for the company,"해당 기업은 향후 3개월간 현금흐름이 양 (+)의 상태를 유지할 것으로 예상되며,",
advisory_cashflow_3month_positive_tail1,", which has accumulated cash to redeem bonds due in @YEAR.",@YEAR년 만기 채권 상환을 위한 충분한 현금을 축적해 왔습니다.,
advisory_cashflow_3month_positive_tail2,", which is accumulating cash to redeem bonds due in @YEAR.",@YEAR년 만기 채권 상환을 위한 현금을 축적하고 있습니다.,
advisory_cashflow_3month_positive_tail3,", which has halted capital spending in order to conserve cash and pay down its credit line with @CORPFULL.",현금을 아끼고 @CORPFULL과/와의 신용한도 사용분을 상환하기 위해 설비투자를 중단했습니다.,
advisory_cashflow_3month_positive_tail4,", which has halted capital spending in order to conserve cash and pay down its bank loan.",현금을 아끼고 은행 대출을 상환하기 위해 설비투자를 중단했습니다.,
advisory_cashflow_3month_positive_tail4_1,", enabling it to reduce its borrowing from @CORPFULL.",이에 따라 @CORPFULL로/으로부터의 빚을 줄일 수 있을 것입니다.,
advisory_cashflow_3month_positive_tail5,", which has halted capital spending in order to conserve cash.",현금을 아끼기 위해 설비투자를 중단했습니다.,
advisory_cashflow_positive_reduceborrow,"Cash flow is expected to remain positive over the next @MONTHS months for the company, enabling it to reduce its borrowing from @CORPFULL.","향후 @MONTHS개월간 현금흐름이 플러스를 유지할 것으로 예상되며, 이에 따라 @CORPFULL로/으로부터의 차입을 줄일 수 있을 것입니다.",
advisory_cheat_cash,"(** Note: Your net worth has been increased by use of the Add-Cash ""cheat"" feature during this game.)","(** 알림: 이번 게임에서 현금 추가 ""치트"" 를 사용하여 순자산이 증가했습니다.",
advisory_commodity_ascent_succession,"Meanwhile, @COMMODITY prices continued their ascent, for the {[1]second|third|fourth|fifth|sixth|seventh|eighth|ninth|tenth} year in succession.",한편 @COMMODITY 가격은 {[1]2|3|4|5|6|7|8|9|10}년 연속 상승세를 이어갔습니다.,
advisory_commodity_comex_change,"On the {Comex|NYMEX|CBOT}, the price of @COMMODITY is {down|up} @PCT in @MONTHS months.",{Comex|NYMEX|CBOT}에서 @COMMODITY 가격은 @MONTHS개월 동안 @PCT {하락했습니다|상승했습니다}.,
advisory_commodity_consecutive,"{[1]In cryptocurrency trading,|''} the price of @COMMODITY has {[2]been increasing|been decreasing|risen|fallen} for @MONTHS consecutive months.","{[1]암호화폐 시장에서,|''} @COMMODITY 가격은 @MONTHS개월 연속 {[2]상승하고 있습니다|하락하고 있습니다|상승했습니다|하락했습니다}.",
advisory_commodity_downagain,"In the @COMMODITY market, prices are {down|up} again, a trend that has continued now for @MONTHS months.","@COMMODITY 시장에서 가격이 다시 {하락|상승}했으며, 이러한 흐름이 @MONTHS개월째 이어지고 있습니다.",
advisory_commodity_full_bumper_harvest,The price of @COMMODITY is depressed since a nearly ideal growing season produced a bumper harvest.,@COMMODITY 가격은 거의 이상적인 작황 여건 속에 풍작이 이루어지면서 약세를 보이고 있습니다.,
advisory_commodity_full_cme_ytd_up,"{[1]In grain market trading,|''} @COMMODITY prices on the Chicago Merc are up{[2], in spectacular fashion,|''} @PCT so far this year.",시카고상품거래소 (CME)의 @COMMODITY 가격은 올해 들어 지금까지 @PCT {[2]급등|상승}했습니다.,
advisory_commodity_full_nymex_ytd_down,"{[1]In the grain markets,|''} the price of @COMMODITY on the {[2]NYMEX|Comex|CBOT} is currently @PCT {[3]lower|higher} than at the start of @YEAR.",{[2]NYMEX|Comex|CBOT} 기준 {[1]곡물 시장의|''} @COMMODITY 가격은 현재 @YEAR년 초 대비 @PCT {[3]하락했습니다|상승했습니다}.,
advisory_commodity_full_oil_months_up,The spot oil price has {[1]exploded upward|moved up} @PCT over the last @MONTHS months.,현물 유가는 최근 @MONTHS개월간 @PCT {[1]급등|상승}했습니다.,
advisory_commodity_full_oil_year_up,"The spot oil price has {[1]exploded upward|moved up} over the last year, rising @PCT during that span.",현물 유가는 지난 1년간 @PCT {[1]급등|상승}했습니다.,
advisory_commodity_full_second_year_up,"{[1]In other commodities trading|In grain market trading}, @COMMODITY prices are {[3]higher|down} for the {[2]second|third} year in a row, currently trading at @AMOUNT a @UNIT in the spot market.","{[1]원자재|곡물} 시장에서 @COMMODITY 가격은 {[2]2|3}년 연속 {[3]상승했으며|하락했으며}, 현재 현물 시장에서 @UNIT당 @AMOUNT에 거래되고 있습니다.",
advisory_commodity_full_silver_recent_down,"{[1]Elsewhere, in other|Meanwhile, in} metals trading, the price of silver has cratered, sliding @PCT in recent months.","한편, 금속 시장에서 은 가격은 최근 몇 달간 @PCT 급락했습니다.",
advisory_commodity_full_spot_streak_down,The spot price of @COMMODITY has {[1]declined|fallen|dropped} for @MONTHS straight months.,@COMMODITY 현물 가격은 최근 @MONTHS개월 연속 하락했습니다.,
advisory_commodity_full_spot_yoy,The spot price of @COMMODITY is currently @PCT {[1]lower|higher} than this time last year.,@COMMODITY 현물 가격은 작년 이맘때 대비 현재 @PCT {[1]하락한|상승한} 수준입니다.,
advisory_commodity_lead_market,"{[1]In the grain markets|In futures trading|In the metals|In grain trading|In metals trading}, {[2]the price of @COMMODITY|@COMMODITY}",{[1]곡물|선물|금속|곡물|금속} 시장에서 {[2]@COMMODITY|@COMMODITY} 가격은,
advisory_commodity_lead_meanwhile,"{[1]Elsewhere, in other|Meanwhile, in} {[2]metals|grain|futures} trading, {[3]the price of @COMMODITY|the @COMMODITY price}","한편, {[2]금속|곡물|선물} 시장에서 {[3]@COMMODITY|@COMMODITY} 가격은",
advisory_commodity_lead_plain,{[1]The price of @COMMODITY|The @COMMODITY price|@COMMODITY prices},{[1]@COMMODITY|@COMMODITY|@COMMODITY} 가격은,
advisory_commodity_meanwhile_tumbled,"Meanwhile, in {metals|grain|futures} trading, the price of @COMMODITY {bullion|} has tumbled by @PCT over the last @MONTHS months.","한편, {금속|곡물|선물} 시장에서 @COMMODITY 가격은 최근 @MONTHS개월간 @PCT 급락했습니다.",
advisory_commodity_prices_inarow,@COMMODITY prices have {[1]dropped|fallen|risen|climbed} for @MONTHS months in a row.,@COMMODITY 가격이 @MONTHS개월 연속 {[1]하락|하락|상승|상승}하고 있습니다.,
advisory_commodity_spot_up_again,"{[1]In the grain markets|In futures trading|In the metals|In grain trading|In metals trading}, the spot price of @COMMODITY is up again, to @AMOUNT per @UNIT, which continues the trend of the last @MONTHS months.","{[1]곡물|선물|금속|곡물|금속} 시장에서 @COMMODITY 현물 가격이 @UNIT당 @AMOUNT로/으로 다시 상승했으며, 이는 지난 @MONTHS개월간의 추세가 이어진 것입니다.",
advisory_commodity_tail_down,{[1]has fallen|is down|has dropped|has tumbled|prices have tumbled|have gone down|have fallen|have dropped|have tumbled} @PCT {[2]in|over|over the course of} {[3]the last|the past|''} {[4]year|@MONTHS months|recent months}.,{[4]지난 1년간|최근 @MONTHS개월간|최근 몇 달간} @PCT {[1]하락|하락|하락|급락|급락|하락|하락|하락|급락}했습니다.,
advisory_commodity_tail_followup_down,", but {[1]has sold off by @PCT in the last|has dropped by @PCT in the last|the price has been falling for the last} @MONTHS months.",{[1]최근 @MONTHS개월간 @PCT 하락했습니다|최근 @MONTHS개월간 @PCT 하락했습니다|최근 @MONTHS개월간은 하락세를 보이고 있습니다}.,
advisory_commodity_tail_followup_rebound,"{[1], but has recovered off its lows|, but has rebounded|, but has recovered by|, but has moved up|, but has bounced back} @PCT in the last @MONTHS months.",최근 @MONTHS개월간 {[1]저점 대비|''|''|''|''} @PCT 반등했습니다.,
advisory_commodity_tail_up,{[1]is up|has moved up|has shot up|has zoomed upward|has soared|prices have skyrocketed|have gone up|have moved up|have shot up|has risen} @PCT {[2]in|over|over the course of} {[3]the last|the past|''} {[4]year|@MONTHS months|recent months}.,{[4]지난 1년간|최근 @MONTHS개월간|최근 몇 달간} @PCT {[1]상승|상승|급등|급등|급등|급등|상승|상승|급등|상승}했습니다.,
advisory_commodity_up_then_down,"The price of @COMMODITY is {[1]up @PCT1 over the last @MONTHS1 months, but has dropped by|still down @PCT1 over the last @MONTHS1 months, but has recovered by|still down @PCT1 over the last @MONTHS1 months, but has rallied back} @PCT2 in the last @MONTHS2 months.","@COMMODITY 가격은 지난 @MONTHS1개월 동안 {[1]@PCT1 상승했으나, 지난 @MONTHS2개월 동안 @PCT2 하락했습니다|여전히 @PCT1 하락한 상태이지만, 지난 @MONTHS2개월 동안 @PCT2 반등했습니다|여전히 @PCT1 하락한 상태이지만, 지난 @MONTHS2개월 동안 @PCT2 반등했습니다}.",
advisory_condition_favorable_lead,Economic conditions that might support sustained steady growth are quite favorable currently,지속적인 안정 성장을 뒷받침할 만한 경제 여건은 현재 상당히 우호적입니다.,
advisory_condition_favorable_low_oil_tax_review,"Economic conditions that might support sustained steady growth are quite favorable currently, with both low oil prices and low tax rates.","지속적인 안정 성장을 뒷받침할 만한 경제 여건은 현재 상당히 우호적이며, 낮은 유가와 낮은 세율이 함께 작용하고 있습니다.",
advisory_condition_improve_indleader,"However, conditions may improve, if {industry titan|industry leader|industry's dominant company,} @CORPFULL continues to retrench and {reduce|give up} market share.","다만, {업계 거물인|업계 선두 기업인|업계 1위 기업인} @CORPFULL이/가 계속해서 사업을 축소하고 시장점유율을 줄여나간다면 상황이 개선될 수도 있습니다.",
advisory_condition_mix_lead,Economic conditions that might support sustained steady growth are currently somewhat mixed,지속적인 안정 성장을 뒷받침할 만한 경제 여건은 현재 다소 엇갈리는 모습입니다.,
advisory_condition_poor_lead,Turning around the current poor economic performance will depend on conditions that are quite favorable currently,"현재의 경기 침체를 극복할 수 있을지는 여러 경제 여건에 달려 있는데, 그 여건은 현재 상당히 우호적입니다.",
advisory_condition_tail1,", with moderate energy prices, high interest rates, and very low tax rates.","적당한 에너지 가격, 높은 금리, 매우 낮은 세율이 함께 맞물려 있습니다.",
advisory_condition_tail2,", with high energy prices, high interest rates, and very low tax rates.","높은 에너지 가격, 높은 금리, 매우 낮은 세율이 함께 맞물려 있습니다.",
advisory_condition_tail3,", with high energy prices, low interest rates, and very low tax rates.","에너지 가격은 높은 편이지만, 금리는 낮고 세율도 매우 낮은 수준입니다.",
advisory_condition_tail4,", with low interest rates, low income tax rates, and moderate oil prices.","낮은 금리, 낮은 소득세율, 적당한 수준의 유가가 함께 맞물려 있습니다.",
advisory_condition_tail5,", with a combination of low tax rates, low oil prices, and low interest rates.","낮은 세율, 낮은 유가, 낮은 금리가 함께 맞물려 있습니다.",
advisory_condition_tail6,", with high energy prices, reasonable interest rates, and very low tax rates.","에너지 가격은 높은 편이지만, 금리는 적정 수준이고 세율도 매우 낮습니다.",
advisory_condition_tail7,", with low energy prices, high interest rates, and very low tax rates.","에너지 가격은 낮은 편이지만, 금리는 높고 세율은 매우 낮습니다.",
advisory_condition_tail8,", with both low oil prices and low tax rates.","낮은 세율, 낮은 유가가 함께 맞물려 있습니다.",
advisory_condition_tail9,", with moderate energy prices, reasonable interest rates, and very low tax rates.","적당한 에너지 가격, 적정 수준의 금리, 매우 낮은 세율이 함께 맞물려 있습니다.",
advisory_condition_turnaround_lead,Turning around the current poor economic performance will depend on conditions that are currently somewhat mixed,"현재의 경기 침체를 극복할 수 있을지는 여러 경제 여건에 달려 있는데, 그 여건은 현재 다소 엇갈리는 모습입니다.",
advisory_control_actively,You (player) control and actively manage @CORPFULL.,"직접 @CORPFULL을/를 지배하며, 적극적으로 경영하고 있습니다.",
advisory_control_player_02,You (player) control @CORPFULL.,직접 @CORPFULL을/를 지배합니다.,
advisory_controlled1,"@CORPFULL1 is controlled by @CORPFULL2, at present.",@CORPFULL1은/는 현재 @CORPFULL2의 지배 하에 있습니다.,
advisory_controlled_none,"@CORPFULL is controlled by no one, at present.",@CORPFULL은/는 현재 누구의 지배도 받지 않습니다.,
advisory_corpindustry,@CORPFULL (@CORP) is in the @IND industry.,@CORPFULL (@CORP)은/는 @IND 산업에 속해 있습니다.,
advisory_creditrate_beggar,"At present, you have a beggar's credit rating (""D"").","현재 신용등급은 거지나 다름없는 수준 (""D"")입니다.",
advisory_creditrating_burningcash,"It currently has a credit rating of @RATING, {and|but} is burning through its cash at a rapid rate.","현재 신용등급은 @RATING이{며|지만}, 빠른 속도로 현금을 소진하고 있습니다.",
advisory_creditrating_lead,"At present, you have {a poor|an abysmal|a decent|a very strong} credit rating (""@RATING"")","현재 신용등급은 {낮은 편|형편없는 수준|양호한 수준|매우 우수한 수준} (""@RATING"")",
advisory_creditrating_liquidationwarning,You may soon be forced to raise cash by liquidating investments.,현금 부족으로 인해 조만간 보유 자산을 강제로 청산해야 할 수도 있습니다.,
advisory_creditrating_tail_interestpaymentsok, but you have enough cash to make interest payments on your debt for now.,"이지만, 대출 이자를 감당할 수 있을 만큼의 현금 유동성을 확보하고 있습니다.",
advisory_creditrating_tail_investflex, and have the financial flexibility to make new investments or retain your existing positions.,"이며, 신규 투자 및 기존 포지션 유지가 가능할 정도로 재무적 여력이 있습니다.",
advisory_creditrating_tail_nocrisis, and are not facing any imminent financial crisis.,"이며, 당장 시급한 재정 위기는 없는 상태입니다.",
advisory_creditrating_tail_overdrawn,", but your bank account is overdrawn, so you will need to borrow on your line of credit or liquidate some of your assets.","이지만, 은행 계좌 잔액이 마이너스 상태이므로 신용한도를 끌어 쓰거나 일부 자산을 매각해야 합니다.",
advisory_creditrating_tail_shortoffunds, and are very short of funds.,이며 심각한 자금난에 시달리고 있습니다.,
advisory_crudeoil_climb,Crude oil prices have {[1]climbed|risen|shot up} @PCT since @MONTH of last year.,작년 @MONTH월 이후 원유 가격이 @PCT {[1]상승했습니다|상승했습니다|급등했습니다}.,
advisory_crudeoil_depress,"Crude oil, in the spot market, continues to trade at {depressed|extremely depressed|elevated} levels.",현물 시장에서 원유 가격이 {지속적인 약세를 보이고|극심한 약세를 지속하고|지속적인 강세를 보이고} 있습니다.,
advisory_crudeoil_drop,"Crude oil prices have dropped @PCT from @MONTH, @YEAR.",원유 가격이 @YEAR년 @MONTH월 대비 @PCT 하락했습니다.,
advisory_crudeoil_thisyear_down,"However, the price of crude is down @PCT since the beginning of this year (@YEAR).",하지만 원유 가격은 올해 (@YEAR) 들어 @PCT 하락했습니다.,
advisory_crudeoil_year_down,"Over the last year, the spot price of crude oil has come down by @PCT.",지난 1년간 현물 원유 가격이 @PCT 하락했습니다.,
advisory_crudeoil_ytd_down,The price of crude is {down|up} @PCT since the beginning of this year (@YEAR).,국제 유가는 올해 (@YEAR년) 연초 대비 @PCT의 {하락세|상승세}를 기록 중입니다.,
advisory_crypto_price,CRYPTO UPDATE (U.S. Dollar prices):,암호화폐 업데이트 (미국 달러 가격):,
advisory_crypto_price_bitcoin,Bitcoin: @AMOUNT...,비트코인: @AMOUNT...,
advisory_crypto_price_ethereum,Ethereum: @AMOUNT...,이더리움: @AMOUNT...,
advisory_crypto_soared,"In wild cryptocurrency trading, the price of {Bitcoin|Ethereum} has soared by @PCT in the last year.","혼란스러운 암호화폐 거래 속에서, {비트코인|이더리움} 가격이 지난 1년간 @PCT 급등했습니다.",
advisory_cryptoprice,CRYPTO UPDATE (U.S. Dollar prices): Bitcoin: @AMOUNT1... Ethereum: @AMOUNT2...,암호화폐 시황 (미국 달러 기준): 비트코인: @AMOUNT1... 이더리움: @AMOUNT2...,
advisory_current_fluctuate,"Profitability of supermarkets tends not to fluctuate greatly with the economic cycle, so that profits are expected to remain high in the current moderately expansive economy.","슈퍼마켓 업종은 경기 변동에 크게 좌우되지 않는 특성 상, 현재의 낮은 경기 확장세에도 높은 수익성이 계속될 것으로 전망됩니다.",
advisory_demand_alcoholic_beverages,"Demand for alcoholic beverages is currently decreasing, which does not bode well for the future, if the trend continues.","현재 주류에 대한 수요가 감소하고 있으며, 이 추세가 계속될 경우 전망이 밝지 않습니다.",
advisory_demand_continue,"Over the next year, industry analysts {[2]expect|look for} the current demand growth rate for the industry to continue to {[1]improve|move higher}.",향후 1년간 업계 애널리스트들은 해당 산업의 현재 수요 성장률이 계속 {[1]개선될|상승할} 것으로 전망하고 있습니다.,
advisory_demand_not_growing,"Industry demand is currently not growing at all{[1], but is contracting at @PCT per year|''}.","현재 해당 산업의 수요는 성장이 완전히 정체된 상태{[1]이며, 연간 @PCT씩 감소하는 추세입니다|입니다}.",
advisory_demande_supply_unbalanced,"That does not necessarily mean profitability will improve, if industry capacity continues to grow faster than demand, however.","하지만 해당 업계의 공급 능력이 수요보다 빠르게 지속적으로 늘어난다면, 반드시 수익성이 개선될 것이라고 볼 수는 없습니다.",
advisory_dire_strait,"You are in dire financial straits, and a remorseless creditor, @CORPFULL, plans to call in your loan and force you to sell everything you own and go bankrupt.","심각한 재정 위기에 봉착했습니다. 냉혹한 채권자인 @CORPFULL이/가 차입금의 조기 상환을 요구하고 있으며, 보유한 모든 자산을 강제 매각시켜 파산을 시킬 작정입니다.",
advisory_dog,"A major financial publication is predicting that very soon you will be a homeless beggar, sleeping under bridges; they say you are no longer a 'Wolf of Wall Street' -- more like a stray dog.",주요 경제 매체들은 조만간 다리 밑에서 잠이나 퍼질러자는 노숙자 신세로 전락할 것이라고 보도하고 있습니다. 그들은 이제 '월가의 늑대'가 아니라 '동네 똥개'나 다름없다고 비아냥거리고 있습니다.,
advisory_drilling_activity_rig,"Drilling activity and rig counts are down, as new laws have largely outlawed ""fracking.""",새로운 법률로 인해 '프래킹 공법'이 사실상 금지되면서 시추 활동과 시추기 가동 수가 감소했습니다.,
advisory_drug_business_rapidly,"The drug business is a rapidly growing industry, long term, but profits are fading, as a number of patents are expiring on important drugs.","제약업은 장기적으로 빠르게 성장하는 업종이지만, 주요 의약품의 특허가 다수 만료되면서 수익성은 약화되고 있습니다.",
advisory_due_constant_innovation,"Due to constant innovation and an increasing emphasis on robotics, profits should continue to flow freely in the electronics business, in the near-term.","지속적인 혁신과 로봇공학에 대한 관심 증대에 힘입어, 단기적으로 전자 업계의 수익이 계속 원활히 창출될 것으로 보입니다.",
advisory_earnings_financials_02,"Each ETF is exempt from taxes as long as it pays out at least @PCT of its net income from dividends and interest, as 'regular dividends,' and pays out all net capital gains as 'capital gains dividends' to shareholders at year-end.","각 ETF는 배당 및 이자 순이익의 최소 @PCT를 '정기 배당'으로 지급하고, 연말에 모든 순 자본이득을 '자본이득 배당'으로 주주들에게 분배하는 한 세금이 면제됩니다.",
advisory_earnings_next_proj,@CORP's earnings for {next|this} quarter are projected to be @AMOUNT per share.,@CORP의 {다음|이번} 분기 실적은 주당 @AMOUNT로/으로 전망됩니다.,
advisory_earnings_this_proj1,@CORP's earnings for {this|next} quarter are projected to {improve|decline|increase} to @AMOUNT per share.,@CORP의 {이번|다음} 분기 실적은 주당 @AMOUNT로/으로 {개선될|하락할|증가할} 것으로 전망됩니다.,
advisory_economic_industry_comment,"The slow-growing global economy is not hurting auto sales, as the @IND industry continues to post strong bottom-line results.",성장이 둔화된 세계 경제도 자동차 판매에는 타격을 주지 못하고 있습니다. @IND 산업이 계속해서 견조한 순이익 실적을 내고 있기 때문입니다.,
advisory_economicboom,Company profits in the @IND industry are being {aided|buoyed|lifted} by the global economic boom.,@IND 산업의 기업 이익은 세계 경제 호황{의 수혜를 받고 있습니다|에 힘입어 개선되고 있습니다|에 힘입어 상승하고 있습니다}.,
advisory_estimatev_decline,"The estimated value of the company's stock has {[1]declined|risen} by @PCT1 so far this year, and @PCT2 over the last @MONTHS months.","해당 기업 주식의 추정 가치는 올해 들어 지금까지 @PCT1, 최근 @MONTHS개월간 @PCT2 {[1]하락|상승}했습니다.",
advisory_estimatev_decline1,The estimated value of the company's stock has {[1]declined|risen} by @PCT so far this year.,해당 기업 주식의 추정 가치는 올해 들어 지금까지 @PCT {[1]하락|상승}했습니다.,
advisory_estimatev_declinebutgain,"The estimated value of the company's stock has declined by @PCT1 so far this year, but has gained @PCT2 over the last @MONTHS months.","해당 기업 주식의 추정 가치는 올해 들어 지금까지 @PCT1 하락했지만, 최근 @MONTHS개월 동안 @PCT2 상승했습니다.",
advisory_estimatev_risenbutdown,"The estimated value of the company's stock has risen by @PCT1 so far this year, but is down @PCT2 over the last @MONTHS months.","해당 기업 주식의 추정 가치는 올해 들어 지금까지 @PCT1 상승했으나, 최근 @MONTHS개월간 @PCT2 하락했습니다.",
advisory_etf,"The @IND (ETF) industry consists of up to 20 investment funds that may invest in stocks, options, or commodity futures, plus T-bills.","@IND은/는 주식, 옵션, 원자재 선물 및 단기 국채에 투자하는 최대 20개의 펀드로 구성됩니다.",
advisory_etf_excellent,"The ETF's performance has been excellent over the last two years, with a total return for its shareholders, adjusted for dividends paid, of @PCT over that period.","해당 ETF는 지난 2년간 우수한 성과를 기록했으며, 배당금을 반영한 주주 총수익률은 그 기간 동안 @PCT였습니다.",
advisory_etf_management,The fund is managed by @CORPFULL.,해당 펀드는 @CORPFULL이/가 운용하고 있습니다.,
advisory_etf_no_earning,"(Earnings are not relevant for @CORPFULL, which is an exchange traded fund (ETF), or investment company.)","(@CORPFULL은/는 ETF, 즉 투자회사이므로 실적 개념이 적용되지 않습니다.)",
advisory_etf_sector,The ETF's investment strategy consists of making investments primarily in the following sector: @SECTOR.,이 ETF는 보통 다음 부문에 투자해 수익을 얻습니다: @SECTOR.,
advisory_even_booming_rapidly,"Even in this booming, rapidly growing world economy, returns on capital in the @IND industry are lagging far behind those of most other industry sectors.","호황을 누리며 빠르게 성장하는 세계 경제 속에서도, @IND 업계의 자본 수익률은 대부분의 다른 업종에 크게 뒤처지고 있습니다.",
advisory_excellent_years,"Your investment results have been excellent over the last @YEARS years, as you have increased your net worth by @PCT during that period{.|''}","지난 @YEARS년간 투자 성과가 매우 뛰어났으며, 그 기간 동안 순자산을 @PCT 늘렸습니다{.|''}",
advisory_exhausted_lineofcredit1,"Unless there are major changes, it will have completely exhausted any cash resources by then and will need to draw on its bank line of credit.","큰 변수가 없다면, 해당 기업은 남아있는 현금을 모두 소진할 것으로 보이며, 은행의 신용한도를 끌어다 쓰게 될 것입니다.",
advisory_exhausted_lineofcredit2,"Unless there are major changes, it will have completely exhausted its existing cash by then and will need to draw on its bank line of credit.","큰 변수가 없다면, 해당 기업은 남아있는 현금을 모두 소진할 것으로 보이며, 신용한도를 끌어 쓰게 될 것입니다.",
advisory_exhausted_lineofcredit3,"Unless there are major changes, it will have completely exhausted its existing cash by then.","큰 변수가 없다면, 해당 기업은 남아있는 현금을 모두 소진할 것으로 보입니다.",
advisory_exhausted_lineofcredit_expand1,"Unless there are major changes, it will have completely exhausted any cash resources by then and will need to draw on its bank line of credit to finance its continued rapid expansion.","큰 변화가 없는 한, 그때까지 보유 현금을 모두 소진하게 될 것이며, 빠른 확장세를 이어가기 위해 은행 신용한도를 활용해야 할 것입니다.",
advisory_exhausted_lineofcredit_expand2,"Unless there are major changes, it will have completely exhausted its existing cash by then and will need to draw on its bank line of credit to finance its continued rapid expansion.","큰 변수가 없다면, 해당 기업은 남아있는 현금을 모두 소진할 것으로 보이며, 빠른 확장새를 유지하기 위해 신용한도를 끌어 쓰게 될 것입니다.",
advisory_expansion_companies_sector,"Expansion by companies in this sector is being {[1]slowed|limited}, as activists in many urban areas organize successful protests to prevent large restaurant chains from opening outlets in their communities.","여러 도시 지역의 활동가들이 대형 레스토랑 체인의 지역 내 출점을 막기 위한 시위를 성공적으로 조직하면서, 이 업종 기업들의 확장이 {[1]둔화되고|제한되고} 있습니다.",
advisory_far_industry_managed,"So far, the @IND industry has managed to maintain a high level of profitability, despite low crude prices since OPEC lost control of the oil markets.","OPEC이 석유 시장 통제력을 상실한 이후 원유 가격이 낮은 수준을 유지하고 있음에도, @IND 업계는 지금까지 높은 수익성을 유지해 왔습니다.",
advisory_feature_aerospace_facing_more_layoffs_orders,"The industry is facing more layoffs, as orders for new aircraft have slowed to a trickle, as the air transport industries face slow or negative traffic growth.","항공운송 업계의 여객·화물 수요 증가세가 둔화되거나 감소하면서 신규 항공기 주문이 급감해, 업계는 추가 감원에 직면해 있습니다.",
advisory_feature_airline_goodec,The strong economy is helping to fill airline seats and improve carriers' earnings.,"좋은 경제 상황 덕에 항공기 탑승률이 증가하는 경향을 보이고 있으며, 이는 항공사들의 실적 개선으로 이어지고 있습니다.",
advisory_feature_airline_steadygrowth,"Steady economic growth and rising incomes are leading to increased air travel, which is helping airlines post strong earnings.",지속적인 경제 성장과 소득 증가 덕분에 항공 수요가 늘면서 항공사들이 좋은 실적을 이어가고 있습니다.,
advisory_feature_auto_despiteoilhigh,"@REGION auto sales are holding up well, despite high fuel costs.",@REGION 지역의 자동차 판매는 고유가에도 불구하고 굳건한 흐름을 보이고 있습니다.,
advisory_feature_auto_high_prices_fuel_seen,High prices for fuel are seen as somewhat of a drag on auto sales at present.,고유가가 현재 자동차 판매에 다소 부담으로 작용하고 있는 것으로 보입니다.,
advisory_feature_auto_highoil,"High petrol prices have emptied auto showrooms of customers in much of @REGION, resulting in a sharp drop in sales.",높은 휘발유 가격으로 @REGION 대부분 지역의 자동차 대리점에서 고객 발길이 끊기면서 판매량이 급감했습니다.,
advisory_feature_auto_highoil_2,High petrol prices have caused a fall-off of auto and truck sales throughout @REGION.,고유가로 인해 @REGION 전역의 자동차 및 트럭 판매가 감소했습니다.,
advisory_feature_autoparts_weak_auto_sales_actually,Weak auto industry sales have actually stoked demand for replacement auto parts.,자동차 판매 부진이 오히려 교체용 자동차 부품 수요를 끌어올리고 있습니다.,
advisory_feature_bank,Banks will generally fare better in a low-interest rate environment and worse when rates are high or rising.,"은행은 대체로 저금리 환경에서는 실적이 좋고, 금리가 높거나 상승할 때는 실적이 나빠지는 경향이 있습니다.",
advisory_feature_bank_highrate1,Banks are expected to be hurt by {[1]high|higher} interest rates.,은행권은 {[1]고금리로|금리 상승으로} 인해 타격을 입을 것으로 예상됩니다.,
advisory_feature_bank_highrate2,"Banks have tightened up on unsecured lines of credit to corporate borrowers while interest rates are high, due to increased risks of default.","고금리 상황에서는 채무자의 채무불이행 가능성이 높아져, 은행들이 기업을 대상으로 한 무담보 신용한도 제공을 제한하는 움직임을 보이고 있습니다.",
advisory_feature_bank_lowintrate,Banks are expected to benefit from {[1]low|lowered|LOW|LOWERED} interest rates.,은행권은 {[1]저금리 기조에|금리 인하에|저금리 기조에|금리 인하에} 따른 수혜를 입을 것으로 예상됩니다.,
advisory_feature_bank_lowrate,"In the current low-interest rate environment, banks are lending more freely by extending larger lines of credit to corporations.","현재의 저금리 환경 속에서, 은행들은 기업에 더 큰 규모의 신용한도를 제공하며 적극적으로 대출을 확대하고 있습니다.",
advisory_feature_bank_recession,"Loan losses for banks can be expected to increase sharply, if the economic recession continues.","경기 침체가 계속될 경우, 은행의 대출 손실이 큰 폭으로 증가할 것으로 예상됩니다.",
advisory_feature_banking_neutral,"Interest rates are currently at moderate levels, and thus rates are currently a neutral factor for the banking industry.","금리는 현재 중립적 수준을 유지하고 있으며, 따라서 현재 금리는 은행 산업에 중립적인 요소로 작용하고 있습니다.",
advisory_feature_beverage_rapid_growth_sales_third,Rapid growth in beverage sales in Third World countries is boosting beverage industry profits.,제3세계 국가들의 음료 판매가 빠르게 늘면서 음료 업계의 이익이 증가하고 있습니다.,
advisory_feature_beverage_usual_strong_growth_sales,The usual strong growth of beverage sales is being constrained by various government campaigns to discourage the consumption of sugary foods and drinks.,"당분이 많은 식음료 소비를 억제하려는 각국 정부의 여러 캠페인으로 인해, 평소 견조했던 음료 판매 성장세가 제약을 받고 있습니다.",
advisory_feature_biotech_govt_reimbursement,"Biotechnology industry growth has been crippled, as government reimbursements for new or experimental drugs have been reduced or eliminated.",생명공학 산업은 신약 및 실험 단계 의약품에 대한 정부의 보험 급여가 축소되거나 폐지되면서 성장에 큰 타격을 입었습니다.,
advisory_feature_biotech_innovation,Continuous innovation and research is propelling biotech profits in a modestly growing economy.,지속적인 혁신과 연구 덕분에 완만한 경제 성장 속에서도 바이오테크 산업의 수익은 성장하고 있습니다.,
advisory_feature_bookstore_traditional_brick_mortar_business,The traditional brick and mortar bookstore business is suffering increasingly from competition with online marketers.,전통적인 오프라인 서점 업계는 온라인 판매업체와의 경쟁으로 갈수록 어려움을 겪고 있습니다.,
advisory_feature_brew_tax,Steep excise taxes and a wide range of government programs to discourage the consumption of alcoholic beverages have dampened industry profitability.,높은 소비세와 음주를 억제하기 위한 다양한 정부 정책들이 업계의 수익성을 짓누르고 있습니다.,
advisory_feature_broker_automate,"The @IND industry continues to prosper in a slowly growing economy, as brokers automate more and more functions and reduce their back-office staffing.","증권사들이 점점 더 많은 업무를 자동화하고 후선 업무 인력을 줄이고 있어, @IND 업계는 완만한 경제 성장 속에서도 계속 호황을 누리고 있습니다.",
advisory_feature_broker_low_stockmarket,"Also, many brokerage firms, except those that have heavily shorted the market, are struggling in a stock market that has been falling for the past year, having dipped by @PCT.","시장 하락에 베팅한 일부를 제외한 대부분의 증권사들은, 지난 1년간 @PCT 하락한 약세장 속에서 고전하고 있습니다.",
advisory_feature_broker_tapering,The industry is {[1]suffering from|being adversely affected by} high interest rates and a restrictive Federal Reserve monetary policy.,높은 금리와 긴축적인 연준 통화정책으로 업계가 어려움을 겪고 있습니다.,
advisory_feature_brokerage_major_beneficiary_low_interest,The brokerage industry is a major beneficiary of the current low interest rate environment.,증권업은 현재의 저금리 환경에서 큰 수혜를 입고 있는 산업입니다.,
advisory_feature_cable_tv_operators_local_monopolies,"Cable TV operators, with local monopolies, continue to generate modest profits in the face of the current economic downturn.",지역 독점권을 가진 케이블 TV 사업자들은 현재의 경기 침체 속에서도 완만한 수준의 이익을 계속 내고 있습니다.,
advisory_feature_cable_weakeco,"The cable and satellite TV industry continues to generate high profits, as consumers tend to cut back first on items other than television entertainment when the economy is not strong.",케이블 및 위성 TV 산업은 계속 높은 수익을 내고 있습니다. 경기가 좋지 않을 때에는 소비자들이 TV 오락 지출보다 다른 항목을 먼저 줄이기 때문입니다.,
advisory_feature_capitalgoods_new_orders_capital_goods,"New orders for capital goods are booming, as manufacturers seek to rebuild inventories.",제조업체들이 재고 재확충에 나서면서 자본재 신규 주문이 급증하고 있습니다.,
advisory_feature_career_highenergy,@IND' profits are being negatively affected somewhat by high energy costs.,높은 에너지 비용으로 인해 @IND 업체들의 수익성이 다소 악화되고 있습니다.,
advisory_feature_career_highoil1,@IND' profits are being {[1]impacted severely|crushed} by high jet fuel prices.,높은 항공유 가격으로 인해 @IND 업체들의 수익이 {[1]심각한 타격을 입고|크게 악화되고} 있습니다.,
advisory_feature_carrier_highfuel,"Most carriers' profits are being crushed by high jet fuel prices, driving up ticket prices and reducing passenger loads.","대부분의 항공사는 높은 항공유 가격으로 수익이 크게 줄었으며, 이로 인해 항공권 가격이 오르고 탑승률은 낮아지고 있습니다.",
advisory_feature_chem_envlaws,"Strict new environmental laws are making it much more difficult for chemical manufacturers to operate profitably, under the new regulatory framework.",새로운 환경 규제안 때문에 화학 제조업계는 수익 창출에 어려움을 겪고 있습니다.,
advisory_feature_chemical_high_costs_petroleum_feed,High costs for petroleum feed stocks are depressing commodity chemical industry profits.,석유 원료 비용 상승이 범용 화학 업계의 이익을 압박하고 있습니다.,
advisory_feature_chemical_regulatory,"Tough new environmental laws are making it much more difficult for chemical manufacturers to operate profitably, under the new regulatory framework.",새로운 환경 규제안 때문에 화학 제조업계의 수익 창출이 훨씬 더 어려워졌습니다.,
advisory_feature_closely_tied,"The @IND industry's fortunes are closely tied to overall growth in the economy, and thus it is {[1]doing well,|prospering,|thriving,} like the wider economy, at present.","@IND 산업의 실적은 전반적인 경제 성장과 밀접하게 연동되어 있어, 현재 경제 상황과 마찬가지로 {[1]양호한 흐름|호황|호황}을 보이고 있습니다.",
advisory_feature_computer_mobile,Computer makers are being hurt as traditional PC sales are being supplanted by smartphones and other mobile devices.,컴퓨터 제조사들은 전통적인 PC 판매가 스마트폰 등 모바일 기기로 대체되면서 타격을 받고 있습니다.,
advisory_feature_defense_budgetslashed,"With government finances in bad shape due to the economy, defense budgets are being slashed.",경기 악화로 정부 재정이 나빠지면서 국방 예산이 대폭 삭감되고 있습니다.,
advisory_feature_defense_despite_weak_economy_slowed,"Despite the weak economy and slowed revenue growth, the defense business tends to remain strong through good times and bad.","경기 부진과 매출 성장 둔화에도 불구하고, 방위산업은 경기와 상관없이 탄탄한 흐름을 유지하는 경향이 있습니다.",
advisory_feature_defense_new_government_contracts_largely,New government defense contracts have largely dried up in recent months.,최근 몇 달간 정부의 신규 방위 계약이 거의 끊긴 상태입니다.,
advisory_feature_defense_peace,"Orders for military equipment have slumped, due in part to the recent @REGION peace treaties.","최근 @REGION 평화 조약의 영향으로, 군수장비 주문이 부진한 모습을 보이고 있습니다.",
advisory_feature_deptstore_department_store_chains_doing,"Department store chains are doing well, as consumer confidence rises.",소비자 신뢰가 높아지면서 백화점 체인들이 좋은 실적을 내고 있습니다.,
advisory_feature_discount_badeco_noprofit,"Discount store chains usually prosper when the economy is bad, but are not doing so at present.","할인점 체인은 대개 불경기에 호황을 누리지만, 현재는 그렇지 못한 상황입니다.",
advisory_feature_discount_retailers_tend_do_well,"Discount retailers tend to do well during hard economic times, such as now.",할인 소매업체들은 지금처럼 경기가 어려운 시기에 좋은 실적을 내는 경향이 있습니다.,
advisory_feature_drink_cornsyrup,The industry is being hurt by growing concerns over the health effects of soft drinks laden with high fructose corn syrup.,고과당 옥수수 시럽이 함유된 청량음료의 건강 유해성이 주목받으면서 해당 산업이 타격을 입고 있습니다.,
advisory_feature_drug_agingpopulation,"The drug business is a rapidly growing industry, long term, and it continues to earn exorbitant profits from a major demographic trend, the aging of the population.","제약 산업은 장기적으로 급성장 중인 산업이며, 고령화라는 인구구조 변화의 수혜를 받아 막대한 수익을 창출하고 있습니다.",
advisory_feature_drugstore_chains_continuing_grow_steadily,"Drugstore chains are continuing to grow steadily and profitably, despite a bad economic environment.",드러그스토어 체인들은 좋지 않은 경제 환경 속에서도 꾸준하고 수익성 있는 성장을 이어가고 있습니다.,
advisory_feature_drugstore_downturn,"Drugstore chains' profits are usually resistant to overall economic trends, but, like most other retail sectors, drugstores have been unable to grow in the current downturn.","드러그스토어 체인의 수익은 보통 전반적인 경기 흐름에 크게 영향을 받지 않지만, 다른 대부분의 소매 부문과 마찬가지로 현재의 경기 하강 속에서는 성장하지 못하고 있습니다.",
advisory_feature_electrical_equipment_manufacturers_benefiting_construction,"Electrical equipment manufacturers are benefiting from construction of new, less polluting power plants in large numbers, in the booming economy.",경기 호황 속에 오염 물질 배출이 적은 신규 발전소가 대거 건설되면서 전기장비 제조업체들이 수혜를 입고 있습니다.,
advisory_feature_electro_govt_cutted,Reduced government funding and tax incentives for windmills and wind farm projects are cutting into electrical equipment industry sales and profits.,풍력발전기와 풍력단지 사업에 대한 정부 지원금과 세제 혜택이 줄어들면서 전기장비 업종의 매출과 수익이 감소하고 있습니다.,
advisory_feature_entertainment_highwage,"Movie studios and broadcasters are being crippled by increasing production costs in Hollywood and elsewhere, as performers and production staffs demand ever higher pay.",영화 스튜디오와 방송사들은 할리우드를 비롯한 지역에서 배우와 제작진이 더 높은 임금을 요구하면서 급증하는 제작비로 큰 타격을 입고 있습니다.,
advisory_feature_entertainment_strongeco,"The strong economy is putting money into consumers' pockets, increasing discretionary spending on items like entertainment.","경기 호조로 소비자들의 주머니 사정이 좋아지면서, 엔터테인먼트 산업에 대한 지출이 증가하고 있습니다.",
advisory_feature_etf_sectors,"Each ETF specializes in a particular sector to invest in, such as stocks in certain industry groups, types of bonds, commodities, or commodity or Stock Index futures.","각 ETF는 특정 산업군의 주식, 특정 유형의 채권, 원자재, 또는 원자재·주가지수 선물 등 특정 투자 부문에 특화되어 있습니다.",
advisory_feature_europeauto_weakeco,Depressed auto sales in @REGION1 for the industry are reflecting the currently weak @REGION2 economies.,@REGION1의 부진한 자동차 판매는 현재 취약한 @REGION2 지역의 경제 상황을 반영하고 있습니다.,
advisory_feature_farm_high_grain_prices_driven,High grain prices have driven up cost inputs for the industry.,높은 곡물 가격이 해당 산업의 원가 부담을 증대시켰습니다.,
advisory_feature_farm_high_prices_wheat_corn,High farm prices for wheat and corn are contributing to improved agribusiness profit margins.,밀과 옥수수의 높은 농산물 가격이 농업 관련 기업들의 이익률 개선에 기여하고 있습니다.,
advisory_feature_farm_highenergy,Farm profits are being adversely affected somewhat by high energy costs.,높은 에너지 비용이 농가 수익에 다소 악영향을 미치고 있습니다.,
advisory_feature_farm_highgrain,High grain prices are benefiting farmers and the agribusiness companies that serve them{.|''},높은 곡물 가격이 농민과 이들을 상대하는 농업 관련 기업들에 도움이 되고 있습니다{.|''},
advisory_feature_farm_highoil_weakeconomy,"Farm profits are being {[1]impacted severely|crushed|negatively impacted} by high petroleum prices{[2], as well as by the weak economy|''}.",높은 석유 가격{[2]과 경기 부진|''}으로 농가 수익이 {[1]심각한 타격을 받고|크게 악화되고|악영향을 받고} 있습니다.,
advisory_feature_farm_low_grain_prices_put,Low grain prices have put a lid on profits of the industry for the near future.,낮은 곡물 가격으로 인해 당분간 업계의 이익은 제한될 것으로 보입니다.,
advisory_feature_food_economymaybe,"Consumers continue to buy convenient, packaged foods, no matter what the state of the economy may be.",소비자들은 경제 상황과 무관하게 가공식품을 계속 구매하고 있습니다.,
advisory_feature_food_grainhigh,High grain prices are currently increasing cost inputs for packaged foods companies.,곡물 가격 상승으로 가공식품 업체들의 원가 부담이 커지고 있습니다.,
advisory_feature_food_highgrain1,Industry profit margins for food processors are feeling some cost pressure from the currently high prices for wheat and corn.,식품가공업체의 이익률은 현재 높은 밀·옥수수 가격으로 인해 원가 다소 압박을 받고 있습니다.,
advisory_feature_food_highgrain2,Industry profit margins for food processors are under cost pressure from the currently high prices for wheat and corn.,식품가공업체의 이익률은 현재 높은 밀·옥수수 가격으로 인해 직접적인 원가 압박을 받고 있습니다.,
advisory_feature_food_unaffected_strife,"The packaged foods industry is relatively unaffected by the current recession, but continued labor strife at food processing plants and pricing disputes with supermarkets are taking a toll on industry profitability.","가공 식품 업계가 경기 침체에 둔감한 모습을 보이고 있으나, 공장 내 파업 장기화와 대형 마트와의 납품가 갈등이 악재로 작용하며 수익성이 악화되고 있습니다.",
advisory_feature_furniture_sales_home_appliances_tend,"Sales of furniture and home appliances tend to increase in a strong economy, as at present.",현재처럼 경기가 좋을 때는 가구와 가전제품 판매가 늘어나는 경향이 있습니다.,
advisory_feature_health_reimbursement,"Industry revenue growth has slowed, as a result of government price controls on health care reimbursements.",정부의 의료비 급여 가격 통제로 인해 업계 매출 성장세가 둔화되었습니다.,
advisory_feature_heavyequip_reduced_capital_investment_corporations,Reduced capital investment by most corporations is adversely impacting heavy equipment sales.,대부분의 기업이 설비 투자를 줄이면서 중장비 판매에 악영향을 미치고 있습니다.,
advisory_feature_holdings1,"Holding/trading companies are companies that do not directly invest in business operations, but instead simply hold stocks of subsidiary companies that do engage in business operations (or may hold shares in other holding companies).","지주/트레이딩 회사는 사업 운영에 직접 관여하지 않고, 실제 사업 주체인 자회사의 주식을 단순히 보유만 하는 회사입니다 (또는 다른 지주회사의 지분을 보유하기도 합니다.)",
advisory_feature_holdings2,"Holding/trading companies may also invest in other assets, such as T-bills or physical commodities, or may trade or speculate in various other financial instruments, such as by buying or shorting commodity and stock index futures, or put and call options, or by entering into interest rate swap contracts.","지주/트레이딩 회사는 단기 국채나 현물 원자재 등 다른 자산에도 투자할 수 있으며, 원자재·주가지수 선물 시장의 매수 및 숏, 풋·콜 옵션 매매, 또는 금리 스왑 계약 체결 등 다양한 금융상품을 거래, 또는 투기하여 수익을 얻습니다.",
advisory_feature_homeconstruction_lowrate,"The industry is a major beneficiary of low interest rates at present, which has stimulated new home contruction.",해당 산업은 저금리 기조가 유발한 신규 주택 건설 프로젝트들의 대표적인 수혜 업종으로 꼽힙니다,
advisory_feature_hotel_low_energy_prices_seen,"Low energy prices are seen as boosting travel, and thus hotel occupancy rates.",낮은 에너지 가격이 여행 수요를 끌어올려 호텔 객실 점유율을 높이는 것으로 보입니다.,
advisory_feature_hotel_travel_affected_somewhat_high,"Travel is being affected somewhat by high energy costs and airfares, both of which are negative factors that affect occupancy rates for hotels and casinos.","높은 에너지 비용과 항공 요금의 영향으로 여행 수요가 감소하고 있으며, 이는 호텔 및 카지노의 객실 점유율에 부정적인 요인으로 작용하고 있습니다.",
advisory_feature_housing_high_interest_rates_cutting,"High interest rates are cutting into demand for construction of new housing, and indirectly, demand for building materials.","고금리로 신규 주택 건설 수요가 위축되면서, 건축 자재 수요에도 간접적인 타격을 주고 있습니다.",
advisory_feature_housing_high_level_interest_rates,"The current high level of interest rates is having little effect on industry profitability, so far, and housing demand is still growing at a healthy pace.","현재의 높은 금리 수준은 아직까지 업계 수익성에 별다른 영향을 미치지 않고 있으며, 주택 수요도 여전히 견조한 속도로 증가하고 있습니다.",
advisory_feature_housing_high_mortgage_interest_rates,"High mortgage interest rates are tending to reduce demand for housing, but easier monetary policies should lead to lower rates.","높은 주택담보대출 금리가 주택 수요를 줄이는 경향이 있지만, 통화 완화 정책으로 금리는 낮아질 것으로 보입니다.",
advisory_feature_industry_beneficiary_lowrate,The industry is a major beneficiary of low interest rates at present.,해당 산업은 현재 저금리 기조의 대표적인 수혜 업종으로 꼽힙니다.,
advisory_feature_industry_crimefalling,"With the economy doing well and crime rates falling, the @IND industry, which tends to do better during hard times, is in the doldrums.","경기가 호조를 보이고 범죄율이 하락하는 가운데, 불경기에 오히려 실적이 좋아지는 경향이 있는 @IND 업종은 부진에 빠져 있습니다.",
advisory_feature_industry_generaleconomy,"@IND industry profit levels are greatly influenced by the general economy, and thus the industry should continue to do well if the economy remains strong.","@IND 산업의 수익성은 전반적인 경기에 크게 좌우되며, 따라서 경기가 좋은 흐름을 유지하는 한, 해당 산업도 계속 양호한 실적을 낼 것으로 보입니다.",
advisory_feature_industry_newdrug,"@IND is a rapidly growing industry, long term, and is growing at a very rapid rate at present, as companies in the industry have recently developed a large number of new drugs and treatments.","@IND은/는 장기적으로 급성장 중인 산업이며, 최근 신약과 새로운 치료법이 대거 개발되면서 현재 매우 빠르게 성장 중입니다.",
advisory_feature_industry_not_fluctuate_cycle,"Profitability of {supermarkets|the @IND industry} tends not to fluctuate greatly with the economic cycle, so that profits are expected to remain high in the current moderately expansive economy.","{슈퍼마켓|@IND 업계}의 수익성은 경기 순환에 크게 좌우되지 않는 경향이 있어, 현재의 완만한 경기 확장 국면에서도 높은 수익성이 유지될 것으로 예상됩니다.",
advisory_feature_industry_oilhigh,"Rising oil prices are depressing profit levels of the @IND industry, as crude prices continue their strong upward trend.","원유 가격이 강한 상승세를 이어가면서, @IND 업종의 수익성이 압박받고 있습니다.",
advisory_feature_industry_strongautosale,Continued strong auto sales growth in @REGION is expected in the coming months.,@REGION의 자동차 판매 성장세가 앞으로 몇 달간 이어질 것으로 전망됩니다.,
advisory_feature_insurance_investment,"Insurance companies generate most of their profits from their investments, so they tend to do better in a rising stock market {, and recently stocks have been rising, non-stop, for the last @MONTHS months, up @PCT over that period|''}.","보험사들은 이익 대부분을 투자에서 얻기 때문에 주식시장이 상승할 때 좋은 실적을 {내며, 최근 @MONTHS개월간 주가가 쉬지 않고 상승해, 해당 기간 동안 @PCT 올랐습니다|냅니다}.",
advisory_feature_insurance_lowintrate,"Low interest rates are reducing the rate of return for insurers on their variable-rate interest-bearing investments (Treasury bills), but low rates tend to bolster the value of their stock and bond holdings.","저금리로 인해 보험사들의 변동금리 투자 (국채 등) 수익률은 낮아지고 있지만, 저금리는 보유한 주식·채권 자산의 가치를 높이는 데 도움이 됩니다.",
advisory_feature_insurance_variablerate,"Insurers are currently benefiting from high rates of return on their variable rate (T-bill) investments, and the chance to invest new funds at high rates.","보험사들은 현재 변동금리 (단기 국채) 투자에서 높은 수익률을 얻고 있으며, 신규 자금을 높은 금리로 운용할 수 있는 기회를 누리고 있습니다.",
advisory_feature_leisure_reducedemand,"As is often the case, in a weak economy, low consumer confidence reduces demand for non-essential recreational items.","흔히 그렇듯, 경기 부진 속에서 소비자 신뢰도 하락은 비필수 여가 상품에 대한 수요를 감소시킵니다.",
advisory_feature_lowfuel_inc,"Lower fuel prices should lead to increased revenues for the @IND industry in the near future, if the current trend of falling crude oil prices continues.","현재의 원유 가격 하락세가 이어진다면, 연료비 하락으로 가까운 시일 내에 @IND 산업의 매출이 증가할 것으로 보입니다.",
advisory_feature_lowoil,The chemicals industry is benefiting from lower prices for petroleum and natural gas feedstocks.,석유 · 천연가스 원료 가격 하락이 화학 업종에 호재로 작용하고 있습니다.,
advisory_feature_manufacture_excess,"Manufacturers with excess inventories have cut back on capital investment due to the weak economy, slashing orders for capital goods.",재고가 과잉인 제조업체들이 경기 부진으로 설비 투자를 줄이면서 자본재 주문이 급감했습니다.,
advisory_feature_medic_aging,"Thanks to aging populations in developed countries, the @IND industry should continue to {[1]prosper|earn excessive profits}.","선진국의 인구 고령화 덕분에, @IND 산업은 앞으로도 {[1]계속 호황을 누릴|매우 좋은 실적을 계속 낼} 것으로 보입니다.",
advisory_feature_medic_govtbankrupt,"Profits are down, as health care rationing by nearly bankrupt governments has reduced funding for expensive medical equipment and hospital supplies.",파산 직전의 정부들이 의료 서비스를 배급제로 제한하면서 고가 의료 장비와 병원 용품에 대한 재정 지원이 줄어 수익이 감소하고 있습니다.,
advisory_feature_medic_lawsuits,"Most companies in the @IND industry are experiencing steep product liability costs, as they are under constant siege by class action lawsuits when any kind of medical mishap occurs, involving their services.","@IND 업종의 대다수 기업은 의료 관련 사고 발생 시 집단소송에 끊임없이 시달리면서, 제조물 책임 비용이 급증하고 있습니다.",
advisory_feature_medical_liability,"Most companies in the medical equipment and supplies industry are experiencing steep product liability costs, as they are under constant siege by class action lawsuits when any kind of medical mishap occurs, involving their products.","의료 기기 및 의료 용품 산업에 속한 대부분의 기업들은 자사 제품과 관련된 의료 사고가 발생할 때마다 빗발치는 집단 소송에 시달리면서, 막대한 제품 책임 비용을 지불하고 있습니다.",
advisory_feature_medicare_govt_cutback,"Industry profitability is below usual levels, due to {caps on|cutbacks in} government health care {reimbursement levels|spending}.",정부의 {[2]의료보험 수가|의료 지출} {[1]상한 규제로|삭감으로} 인해 산업 수익성이 평소보다 낮은 수준입니다.,
advisory_feature_military_slump,"Orders for military equipment have slumped, as global tensions have eased after the settlement of several major conflicts.",여러 대형 분쟁이 해소된 후 전 세계의 긴장이 완화되면서 군용 장비 주문이 급감했습니다.,
advisory_feature_mine_highgoldsilver,"Currently, high gold and silver prices are helping miners to profit during a period of economic weakness, but hedging future production has penalized some companies in the industry.","현재 금·은 가격이 높아 광산업체들이 경기 약세 속에서도 수익을 내고 있지만, 향후 생산분을 헤지한 일부 기업은 손해를 보고 있습니다.",
advisory_feature_mine_regulation,Mine development and production are being constrained by stiff new environmental regulations.,엄격한 신규 환경 규제로 인해 광산 개발과 생산이 제약받고 있습니다.,
advisory_feature_mine_weakeco,"The weak economy has a severe impact on the demand for base metals, and thus on the profits of miners and smelters in this industry.","경기 부진이 기초금속 수요에 심각한 타격을 주면서, 해당 업종 광산업체 및 제련업체들의 수익성에도 영향을 미치고 있습니다.",
advisory_feature_mobile_unit_sales_phones_well,"Unit sales of mobile phones, as well as high-margin smart phones and similar devices, have reached a high saturation point in most of the developed world.","휴대폰 판매량을 비롯한, 고 마진률의 스마트폰 및 유사 기기 판매량이 대부분의 선진국 시장에서 포화 상태에 도달했습니다.",
advisory_feature_network_sales_servers_other_equipment,"Sales of servers and other network equipment have slowed more than expected, as the seemingly boundless rapid growth of the Internet has recently slowed to a crawl.","끝없을 것 같던 인터넷의 급성장세가 최근 크게 둔화되면서, 서버 등 네트워크 장비 판매가 예상보다 더 크게 줄었습니다.",
advisory_feature_officeequip_office_equipment_sales_volume,"Office equipment sales volume is down, as corporate buyers have reduced spending in the current weak economy.",현재의 경기 부진 속에 기업 구매자들이 지출을 줄이면서 사무기기 판매량이 감소했습니다.,
advisory_feature_oil_highoil,The high oil price and increased exploration by the oil majors are keys to current oil service industry profits.,"고유가와 주요 석유 기업들의 탐사 활동 증가로 인해, 현재 석유 서비스 산업이 수혜를 보고 있습니다.",
advisory_feature_oil_low_energy_prices_major,Low energy prices are a major depressant for the industry at this time. The spread of fracking technology from the U.S. to OPEC and elsewhere has led to an abundance of oil supplies.,낮은 에너지 가격이 현재 업계의 가장 큰 악재입니다. 프래킹 기술이 미국에서 OPEC 등 다른 지역으로 확산되면서 원유 공급이 넘쳐나고 있습니다.,
advisory_feature_oil_onshore_rig_counts_offshore,Onshore rig counts and offshore drilling activities by the oil majors still remain at high levels.,메이저 석유회사들의 육상 시추 장비 가동 수와 해상 시추 활동은 여전히 높은 수준을 유지하고 있습니다.,
advisory_feature_oil_weakeco,"The weak economy has brought down petroleum prices, which is the chief source of the {oil|oil service} industry's problems.","경기 둔화로 인해 유가가 하락했으며, {석유|석유 서비스} 업계는 이로 인해 큰 어려움을 겪고 있습니다.",
advisory_feature_oilservice_high_energy_prices_helping,High energy prices are helping the bottom line of oil and oil service companies.,높은 에너지 가격이 석유 및 석유 서비스 기업들의 순이익에 도움이 되고 있습니다.,
advisory_feature_oilservice_oil_service_firms_shielded,"Some oil service firms have shielded themselves from the effects of reduced drilling and exploration during the current oil glut, by shorting @COMMODITY futures when prices were higher.","일부 유전 서비스 기업들은 가격이 높았을 때 @COMMODITY 선물을 공매도해, 현재의 원유 공급 과잉으로 인한 시추·탐사 감소의 영향을 피해 왔습니다.",
advisory_feature_oilservice_oilhigh,Rising energy prices are helping the bottom line of oil and oil service companies.,에너지 가격 상승은 석유 및 석유 서비스 회사의 순이익에 도움이 되고 있습니다.,
advisory_feature_oilservice_stagnant,The stagnant global economy is having a negative impact on the oil service industry's bottom line.,세계 경제 침체가 석유 서비스 업종의 수익에 부정적인 영향을 미치고 있습니다.,
advisory_feature_peripherals_sales_computer_off_due,"Sales of computer peripherals are off, due in part to weak growth in the computer industry.",컴퓨터 업계의 성장 부진 등으로 컴퓨터 주변기기 판매가 줄었습니다.,
advisory_feature_peripherals_sales_strong_thanks_rising,"Sales of peripherals are strong, thanks to rising computer industry demand.",컴퓨터 업계의 수요 증가에 힘입어 주변기기 판매가 호조를 보이고 있습니다.,
advisory_feature_pharma_costinc,Profits in the pharmaceutical industry have been lowered by soaring costs of getting FDA and EU approval of new drugs.,신약에 대한 FDA 및 EU 승인 비용 급증으로 제약업계의 수익이 감소했습니다.,
advisory_feature_pollution_control_business_continues_prosper,"The pollution control business continues to prosper, despite the economy, as ever increasing environmental regulations force industries to spend more for clean-up.","갈수록 강화되는 환경 규제로 각 산업이 오염 정화에 더 많은 비용을 지출하면서, 공해 방지 업계는 경기와 무관하게 호황을 이어가고 있습니다.",
advisory_feature_pollution_raremetal,"Cost inputs for the industry are rising, due to high prices for all precious metals, including rare earths and catalysts such as platinum and palladium.",희토류 및 백금·팔라듐과 같은 촉매를 포함한 모든 귀금속 가격 상승으로 인해 업계의 투입 비용이 오르고 있습니다.,
advisory_feature_preciousmetals_both_gold_silver_prices,Both gold and silver prices appear to be headed downward at present.,현재 금과 은 가격 모두 하락세를 보이고 있습니다.,
advisory_feature_preciousmetals_despite_high_gold_silver,"Despite high gold and silver prices, miners' costs of production have risen sharply, due to rising energy prices, severely reducing industry profit margins.",금·은 가격이 높은데도 에너지 가격 상승으로 광산업체들의 생산 비용이 급등해 업계의 이익률이 크게 줄었습니다.,
advisory_feature_preciousmetals_inflation_caused_high_energy,Inflation caused by high energy prices is also helping to keep gold and silver commodity prices high.,높은 에너지 가격으로 인한 인플레이션도 금·은 상품 가격을 높게 유지하는 데 한몫하고 있습니다.,
advisory_feature_preciousmetals_lately_gold_silver_prices,"Lately, gold and silver prices have been trending higher, which should aid profitability of miners.",최근 금·은 가격이 오름세를 보이고 있어 광산업체들의 수익성 개선에 도움이 될 것으로 보입니다.,
advisory_feature_preciousmetals_precious_metals_commodity_prices,Precious metals commodity prices are being pulled along somewhat by high oil prices.,귀금속 원자재 가격이 높은 원유 가격에 적게나마 동반 상승하고 있습니다.,
advisory_feature_preciousmetals_precious_metals_companies_often,"Precious metals companies often tend to flourish when the economy is bad, and to do poorly when the rest of the economy is booming, but at present, the industry's fortunes are roughly the same as most of the rest of the economy.","귀금속 관련 기업들은 경기가 나쁠 때 오히려 호황을 누리고 나머지 경제가 호황일 때 부진한 경향이 있지만, 현재는 이 업계의 상황이 나머지 경제 대부분과 비슷한 수준입니다.",
advisory_feature_preciousmetals_precious_metals_prices_down,"Precious metals prices are also down, along with the price of oil.",귀금속 가격도 유가와 함께 하락했습니다.,
advisory_feature_preciousmetals_producers_not_hedged_any,Producers that have not hedged any of their gold production are being hit hardest.,금 생산량을 전혀 헤지하지 않은 생산업체들이 가장 큰 타격을 받고 있습니다.,
advisory_feature_publishing_traditional_struggling_survive_time,"The traditional publishing industry is struggling to survive, at a time when more and more content is being published free on the Internet.",인터넷에 무료로 공개되는 콘텐츠가 점점 늘어나면서 전통적인 출판 업계는 생존을 위해 고전하고 있습니다.,
advisory_feature_rail,"Rail industry profitability is being constrained by increasing costs of using and maintaining an antiquated system of rail lines, much of it over a century old.",철도 업계의 수익성은 대부분 100년이 넘은 노후 철도망을 사용하고 유지보수하는 데 드는 비용 증가로 인해 제약을 받고 있습니다.,
advisory_feature_rail_economic_activity_slackened_volume,"As economic activity has slackened, the volume of goods being shipped by rail has declined dramatically.",경제 활동이 둔화되면서 철도 화물 운송량이 급격히 감소했습니다.,
advisory_feature_rail_traffic_grown_explosively_transporting,"Rail traffic has grown explosively, transporting oil from newly developed areas like the Bakken Shale region, since the moratorium on building pipelines in the United States means there are few pipelines or other practical means of getting the oil to markets.","미국 내 송유관 건설이 중단되어 원유를 시장으로 운송할 송유관이나 다른 현실적인 수단이 거의 없는 탓에, 바켄 셰일 지역 등 새로 개발된 지역의 원유를 실어 나르는 철도 운송량이 폭발적으로 늘었습니다.",
advisory_feature_recreation_consumer_discretionary_spending_recreational,"Consumer discretionary spending on recreational items is strong, as confidence is high in a good economy.",경기 호조로 소비자 신뢰가 높아 레저용품에 대한 재량 소비가 활발합니다.,
advisory_feature_restaurant_consumer_confidence,"Higher consumer confidence, engendered by the expanding economy, tends to increase the public's propensity to dine out more often.",경제 확장에 힘입은 소비자들의 신뢰도 상승 덕분에 외식 빈도가 증가했습니다.,
advisory_feature_restaurant_costs_restaurants_down_food,"Costs for restaurants are down, as food commodity prices have declined significantly.",식품 원자재 가격이 크게 하락하면서 외식업체들의 비용이 줄었습니다.,
advisory_feature_restaurant_oil_crisis_gasoline_shortage,The current oil crisis and gasoline shortage are also reducing the frequency of dining out for all but the wealthy.,현재의 석유 위기와 휘발유 부족으로 부유층을 제외한 대부분의 소비자가 외식 횟수를 줄이고 있습니다.,
advisory_feature_restaurant_profits_restaurants_sinking_due,"Profits of restaurants are sinking, due to the weak economy, and pinched consumers, who are spending less money eating out.",경기 부진으로 주머니 사정이 어려워진 소비자들이 외식 지출을 줄이면서 외식업체들의 이익이 줄고 있습니다.,
advisory_feature_restaurant_sales_remain_strong_despite,"Restaurant sales remain strong, despite the recession that is in progress.",경기 침체가 진행 중임에도 외식업체들의 매출은 견조한 흐름을 유지하고 있습니다.,
advisory_feature_restaurant_weakeco,"Sales growth at restaurants has slowed, due to the weak economy, and pinched consumers, who are spending less money eating out.",경기 부진과 지갑 사정이 빠듯해진 소비자들이 외식비를 줄이면서 레스토랑 매출 성장세가 둔화됐습니다.,
advisory_feature_retail_activist_protest,"Expansion by companies in this retail sector is being slowed, as activists in many urban areas organize successful protests to prevent {""big box""|large retail} chain stores from opening outlets in their communities.","여러 도시 지역의 활동가들이 {메가스토어|대규모 매장} 체인점의 지역 내 출점을 막기 위한 시위를 성공적으로 조직하면서, 이 소매 업종 기업들의 확장 속도가 둔화되고 있습니다.",
advisory_feature_retail_recession,"Same-store sales volumes have fallen significantly in the current recession, taking a toll on profits of this retail sector.",현재의 경기 침체로 기존 점포 매출이 크게 줄면서 이 소매 부문의 수익에 타격을 주고 있습니다.,
advisory_feature_retail_sensitive,The @IND industry is very sensitive to changes in the economic growth rate.,@IND 업종은 경제 성장률 변화에 매우 민감합니다.,
advisory_feature_retail_softeco,"Same-store sales volumes have fallen significantly in the current soft economy, taking a toll on profits of this retail sector.",현재의 경기 부진 속에서 기존점 매출이 큰 폭으로 감소하며 해당 소매 업종의 수익에 타격을 주고 있습니다.,
advisory_feature_retail_steadygrowth,"Same-store sales are up sharply in this retailing sector, driven by steady growth in the economy.",해당 소매업 부문은 꾸준한 경제 성장에 힘입어 기존 매장의 매출이 큰 폭으로 늘었습니다.,
advisory_feature_retail_valdalism,"Expansion by companies in this retail sector is being slowed, as activists in many urban areas engage in violence and vandalism to deter {""big box""|large retail} chain stores from opening outlets in their communities.","여러 도시 지역 내에서, 신규 {메가스토어|대규모 매장} 체인점의 출점을 막기 위해 폭력과 기물파손이 일어나면서 소매업 부문 기업들의 사업 확장이 둔화되고 있습니다.",
advisory_feature_security_growth_tends_best_when,"Growth in this industry tends to be best when times are hard, and demand for security services is weaker in the currently strong economy.","이 업계는 경기가 어려울 때 가장 크게 성장하는 경향이 있어, 현재처럼 경기가 좋을 때는 보안 서비스 수요가 약한 편입니다.",
advisory_feature_semiconductor_having_trouble_keeping_up,"The industry is having trouble keeping up with demand for semiconductors, as the global economy booms.",세계 경제 호황으로 반도체 수요가 급증하면서 업계가 공급을 따라가는 데 어려움을 겪고 있습니다.,
advisory_feature_shiper_ecoact,"As economic activity has {slowed|slackened}, the volume of goods being shipped {by sea|by air} has declined dramatically.",경제 활동이 둔화되면서 {[2]해상|항공} 운송 물동량도 큰 폭으로 감소했습니다.,
advisory_feature_software_declining_demand_personal_computers,Declining demand for personal computers is keeping a lid on software industry profits.,개인용 컴퓨터 수요 감소가 소프트웨어 업계의 이익을 제약하고 있습니다.,
advisory_feature_steel_autoproduction,Steel makers are benefiting from booming auto production.,철강 제조사들은 자동차 생산 호황의 수혜를 입고 있습니다.,
advisory_feature_steel_companies_profit_margins_aided,@IND companies profit margins are being aided somewhat by high levels of @REGION auto production and a healthy rate of global economic growth.,@IND 기업들의 높은 수준의 이익률을 내는 @REGION 지역 자동차 생산량과 안정적인 세계 경제 성장률에 힘입어 다소 개선되고 있습니다.,
advisory_feature_steel_depressed_sales_auto_makers,Depressed sales of steel to auto makers and the stagnant economy are both hurting steel industry profits.,자동차 제조업체에 대한 철강 판매 부진과 경기 정체가 모두 철강 업계의 이익에 타격을 주고 있습니다.,
advisory_feature_supermarket_supermarkets_continuing_grow_prosper,"Supermarkets are continuing to grow and prosper in the weak economy, since consumers still need to eat.","소비자들은 경기와 상관없이 먹어야 하기 때문에, 슈퍼마켓은 경기 부진 속에서도 성장과 호황을 이어가고 있습니다.",
advisory_feature_telecom_global,"Profits are remaining high in the industry, largely due to sales to the rapidly expanding global telecom industry, where sales are currently growing at an annual rate of @PCT.","빠르게 성장하는 글로벌 통신 산업 매출 덕분에, 해당 산업의 이익은 높은 수준을 유지하고 있습니다. 산업 전체의 매출은 현재 연 @PCT의 속도로 성장하고 있습니다.",
advisory_feature_telecom_reeling,"Telecom companies are reeling in this slow-growth economy, battered by a combination of punitive taxes and regulations and growing consumer resistance to price increases for wireless services.",통신사들은 저성장 경제 속에서 징벌적 수준의 세금·규제와 무선 서비스 요금 인상에 대한 소비자 저항이 겹치며 휘청이고 있습니다.,
advisory_feature_telecom_thirdworld,"The telecom industry continues to expand into Third World markets that are not yet saturated with smartphones and other mobile devices, generating high returns on capital.",통신 산업은 스마트폰 등 모바일 기기 보급이 아직 덜 된 개발도상국 시장으로 계속 진출하며 높은 자본수익률을 올리고 있습니다.,
advisory_feature_tobacco_companies_under_two_pronged,Tobacco companies have been under a two-pronged attack from a combination of product liability lawsuits and government attempts to reduce tobacco use.,담배 회사들은 제조물 책임 소송과 흡연을 줄이려는 정부 정책이라는 양면 공세에 시달리고 있습니다.,
advisory_feature_tobacco_worldwide_sales_remain_strong,"Worldwide tobacco sales remain strong, as penetration of the vast Chinese market increases.",거대한 중국 시장 진출이 확대되면서 전 세계 담배 판매는 여전히 견조합니다.,
advisory_feature_transportequip_cheap_energy_prices_helping,Cheap energy prices are helping to stimulate sales of transportation equipment.,저렴한 에너지 가격이 운송장비 판매를 촉진하는 데 도움이 되고 있습니다.,
advisory_feature_transportequip_high_energy_prices_driving,High energy prices are driving transportation companies to upgrade to new and more fuel-efficient equipment.,높은 에너지 가격 때문에 운송 업체들이 연비가 더 좋은 신형 장비로 교체하고 있습니다.,
advisory_feature_utility_companies_hurt_high_oil,"Utility companies are being hurt by high oil prices, soaring interest rates, and tight money.","유틸리티 기업들은 높은 유가, 치솟는 금리, 긴축적인 통화 환경으로 타격을 받고 있습니다.",
advisory_feature_utility_profits_not_greatly_affected,"Utility profits have not been greatly affected by high energy prices, since the costs are mostly passed on to ratepayers.","공공요금이 대부분 소비자에게 전가되기 때문에, 유틸리티 업계의 수익은 높은 에너지 가격의 영향을 크게 받지 않았습니다.",
advisory_feature_weakeco_woes,A weak economy is adding to the {housing|building materials} industry's woes. {(@ind)|''},경기 부진이 {주택|건축자재} 업종의 어려움을 더하고 있습니다. {(@ind)|''},
advisory_fed_policy,FEDERAL RESERVE MONETARY POLICY:,연방준비제도 통화 정책:,
advisory_focusing_profits_rather,"@CORPFULL is focusing on profits, rather than seeking to grow market share.",@CORPFULL은/는 시장점유율 확대보다 수익성에 집중하고 있습니다.,
advisory_fund_adjprice_trend,"The adjusted price of the fund's stock has {[1]risen by @PCT1 so far this year, and|declined by @PCT1 so far this year, and|risen by @PCT1 so far this year, but is down|declined by @PCT1 so far this year, but has gained} @PCT2 over the last @MONTHS months.","해당 펀드의 수정 주가는 올해 들어 @PCT1 {[1]상승했으며, 최근 @MONTHS개월간 @PCT2 상승|하락했으며, 최근 @MONTHS개월간 @PCT2 하락|상승했지만, 최근 @MONTHS개월간은 @PCT2 하락|하락했지만, 최근 @MONTHS개월간은 @PCT2 상승}했습니다.",
advisory_fund_manage,The fund is managed by @CORPFULL1 (which is controlled by @CORPFULL2).,해당 펀드는 @CORPFULL1이/가 운용하고 있습니다 (@CORPFULL1은/는 @CORPFULL2의 지배 하에 있습니다).,
advisory_fund_price_down,The adjusted price of the fund's stock has {[1]declined|risen} by @PCT so far this year.,해당 펀드의 수정 주가는 올해 들어 현재까지 @PCT {[1]하락|상승}했습니다.,
advisory_futurescanmargincall,"However, you have open futures positions that could trigger margin calls and/or lower your credit rating, in the event of unfavorable price action.","다만, 보유하고 있는 미청산 선물 포지션은 가격이 불리하게 움직일 경우, 마진콜을 유발하거나 신용등급 하락을 야기할 수 있습니다.",
advisory_gasoline_additive_reduces,"@CORP gasoline additive reduces smog, but kills wildlife.",@CORP의 휘발유 첨가제가 스모그를 줄이지만 야생동물에게는 치명적인 악영향을 주는 것으로 나타났습니다.,
advisory_gdp_flow_tail_boom_oil_rates,", which may lead to higher oil prices and rising interest rates if the boom continues, as appears likely.","앞으로도 호황이 이어질 가능성이 높으며, 이러한 흐름이 유가 상승과 금리 상승으로 이어질 수 있음을 뜻합니다.",
advisory_gdp_flow_tail_cooling_off,", but is showing signs of cooling off.",하지만 경제 둔화 조짐이 보이기 시작했습니다.,
advisory_gdp_flow_tail_gdp_compare,. The GDP numbers show the economy is growing at {a slower rate|a faster clip} than three months ago.,GDP 지표에 따르면 경기 {[1]성장세가|확장 속도가} 3개월 전보다 {[1]둔화|가속화}되었습니다.,
advisory_gdp_flow_tail_headwinds,", despite strong headwinds from steep interest rates {and high energy prices|''}.",그럼에도 불구하고 금리 급등{과 높은 에너지 가격|''}이라는 강한 역풍이 존재합니다.,
advisory_gdp_full_comparison_down,"The GDP numbers show the economy is growing at a slower rate than @MONTHS1 months ago {[1]and than @MONTHS2 months ago|''}{[2], however|''}.","{[2]다만, GDP|GDP} 지표에 따르면 경제가 @MONTHS1개월 전{[1]과 @MONTHS2개월 전|''}보다 더 느린 속도로 성장하고 있습니다.",
advisory_gdp_full_comparison_up,"{[2]However, the|The} GDP numbers show the economy is growing at {[3]a faster clip|a healthier pace|a faster pace} than @MONTHS1 months ago {[1]and than @MONTHS2 months ago|''}.","{[2]다만, GDP|GDP} 지표에 따르면 경제가 @MONTHS1개월 전{[1]과 @MONTHS2개월 전|''}보다 {[3]더 빠른|더 견실한|더 빠른} 속도로 성장하고 있습니다.",
advisory_gdp_full_growth_down,The GDP growth rate has {[1]slowed|tumbled} in each of the last @MONTHS months.,GDP 성장률은 최근 @MONTHS개월 연속 {[1]둔화|급락}했습니다.,
advisory_gdp_tail_growth_up,{[1].|''} The GDP growth rate has increased in each of the last @MONTHS months.,GDP 성장률은 최근 @MONTHS개월 연속 상승했습니다.,
advisory_general_economy_mediocre,"Despite a mediocre economic growth rate, the demand for energy remains strong.","평범한 수준의 경제 성장률에도 불구하고, 에너지 수요는 강세를 유지하고 있습니다.",
advisory_general_economy_mediocre2,"Despite a mediocre economic growth rate, the demand for chemicals remains strong.","평범한 경제 성장률에도 불구하고, 화학제품에 대한 수요는 여전히 높습니다.",
advisory_global_standstill,"At present, the global economy is at a standstill, not growing at all according to the most recent report.",최근 보고서에 따르면 현재 세계 경제는 성장이 없는 정체된 상태입니다.,
advisory_gmo_resist,Growing public resistance to @CORP foods and increased government oversight and scrutiny of genetic engineering and cloning have reduced much of the promise of the biotech revolution.,"@CORP 식품에 대한 대중의 반발 확산과 유전공학·복제 기술에 대한 정부 감독 및 규제 강화로 인해, 바이오테크 혁명이 지녔던 기대감이 상당 부분 퇴색되었습니다.",
advisory_gold_currently_selling,"{Gold|However, gold} is currently selling for @PCT {more|less} than a year ago{.|''}",{[1]''|하지만} 현재 금 가격은 1년 전보다 @PCT {[2]더 높은|더 낮은} 수준에서 거래되고 있습니다{[3].|''},
advisory_good_condition,"The current {highly profitable conditions|good times} are likely to continue, relatively unchanged for at least the next @MONTHS months.",현재의 호황세는 적어도 향후 @MONTHS개월간 변동 없이 지속될 것으로 보입니다.,
advisory_grain_slide_thirdyear,"In the grain markets, @COMMODITY has continued to slide, for the third straight year.","곡물 시장에서, @COMMODITY 가격은 3년 연속 하락세를 이어가고 있습니다.",
advisory_grain_uptrend,The uptrend in the price of @COMMODITY may last until depleted global stocks of the grain have been largely rebuilt.,현재 바닥 난 전 세계 곡물 재고가 다시 회복될 때까지 @COMMODITY 가격의 상승 추세가 계속될 것으로 보입니다.,
advisory_growthrate_above,"At present, however, demand is growing at @PCT, well above its normal expected growth rate.","다만, 현재 수요는 정상적으로 예상되는 성장률을 크게 웃도는 @PCT의 속도로 성장하고 있습니다.",
advisory_growthrate_below,"Currently, it is growing at well below its normal expected growth rate, at only @PCT this year.",현재 올해 성장률이 정상 예상치를 크게 밑도는 @PCT에 그치고 있습니다.,
advisory_high_prices_gasoline,"High prices at the gasoline pump are depressing sales of S.U.V.'s and other gas guzzlers in the U.S., on which auto companies earn much of their profits.","높은 휘발유 가격이 미국 내 SUV 및 기타 연비가 낮은 차량의 판매를 위축시키고 있으며, 자동차 업체들은 이들 차종에서 상당한 수익을 거두고 있습니다.",
advisory_highfuel_despite,{Most @IND|@IND}' profits have stayed strong despite high fuel costs.,{대부분의 @IND|@IND} 업체들은 고유가에도 불구하고 견조한 수익을 유지하고 있습니다.,
advisory_highint_tightmoney,The industry is not being helped by the current high interest rates and tight money.,현재의 높은 금리와 긴축 통화 정책은 해당 업종에 도움이 되지 않고 있습니다.,
advisory_highrate_stockup,"However, while the asset values of their stock and bond portfolios are generally lowered, in a high interest rate environment, stocks have actually been trending up in recent months, despite the high interest rates.","다만, 일반적인 고금리 환경에서는 주식 · 채권 포트폴리오의 가치가 떨어지기 마련이지만, 최근 몇 달간은 고금리에도 불구하고 오히려 주가가 상승세를 보이고 있습니다.",
advisory_housing_fallingdemand,The @IND industry is feeling the impact of falling demand for housing.,@IND 업종은 주택 수요 감소의 영향을 받고 있습니다.,
advisory_however_due_certain,"However, due to certain difficulties with your lending bank, you have no unused line of credit.",하지만 거래 은행과의 문제로 인해 사용 가능한 신용한도가 없습니다.,
advisory_however_hedge_goldsilver,"However, companies that have hedged part of their future gold and silver production at lower prices are missing out on much of the profits from this commodity boom.",다만 금 · 은 생산분 일부를 낮은 가격에 미리 헤지해 둔 기업들은 이번 원자재 붐의 수혜를 누리지 못하고 있습니다.,
advisory_however_hedge_oil,"However, companies that have hedged part of their future oil production at lower prices are missing out on much of the profits from this commodity boom.","다만, 미래의 원유 생산량의 일부를 낮은 가격에 헤지해둔 회사들은 이번 원자재 호황의 이익을 보지 못하고 있습니다.",
advisory_however_loc,"However, it should be able to draw on its existing line of credit, if needed {[1]to finance its continued rapid expansion|''}.","{[1]다만, 빠른 확장세를 유지하는 데 필요하다면 기존 신용한도를 활용할 수 있을 것으로 보입니다.|다만, 필요할 경우 기존 신용한도를 활용할 수 있을 것으로 보입니다.}",
advisory_however_profit_cashflow,"However, companies in the industry continue to generate healthy profits and cash flow.","다만, 해당 업계의 기업들은 여전히 건전한 수익과 현금흐름을 창출하고 있습니다.",
advisory_however_share_price,"However, the share price has sold off recently.",하지만 최근 주가가 급락했습니다.,
advisory_however_share_value_02,"However, the share value has sold off recently.",하지만 최근 주가가 급락했습니다.,
advisory_incometax_warning,"Plan on raising some cash soon by selling assets, or find a way to lower your taxes, since YOU DO NOT CURRENTLY HAVE SUFFICIENT FUNDS and/or line of credit to pay the income tax you will owe for this year!","현재 올해 부과될 소득세를 납부할 충분한 자금, 또는 신용한도가 없으니, 자산을 매각해 현금을 마련하거나 세금을 줄일 방법을 찾으십시오!",
advisory_incurs_capital_loss,@PLAYER incurs capital loss on loan advance to @CORP.,@PLAYER이/가 @CORP에 대한 대여금에서 자본손실을 입었습니다.,
advisory_ind,Shippers' profits are being impacted severely by high petroleum prices.,해운업체들의 수익은 높은 석유 가격으로 심각한 타격을 받고 있습니다.,
advisory_ind_globalweakness,Industry profits are being {strongly affected|brought down|decimated|dragged down|held down} by the general weakness of the global economy.,세계 경제의 전반적인 부진으로 업종 이익이 {크게 영향을 받고|하락하고|급감하고|하락하고|억눌리고} 있습니다.,
advisory_ind_growth_accelerate,"Over the next year, industry analysts expect the current demand growth rate for the industry to continue to accelerate.",업계 애널리스트들은 향후 1년간 현재의 수요 성장률이 계속 가속화될 것으로 전망하고 있습니다.,
advisory_ind_influenced_growth,"Industry tend to be strongly influenced by growth rates in the general economy, which is currently growing at a {[1]torrid|rapid} pace.","해당 산업은 전반적인 경제 성장률에 크게 영향받는데, 현재 경제는 {[1]폭발적인|빠른} 속도로 성장하고 있습니다.",
advisory_ind_mature,"The @IND industry is quite mature, with limited long term growth prospects.","@IND 업계는 이미 성숙기에 접어들어, 장기적인 성장 가능성은 비교적 낮습니다.",
advisory_index_months,"The stock market continues its steady march upward, as the Global Stock Index has been {rising|surging|climbing} every month for the past @MONTHS months.","세계 주가지수가 지난 @MONTHS개월 동안 매달 {상승하면서|급등하면서|상승하면서}, 주식시장은 꾸준한 상승 행진을 이어가고 있습니다.",
advisory_index_months_02,"The stock market continues to fall, as the Global Stock Index has been sliding downward every month for the past @MONTHS months.","세계 주가지수가 @MONTHS개월 연속 하락하며, 약세가 계속되고 있습니다.",
advisory_industrial_demand_steel,"Industrial demand for steel is increasingly being displaced by new and lighter high-tech materials, such as graphite and nanotubes.","철강 산업 수요가 흑연, 나노튜브 등 새로운 경량 첨단 소재로 점차 대체되고 있습니다.",
advisory_industry_aging,"As populations age, growth of the @IND industry seems impervious to outside influences such as interest rates or the state of the economy.",고령화가 심화됨에 따라 @IND 산업의 성장은 금리 인상이나 경기 변동 등 외부 환경의 영향을 덜 받는 것으로 보입니다.,
advisory_industry_costs_risen,"Industry costs have risen, as union wage demands and strikes have escalated.",노조의 임금 인상 요구와 파업이 격화되면서 해당 업계의 산업 비용이 상승했습니다.,
advisory_industry_enters_x01,@CORP {[1]enters|re-enters} @IND industry.,@CORP이/가 @IND 산업에 {[1]진출합니다|재진출합니다}.,
advisory_industry_enters_x02,@CORP (@CORPFULL) enters @IND industry.,@CORP (@CORPFULL)이 @IND 산업에 진입했습니다.,
advisory_industry_faster_growthrate,"The @IND industry is expected to grow at a rate that is somewhat faster than the economy, over the long run, or about @PCT per year.","@IND 업계는 장기적인 관점에서, 연간 경제 성장률을 웃도는 약 @PCT 수준의 성장세를 보일 것으로 전망됩니다.",
advisory_industry_flat_growthrate,"@IND industry revenues are expected to grow at @PCT a year, in the long term, but are currently flat, not growing at all.","@IND 업종 매출은 장기적으로 연 @PCT 성장할 것으로 예상되지만, 현재는 전혀 성장하지 못하고 정체된 상태입니다.",
advisory_industry_government,"The industry is currently {profiting from higher|benefiting from high, lucrative} reimbursement rates from government-run health care systems.",해당 산업은 정부의 의료보험 수가 인상에 힘입어 호황을 누리고 있습니다.,
advisory_industry_growth_tail_faster,", but are currently growing much faster, at @PCT {, which is very unlikely to be sustainable|''}.","하지만 현재는 이보다 훨씬 빠른 @PCT의 성장세를 보이고 있{으며, 성장세가 오랫동안 유지되기는 어려워보입니다|습니다}.",
advisory_industry_growth_tail_negative,", but are currently experiencing negative growth, at @PCT.",", 하지만 현재는 마이너스 (-) 성장, @PCT를 기록하고 있습니다.",
advisory_industry_growth_tail_slower,", but are currently growing much more slowly, at @PCT.",하지만 현재는 이보다 훨씬 느린 @PCT의 성장세를 보이고 있습니다.,
advisory_industry_lead_profitability,While the @IND industry is currently {fairly profitable|very profitable|unprofitable},"@IND 업계 전반이 현재 {적정 수준의|높은|좋지 않은} 수익을 내고 있는 가운데,",
advisory_industry_longterm_growthrate,"@IND industry revenues are expected to grow at @PCT a year, in the long term",@IND 산업 매출은 장기적으로 연 @PCT 성장이 예상됩니다.,
advisory_industry_mature_growthrate,"The @IND industry is a mature industry which can be expected to grow at a rate of about @PCT a year, in the long term.","@IND 업계는 성숙기에 접어든 산업으로, 장기적으로 연간 약 @PCT 수준의 성장을 이어갈 것으로 전망됩니다.",
advisory_industry_mature_nogrowth,The @IND industry is a mature industry with little or no prospects of future growth.,@IND 업종은 향후 성장 전망이 거의 없거나 전혀 없는 성숙 산업입니다.,
advisory_industry_oilhigh,Shippers' profits are being adversely affected somewhat by high energy costs.,높은 에너지 비용으로 인해 운송업체들의 수익성이 다소 악화되고 있습니다.,
advisory_industry_rapidly,"@IND is a rapidly growing industry, long term, but its growth through introduction of new products has slowed lately.","@IND은/는 장기적으로 빠르게 성장하는 산업이지만, 신제품 출시를 통한 성장세는 최근 둔화되었습니다.",
advisory_industry_share,@CORP is the largest company in the @IND industry.,@CORP은/는 @IND 산업의 최대 기업입니다.,
advisory_industry_share_02,"@CORP is the largest company in the @IND industry but is losing market share to its main competitor, @CORPFULL.","@CORP은/는 @IND 산업 내 최대 기업이지만, 주요 경쟁사인 @CORPFULL에 시장점유율을 빼앗기고 있습니다.",
advisory_industry_share_03,"@CORP is the largest company in the @IND industry and is taking market share from its main competitor, @CORPFULL.","@CORP은/는 @IND 산업 내 최대 기업이며, 주요 경쟁사인 @CORPFULL의 시장점유율을 잠식하고 있습니다.",
advisory_industry_tail_excessive_competition,"profits in the @IND industry remain at low to non-existent levels, due to excessive competition.",과도한 경쟁으로 인해 @IND 업계의 수익은 낮거나 거의 없는 수준에 머물러 있습니다.,
advisory_industry_tail_growth_lag,profits in the @IND industry have not kept pace.,@IND 업계의 수익은 세계 경제의 성장 속도를 따라가지 못하고 있습니다.,
advisory_industry_tail_management_underperformance,"profits in the @IND industry are well below normal levels, suggesting that managements may be responsible for the poor performance.","@IND 업계의 수익은 정상 수준을 크게 밑돌고 있어, 경영 부실이 원인일 수 있습니다.",
advisory_industry_tail_medical_benefit_cuts,"many financially strapped governments have sharply cut back on medical benefits for their citizens, which is radically affecting earnings of companies in the @IND industry.",재정난에 시달리는 여러 정부가 의료 복지를 큰 폭으로 줄이면서 @IND 업계 기업들의 실적이 크게 흔들리고 있습니다.,
advisory_industry_tail_supply_demand,", the industry supply-demand situation is {still improving|improving|deteriorating|stable}.",수요-공급 상황은 {지속적으로 개선되고|개선되고|악화되고|안정적인 모습을 보여주고} 있습니다.,
advisory_industry_tail_supply_demand_imbalance,profits in the @IND industry will remain depressed until the existing supply/demand imbalance is corrected.,기존의 수급 불균형이 해소될 때까지 @IND 업계의 수익은 부진한 상태를 유지할 전망입니다.,
advisory_intrate_longgovt_movement,"Interest rates, as measured by the yield on the Long Government Bond, have {fallen|risen} for @MONTHS straight months now.",장기 국채 수익률로 측정한 금리는 @MONTHS개월 연속 {하락|상승}하고 있습니다.,
advisory_intrate_moderate_neutral,"Interest rates are currently at moderate levels, and thus rates are currently a neutral factor for the @IND industry.","현재 금리는 완만한 수준으로, @IND 산업에 중립적인 영향을 미치고 있습니다.",
advisory_labor_unrest,"The industry's costs of @LOCATION1 production are rapidly rising, as {unionization of workers|spreading labor militancy|spreading labor strife|spreading labor unrest} in @LOCATION2 is pushing up wage costs.","@LOCATION2 근로자들의 {노조 결성이 임금 비용을 끌어올리면서|노동쟁의가 확산됨에 따라|노동쟁의가 확산됨에 따라|노동불안이 확산됨에 따라}, @LOCATION1 생산에 따른 산업 비용이 빠르게 상승하고 있습니다.",
advisory_largest_second,"@CORPFULL1 is the largest company in the @IND industry, but @CORPFULL2 is cutting into the industry leader's market share.","@CORPFULL1은/는 @IND 산업 내 최대 기업이지만, @CORPFULL2이/가 선두 기업인 @CORPFULL1의 시장점유율을 잠식하고 있습니다.",
advisory_largestcomp,"@CORPFULL1 is the largest company in the @IND industry, and while @CORPFULL2 is the #@COUNT company, it is losing market share to @CORPFULL3.","@CORPFULL1은/는 @IND 산업 내 최대 기업이며, @COUNT위 기업인 @CORPFULL2은/는 @CORPFULL3에 시장점유율을 빼앗기고 있습니다.",
advisory_largeststockhoding_declined,"The shares of @CORPFULL, your largest stock holding, have {declined|plunged} @PCT in the last @MONTHS months.",최대 보유 종목인 @CORPFULL의 주가가 최근 @MONTHS개월간 @PCT {하락했습니다|급락했습니다}.,
advisory_largeststockhoding_risen,"The shares of @CORPFULL, your largest stock holding, have risen in value by @PCT in the last @MONTHS months.",최대 보유 종목인 @CORPFULL 주가가 최근 @MONTHS개월간 @PCT 상승했습니다.,
advisory_last_month_stockup,Stock prices are up @PCT in the last month.,지난 한 달간 주가가 @PCT 상승했습니다.,
advisory_last_months_price,"In the last @MONTHS months, the price of @COMMODITY has {decreased|increased} by @PCT.",지난 @MONTHS개월간 @COMMODITY 가격이 @PCT {하락했습니다|상승했습니다}.,
advisory_last_months_stockoff,Stock prices {are off|have eased} @PCT in the last month.,지난 한 달간 주가가 @PCT {''|소폭} 하락했습니다.,
advisory_lastmonths_down,The stock of @CORPFULL {is down|has plunged|has plunged in value} @PCT in the last @MONTHS months.,@CORPFULL의 주가는 지난 @MONTHS개월간 @PCT {하락했습니다|급락했습니다|급락했습니다}.,
advisory_lastmonths_dropp,"@CORP's stock has {dropped by|been rising, up} @PCT in the last @MONTHS months.",@CORP의 주가는 지난 @MONTHS개월간 @PCT {하락했습니다|올랐습니다}.,
advisory_lastmonths_flat,@CORPFULL's stock price performance has been relatively flat over the past @MONTHS months.,@CORPFULL의 주가는 지난 @MONTHS개월간 큰 변동 없이 제자리걸음을 했습니다.,
advisory_lastmonths_sinking,{The stock of @CORP has been sinking|@CORP's stock has been sinking steadily|@CORP's stock has fallen steadily} for the last @MONTHS months.,@CORP의 주가는 지난 @MONTHS개월간 {계속 하락해왔습니다|꾸준히 하락했습니다|꾸준히 하락했습니다}.,
advisory_lastmonths_stead_rising,@CORP's stock has {been rising|climbed} steadily for the last @MONTHS months.,@CORP의 주가는 지난 @MONTHS개월간 꾸준히 상승했습니다.,
advisory_lastmonths_up,The stock of @CORPFULL {is up|has shot up|has vaulted} @PCT in the last @MONTHS months.,@CORPFULL의 주가는 지난 @MONTHS개월간 @PCT {상승했습니다|급등했습니다|급등했습니다}.,
advisory_lastyear_eachq_dec,@CORP's stock {[1]price|value} has {[2]declined|moved up} each quarter for the past year.,@CORP의 주가는 최근 1년 간 매 분기마다 {[2]하락세를|상승세를} 이어왔습니다.,
advisory_lastyear_stockmarket_lead,"The stock market has {gained|risen|surged|soared, up|declined|plunged} @PCT in the last year","주식시장은 지난 1년간 @PCT {상승했지만,|상승했지만,|급등했지만,|급등했지만,|하락했지만,|폭락했지만,}",
advisory_lastyear_stockmarket_risen,"The stock market has {gained|risen|surged|soared, up|declined|plunged} @PCT in the last year.",주식시장은 지난 1년간 @PCT {상승했습니다|상승했습니다|급등했습니다|급등했습니다|하락했습니다|폭락했습니다}.,
advisory_lastyear_stockmarket_tail_profittaking,", but profit taking has sent stocks lower in each of the last @MONTHS months.",차익실현 매물로 최근 @MONTHS개월 연속 주가가 하락했습니다.,
advisory_lastyear_stockmarket_tail_rally,", but has rallied recently, for @MONTHS months in a row.",최근 @MONTHS개월 연속 반등하고 있습니다.,
advisory_lastyear_stockmarket_tail_rally_as,", but has rallied recently, for @MONTHS months, as {bargain hunters have stepped in|bottom fishing has begun}.",{저가 매수세 유입에 힘입어|저점 매수세가 시작되며} 최근 @MONTHS개월간 반등했습니다.,
advisory_lastyear_stockmarket_tail_stockpickers,", but many stock pickers say that the market at these levels is cheap, and undervalued.",많은 종목 선정 전문가들은 현재 수준이 저렴하고 저평가되어 있다고 평가하고 있습니다.,
advisory_lead_tail,"@CORPFULL, the dominant company in the industry, with a @PCT market share, is continuing to {expand at a rapid rate, reducing profitability of|expand at a rapid rate, putting increased pressure on the profit margins of|expand at a rapid rate, slashing prices and undercutting the profitability of|gobble up market share, expanding at a rapid rate, slashing rates and undercutting the profitability of|gobble up market share, expanding at a rapid rate, slashing prices and undercutting the profitability of|sell below cost in order to take market share, a source of alarm for|sell below cost in order to take market share, a source of concern for|expand at a rapid rate, a source of alarm for|expand at a rapid rate, at the expense of|gobble up market share, expanding at a rapid rate, putting increased pressure on the profit margins of} smaller {rivals|competitors}{.|''}","@CORPFULL은/는 @PCT의 시장점유율로 업계 1위 기업이며, {빠른 속도로 계속 확장하면서 군소 경쟁사들의 수익성을 떨어뜨리고|빠른 속도로 계속 확장하면서 군소 경쟁사들의 수익 마진을 더욱 강하게 몰아붙이고|빠른 속도로 계속 확장하면서 가격을 대폭 인하해 군소 경쟁사들의 수익성을 훼손하고|시장점유율을 잠식하고 가격을 대폭 인하해 군소 경쟁사들의 수익성을 훼손하고|시장점유율을 잠식하고 가격을 대폭 인하해 군소 경쟁사들의 수익성을 훼손하고|시장점유율 확보를 위해 원가 이하로 제품을 판매하고 있어 군소 경쟁사들에게 압박을 가하고|시장점유율 확보를 위해 원가 이하로 제품을 판매하고 있어 군소 경쟁사들에게 우려를 낳고|빠른 속도로 계속 확장하면서 군소 경쟁사들에게 경각심을 불러일으키고|빠른 속도로 계속 확장하면서 군소 경쟁사들을 희생시키며 성장하고|시장점유율을 잠식하며 빠르게 확장하면서 군소 경쟁사들의 수익 마진을 더욱 강하게 몰아붙이고} 있습니다.",
advisory_lead_tail_05,"Economic conditions that might support sustained steady growth are mostly unfavorable now, due to a combination of high oil prices and high interest rates.","고유가와 고금리가 겹치면서, 지속적이고 안정적인 성장을 뒷받침할 경제 여건은 대체로 불리한 상황입니다.",
advisory_light_sharply,"Auto sales are benefiting from low {gasoline|petrol} prices, which have sharply boosted profitable light truck and S.U.V. sales.","낮은 유가 덕분에 자동차 판매가 호조를 보이고 있으며, 특히 수익성 높은 소형 트럭과 SUV 판매가 크게 늘었습니다.",
advisory_longterm_int_rising_month,Long-term interest rates have been rising now for four months.,장기 금리가 4개월째 상승세를 이어가고 있습니다.,
advisory_low_price_led,The low price has led to higher demand for gasoline and other finished products in the downstream part of the industry.,낮은 가격으로 인해 업계 다운스트림 부문에서 휘발유 및 기타 완제품에 대한 수요가 증가했습니다.,
advisory_lowcoin,"In wild cryptocurrency trading, the price of @COMMODITY has plunged by @PCT in the last year.","혼란스러운 암호 화폐 시장 속에서, @COMMODITY 가격이 지난 1년간 @PCT 폭락했습니다.",
advisory_lowenergy_recover,"Low energy prices are reducing the cost of fuel, and thus should help the industry to recover, in the longer term.","에너지 가격 하락으로 연료비 부담이 줄면서, 장기적으로 산업의 실적 회복에 보탬이 될 것으로 예상됩니다.",
advisory_lowintrate_profit,"Low interest rates are aiding industry profits somewhat, at present.",현재의 낮은 금리 상황은 해당 산업의 이익에 다소 도움이 되고 있습니다.,
advisory_lowoil_quarter,"The spot price of crude oil has dropped in each of the last @COUNT quarters, a decrease of @PCT from a year ago.",현물 원유 가격이 최근 @COUNT개 분기 연속 하락하여 1년 전보다 @PCT 감소했습니다.,
advisory_lowoil_reducecost,"Lower fuel prices should lead to {[1]reduced costs|reduced costs for farmers and improved profits} for the @IND industry in the near future, if the current trend of falling crude oil prices continues.","현재의 원유 가격 하락세가 이어진다면, 연료비 하락으로 가까운 시일 내에 @IND 산업의 {[1]비용이 감소할|농가 비용이 줄고 수익이 개선될} 것으로 보입니다.",
advisory_lowrate_but_negative,"Low interest rates are aiding the industry, but not enough to fully offset a generally negative profit picture.","저금리가 업계에 도움이 되고 있지만, 전반적으로 부정적인 수익 여건을 완전히 상쇄하기에는 부족합니다.",
advisory_managerep,@CORP's management is considered {competent|excellent|failing|mediocre|poor}.,@CORP의 경영진은 {유능|훌륭|부실|평범|무능}하다는 평가를 받고 있습니다.,
advisory_margin_keptdown,@IND margins are being kept down by excessive worldwide competition and overproduction.,@IND 업종의 마진은 과도한 글로벌 경쟁과 과잉 생산으로 압박을 받고 있습니다.,
advisory_marketshare_despite_weakdemand,"@IND industry, as companies continue to {compete|struggle|vie} for market share, despite weak demand.",@IND 업종은 수요 부진에도 불구하고 기업들이 시장점유율 확보를 위한 경쟁을 계속하고 있습니다.,
advisory_meanwhile_trading_higher,"Meanwhile, @COMMODITY is trading higher this year, for the third year in a row.",한편 @COMMODITY 가격은 3년 연속으로 올해도 상승세를 보이고 있습니다.,
advisory_modal_confirmation_ui,@PLAYER auctions off @PCT of @CORP shares at @AMOUNT.,@PLAYER이/가 경매를 통해 @CORP 지분 @PCT를 @AMOUNT M.에 매각합니다.,
advisory_negative_insolvent,Your net worth is now negative and you are technically insolvent.,"순자산이 마이너스로 돌아섰으며, 사실상 파산 상태에 빠졌습니다.",
advisory_networth_consecutive,Your net worth has {decreased|increased} for @MONTHS consecutive months.,순자산이 @MONTHS개월 연속 {감소했습니다|증가했습니다}.,
advisory_networth_decreased,Your net worth has {decreased|increased} by @PCT in the last year.,최근 1년 사이 순자산이 @PCT {감소|증가}했습니다.,
advisory_networth_decreased_recovering,"Your net worth has decreased by @PCT in the last year, but has started to increase again in the last two months.","최근 1년 사이 순자산이 @PCT 감소했지만, 최근 2개월 동안 다시 증가하기 시작했습니다.",
advisory_nexyear_growth_decline,"For the coming year, the rate of revenue growth for the @IND industry is forecast to {decline|slow|soften|weaken}.",내년도 @IND 산업의 매출 성장률은 {하락할|둔화될|한풀 꺾일|약화될} 것으로 전망됩니다.,
advisory_no_loc_liquidate,"It has no line of credit at present, so it may be forced to liquidate assets unless it can slow the drain on its liquid assets.","해당 기업은 현재 신용한도가 없어, 유동자산 유출 속도를 늦추지 못하면 자산을 강제로 매각해야 할 수도 있습니다.",
advisory_noendsight,"The current recession has caused consumers to cut back on all spending, which is having a drastic impact on profits of companies in the @IND industry, with no end in sight.","현재의 경기 침체로 소비자들이 모든 지출을 줄이면서 @IND 업계 기업들의 수익에 심각한 타격을 주고 있으며, 끝이 보이지 않습니다.",
advisory_nolineofcredit_liquidate,"Since the company has no bank line of credit at present, it may soon be forced to begin liquidating assets.","현재 해당 기업의 남은 은행 신용한도가 없어, 조만간 보유 자산을 매각해 현금을 확보해야 할 수도 있습니다.",
advisory_notpubliccorp,"@CORP's stock is not publicly traded, but its private equity value regularly fluctuates in response to earnings and other factors.","@CORP의 주식은 공개 시장에서 거래되지 않지만, 실적이나 여러 요인에 따라 비상장 주식의 가치가 정기적으로 변동합니다.",
advisory_oil_industry_outlook,Low energy prices are a major depressant for the industry at this time.,낮은 에너지 가격은 현재 해당 산업의 가장 큰 걸림돌로 작용하고 있습니다,
advisory_oil_industry_outlook_02,The spread of fracking technology from the U.S. to OPEC and elsewhere has led to an abundance of oil supplies.,미국에서 OPEC으로 프랙킹 공정이 퍼지면서 석유가 과공급되고 있습니다.,
advisory_oil_industry_outlook_03,The price of oil in the spot market has been declining for the last year.,현물 시장에서 석유의 가격은 지난 1년 동안 하락해 왔습니다.,
advisory_oil_industry_outlook_04,"The spot oil price has been trending upward over the last year, however.",다만 지난 1년 동안 현물 유가는 상승세를 보이고 있습니다.,
advisory_operation_netloss_worse1,"@CORP's net {losses|earnings|loss} from operations {worsened|declined|fell|improved|rose|soared|lessened} in its most recent quarter, to @AMOUNT1 per share, from @AMOUNT2 in the previous quarter.",@CORP은/는 최근 분기 영업 {[1]순손실|순이익|순손실}이 전 분기 주당 @AMOUNT2에서 @AMOUNT1로/으로 {[2]악화되었습니다|감소했습니다|폭락했습니다|개선되었습니다|향상되었습니다|급증했습니다|축소되었습니다}.,
advisory_outlook_lead_acceptable_profit,The industry outlook for the near term is for acceptable profit levels in the @IND industry,단기적으로 @IND 산업은 무난한 수준의 이익을 기록할 것으로 전망됩니다.,
advisory_outlook_lead_bleak_ind_industry,The industry outlook for the near term is bleak for the @IND industry,단기적으로 @IND 산업의 전망은 어둡습니다.,
advisory_outlook_lead_continuing_hefty,The industry outlook for the near term is for continuing hefty profits for the @IND industry,단기적으로 @IND 산업은 두둑한 이익을 계속 이어갈 것으로 전망됩니다.,
advisory_outlook_lead_decent_profit_levels,The industry outlook for the near term is for decent profit levels in the @IND industry,단기적으로 @IND 산업은 괜찮은 이익을 낼 것으로 전망됩니다.,
advisory_outlook_lead_excellent_ind_industry,The industry outlook for the near term is excellent for the @IND industry,단기적으로 @IND 산업의 전망은 굉장히 밝습니다.,
advisory_outlook_lead_good_but_not_exceptional_profits_in_the_ind_industry,"The industry outlook for the near term is for good, but not exceptional, profits in the @IND industry",단기적으로 @IND 산업은 뛰어나지는 않지만 양호한 수준의 이익을 기록할 것으로 전망됩니다.,
advisory_outlook_lead_hefty_profits,The industry outlook for the near term is for hefty profits for the @IND industry,단기적으로 @IND 산업은 두둑한 이익을 기록할 것으로 전망됩니다.,
advisory_outlook_lead_high_capital_returns,The industry outlook for the near term is for high rates of return on capital for the @IND industry,단기적으로 @IND 산업은 높은 투자자본 대비 수익률을 기록할 것으로 전망됩니다.,
advisory_outlook_lead_high_levels,The industry outlook for the near term is for high levels of profitability for the @IND industry,단기적으로 @IND 산업은 높은 수익성을 유지할 것으로 전망됩니다.,
advisory_outlook_lead_moderate_profitability_in_the_ind_industry,The industry outlook for the near term is for moderate profitability in the @IND industry,단기적으로 @IND 산업은 보통 수준의 수익성을 기록할 것으로 전망됩니다.,
advisory_outlook_lead_near,"The industry outlook for the near term is for good, but not exceptional, profits in the @IND industry",단기적으로 @IND 산업은 뛰어나지는 않지만 양호한 수준의 이익을 기록할 것으로 전망됩니다.,
advisory_outlook_lead_near_lownegativeprofit,The industry outlook for the near term is for very low or negative profit levels in the @IND industry,"단기적으로 @IND 산업은 매우 낮은 이익, 또는 손실을 기록할 것으로 전망됩니다.",
advisory_outlook_lead_near_moderateprofit,The industry outlook for the near term is for moderate profitability in the @IND industry,단기적으로 @IND 산업은 보통 수준의 수익성을 기록할 것으로 전망됩니다.,
advisory_outlook_lead_satisfactory,The industry outlook for the near term is for satisfactory profitability in the @IND industry,단기적으로 @IND 산업은 만족스러운 수준의 수익성을 기록할 것으로 전망됩니다.,
advisory_outlook_lead_severe_pressure_profit,The industry outlook for the near term is for severe pressure on profit margins in the @IND industry,단기적으로 @IND 산업은 이익률에 심각한 압박을 받을 것으로 전망됩니다.,
advisory_outlook_lead_very_difficult,The industry outlook for the near term is for very difficult conditions in the @IND industry,단기적으로 @IND 산업은 매우 어려운 여건에 직면할 것으로 전망됩니다.,
advisory_outlook_lead_very_favorable,The industry outlook for the near term is very favorable for the @IND industry,단기적으로 @IND 산업의 전망은 매우 밝습니다.,
advisory_outlook_lead_very_healthy_profits,The industry outlook for the near term is for very healthy profits in the @IND industry,단기적으로 @IND 산업은 매우 양호한 수익을 낼 것으로 전망됩니다.,
advisory_outlook_lead_very_high_rates_return,The industry outlook for the near term is for very high rates of return on capital for the @IND industry,단기적으로 @IND 산업은 매우 높은 투자자본 대비 수익률을 기록할 것으로 전망됩니다.,
advisory_outlook_lead_very_low_or_negative_profit_levels_in_the_ind_industry,The industry outlook for the near term is for very low or negative profit levels in the @IND industry,"단기적으로 @IND 산업은 매우 낮은 이익, 또는 손실을 기록할 것으로 전망됩니다.",
advisory_outlook_lead_widespread_losses_ind,The industry outlook for the near term is for widespread losses in the @IND industry,단기적으로 @IND 산업 전반에 걸쳐 광범위한 손실이 발생할 것으로 전망됩니다.,
advisory_outlook_longterm_good,"The @IND industry has good long term growth prospects, estimated at @PCT per annum.",@IND 업계의 장기 성장 전망은 연간 @PCT 수준으로 양호한 편입니다.,
advisory_outlook_middle_demand_outstrips_capacity,", as analysts expect demand to outstrip growth in capacity, while","애널리스트들은 수요가 생산능력 증가를 앞지를 것으로 예상하는 한편,",
advisory_outlook_tail_analysts_expect_demand,", as analysts expect demand to outstrip growth in capacity.",애널리스트들은 수요가 생산능력 증가를 앞지를 것으로 예상하고 있습니다.,
advisory_outlook_tail_but_demand_continues,", but demand continues to grow, while the major company in the industry, @CORPFULL, is scaling back and {showing a willingness|displaying willingness} to sacrifice market share in order to boost the bottom line.","다만 수요는 계속 증가하고 있으며, 업계 주요 기업인 @CORPFULL은/는 사업을 축소하는 한편, 순이익 증대를 위해 시장점유율을 희생할 의향도 보이고 있습니다.",
advisory_outlook_tail_but_demand_continues_2,", but demand continues to grow, while the major company in the industry, @CORPFULL, is shutting down unprofitable operations and reducing its workforce.","다만 수요는 계속 증가하고 있으며, 업계 주요 기업인 @CORPFULL은/는 수익성 없는 사업을 정리하고 인력을 감축하고 있습니다.",
advisory_outlook_tail_but_demand_growing,", but demand is growing, while companies in the industry are reducing capacity.","수요는 증가하고 있지만, 업계 기업들은 생산능력을 줄이고 있습니다.",
advisory_outlook_tail_but_overexpansion,", but with overexpansion likely to {cut|eat} into the current rich profit margins soon.",하지만 과잉 확장으로 인해 현재의 높은 이익률이 곧 축소 될 가능성이 있습니다.,
advisory_outlook_tail_capacity_cut,", with {[1]the dominant company|industry leader}, @CORPFULL, shrinking capacity to boost profits.",{[1]지배적 기업인|업계 선두주자인} @CORPFULL은/는 이익 증대를 위해 생산능력을 축소하고 있습니다.,
advisory_outlook_tail_companies_laying_off,", with companies laying off staff to increase profit levels.",업계 기업들은 인력을 감축하여 수익성을 높이고 있습니다.,
advisory_outlook_tail_companies_reducing,", with companies reducing capacity to increase {profitability|profit levels}.",업계 기업들은 생산능력을 줄여 수익성을 향상시키고 있습니다.,
advisory_outlook_tail_companies_reducing_2,", with companies reducing production to increase profit levels.",기업들이 수익성 제고를 위해 생산을 줄이고 있기 때문입니다.,
advisory_outlook_tail_companies_shutting,", with companies shutting down less profitable stores to increase profitability.",기업들은 수익성을 높이기 위해 수익성이 낮은 매장을 폐쇄하고 있습니다.,
advisory_outlook_tail_current_lucrative,. The current lucrative profit environment for the industry is likely to remain stable in the near term.,당분간 해당 업계의 높은 수익성은 안정적으로 유지될 것으로 전망됩니다.,
advisory_outlook_tail_current_mediocre_level,. The current mediocre level of industry profitability is projected to remain relatively stable for at least the next few months.,향후 몇 달간 업계 수익성은 현 수준의 완만한 호조세를 이어갈 것으로 예상됩니다.,
advisory_outlook_tail_demand_falling_but,", as demand is falling, but companies are expected to reduce capacity even faster, which should eventually aid industry profitability.","수요는 감소하고 있지만, 기업들이 생산능력을 그보다 더 빠르게 감축할 것으로 예상되어 결국 산업 수익성에 도움이 될 것으로 보입니다.",
advisory_outlook_tail_demand_stagnant_but,", as demand is stagnant, but companies are expected to reduce capacity, which should eventually aid industry profitability.","수요는 정체되어 있지만, 기업들의 생산능력 감축이 예상되어 산업 수익성에 도움이 될 것으로 보입니다.",
advisory_outlook_tail_dominant_expand,", as @CORPFULL, the dominant company in the industry with a @PCT market share, continues to expand in the face of collapsing demand.",업계 1위 기업인 @CORPFULL(점유율 @PCT)이/가 수요 급감에도 불구하고 확장을 계속하고 있기 때문입니다.,
advisory_outlook_tail_due_to_overcapacity,", due to {overcapacity|excessive competition|excess capacity}.",이는 {[1]생산 과잉|과도한 경쟁|설비 과잉} 때문입니다.,
advisory_outlook_tail_excess_capacity,", with excess capacity continuing, as there is no indication of any significant change in depressed industry profit levels in the near future.","생산능력 과잉이 계속되고 있으며, 가까운 미래에 침체에 빠진 해당 산업의 이익 수준에 유의미한 변화가 나타날 조짐은 보이지 않습니다.",
advisory_outlook_tail_excess_capacity_2,", with excess capacity continuing, as there is no indication of any significant change in depressed industry profit levels in the near term.","생산능력 과잉이 계속되고 있으며, 가까운 미래에 침체에 빠진 해당 산업의 이익 수준에 유의미한 변화가 나타날 조짐은 보이지 않습니다.",
advisory_outlook_tail_excess_capacity_3,", with excess capacity continuing, but with some improvement expected.","생산능력 과잉이 계속되고 있지만, 다소 개선이 예상됩니다.",
advisory_outlook_tail_excessive_brutal,", with excessive, brutal competition continuing, as there is no indication of any significant change in depressed industry profitability in the near future.","과도하고 치열한 경쟁이 계속되고 있으며, 근시일 안에 침체에 빠진 해당 산업의 수익성에 유의미한 변화가 나타날 조짐은 보이지 않습니다.",
advisory_outlook_tail_excessive_brutal_2,", with excessive, brutal competition continuing, as there is no indication of any significant change in depressed industry profitability in the near term.","과도하고 치열한 경쟁이 계속되고 있으며, 단기적으로 침체에 빠진 해당 산업의 수익성에 유의미한 변화가 나타날 조짐은 보이지 않습니다.",
advisory_outlook_tail_excessive_competition,", with excessive competition continuing, but with some improvement expected.","과도한 경쟁이 계속되고 있지만, 다소 개선이 예상됩니다.",
advisory_outlook_tail_expand_marketshare,", as @CORPFULL continues to expand, in its bid to increase market share, despite weak demand.","수요는 부진하지만, @CORPFULL이/가 시장점유율을 높이기 위해 사업 확장을 계속하고 있기 때문입니다.",
advisory_outlook_tail_improving_current,", improving from current levels.",또한 수익성이 점차 개선될 것으로 예상됩니다.,
advisory_outlook_tail_improving_current_2,", improving from current levels, as demand growth accelerates.",또한 수요 증가가 가속화됨에 따라 수익성이 점차 개선될 것으로 예상됩니다.,
advisory_outlook_tail_improving_current_3,", improving from current levels, as demand growth accelerates and capacity is reduced.","또한 수요 증가가 가속화되고, 생산능력이 감축됨에 따라 수익성이 점차 개선될 것으로 예상됩니다.",
advisory_outlook_tail_improving_current_4,", improving from current levels, as demand growth accelerates and the number of storefronts is reduced.",또한 수요 증가가 가속화되고 점포 수가 줄어듦에 따라 수익성이 점차 개선될 것으로 예상됩니다.,
advisory_outlook_tail_improving_current_5,", improving from current levels, as demand growth picks up.","수요 성장이 가속화되면서, 현재 수익성이 개선되고 있습니다.",
advisory_outlook_tail_improving_current_6,", improving from current levels, as demand growth picks up and capacity is reduced.","또한 수요 증가가 가속화되고, 생산능력이 감축됨에 따라 수익성이 점차 개선될 것으로 예상됩니다.",
advisory_outlook_tail_industry_demand,", as industry demand collapses faster than companies can {[1]cut back|reduce} capacity.",업계 수요가 기업들의 생산능력 축소 속도보다 더 빠르게 무너지고 있기 때문입니다.,
advisory_outlook_tail_industry_giant," industry giant @CORPFULL is aggressively raising prices, rather than seeking greater market share.",업계 최대 기업인 @CORPFULL은/는 시장점유율 확대보다 공격적인 가격 인상을 택하고 있습니다.,
advisory_outlook_tail_industry_giant_2," industry giant @CORPFULL is aggressively raising prices, rather than seeking to grow market share.",업계 최대 기업인 @CORPFULL은/는 시장점유율 확대보다 공격적인 가격 인상을 택하고 있습니다.,
advisory_outlook_tail_industry_giant_3," industry giant @CORPFULL is focusing on profits, rather than seeking greater market share.",업계 최대 기업인 @CORPFULL은/는 시장점유율 확대보다 수익성에 집중하고 있습니다.,
advisory_outlook_tail_industry_giant_4," industry giant @CORPFULL is focusing on profits, rather than seeking to grow market share.",업계 최대 기업인 @CORPFULL은/는 시장점유율 확대보다 수익성에 집중하고 있습니다.,
advisory_outlook_tail_industry_leader," industry leader @CORPFULL is aggressively raising prices, rather than seeking greater market share.",업계 선두주자인 @CORPFULL은/는 시장점유율 확대보다 공격적인 가격 인상을 택하고 있습니다.,
advisory_outlook_tail_industry_leader_2," industry leader @CORPFULL is aggressively raising prices, rather than seeking to grow market share.",업계 선두주자인 @CORPFULL은/는 더 많은 시장점유율을 확보하기보다 공격적인 가격 인상을 택하고 있습니다.,
advisory_outlook_tail_industry_leader_3," industry leader @CORPFULL is aggressively raising rates, rather than seeking greater market share.",업계 선두주자인 @CORPFULL은/는 시장점유율 확대보다 공격적인 가격 인상을 택하고 있습니다.,
advisory_outlook_tail_industry_leader_4," industry leader @CORPFULL is aggressively raising rates, rather than seeking to grow market share.",업계 선두주자인 @CORPFULL은/는 더 많은 시장점유율을 확보하기보다는 공격적인 가격 인상을 택하고 있습니다.,
advisory_outlook_tail_industry_leader_5,industry leader @CORPFULL is focusing on profitability rather than gaining market share.,업계 선두주자인 @CORPFULL은/는 시장점유율 확대보다 수익성에 집중하고 있습니다.,
advisory_outlook_tail_industry_leader_6," industry leader @CORPFULL is focusing on profits, rather than seeking greater market share.",업계 선두주자인 @CORPFULL은/는 시장점유율 확대보다 수익성에 집중하고 있습니다.,
advisory_outlook_tail_industry_leader_7," industry leader @CORPFULL is focusing on profits, rather than seeking to grow market share.",업계 선두주자인 @CORPFULL은/는 더 많은 시장점유율을 확보하기보다 수익성에 집중하고 있습니다.,
advisory_outlook_tail_leader_strategy,"industry {[1]leader|giant} @CORPFULL is {[2]aggressively raising rates|aggressively raising prices|focusing on profits|focusing on improving its profit margin}, rather than {[3]expanding market share|seeking greater market share|seeking to grow market share}.",업계 {[1]선두 기업인|거대 기업인} @CORPFULL은/는 시장점유율 확대보다 {[2]공격적인 요금 인상|공격적인 가격 인상|수익성|수익 마진 개선}에 주력하고 있습니다.,
advisory_outlook_tail_leader_type_closing,", with [the dominant company/industry leader], @CORPFULL, closing stores to boost profits.",[지배적 기업인/업계 선두주자인] @CORPFULL은/는 이익 증대를 위해 매장을 폐쇄하고 있습니다.,
advisory_outlook_tail_marketshare_weakdemand,", as companies continue to {[1]battle|compete|fight|vie|struggle} for market share, despite weak demand.","수요는 부진하지만, 기업들은 시장점유율 확보를 위한 경쟁을 계속하고 있습니다.",
advisory_outlook_tail_oversupply_finished,", but with an oversupply of finished steel products likely to cut into the current rich profit margins soon.",하지만 완성 철강 제품의 공급 과잉으로 인해 현재의 높은 이익률이 곧 축소될 가능성이 있습니다.,
advisory_outlook_tail_supply_demand,", with the existing imbalance of supply and demand continuing, as there is no indication of any significant change in depressed industry profitability in the near {future|term}.","기존의 수요-공급 불균형이 계속되고 있으며, {가까운 미래에|단기적으로} 현재의 낮은 산업 수익성에 유의미한 변화가 나타날 조짐은 보이지 않습니다.",
advisory_over_last_months,"Over the last @MONTHS months, stock prices {are up|have fallen by} @PCT.",지난 @MONTHS개월간 주가가 @PCT {상승|하락}했습니다.,
advisory_paid_tax,"So far, you have paid in (prepaid) estimated tax of: @AMOUNT million.",현재까지 선납한 세금액은 @AMOUNT M.입니다.,
advisory_paid_tax_addtional,"Therefore, you should owe, by year-end, approximately @AMOUNT million more in additional income tax payments.",따라서 연말까지 약 @AMOUNT M.의 소득세를 추가로 납부해야 할 것입니다.,
advisory_paid_tax_cashbillcredit,"Your available cash, T-bills, and credit at this time is: @AMOUNT million.","현재 동원 가능한 현금, 단기 국채, 신용한도는 총 @AMOUNT M. 입니다.",
advisory_paid_tax_upto,"Your net assets at this time, available for payment of taxes, add up to: @AMOUNT million.",세금 납부에 사용할 수 있는 순자산은 총 @AMOUNT M. 입니다.,
advisory_perform_sector,"The sector continues to perform badly, {[1]incurring heavy losses|generating minimal profits} in the midst of an ongoing economic boom.",해당 업종은 경기 호황이 지속되는 가운데서도 계속 부진한 실적을 보이며 {[1]큰 손실을 기록하고|미미한 수익을 내는 데 그치고} 있습니다.,
advisory_player_networth_change,"Your net worth has {decreased|increased} for @MONTHS consecutive months, and has {declined in value|grown} @PCT during that period.","순자산이 @MONTHS개월 연속 {감소했으며|증가했으며}, 그 기간 동안 @PCT {감소했습니다|증가했습니다}.",
advisory_player_networth_years,"Over the last @YEARS years, your net worth has {[1]declined|increased} by @PCT.",지난 @YEARS년간 당신의 순자산은 @PCT {[1]감소|증가}했습니다.,
advisory_player_networthincdec,"Your net worth has increased by @PCT in the last year, but has been declining for the last @MONTHS months.","순자산은 지난 1년간 @PCT 증가했지만, 최근 @MONTHS개월간은 감소하고 있습니다.",
advisory_player_ownstock1,@CORPFULL1 owns a large number of shares of @CORPFULL2.,@CORPFULL1은/는 @CORPFULL2 주식을 다량 보유하고 있습니다.,
advisory_player_ownstock2,@PLAYER owns @PCT of the stock of @CORPFULL.,@PLAYER은/는 @CORPFULL의 주식 중 @PCT를 소유하고 있습니다.,
advisory_player_receivetax,"Thus, you may receive an income tax refund at year-end of about @AMOUNT million.",따라서 연말에 약 @AMOUNT M.의 소득세 환급을 받을 수 있을 것입니다.,
advisory_player_taxpay,@PLAYER year-end Income Tax {payment|refund} is @AMOUNT mil.,@PLAYER의 연말 소득세 {납부액|환급액}은 @AMOUNT M.입니다.,
advisory_price_fallen,"However, the price has {fallen|recovered|rebounded} @PCT in the @MONTHS most recent months.","다만, 최근 @MONTHS개월간 가격이 @PCT {하락했습니다|반등했습니다|반등했습니다}.",
advisory_price_streak_each,The {[1]spot price of @COMMODITY|adjusted net asset value of the ETF} has {[2]gone up|risen|increased|fallen} in each of the last @MONTHS months.,{[1]@COMMODITY 현물 가격이|해당 ETF의 수정 순자산가치가} 최근 @MONTHS개월 연속 {[2]상승|상승|상승|하락}했습니다.,
advisory_profit_remain_stable,The current level of industry profitability is projected to remain relatively {unchanged|stable} for at least the next few months.,현재의 산업 수익성은 향후 최소 몇 개월간 {큰 변화 없이|비교적 안정적으로} 유지될 것으로 전망됩니다.,
advisory_profitmargin_lead,"However, profit margins are expected to","다만, 이익률은 현재보다",
advisory_profitmargin_tail,"{decline|erode|slip} from current levels {, as demand continues to weaken|''}.",{[2]수요 약세가 계속됨에 따라|''} {[1]하락할|점점 낮아질|소폭 하락할} 것으로 예상됩니다.,
advisory_rapidlygrowing,"@IND is a rapidly growing industry, long term, and demand is growing at a healthy pace at present.","@IND은/는 장기적으로 급성장 중인 산업이며, 현재도 수요가 안정적인 속도로 증가하고 있습니다.",
advisory_rating_cashflow,It currently has a credit rating of @RATING and is generating positive cash flow.,현재 신용등급은 @RATING이며 양 (+)의 현금흐름을 보이고 있습니다.,
advisory_reasonable_roc,"Companies in the industry are expected to generate reasonable returns on capital, despite the weak economy.",경기 부진에도 불구하고 업계 기업들은 적정한 자본수익률을 올릴 것으로 예상됩니다.,
advisory_region,"At present, {the traditional leaders|companies} in the @IND industry are finding it hard to generate significant profits, due to an influx of inexpensive imports from {Africa|Sri Lanka|Myanmar}.",@IND 업계의 {[1]전통적인 선두 기업들|기업들}은 {[2]아프리카산|스리랑카산|미얀마산} 저가 수입품 유입으로 인해 현재 유의미한 수익을 내는 데 어려움을 겪고 있습니다.,
advisory_report_capitalgoods_invest,"While consumer demand is at fairly tepid levels, businesses are continuing to invest heavily in production facilities and capital equipment, which should keep capital goods companies busy and quite profitable.","소비자 수요는 다소 미지근한 수준이지만, 기업들이 생산 설비와 자본 장비에 계속 대규모로 투자하고 있어 자본재 기업들은 바쁘게 돌아가며 상당한 수익을 낼 것입니다.",
advisory_report_insurance_growth,Its insurance in force {grew|shrank} at an annual rate of @PCT.,해당 기업의 회사의 유효 보험 계약고는 연 @PCT의 속도로 {성장|감소}했습니다.,
advisory_report_title,... @DATE Report on the Financial and Commodity Markets and Economy: Summary and analysis follows....,... @DATE 금융·원자재 시장 및 경제 동향 보고서: 주요 요약 및 상세 내용은 다음과 같습니다....,
advisory_reportdate,@DATE Report on the Financial and Commodity Markets and Economy: Summary and analysis follows....,@DATE 금융·원자재 시장 및 경제 동향 보고서: 요약 및 분석은 다음과 같습니다...,
advisory_resonablelevel,"Share prices in this industry have returned to more reasonable levels, in the aftermath of the recent investor mania that led to unrealistic valuations of stocks of companies in the @IND industry.","최근 @IND 업종 기업들의 주가를 비현실적인 수준으로 끌어올린 투자 열풍이 지나간 뒤, 이 업종의 주가는 보다 합리적인 수준으로 돌아왔습니다.",
advisory_secondlargest,"@CORPFULL1 is the largest company in the @IND industry, while @CORPFULL2 is the second-largest.","@CORPFULL1은/는 @IND 업종 내 최대 기업이며, @CORPFULL2은/는 2위 기업입니다.",
advisory_share_inarow,The {[1]company's share price|company's share value|fund's share price} has {[2]risen|fallen} for @MONTHS months {[3]in a row|in succession}.,{[1]기업 주가가|기업의 주식 가치가|펀드 주가가} @MONTHS개월 연속 {[2]상승|하락}했습니다.,
advisory_shortgovtbond_yield,"The yield on the Short-Term Government Bond has {risen|fallen} in each of the last @MONTHS months{''|, and the Federal Reserve is currently pursuing a monetary policy designed to raise the cost of borrowing|, and the Federal Reserve is currently pursuing a monetary policy designed to lower rates further}.","단기 국채 수익률은 최근 @MONTHS개월 연속 {[1]상승|하락}{[2]했습니다|했으며, 연방준비제도는 현재 차입 비용을 높이기 위한 통화 정책을 추진하고 있습니다|했으며, 연방준비제도는 현재 금리를 추가로 낮추기 위한 통화 정책을 추진하고 있습니다}.",
advisory_significant_change_industrys,"No significant change in the industry's current supply and demand balance is expected, for at least the first half of next year.",적어도 내년 상반기까지는 현재 업계의 수급 균형에 큰 변화가 없을 것으로 예상됩니다.,
advisory_sloweconomy_ind,The slow economy is strongly {impacting|penalizing} {earnings|profits} in the @IND industry.,경기 둔화가 @IND 업종의 {[2]실적|수익}에 큰 {[1]타격을 주고|손해를 입히고} 있습니다.,
advisory_spot_crudeoil,"Over the last year, the spot price of @COMMODITY has {increased|decreased} by @PCT.",지난 1년간 @COMMODITY 현물 가격은 @PCT {[1]상승|하락}했습니다.,
advisory_spot_oil_price_3,The spot oil price has moved up over the last @MONTHS months.,현물 유가는 지난 @MONTHS개월 동안 상승세에 있습니다.,
advisory_spot_oil_price_05,The spot oil price has moved up over the last year.,현물 유가는 지난 1년간 상승세를 보였습니다.,
advisory_spotprice_commodity,"The spot price of @COMMODITY has {risen|gone up|been trending down} in each of the last @QUARTERS, {an increase|a decrease} of @PCT from a year ago.","@COMMODITY 현물 가격이 지난 @QUARTERS분기 동안 매 분기 {[1]상승|상승|하락}하여, 전년 대비 @PCT {[2]올랐습니다|내렸습니다}.",
advisory_stock_52highlow,The stock is currently near its {HIGH|LOW} for the last 52 weeks.,현재 주가는 최근 52주 {최고가|최저가}에 근접해 있습니다.,
advisory_stock_falling_recently,"However, {[1]the share price|the share value|it} has {[2]been falling|sold off} recently.",다만 최근 들어 {[1]주가가 하락세를|주가가 하락세를|하락세를} 보이고 있습니다.,
advisory_stockindexfuture_settle,@PLAYER @MONTHNUM/@YEAR (short) @COMMODITY futures settled @ @AMOUNT.,@PLAYER이/가 @YEAR @MONTHNUM월 만기 @COMMODITY 선물 (공매도) 계약을 @AMOUNT에 정산했습니다.,
advisory_stockmarket_flat,"The stock market index has been relatively flat for the last year, with no clear trend.",최근 1년간 주식시장은 별다른 방향성 없이 횡보하고 있습니다.,
advisory_stockmarket_nowhere,"Despite its ups and downs, the stock market has essentially gone nowhere in the last @YEARS years.","등락을 거듭했지만, 주식시장은 지난 @YEARS년간 사실상 제자리걸음을 했습니다.",
advisory_stockmarket_strong,"The stock market has remained strong, as the Global Stock Index has been {up|surging|rising} every month for the past @MONTHS months, even in the face of a slowing economy{.|, thanks to the Fed's quantitative easing and low interest rate policy.}","{[2]''|연준의 양적완화와 저금리 정책에 힘입어} 글로벌 주가지수가 경기 둔화 속에서도 지난 @MONTHS개월 연속 {[1]상승세를 이어가며 주식시장이 안정적인 상승 흐름을 유지하고|상승하면서, 주식시장은 강세를 이어가고|상승세를 이어가며 주식시장이 안정적인 상승 흐름을 유지하고} 있습니다.",
advisory_stockprice_plummeted,"Over the last @MONTHS months, stock prices have plummeted by @PCT.",최근 @MONTHS개월간 주가가 @PCT 폭락했습니다.,
advisory_suggest_bond,"Since interest rates are currently quite high, this may be a good time to invest some of your cash, perhaps in bonds that will rise in value if interest rates decline.","현재 금리가 상당히 높기 때문에, 금리가 하락하면 가치가 상승하는 채권에 투자하기 좋은 시기입니다.",
advisory_suggest_future_risky,Trading commodity futures or index futures is a highly speculative and inherently risky activity.,상품 선물이나 지수 선물 거래는 투기성이 매우 짙으며 본질적으로 리스크가 굉장히 큽니다.,
advisory_suggest_highdd,"You have a very high percentage of your assets lying idle in a bank demand deposit account, which is not earning interest.","현재 보유한 자산 중, 상당 부분이 이자가 붙지 않는 요구불예금 계좌에 그대로 방치되어 있습니다.",
advisory_suggest_intswap,Or perhaps you should speculate by going 'long' on an interest rate swap agreement.,아니면 금리 스왑 계약에 '롱' 포지션을 잡아 투기해보는 것도 방법입니다.,
advisory_suggest_notgood,This is no way to get rich.,이건 부를 거며쥘 좋은 방법은 아닙니다.,
advisory_suggest_underinvest,You may be under-invested at the moment.,현재 자산 대비 투자 비중이 낮습니다.,
advisory_tail_boost_profits,", {[1]closing stores|shrinking capacity} to boost profits.",", {[1]매장을 폐쇄해|생산능력을 축소해} 수익성을 끌어올리고 있습니다.",
advisory_tax_liability,Your accrued income tax liability so far for this year is: @AMOUNT million.,올해 현재까지 발생한 누적 소득세 미납액은 총 @AMOUNT M. 입니다.,
advisory_tax_liability_holdings,"Your projected total income tax liability for the whole year, based on your current holdings, is estimated to be: @AMOUNT million.",현재 보유 자산 기준으로 산정한 연간 총 소득세 부담 예상액은: @AMOUNT M.입니다.,
advisory_tax_notprepayed,You have not made any estimated tax payments yet for this year.,아직 예상세액분을 납부하지 않았습니다.,
advisory_those_companies_hedged,Those companies that have hedged by buying @COMMODITY futures have managed to offset high fuel costs and have protected their profits somewhat.,@COMMODITY 선물을 매수해 헤지해 둔 기업들은 높은 연료비 부담을 어느 정도 상쇄하며 수익을 지켜냈습니다.,
advisory_tire_rubber_industry,Tire and rubber industry demand is currently declining at an annual rate that tends to closely track growth rates of the auto industry.,타이어 및 고무 업계 수요는 통상 자동차 산업 성장률과 밀접하게 연동되는 연간 감소율을 보이고 있습니다.,
advisory_transportation_equipment_makers,Transportation equipment makers' profits are being impacted severely by high fuel prices.,운송장비 제조업체들의 수익은 높은 연료비로 심각한 타격을 받고 있습니다.,
advisory_truckers_benefiting_relatively,"Truckers are benefiting from a relatively stable, if not exciting, economic environment.",트럭 운송업체들은 활력은 없지만 비교적 안정적인 경제 환경의 혜택을 보고 있습니다.,
advisory_weak_economy_penalizes_earnings,The weakening economy is strongly penalizing earnings in the @IND industry.,경기 둔화로 인해 @IND 산업의 실적이 큰 타격을 받고 있습니다.,
advisory_while_consumer_demand,"While consumer demand is at fairly tepid levels, businesses are continuing to invest heavily in production facilities and capital equipment, which should keep electrical equipment companies busy and quite profitable.","소비자 수요는 다소 부진한 수준이지만, 기업들은 생산 설비와 자본재에 대한 대규모 투자를 지속하고 있어 전기 장비 업체들은 계속 바쁘고 높은 수익성을 유지할 것으로 보입니다.",
advisory_world_economy_full_barely_growing,"At present, the global economy is barely growing, at a @PCT rate.",현재 세계 경제는 @PCT의 성장률로 거의 정체된 상태입니다.,
advisory_world_economy_full_barely_growing_recession,"At present, the global economy is barely growing, at a @PCT rate, and is in danger of slipping into recession.","현재 세계 경제는 @PCT의 성장률로 거의 정체된 상태이며, 경기 침체에 빠질 위험이 있습니다.",
advisory_world_economy_full_recession,"At present, the global economy is in a {[1]mild|''} recession, experiencing negative economic growth of @PCT.","현재 세계 경제는 {[1]완만한 침체|침체} 국면이며, @PCT의 마이너스 성장을 기록하고 있습니다.",
advisory_world_economy_full_slow_growth,"At present, the global economy is {[1]growing at a slow pace|growing slowly}, at @PCT.",현재 세계 경제는 @PCT의 낮은 성장률을 보이고 있습니다.,
advisory_world_economy_lead_although_steady,"Although the global economy is {[1]rolling|humming} along at a steady pace,","세계 경제가 안정적인 속도로 성장하고 있음에도,",
advisory_world_economy_lead_moderate,"At present, the global economy is growing at a moderate rate of @PCT",현재 세계 경제는 연 @PCT의 완만한 속도로 성장하고 있습니다.,
advisory_world_economy_lead_rapid_robust,"At present, the global economy is enjoying a period of very {[1]rapid|robust} growth (@PCT annual rate)",현재 세계 경제는 매우 {[1]빠른|견고한} 성장세 (연 @PCT)를 누리고 있습니다.,
advisory_world_economy_lead_while_healthy,"While the global economy is growing at a healthy pace,","세계 경제가 양호한 속도로 성장하고 있지만,",
advisory_world_economy_slow_emerged,"At present, the global economy is growing slowly, at @PCT, but has emerged from recession over the last year.","현재 세계 경제는 @PCT의 완만한 속도로 성장하고 있지만, 지난 1년 사이 경기 침체에서 벗어났습니다.",
advisory_world_economy_tail_improvement,and is expected to continue to improve.,앞으로도 개선이 이어질 것으로 예상됩니다.,
advisory_world_economy_tail_recovery,", having made a strong recovery from recession in the last year.",지난 1년 동안 침체에서 강하게 회복했습니다.,
advisory_world_economy_tail_sustainable,", which appears to be sustainable.",이러한 성장세는 당분간 지속될 전망입니다.,
advisory_year_liability,"Your accrued income tax liability so far for this year is: @AMOUNT1 million. Your projected total income tax liability for the whole year, based on your current holdings, is estimated to be: @AMOUNT2 million.",올해 현재까지 발생한 소득세 부담액은 @AMOUNT1 M.입니다. 현재 보유 자산 기준으로 예상되는 연간 총 소득세 부담액은 @AMOUNT2 M.으로 추정됩니다.,
advisory_years_poor,"Your investment performance over the last @YEARS years has been quite poor, as your net worth has declined by @PCT during that period.","최근 @YEARS년간 투자 성과가 상당히 저조했으며, 그 기간 동안 순자산이 @PCT 감소했습니다.",
advisory_yourfinancial,YOUR FINANCIAL SITUATION:,현재 재정 상태:,
advisory_ytd_earnings_updown,@CORP's year-to-date earnings of @AMOUNT1 per share are {up|down|unchanged} from @AMOUNT2 last year after @QUARTERS.,@CORP의 @QUARTERS분기 누적 주당순이익이 @AMOUNT1을/를 기록하며 전년 동기 {@AMOUNT2 대비 상승|@AMOUNT2 대비 감소|@AMOUNT2과/와 동일한 수준을 유지}했습니다.,
advisory_ytd_stockprice_dec,The price of the company's stock has {[1]declined|risen} by @PCT so far this year.,해당 기업의 주가는 올해 들어 현재까지 @PCT {[1]하락|상승}했습니다.,
advisory_ytd_stockprice_decdec,"The price of the company's stock has {[1]declined|risen} by @PCT1 so far this year, and @PCT2 over the last @MONTHS months.","해당 기업의 주가는 올해 들어 현재까지 @PCT1, 최근 @MONTHS개월간 @PCT2 {[1]하락|상승}했습니다.",
advisory_ytd_stockprice_decgain,"The price of the company's stock has declined by @PCT1 so far this year, but has gained @PCT2 over the last @MONTHS months.","해당 기업의 주가는 올해 들어 지금까지 @PCT1 하락했지만, 최근 @MONTHS개월간은 @PCT2 상승했습니다.",
advisory_ytd_stockprice_risedown,"The price of the company's stock has risen by @PCT1 so far this year, but is down @PCT2 over the last @MONTHS months.","해당 기업의 주가는 올해 들어 @PCT1 상승했지만, 지난 @MONTHS개월 동안은 @PCT2 하락했습니다.",
