Key,Source (EN),Target (KO),Context
advanceoption,"The stock of @CORPFULL is not publicly traded, thus no options can be traded on it. {[1]Canceling|''}",@CORPFULL의 주식은 상장되어 있지 않아 옵션을 거래할 수 없습니다. {[1]취소합니다.|''},
advanceoption_autobuy_bearcallspread,Bear Call Spread,베어 콜 스프레드,
advanceoption_autobuy_bearputspread,Bear Put Spread,베어 풋 스프레드,
advanceoption_autobuy_bullcallspread,Bull Call Spread,불 콜 스프레드,
advanceoption_autobuy_bullputspread,Bull Put Spread,불 풋 스프레드,
advanceoption_autobuy_input,Select a strategy:,전략을 선택하십시오:,
advanceoption_autobuy_ironbutterflyspread,Iron Butterfly Spread,아이언 버터플라이 스프레드,
advanceoption_autobuy_ironcondorspread,Iron Condor Spread,아이언 콘도르 스프레드,
advanceoption_autobuy_longstraddle,Long Straddle,롱 스트래들,
advanceoption_autobuy_longstrangle,Long Strangle,롱 스트랭글,
advanceoption_autobuy_result,Done. The elements of a {[1]Long Straddle|Short Straddle|Long Strangle|Short Strangle|Bull Call Spread|Bear Call Spread|Bull Put Spread|Bear Put Spread|Iron Butterfly Spread|Iron Condor Spread} have been created and posted to the Advanced Options Trading Station screen and are now ready to be submitted for execution (assuming you have adequate adjusted net worth and liquidity).,"완료되었습니다. {[1]롱 스트래들|숏 스트래들|롱 스트랭글|숏 스트랭글|불 콜 스프레드|베어 콜 스프레드|불 풋 스프레드|베어 풋 스프레드|아이언 버터플라이 스프레드|아이언 콘도르 스프레드} 구성 옵션이 생성되어 고급 옵션 거래 창에 등록되었으며, 이제 실행을 위해 제출할 수 있습니다 (조정 순자산과 유동성이 충분하다고 가정).",
advanceoption_autobuy_shortstraddle,Short Straddle,숏 스트래들,
advanceoption_autobuy_shortstrangle,Short Strangle,숏 스트랭글,
advanceoption_autobuy_title,Advanced Options Strategy Selection,고급 옵션 전략 선택,
advanceoption_button_autotrade,AUTO - TRADE,자동 거래,
advanceoption_button_calc,CALC,계산,
advanceoption_button_clearall,CLEAR ALL,모두 지우기,
advanceoption_button_close,CLOSE,닫기,
advanceoption_button_closealloptions,CLOSE ALL OPTIONS,모든 옵션 청산,
advanceoption_button_help,HELP,도움말,
advanceoption_button_listoptions,LIST OPTIONS,옵션 목록,
advanceoption_button_showsizelimits,SHOW SIZE LIMITS,거래 한도 보기,
advanceoption_button_submit,SUBMIT,제출,
advanceoption_exchangelimit_1,"The following are the Options Exchange limits* on additional options of each type (long puts, short puts, long calls, short calls) that can be created on the stock of @CORPFULL, as a percent of all the shares of that company:","다음은 @CORPFULL 주식에 대해 추가로 생성할 수 있는 유형별 옵션 (롱 풋, 숏 풋, 롱 콜, 숏 콜)의 옵션 거래소 한도*이며, 해당 기업 전체 주식 대비 비율로 표시됩니다:",
advanceoption_exchangelimit_note,(* Assumes @CORPFULL has sufficient cash and/or credit to acquire or sell the above maximum amounts of options.),(* @CORPFULL이/가 위 최대 수량의 옵션을 매수 또는 매도할 수 있을 만큼 충분한 현금 및/또는 신용을 보유하고 있다고 가정합니다.),
advanceoption_exchangelimit_type,{[1]LONG PUTS|SHORT PUTS|LONG CALLS|SHORT CALLS}: @PCT,{[1]롱 풋|숏 풋|롱 콜|숏 콜}: @PCT,
advanceoption_excute_1,"The net cost of establishing these option positions would be @AMOUNT million, and @CORPFULL has sufficient cash and equivalents to complete the transaction(s).","이 옵션 포지션을 구축하는 데 드는 순비용은 @AMOUNT M.이며, @CORPFULL은/는 거래를 완료할 수 있을 만큼 충분한 현금 및 현금성 자산을 보유하고 있습니다.",
advanceoption_excute_2,DO YOU WANT TO EXECUTE THE TRANSACTION(S)?,거래를 실행하시겠습니까?,
advanceoption_excute_result,All option orders executed,모든 옵션 주문이 체결되었습니다,
advanceoption_excute_title,Execute Trade(s) Now?,지금 거래를 실행하시겠습니까?,
advanceoption_expire_input,Select expiration month and year:,만기 월과 연도를 선택하십시오:,
advanceoption_expire_title,Expiration Month/Year,만기 월/연도,
advanceoption_result,Done. The elements of a {[1]Long Straddle|Short Straddle|Long Strangle|Short Strangle|Bull Call Spread|Bear Call Spread|Bull Put Spread|Bear Put Spread|Iron Butterfly Spread|Iron Condor Spread} have been created and posted to the Advanced Options Trading Station screen and are now ready to be submitted for execution (assuming @CORPFULL has adequate adjusted net worth and liquidity).,"완료되었습니다. {[1]롱 스트래들|숏 스트래들|롱 스트랭글|숏 스트랭글|불 콜 스프레드|베어 콜 스프레드|불 풋 스프레드|베어 풋 스프레드|아이언 버터플라이 스프레드|아이언 콘도르 스프레드} 구성 옵션이 생성되어 고급 옵션 거래 창에 등록되었으며, 이제 실행을 위해 제출할 수 있습니다 (@CORPFULL의 조정 순자산과 유동성이 충분하다고 가정).",
advanceoption_size_input,"Enter amount of options per contract as %, from @PCT1 to @PCT2, of total issued stock of @CORPFULL. (Enter positive, whole numbers, only.)",계약당 옵션 수량을 @CORPFULL 발행 주식 총수 대비 비율 (@PCT1 ~ @PCT2)로 입력하십시오. (양의 정수만 입력하십시오.),
advanceoption_size_title,Size of Option Contracts,옵션 계약 규모,
advanceoption_submit_notice,Click on the 'SUBMIT' button when you are ready to execute the transaction(s).,거래를 실행할 준비가 되면 '제출' 버튼을 클릭하십시오.,
advanceoption_trade_bs_1,Buy/Sell,매수/매도,
advanceoption_trade_bs_2,(B or S),(B 또는 S),
advanceoption_trade_exp_1,Exp. Date,만기일,
advanceoption_trade_exp_2,@EXPMONTH1/@YEAR1 to @EXPMONTH2/@YEAR2,@EXPMONTH1/@YEAR1 ~ @EXPMONTH2/@YEAR2,
advanceoption_trade_input,"Enter details for multiple options contracts, then click on SUBMIT to create all of the options at once, such as straddles, strangles, etc..","여러 옵션 계약의 세부 내용을 입력한 뒤 [제출]을 클릭하면 스트래들, 스트랭글 등 여러 옵션을 한 번에 생성할 수 있습니다.",
advanceoption_trade_input_sufficient,"The net cost of establishing these option positions would be @AMOUNT million, and you have sufficient cash and equivalents to complete the transaction(s).","이 옵션 포지션을 구축하는 데 드는 순비용은 @AMOUNT M.이며, 거래를 완료할 수 있을 만큼 충분한 현금 및 현금성 자산을 보유하고 있습니다.",
advanceoption_trade_pct_1,% Options,옵션 비율 (%),
advanceoption_trade_pct_2,(@PCT1 to @PCT2),(@PCT1 ~ @PCT2),
advanceoption_trade_price,Opt. Price,옵션 가격,
advanceoption_trade_strike_1,Strike Price,행사가,
advanceoption_trade_strike_2,($ @AMOUNT1 to $ @AMOUNT2),(@AMOUNT1 ~ @AMOUNT2),
advanceoption_trade_title,Advanced Options Trading Station for @CORP,@CORP 고급 옵션 거래 창,
advanceoption_trade_type,Option Type,옵션 유형,
advanceoption_tradestation,Advanced Options Trading Station for @PLAYER,@PLAYER 고급 옵션 거래 창,
assetbuy_already_depressed,"The @IND industry is already very depressed, with considerable excess capacity.",@IND 업계는 이미 상당한 공급 과잉 상태에 빠져 있어 심각한 불황을 겪고 있습니다.,
assetbuy_already_depressed_notallow,"Accordingly, @CORPFULL's Board of Directors, in light of their fiduciary duties, will not approve any addition of new industry capacity that results in even more excess capacity.","이에 따라 @CORPFULL의 이사회는 경영진으로서의 책임을 고려하여, 과잉 생산능력을 더 심화시킬 신규 산업 설비 확충을 승인하지 않기로 했습니다",
assetbuy_board_ban_1,"The Board of Directors has previously limited new asset purchases by @CORPFULL. Until there is a significant improvement in the profits outlook for the @IND industry, no further such purchases will be authorized by the Board, since a series of such additional investments at this time would appear to be detrimental to the interests of the company's shareholders and creditors.","@CORPFULL 이사회는 이전에 신규 자산 매입을 제한한 바 있습니다. @IND 산업의 수익 전망이 뚜렷하게 개선될 때까지, 이사회는 추가 매입을 더 이상 승인하지 않을 것입니다. 현 시점에서 이러한 추가 투자를 연속으로 진행하는 것은 주주 및 채권자의 이익에 반하는 것으로 판단되기 때문입니다.",
assetbuy_board_ban_2,Any purchase of assets in the @IND industry by @CORPFULL at this time must be limited to acquiring existing facilities and equipment from other companies in the industry.,"현 시점에서 @CORPFULL이/가 @IND 산업의 자산을 매입하려면, 반드시 업계 내 다른 기업으로부터 기존 시설 및 장비를 인수하는 방식에 한정해야 합니다.",
assetbuy_board_limit_2,"Accordingly, the Board has concluded that it would not be prudent to invest large sums of capital in new capacity in that industry.",이에 따라 이사회는 해당 업계의 신규 설비 확충에 거액의 자금을 투입하는 것이 신중하지 못하다고 결론지었습니다.,
assetbuy_board_limit_2_1,"Your Board of Directors of @CORPFULL, in exercising their duties as fiduciaries, have noted that our projected rate of return on assets in the @IND industry is {[1]relatively unattractive|somewhat mediocre}.","@CORPFULL 이사회는 수탁자로서의 의무를 이행하면서, @IND 업종 자산에 대한 예상 수익률이 {[1]상대적으로 낮다|다소 저조하다}는 점에 주목했습니다.",
assetbuy_board_limit_2_3,"Accordingly, the Board will only approve an investment in new assets of @AMOUNT million at this time.",이에 따라 이사회는 현재로서는 @AMOUNT M. 규모의 신규 설비 투자만 승인합니다.,
assetbuy_board_limit_3,"Doing so would only increase pricing competition in the industry, which already has profit margins that are only mediocre, at best.",그러한 투자는 이미 최선의 경우에도 평범한 수준에 불과한 이익률을 가진 업계의 가격 경쟁만 심화시킬 뿐입니다.,
assetbuy_board_limit_4,"Accordingly, the Board will currently only authorize $@AMOUNT million in new capacity investment.",이에 따라 이사회는 현재로서는 $@AMOUNT M. 규모의 신규 설비 투자만 승인합니다.,
assetbuy_board_limit_5,"However, the Board does not object to @CORPFULL acquiring larger amounts of assets from other companies in the industry, as long as this does not create excess capacity in the industry.","다만, 이사회는 업계의 설비 과잉을 초래하지 않는 한, @CORPFULL이/가 업계 내 다른 기업으로부터 더 큰 규모의 자산을 매입하는 것에는 반대하지 않습니다.",
assetbuy_board_limit_num,The Board has thus concluded that it would be imprudent for the company to commit substantial funds to a major investment in new capacity in that industry.,이에 따라 이사회는 해당 업계의 신규 설비 확충에 거액의 자금을 투입하는 것이 신중하지 못하다고 결론지었습니다.,
assetbuy_deppressed_notallow2,"@CORPFULL will have to acquire existing assets from another company in the industry, if at all.","해당 산업에 진출하려면, @CORPFULL은/는 업계 내 다른 기업으로부터 기존에 존재하던 자산을 인수하는 방법밖에 없습니다.",
assetbuy_financial_limit,BANKS ARE NOT ALLOWED BY FINANCIAL REGULATORS TO ACQUIRE NON-FINANCIAL BUSINESS OPERATING ASSETS.,금융 규제 당국은 은행의 비금융 사업 운영 자산 취득을 허용하지 않습니다.,
assetbuy_goodwill_notice,"@CORPFULL is acquiring these assets at a @PCT1% premium over book value, which means that @PCT2% of the purchase price (i.e., $@AMOUNT1/$@AMOUNT2) must be written off as 'goodwill' over a period of time.","@CORPFULL는 장부가 대비 @PCT1%의 프리미엄을 얹어 자산을 인수하게 되며, 이는 매입가의 @PCT2% (즉 $@AMOUNT1/$@AMOUNT2)를 '영업권'으로 일정 기간에 걸쳐 비용 처리해야 함을 의미합니다.",
assetbuy_goodwill_title,Goodwill Portion of Purchase Price,매입가 중 영업권 비중,
assetbuy_goodwill_yn,Do you wish to complete this asset acquisition?,이 자산 인수를 완료하시겠습니까?,
assetbuy_holdco_rule,"However, regular companies (excluding banks and insurance companies) can only acquire business assets within their own industry, while holding companies and trading companies can acquire business assets across all industries without restriction.","단, 일반 기업 (은행 및 보험사 제외)은 동종 업계 내의 사업 자산만 인수할 수 있는 반면, 지주회사 및 트레이딩 회사는 업종 제한 없이 모든 분야의 사업 자산을 인수할 수 있습니다.",
assetbuy_input_1,How much (in millions) of the business assets of @CORP1 does @CORP2 wish to acquire (up to a maximum of @AMOUNT million)?,"@CORP2은/는 @CORP1의 사업 자산을 얼마 (M. 달러 단위, 최대 @AMOUNT M.)나 인수하시겠습니까?",
assetbuy_input_1_max,"How much (in millions, up to $@AMOUNT1 million) of @CORP1's business assets does @CORP2 wish to acquire? @CORP3 has $@AMOUNT2 million of available funds.","@CORP2은/는 @CORP1의 사업 자산을 얼마만큼 인수하시겠습니까? (M. 단위, 최대 $@AMOUNT1 M.) @CORP3은/는 $@AMOUNT2 M.의 가용 자금을 보유하고 있습니다.",
assetbuy_input_2,@CORP has funds available of @AMOUNT million.,@CORP은/는 @AMOUNT M.의 가용 자금을 보유하고 있습니다.,
assetbuy_input_title,Acquire Business Assets,사업 자산 인수,
assetbuy_limit_1,"Your Board of Directors of @CORPFULL, in exercising their duties as fiduciaries, have noted that our projected rate of return on assets in the @IND industry is fairly decent, but not up to our investment return standards.","@CORPFULL 이사회는 수탁자로서의 의무를 이행하는 과정에서, @IND 업계의 예상 자산 수익률이 나쁘지는 않지만 자신들의 투자 수익 기준에는 미치지 못한다고 판단했습니다.",
assetbuy_limit_2,"Accordingly, the Board will only approve an investment in new assets of @AMOUNT million at this time, and further suggests that management reduce the current rapid rate of organic growth (@PCT) through capital spending to a more conservative level.","이에 따라 이사회는 현재로서는 @AMOUNT M. 규모의 신규 설비 투자만 승인하며, 경영진이 자본 지출을 통한 현재의 빠른 자체 성장률 (@PCT)을 보다 보수적인 수준으로 낮출 것을 권고합니다.",
assetbuy_limit_3,"However, the Board of Directors will not object to a larger purchase of assets by @CORPFULL from other companies in the industry, which would not contribute to industry over-capacity.","다만, 이사회는 업계의 설비 과잉을 초래하지 않는 한, @CORPFULL가 업계 내 다른 기업으로부터 더 큰 규모의 자산을 매입하는 것에는 반대하지 않습니다.",
assetbuy_limit_4,Click 'OK' to continue...,'OK'를 클릭하여 계속하십시오...,
assetbuy_new_input,How much will @CORP spend acquiring new @IND industry assets?,@CORP은/는 신규 @IND 업종 자산 인수에 얼마를 지출할 예정입니까?,
assetbuy_new_input_1,How much does @CORP plan to spend on acquiring new @IND industry assets?,@CORP는 신규 @IND 업종 자산 인수에 얼마를 지출할 예정입니까?,
assetbuy_new_input_2,You are authorized to acquire up to the amount shown below.,아래 표시된 금액까지 매입할 수 있는 권한이 있습니다.,
assetbuy_new_input_authorized,It is authorized and able to buy up to the amount shown below.,아래 표시된 금액까지 매입할 수 있는 권한이 있습니다.,
assetbuy_new_result,"@CORP acquires new business assets for $@AMOUNT million, earns @PCT tax credit","@CORP, 신규 사업 자산 $@AMOUNT M.에 인수 — @PCT 세액공제 획득",
assetbuy_new_title,(New) Business Asset Acquisition,(신규) 사업 자산 매입,
assetbuy_offer_input,Enter the amount @CORPFULL wishes to purchase.,@CORPFULL이/가 매수하기를 원하는 금액을 입력하십시오.,
assetbuy_offer_notice,@CORPFULL is offering to sell @AMOUNT million of its business assets.,@CORPFULL이/가  @AMOUNT M. 규모의 사업 자산 매각을 제안하고 있습니다.,
assetbuy_offer_title,@CORP - - Approve Offer,@CORP - - 제안 승인,
assetbuy_player_rule_1,"However, corporations (except for a bank or insurance company) may purchase business assets from a company in the same industry, and holding/trading companies can purchase business assets in any industry.","단, 일반 기업 (은행 및 보험사 제외)은 동종 업계 내의 사업 자산만 인수할 수 있는 반면, 지주회사 및 트레이딩 회사는 업종 제한 없이 모든 분야의 사업 자산을 인수할 수 있습니다.",
assetbuy_player_rule_2,"If you want to invest in the @IND industry, you can either buy stock in one of the companies in that industry, or start up a new company in the industry.","@IND 업종에 투자하려면 해당 업종 기업의 주식을 매입하거나, 또는 직접 그 업종의 신규 기업을 창업하면 됩니다.",
assetbuy_player_rule_3,You could also have a holding/trading company (one that you control) buy assets in that industry.,지배 중인 지주회사/ 트레이딩 회사가 해당 산업 내의 자산을 매수하도록 명령할 수도 있습니다.,
assetbuy_player_rule_title,Players are not allowed to purchase business operating assets in W$R.  (W$R rules),W$R에서 개인은 사업 운영 자산을 직접 매입할 수 없습니다. (W$R 규칙),
assetbuy_result,@CORP1 acquires business assets from @CORP2,@CORP1이/가 @CORP2로부터 사업 자산을 인수합니다,
assetbuy_seller_list,Companies From Which @CORPFULL May Be Able To Buy Business Assets,@CORPFULL이/가 사업 자산을 매수할 수 있는 기업 목록,
assetbuy_seller_list_title,=== SELECT POTENTIAL SELLER OF ASSETS TO: @CORPFULL ===,=== @CORPFULL에 자산을 매각할 대상 선택 ===,
assetbuy_seller_nosale,No sale....,매도 없음....,
assetbuy_seller_refuse,@CORPFULL1 is controlled by @CORPFULL2 and is not willing to sell assets at this time,@CORPFULL1은/는 @CORPFULL2의 지배 하에 있으며 현재 자산 매각 의사가 없습니다.,
assetbuy_type_no_hint,Click 'NO' to purchase from another company.,다른 회사로부터 구매하려면 '아니오'를 클릭하십시오.,
assetbuy_type_title,{[1]Existing|Old} or New Assets?,"기존, 또는 신규 자산?",
assetbuy_type_yn,Do you want @CORPFULL to buy NEW assets (rather than buy existing assets from another company)?,@CORPFULL이/가 (다른 회사의 기존 자산을 매입하는 대신) 신규 자산을 매입하도록 하시겠습니까?,
assetsell_buyer,@ENTITY1 is selected as the buyer of business assets from @ENTITY2 in this transaction,이 거래에서 @ENTITY2의 사업 자산 매수자로 @ENTITY1이/가 선정되었습니다,
assetsell_extend_notice,This offer to sell business assets of @CORP will expire at the end of this calendar quarter unless you wish to have the offer remain in effect until the end of the next quarter.,@CORP의 사업 자산 매각 제안은 이번 분기 말에 만료됩니다. 제안을 다음 분기 말까지 유효하게 유지하려면 아래에서 선택하십시오.,
assetsell_extend_title,Do you wish to extend the offer expiration date?,제안 만료일을 연장하시겠습니까?,
assetsell_extend_yn,Do you wish to extend the offer to the end of the next quarter?,제안을 다음 분기 말까지 연장하시겠습니까?,
assetsell_input,"@CORP has business assets costing @AMOUNT million, which can be sold at @PCT1 of cost (less a @PCT2 commission). How much do you wish to sell (at cost, in millions)?","@CORP은/는 원가 기준 @AMOUNT M. 규모의 사업 자산을 보유하고 있으며, 원가의 @PCT1에 매각할 수 있습니다 (수수료 @PCT2 차감). 매각할 금액을 원가 기준 (M. 단위)으로 입력하십시오.",
assetsell_input_title,Asset Sale by @CORP,@CORP 자산 매각,
assetsell_list,=== SELECT BUYER OF ASSETS FROM: @CORPFULL ===,=== @CORPFULL의 자산 매수자 선택 ===,
assetsell_list_controlled,Companies You Control That May Buy Assets From @CORP,@CORP의 자산을 매수할 수 있는 지배 기업,
assetsell_offer_assets_input1,@CORPFULL owns $@AMOUNT million of business assets.,@CORPFULL은/는 $@AMOUNT M. 규모의 사업 자산을 보유하고 있습니다.,
assetsell_offer_input2,"Enter the amount to offer for sale. (The offer price will be at @PCT of their cost, as shown on the @CORP balance sheet.)",매각 제안 금액을 입력하십시오. (제안 가격은 @CORP 대차대조표상 원가의 @PCT로 책정됩니다.),
assetsell_offer_input2_1,Enter the amount to offer for sale.,매각 제안 금액을 입력하십시오.,
assetsell_offer_input2_2,"(The offer price will be at @PCT of their cost, as shown on the @CORP balance sheet.)",(제안 가격은 @CORP 대차대조표상 원가의 @PCT입니다.),
assetsell_offer_title,@CORP - - Offer of Assets for Sale,@CORP - - 자산 매각 제안,
assetsell_posted,Your offer to sell has been posted.,매각 제안이 게시되었습니다.,
assetsell_related_body,"Do you want to sell business assets of @CORPFULL (at cost, with no selling expenses) to another company that you also control?","@CORPFULL의 사업 자산을 (원가 기준, 매각 비용 없음) 지배 중인 다른 기업에 매각하시겠습니까?",
assetsell_related_body_2,"(You control multiple companies that are potential buyers, including at least one in the @IND industry.)","(잠재적 매수자가 될 수 있는 여러 기업을 지배하고 있으며, 그중 최소 한 곳은 @IND 산업에 속합니다.)",
assetsell_related_no_hint,Answer 'NO' to try to find a buyer that is a company you do not control. (A @PCT sales commission will apply in such a brokered sale.),지배하지 않는 기업을 매수자로 물색하려면 '아니오'를 선택하십시오. (이 경우 중개 매매 수수료 @PCT가 적용됩니다.),
assetsell_related_notice,"Do you want to sell business assets of @CORPFULL1 (at cost, with no selling expenses) to another company that you also control, @CORPFULL2? (A company in the @IND industry, and the only eligible buyer you control.)","@CORPFULL1의 사업 자산을 (원가 기준, 매각 비용 없음) 지배 중인 다른 기업인 @CORPFULL2에 매각하시겠습니까? (@IND 업종 기업이며, 적절한 매수자 중 유일한 지배 기업입니다.)",
assetsell_related_title,Related Company Asset Sale?,관계사 자산 매각?,
assetsell_result,@CORP1 sells all operating assets at {[1]loss|gain} of @AMOUNT mil. to @CORP2,@CORP1이/가 모든 영업 자산을 @CORP2에 매각하여 @AMOUNT M.의 {[1]손실|이익}을 기록했습니다,
assetsell_terms_1,Sell up to $@AMOUNT million worth of business assets owned by @CORP at @PCT1 of seller's cost (a @PCT2 discount for the buyer).,@CORP 소유 사업 자산 중 최대 $@AMOUNT M. 상당을 매도자 원가의 @PCT1 (매수자 기준 @PCT2 할인)에 매각합니다.,
assetsell_terms_2,"The @PCT discount will not apply to a transaction that is between related parties, in the event a company you control accepts this offer.",지배 중인 기업이 본 제안을 수락하는 관계사 간 거래의 경우 @PCT 할인이 적용되지 않습니다.,
assetsell_terms_3,"If this offer is accepted, it will be a private sale; neither party will pay any commissions on the sale.","본 제안이 수락되면 비공개 매매로 진행되며, 양측 모두 수수료를 부담하지 않습니다.",
assetsell_terms_header,TERMS OF OFFER OF BUSINESS OPERATING ASSETS BY @CORPFULL:,@CORPFULL의 사업 운영 자산 매각 제안 조건:,
assetsell_terms_header_1,TERMS OF OFFER OF BUSINESS OPERATING ASSETS,사업 운영 자산 매각 제안 조건,
assetsell_terms_header_2,BY @CORPFULL:,제안 주체: @CORPFULL,
assetsell_terms_title,SUMMARY OF OFFERING TERMS,제안 조건 요약,
assetsell_terms_yn,ARE THESE OFFERING TERMS ACCEPTABLE?,이 제안 조건에 동의하십니까?,
assetsell_type_header,Choose how to sell @CORPFULL's business assets:,@CORPFULL의 사업 자산 매각 방식을 선택하십시오:,
assetsell_type_no1,NO   -- List for Sale: post at @PCT below book value with no commission.,NO   -- 매물 등록: 장부가 대비 @PCT 낮은 가격에 등록하며 수수료 없음.,
assetsell_type_no2,"Nets more, but a buyer must accept before the offer expires.","수익은 더 크지만, 제안 만료 전 매수자가 수락해야 합니다.",
assetsell_type_title,Sell or List Assets?,"자산을 판매, 또는 매물로 등록하시겠습니까?",
assetsell_type_yes,"YES  -- Sell Now: immediate cash, but a @PCT commission is deducted.","YES  -- 즉시 매각: 현금을 즉시 수령하나, @PCT의 수수료가 공제됩니다.",
bond_buy_bond_buy_gov_short_no,@PLAYER has no T-bills.,@PLAYER에게는 보유 중인 단기 국채가 존재하지 않습니다.,
bond_buy_gov_short1,"Enter the amount of T-bills you wish to buy (up to the amount indicated below), in millions.",매수할 단기 국채 금액을 M. 단위로 입력하십시오 (아래 표시된 금액 이하로).,
bond_sell_gov_short,"Enter the amount of T-bills you wish to sell (up to the amount indicated below), in millions.",매도할 단기 국채 금액을 M. 단위로 입력하십시오 (아래 표시된 금액 이하로).,
bondbuy_corp_2_2,Type in the symbol or name of the company whose bonds @ENTITY will buy:,@ENTITY이/가 매수할 기업의 티커 또는 이름을 입력하십시오:,
bondbuy_corp_3,@PLAYER -- Bond,@PLAYER – 채권,
bondbuy_corp_4,"@CORPFULL has $@AMOUNT1 million of bonds publicly traded, the @RATING @PCT bonds of @YEAR. Price: @AMOUNT2% of par.","@CORPFULL의 회사채 @AMOUNT1 M.이/가 공개 거래 중이며, @RATING 등급 채권 이자율 @PCT, 만기 @YEAR년 채권입니다. 현재 가격: 액면가의 @AMOUNT2%.",
bondbuy_corp_5,How many million of the bonds do you wish to buy?,몇 M. 규모의 채권을 매입하시겠습니까?,
bondbuy_corp_5_variant2,How many million of the bonds does @CORP wish to buy?,@CORP은/는 몇 M. 규모의 채권을 매입합니까?,
bondbuy_corp_6,(Can afford @AMOUNT M.),(최대 매입 가능 액수: @AMOUNT M.),
bondbuy_corp_confirm_1,CORPORATE BOND PURCHASE ORDER CONFIRMATION:,회사채 매수 주문 체결 확인서:,
bondbuy_corp_confirm_2,"@PLAYER has bought $@AMOUNT1 million (face amount) of @CORPFULL @PCT bonds of @YEAR, for a total purchase price of $@AMOUNT2 million, plus accrued interest of $@AMOUNT3 million.","@PLAYER이/가 @CORPFULL의 @PCT 채권 (만기 @YEAR년)을 액면가 @AMOUNT1 M.에 매수했습니다. 총 매수 대금은 $@AMOUNT2 M.이며, 경과 이자는 $@AMOUNT3 M.입니다.",
bondbuy_corp_error_1,@CORPFULL has no publicly traded bonds that you may purchase on the open market.,@CORPFULL은/는 공개시장에서 매수할 수 있는 상장 채권이 없습니다.,
bondbuy_corp_input,"@CORPFULL has @AMOUNT million of bonds publicly traded, the @RATING-rated @PCT bonds of @YEAR.","@CORPFULL은/는 @AMOUNT M. 규모의 채권이 공개 거래되고 있습니다 (@RATING 등급, 이율 @PCT, @YEAR년 만기).",
bondbuy_corp_limit,"Corporate managers, other than at financial institutions (such as banks or insurance companies) are not generally paid to use corporate assets to invest or trade in bonds. Thus, in W$R, such other corporations do not buy or sell corporate or government bonds (except their own bonds).",은행이나 보험사 같은 금융기관이 아닌 일반 기업의 경영자는 대체로 회사 자산으로 채권에 투자하거나 거래하는 것을 업무로 하지 않습니다. 따라서 W$R에서는 그런 일반 기업이 (자사 채권을 제외하고) 회사채나 국채를 사고팔지 않습니다.,
bondbuy_corp_price,Price: @PCT of par.,가격: 액면가의 @PCT.,
bondbuy_corp_title,Buy Bonds on Behalf of @ENTITY,@ENTITY 대리 채권 매수,
bondbuy_corp_title_player,@PLAYER -- Bond Purchase,@PLAYER -- 채권 매수,
bondbuy_gov_confirm_long,"You have purchased $@AMOUNT1 million (face value) of Government @PCT Long Bonds of @YEAR, at a total cost of $@AMOUNT2 million, plus accrued interest of $@AMOUNT3 million.","@YEAR년 만기 이자율 @PCT 장기 국채를 액면가 @AMOUNT1 M. 규모로 매수했습니다. 총 매수 대금은 @AMOUNT2 M.이며, 경과 이자는 @AMOUNT3 M.입니다.",
bondbuy_gov_confirm_short,"You have purchased @AMOUNT1 million (face value) of Government @PCT Short Bonds of @YEAR, at a total cost of @AMOUNT2 million, plus accrued interest of @AMOUNT3 million.","@YEAR년 만기 이자율 @PCT 단기 국채를 액면가 @AMOUNT1 M. 규모로 매수했습니다. 총 매수 대금은 @AMOUNT2 M.이며, 경과 이자는 @AMOUNT3 M.입니다.",
bondbuy_gov_insufficient,@PLAYER does not have sufficient funds to buy any government bonds at this time (which trade in minimum units of @AMOUNT million).,@PLAYER은/는 현재 국채를 매수할 만큼의 자금이 없습니다 (국채는 최소 @AMOUNT M. 단위로 거래됩니다).,
bondbuy_gov_long_2,"Enter the amount, in millions (face amount), of the Government LONG Bond of @YEAR you wish to buy: (Price is @AMOUNT) Max you can buy without moving the market (millions) is:","매수할 @YEAR년 만기 장기 국채 금액 (액면가 기준, M. 단위) 을 입력하십시오: (현재가 @AMOUNT) 시세 변동 없이 매수 가능한 최대 금액 (M.):",
bondbuy_gov_long_2_2,"Enter the amount, in millions (face amount), of the Government Long Bond of @YEAR you wish to buy: (Price is @AMOUNT) Max you can buy without moving the market (millions) is:","매수할 @YEAR년 만기 장기 국채 금액 (액면가 기준, M. 단위)을 입력하십시오: (현재가 @AMOUNT) 시세 변동 없이 매수 가능한 최대 금액 (M.):",
bondbuy_gov_long_2_3,"Enter the amount, in millions (face amount), of the Government Long Bond of @YEAR @CORP wishes to buy: (Price is @AMOUNT) Max you can buy without moving the market (millions) is:","@CORP이/가 매수할 @YEAR년 만기 장기 국채 금액 (액면가 기준, M. 단위)을 입력하십시오: (현재가 @AMOUNT) 시세 변동 없이 매수 가능한 최대 금액 (M.):",
bondbuy_gov_long_2_4,"Enter the amount, in millions (face amount), of the Government Long Bond of @YEAR you wish to buy: (Price is @AMOUNT) Max you can buy (millions) is:","매수할 @YEAR년 만기 장기 국채 금액 (액면가 기준, M. 단위)을 입력하십시오: (단가: @AMOUNT) 최대 매수 가능 수량 (M. 단위):",
bondbuy_gov_long_2_5,"Enter the amount, in millions (face amount), of the Government Long Bond of @YEAR you wish to buy: (Price is @AMOUNT1) Max you can buy (millions) is: @AMOUNT2","매수할 @YEAR년 만기 장기 국채 금액 (액면가 기준, M. 단위)을 입력하십시오: (단가: @AMOUNT1) 최대 매수 가능 수량: @AMOUNT2 M.",
bondbuy_gov_long_max,Max you can buy (millions) is:,최대 매수 가능 수량 (M. 단위):,
bondbuy_gov_long_price,(Price is @AMOUNT) Max you can buy {without moving the market|''} (millions) is:,(단가: @AMOUNT) {시세 변동을 일으키지 않고|''} 최대 매수 가능 수량 (M. 단위):,
bondbuy_gov_long_price_value,(Price is @AMOUNT1) Max you can buy (millions) is: @AMOUNT2,(단가: @AMOUNT1) 최대 매수 가능 수량: @AMOUNT2 M.,
bondbuy_gov_long_title,BUY GOVERNMENT 'LONG' BONDS,장기 국채 매수,
bondbuy_gov_short_1,BUY GOVERNMENT 'SHORT' BONDS,단기 국채 매수,
bondbuy_gov_short_2,"Enter the amount, in millions (face amount), of the Government Short Bond of @YEAR you wish to buy:","매수할 @YEAR년 만기 단기 국채 금액 (액면가 기준, M. 단위)을 입력하십시오:",
bondbuy_gov_short_2_2,"Enter the amount, in millions (face amount), of the Government SHORT Bond of @YEAR you wish to buy: (Price is @AMOUNT) Max you can buy without moving the market (millions) is:","매수할 @YEAR년 만기 단기 국채 금액 (액면가 기준, M. 단위)을 입력하십시오: (현재가 @AMOUNT) 시세 변동 없이 매수 가능한 최대 금액 (M.):",
bondbuy_gov_short_2_3,"Enter the amount, in millions (face amount), of the Government Short Bond of @YEAR @CORP wish to buy: (Price is @AMOUNT) Max you can buy without moving the market (millions) is:","@CORP이/가 매수할 @YEAR년 만기 단기 국채 금액 (액면가 기준, M. 단위)을 입력하십시오: (현재가 @AMOUNT) 시세 변동 없이 매수 가능한 최대 금액 (M.):",
bondbuy_gov_short_result,@PLAYER has bought short-term Treasury bills (T-bills) in the amount of @AMOUNT million.,@PLAYER이/가 @AMOUNT M. 규모의 미국 단기 국채를 매입했습니다.,
bondbuy_gov_short_title,Buy T - bills,단기 국채 매수,
bondbuy_insufficient_buyingpower,@PLAYER does not have buying power sufficient to buy any bonds at this time.,@PLAYER은/는 현재 채권을 매수할 만큼의 매수 여력이 없습니다.,
bondbuy_short_1,"Enter the amount, in millions (face amount), of the Government Short Bond of @YEAR you wish to buy: (Price is @AMOUNT) Max you can buy without moving the market (millions) is:","매수할 @YEAR년 만기 단기 국채 금액 (액면가 기준, M. 단위) 을 입력하십시오: (현재가 @AMOUNT) 시세 변동 없이 매수 가능한 최대 금액 (M.):",
bondbuy_short_2,"Enter the amount, in millions (face amount), of the Government Short Bond of @YEAR you wish to buy: (Price is @AMOUNT) Max you can buy (millions) is:","매수할 @YEAR년 만기 단기 국채 금액 (액면가 기준, M. 단위) 을 입력하십시오: (현재가 @AMOUNT) 매수 가능한 최대 금액 (M.):",
bondsell_corp_confirm_sold,"@PLAYER has sold $@AMOUNT1 million (face amount) of @CORPFULL bonds, for a net sales price of $@AMOUNT2 million, plus accrued interest of $@AMOUNT3 million",@PLAYER이/가 액면가 기준 @AMOUNT1 M. 규모의 @CORPFULL 회사채를 매도했습니다 (순매도 대금 @AMOUNT2 M. + 경과 이자 @AMOUNT3 M.),
bondsell_corp_confirm_title,CORPORATE BOND {SALE|SELL} ORDER CONFIRMATION:,회사채 매도 주문 확인:,
bondsell_gov_confirm_2,A capital {gain|loss} of @AMOUNT million was {realized|incurred} on the sale.,이번 {매각으로|매도로} @AMOUNT M.의 자본{이득이 실현되었습니다|손실이 발생했습니다}.,
bondsell_gov_confirm_sold,"You have sold @AMOUNT1 million (face value) of Government @PCT {Short|Long} Bonds of @YEAR, at a net sale price of @AMOUNT2 million, plus accrued interest of @AMOUNT3 million.",@YEAR년 만기 @PCT {단기|장기} 국채를 액면가 @AMOUNT1 M.에  매도했습니다. (순매도가 @AMOUNT2 + 경과 이자 @AMOUNT3 M.),
bondsell_gov_confirm_title,GOVERNMENT BOND TRADE CONFIRMATION:,국채 거래 확인:,
bondsell_gov_long_2,"Enter the amount, in millions (face amount), of the Government Long Bond of @YEAR you wish to sell: (Price is @AMOUNT) Max you can sell (millions) is:","매도할 @YEAR년 만기 장기 국채 금액 (액면가 기준, M. 단위)을 입력하십시오: (단가: @AMOUNT) 최대 매도 가능 수량 (M. 단위):",
bondsell_gov_notice_1,SELL GOVERNMENT 'SHORT' BONDS,'단기' 국채 매도,
bondsell_gov_notice_2,SELL GOVERNMENT 'LONG' BONDS,'장기' 국채 매도,
bondsell_gov_short_2,"Enter the amount, in millions (face amount), of the Government Short Bond of @YEAR you wish to sell: (Price is @AMOUNT) Max you can sell (millions) is:","매도할 @YEAR년 만기 단기 국채 금액 (액면가 기준, M. 단위)을 입력하십시오: (단가: @AMOUNT) 최대 매도 가능 수량 (M. 단위):",
bondsell_gov_short_nocash,@ENTITY has no cash.,@ENTITY에게는 보유 중인 현금이 존재하지 않습니다.,
bondsell_gov_short_result,@CORPFULL has sold short-term Treasury bills (T-bills) in the amount of @AMOUNT million.,@CORPFULL은/는 단기 국채 @AMOUNT M.을 매도했습니다.,
bondsell_gov_short_title,Sell T - bills,단기 국채 매도,
bondsell_input_1,The current price of @CORPFULL's bonds is @PCT% of par. How many $ million (face amount) of the bonds do you wish to sell? (Amount owned: @AMOUNT million.) {[1](Caution: This issue is very thinly traded.)|''},"@CORPFULL 회사채의 현재 가격은 액면가의 @PCT%입니다. 매도할 회사채 금액 (액면가 기준, M. 단위)을 입력하십시오: (보유 금액: @AMOUNT M.) {[1](주의: 이 채권은 거래량이 매우 적습니다.)|''}",
bondsell_notice,@PLAYER - - Bond Sale,@PLAYER - - 채권 매도,
browse_asset_click,(CLICK ON OFFERED ITEM TO INITIATE PURCHASE),(구매를 시작하려면 판매 중인 항목을 클릭하십시오),
browse_asset_nocommision,(NO COMMISSIONS APPLY TO EITHER PARTY),(양측 모두 수수료가 부과되지 않음),
browse_asset_offerlist,BUSINESS ASSETS OFFERED FOR PRIVATE SALE AT @PCT OF COST,매각 매물로 나온 기업 자산 (취득가/원가의 @PCT),
browse_asset_rating,STOCK RATINGS: 1=STRONG BUY 2=BUY 3=HOLD 4=SELL 5=STRONG SELL N/T=NOT TRADED,주식 등급: 1=적극 매수 2=매수 3=보유 4=매도 5=적극 매도 N/T=비상장,
browse_asset_stock,STOCKS OFFERED FOR PRIVATE SALE AT @PCT OF MARKET VALUE,매각 매물로 나온 기업 지분 (시가의 @PCT 가격),
browse_asset_stock_confirm,"@PLAYER buys @PCT of @CORP1 from @CORP2 in private sale for @AMOUNT1 mil., at a reduced price of @AMOUNT2 a share, or 5% below the current market price",@PLAYER은/는 당사자 간 직접 거래를 통해 @CORP2로부터 @CORP1 지분 @PCT를 현재 시장가보다 5% 할인된 주당 @AMOUNT2에 총 @AMOUNT1 M. 매수했습니다.,
browse_asset_stockbuy,Enter the percentage of the stock of @CORP1 that you wish to buy (at a 5% price discount) from @CORP2. ,@CORP2에게서 (5% 할인 가격으로) 매수하고자 하는 @CORP1 지분 비율을 입력하세요.,
browse_asset_title,View List of Items Offered for Sale (All at a @PCT Discount),매각 자산 목록 (전 항목 @PCT 할인 적용),
browse_asset_title2,Enter a percentage from @PCT1 to @PCT2 to see the cost.,@PCT1에서 @PCT2 사이의 비율을 입력해 비용을 확인하십시오.,
browse_become_holdings,@CORP owns Business Assets in the @IND1 industry and may not acquire Business Assets in the @IND2 industry unless it first disposes of all of its existing Business Assets and becomes a holding/trading company.,"@CORP은/는 @IND1 산업에서 사업 자산을 보유하고 있으며, 기존 사업 자산을 전부 처분하고 지주/트레이딩 회사로 전환하지 않는 한 @IND2 산업의 사업 자산을 취득할 수 없습니다.",
browse_cheaper_asset_warning_1,"Before you pay full price or more for business assets in the @IND industry, you should take note of the fact that @CORPFULL is offering to sell some of such business assets at @PCT below cost....","@IND 업계의 사업 자산에 정가 이상을 지불하기 전에, @CORPFULL이/가 해당 자산 일부를 원가 대비 @PCT 낮은 가격에 매각하고 있다는 점을 참고하시기 바랍니다....",
browse_cheaper_asset_warning_2,Do you wish to view the list of offered assets and possibly make this asset purchase from that list now?,"매각 자산 목록을 확인한 뒤, 원한다면 목록에서 직접 자산을 매입하시겠습니까?",
browse_offer_input,Enter the amount you wish for @CORPFULL to buy.,@CORPFULL이/가 매수하기를 원하는 금액을 입력하십시오.,
browse_offer_result_offeror,CONFIRMATION OF OFFER ACCEPTANCE:,제안 수락 확인,
browse_offer_result_offeror_name,Offeror:    @CORPFULL,제안자:    @CORPFULL,
browse_offer_result_price,"Purchaser has acquired business assets from Offeror valued at (seller's cost) @AMOUNT million, at a price of @PCT of that amount.","매수자는 매도자로부터 (매도자 원가 기준) @AMOUNT M. 상당의 사업 자산을, @PCT 가격에 인수했습니다.",
browse_offer_result_purchaser,Purchaser: @CORPFULL,매입자: @CORPFULL,
browse_offer_title,@CORP -- Acceptance of Offer,@CORP -- 제안 승인,
browse_ownoffer_1,You or a company you currently control listed this stock for sale.,당신 또는 당신이 현재 지배하는 기업이 이 주식을 매물로 등록했습니다.,
browse_ownoffer_2,DO YOU WANT TO CANCEL THIS OFFER (REMOVE IT FROM THE LISTING)?,이 매물 제안을 취소하시겠습니까 (목록에서 삭제)?,
browse_ownoffer_title,One of Your Own Offers: Cancel?,본인이 등록한 매물: 취소하시겠습니까?,
buyphysicalcommodity_1,Which physical commodity to buy?,어떤 현물 상품을 매수하시겠습니까?,
buyphysicalcommodity_title,Buy Physical on Behalf of @PLAYER,@PLAYER 대리 현물 상품 구매,
buystock_buyingpowerlimit,@PLAYER lacks the buying power to purchase even the minimum of @PCT of the stock of @CORPFULL,@PLAYER은/는 자금력이 부족해 @CORPFULL 주식의 최소 구매 조건인 @PCT도 구매할 수 없습니다.,
callbuy_input_company,Type in the symbol or name of the company who @PLAYER will buy calls on:,@PLAYER이/가 콜옵션을 매수할 기업의 티커 또는 이름을 입력하십시오:,
callbuy_title,Buy Calls on Behalf of @PLAYER,@PLAYER 대리 콜옵션 매수,
callexercise_executed,"option exercised in full, to buy @PCT of the stock of @CORPFULL.",옵션 전량 행사 완료 — @CORPFULL 주식 @PCT 매수.,
callexercise_headline,"@PLAYER exercises calls, buys @PCT of @CORP at $@AMOUNT.",@PLAYER이/가 @CORP 주식 @PCT에 대해 콜옵션을 행사했습니다 (행사가 @AMOUNT),
callexercise_input_1,Enter the (whole) percentage you wish to exercise. (This option is for @PCT of the @CORP stock.) Some limits may apply.,행사하고자 하는 지분율 (정수)을 입력하십시오. (해당 옵션은 @CORP 주식의 @PCT에 해당합니다.) 일부 제한이 적용될 수 있습니다.,
callexercise_input_title,Exercise @CORP @MONTH/@YEAR $@AMOUNT Calls,@CORP @YEAR년 @MONTH월물 $@AMOUNT 콜옵션 행사,
calloption_sell_body1,Enter the percent (max @PCT) you wish to sell.,매도하고자 하는 지분율을 (최대 @PCT) 입력하십시오.,
calloption_sell_body2,The options selected are trading at a per-share (bid) price of @AMOUNT.,선택하신 옵션은 주당 (매수호가) @AMOUNT에 거래되고 있습니다.,
calloption_sell_confirm1,The total proceeds of this sale of options will be @AMOUNT million.,이번 옵션 매각을 통한 총 매각 대금은 @AMOUNT M.에 달할 예정입니다.,
calloption_sell_confirm_commission,(Net of a @PCT commission.),(수수료 @PCT를 제외한 금액),
calloption_sell_result_2,SALE PRICE PER OPTION: @AMOUNT (the bid price).,옵션당 매도가: @AMOUNT (매수호가 기준).,
calloption_sell_result_3,NET SALE PRICE: $@AMOUNT million.,순 매도 금액: $@AMOUNT M.,
calloption_sell_result_4,You sold the {call|put} options at a loss of: $@AMOUNT million.,{콜옵션|풋옵션}이 $@AMOUNT M. 손실로 매도되었습니다.,
calloption_sell_result_5,This closes out all of your long {call|put} positions on @CORP.,@CORP에 대한 롱 {콜|풋} 포지션이 모두 청산되었습니다.,
calloption_sell_title,Sell @CORP @MONTHNUM/@YEAR @AMOUNT Calls,@CORP @YEAR년 @MONTHNUM월물 @AMOUNT 콜옵션 매도,
calloptionbuy_confirm_2,"The total cost of this purchase will be @AMOUNT million, including the @PCT commission.",이번 매입의 총 비용은 @PCT 수수료를 포함하여 총 @AMOUNT M.입니다.,
calloptionbuy_confirm_3,Are you sure you wish to complete the transaction?,정말로 거래를 체결하시겠습니까?,
calloptionbuy_confirm_4,(There will be a taxable {gain|loss} of $@AMOUNT million on the buy-back.),(환매수 시 $@AMOUNT M.의 과세 대상 {이익|손실}이 발생합니다.),
calloptionbuy_confirm_title,CONFIRM PENDING OPTION PURCHASE ORDER,대기 중인 옵션 매수 주문 확인,
calloptionbuy_notice_1,Options cannot be bought on margin and have limited margin value.,"옵션은 마진 매수가 불가하며, 담보 가치가 제한됩니다.",
calloptionbuy_notice_2,You may buy {calls|puts} on up to @PCT of the stock of @CORP.,@CORP 주식의 최대 @PCT까지 {콜옵션|풋옵션}을 매수할 수 있습니다.,
calloptionbuy_notice_3_1,"Put or call options can be bought or sold, or bought back if sold short. The calls you have purchased can be exercised before their expiration date or may be exercised at expiration, but will only be exercised if there is an adequate number of publicly-traded shares available and if other conditions are met. (See the 'HELP' files for details.)","풋옵션과 콜옵션은 매수·매도·환매수가 가능합니다. 매수하신 콜옵션은 만기 전 또는 만기 시 행사할 수 있으나, 충분한 공개 거래 주식 수량이 확보되고 기타 조건이 충족되는 경우에만 행사됩니다. (자세한 내용은 'HELP' 파일을 참고하십시오.)",
calloptionbuy_notice_4,"A call option becomes worthless if it is 'out-of-the-money,' or else it will either be exercised or settled for its net intrinsic value if it is 'in-the-money' at expiration. You may choose NOT to have any options exercised that you own or have sold short. (YOU HAVE ELECTED NOT TO HAVE OPTIONS EXERCISED.)","콜옵션이 '외가격 (out-of-the-money)'이 되면 무가치해지며, '내가격 (in-the-money)'인 경우 만기 시 행사되거나 순내재가치로 정산됩니다. 보유하거나 공매도한 옵션에 대해 행사를 선택하지 않을 수 있습니다. (옵션 행사를 하지 않도록 선택하셨습니다.)",
calloptionbuy_notice_5,"A call option becomes worthless if it is 'out-of-the-money,' or else it will either be exercised or settled for its net intrinsic value if it is 'in-the-money' at expiration. You may choose NOT to have any options exercised that you own or have sold short.","콜옵션이 '외가격 (out-of-the-money)'이 되면 무가치해지며, '내가격 (in-the-money)'인 경우 만기 시 행사되거나 순내재가치로 정산됩니다. 보유하거나 공매도한 옵션에 대해 행사를 선택하지 않을 수 있습니다.",
calloptionbuy_price_body,Enter the strike price (exercise price) of the call options you wish to buy (minimum of @AMOUNT1 or maximum of @AMOUNT2 per share).,매수하고자 하는 콜옵션의 행사 가격을 입력하십시오 (1주당 최소 @AMOUNT1 또는 최대 @AMOUNT2).,
calloptionbuy_price_title,@CORP Stock Price = @AMOUNT,@CORP 주가 = @AMOUNT,
calloptionbuy_result_1,"You have purchased {call|put} options expiring in mid-month in @MONTH, @YEAR, with a strike price of @AMOUNT per share. The options purchased cover @PCT of the total common stock of @CORPFULL (@CORP), or @SHARES million shares of its stock.","@YEAR년 @MONTH월 중순 만기 {콜옵션|풋옵션}을 주당 @AMOUNT의 행사가에 매수했습니다. 매수한 옵션은 @CORPFULL(@CORP) 발행 보통주 총수의 @PCT, 즉 @SHARES M. 주에 해당합니다.",
calloptionbuy_result_2,"PURCHASE PRICE PER OPTION: @AMOUNT1 (the asked price), which was somewhat higher than the bid price of @AMOUNT2.","옵션당 매수가: @AMOUNT1 (매도호가 기준), 매수호가 @AMOUNT2보다 다소 높은 가격입니다.",
calloptionsell_confirm_title,CONFIRM PENDING OPTION SELL ORDER,미체결 옵션 매도 주문 확인,
calloptionsell_result_1,"You have sold call options expiring mid-month in @MONTH, @YEAR, with a strike price of @AMOUNT per share. Options sold cover @PCT of the total common stock of @CORPFULL (@CORP), or @SHARES million shares of its stock.","@YEAR년 @MONTH월 중순 만기 콜옵션을 주당 @AMOUNT의 행사가에 매도했습니다. 매도한 옵션은 @CORPFULL(@CORP) 발행 보통주 총수의 @PCT, 즉 @SHARES M. 주에 해당합니다.",
callsell_input_company,Type in the symbol or name of the company who @PLAYER will sell calls on:,@PLAYER이/가 콜옵션을 매도할 기업의 티커 또는 이름을 입력하십시오:,
callsell_title,Sell Calls on Behalf of @PLAYER,@PLAYER 대리 콜옵션 매도,
commodity_behalf_2,Which commodity to buy futures on?,어느 원자재 상품을 매수하겠습니까?,
commodity_future_list,@COMMODITY1 Futures Prices === Each contract is for @AMOUNT {@UNIT|coins} of @COMMODITY2,@COMMODITY1 선물 가격 === 각 계약은 @COMMODITY2 @AMOUNT {@UNIT|코인} 기준입니다,
commodity_limit,"Commodity and futures trading has been suspended during @MONTH of @YEAR, until markets settle down.",@YEAR년 @MONTH월 동안 시장 안정을 위해 원자재 및 선물 거래가 중단됩니다.,
commodity_sell_confirm,@COMMODITY SELL ORDER CONFIRMATION:,@COMMODITY 매도 주문 확인:,
crypto_buy_futures,Which crypto to buy futures on?,어떤 암호화폐 선물을 매수하시겠습니까?,
crypto_buy_futures_notice1,"One @COMMODITY futures contract for @MONTH, @YEAR delivery, for 1,000 {coins|units} at @AMOUNT1 per {coin|unit} is valued at @AMOUNT2 million.","@YEAR년 @MONTH월 인도분 @COMMODITY 선물 1계약 (1,000 {코인|단위}, {코인|단위}당 @AMOUNT1)의 가치는 @AMOUNT2 M.입니다.",
crypto_buy_futures_title,Buy Crypto Futures on Behalf of @PLAYER,@PLAYER 암호화폐 선물 매수,
cryptobuy_body,Which crypto to buy?,어느 암호화폐를 매수하겠습니까?,
cryptobuy_confirm_0,"You are cleared to purchase and hold @SHARES1 {unit|units} of (physical) @COMMODITY (@SHARES2 coins), at a cost of @AMOUNT1 (US$) per coin, for a total purchase price of @AMOUNT2 million.",코인 당 @AMOUNT1(미국 달러)의 가격으로 (현물) @COMMODITY @SHARES1 단위 (총 @SHARES2 코인)를 총 @AMOUNT2 M.에 매수 및 보유할 수 있습니다.,
cryptobuy_confirm_storage_0,"NOTE: Unlike other 'physical' commodities, @COMMODITY1 is a digital currency, and is intangible, thus there are no storage costs of owning @COMMODITY2.","참고: 다른 '현물' 원자재와 달리 @COMMODITY1은/는 디지털 화폐이자 무형자산이므로, @COMMODITY2 보유에는 보관 비용이 발생하지 않습니다.",
cryptobuy_confirm_title,@COMMODITY Purchase Confirmation,@COMMODITY 매수 체결 확인,
cryptobuy_input,Enter the number of 'units' of @COMMODITY1 to buy. One unit consists of @AMOUNT1 coins of @COMMODITY2. You can buy up to @AMOUNT2 {unit|units}.,매수할 @COMMODITY1 '단위' 수량을 입력하십시오. 1 단위는 @COMMODITY2 @AMOUNT1 코인입니다. 최대 @AMOUNT2 단위까지 매수할 수 있습니다.,
cryptobuy_input_2,You can buy up to @AMOUNT {unit|units}.,최대 @AMOUNT 단위까지 매수할 수 있습니다.,
cryptobuy_input_units,Enter the number of @COMMODITY1 'units' you wish to purchase. One unit consists of @SHARES @COMMODITY2.,매수할 @COMMODITY1 '단위' 수량을 입력하십시오. 1개 단위는 @COMMODITY2 @SHARES 개를 의미합니다.,
cryptobuy_limit_total,"Therefore, the limit on the quantity of @COMMODITY that you and your companies may acquire amounts to @SHARES coins of the cryptocurrency.",따라서 당신과 당신이 지배하는 기업이 보유할 수 있는 @COMMODITY 총량은 최대 @SHARES 코인으로 제한됩니다.,
cryptobuy_notice_0,"Taking into account real world total inventories of @COMMODITY1, you and all the companies you control are limited to owning @PCT of the entire global supply of the physical commodity, which is equal to @SHARES1 physical 'units' in W$R. Each such 'unit' consists of @SHARES2 coins of @COMMODITY2.","실제 @COMMODITY1 총 발행량을 반영하여, 개인 및 지배 중인 기업들이 보유할 수 있는 @COMMODITY1의 수량은 전 세계 @COMMODITY1 총공급량의 @PCT로 제한됩니다. 이는 W$R 내 @COMMODITY1 현물 @SHARES1 '단위'에 해당하며, 1 단위는 @COMMODITY2 @SHARES2 코인으로 계산됩니다.",
cryptobuy_notice_1,(Estimated total real world Bitcoin that can ever exist is (theoretically) limited to 21 million 'coins.'),"(이론상 실제 비트코인의 총 발행량은 2,100만 개로 제한되어 있습니다.)",
cryptobuy_notice_2,(Estimated total @COMMODITY that is assumed to be in existence is @SHARES million 'coins.'),(존재한다고 가정되는 @COMMODITY 총량은 @SHARES 백만 '코인'으로 추정됩니다.),
cryptobuy_title,Buy Crypto on Behalf of @PLAYER,@PLAYER 암호화폐 매수,
cryptosell_input_1,You own @COUNT 'unit' of @COMMODITY1. 1 unit consists of @SHARES @COMMODITY2 coins. Enter the number of units you wish to sell.,@COMMODITY1 @COUNT 단위를 보유 중입니다. 1개 단위는 @COMMODITY2 @SHARES 개를 의미합니다. 매도하고자 하는 해당 '단위' 수량을 입력하십시오.,
cryptosell_loss_realized,A loss of $@AMOUNT million was realized on the sale.,매각으로 인해 @AMOUNT M. 규모의 손실이 실현되었습니다.,
error_insufficient_buying,Error -- Insufficient Buying Power,오류 -- 자금 부족,
error_insufficient_buying_stock_1,You lack buying power to buy @PCT of the stock.,해당 주식의 @PCT를 매수하기에는 구매력이 부족합니다.,
error_insufficient_buying_stock_2,Do you want to try buying a smaller amount of stock?,매수 수량을 줄여서 다시 시도하시겠습니까?,
future_futaction_buyback,"How many @COMMODITY futures contracts for @MONTH, @YEAR do you wish to Buy Back?",@YEAR년 @MONTH월물 @COMMODITY 선물 계약을 몇 건 환매수하시겠습니까?,
future_futaction_short,(Short @COUNT contracts @ US@AMOUNT.),(공매도 @COUNT 계약 건 @ US@AMOUNT.),
future_notice_spx,"Stock Index Futures Prices === Each contract is for 1,000 units of stock index","주가지수 선물 가격 === 1 계약은 주가지수 1,000 단위에 해당",
futurebuy_limit_1,"Accordingly, a minimum credit rating of ""@RATING"" is required to buy futures.","이에 따라 선물을 매수하려면 최소 ""@RATING"" 신용등급이 필요합니다.",
futurebuy_limit_2,"You have a ""@RATING"" credit rating. No purchase is permitted{, except to close existing positions|''}.","신용등급이 ""@RATING"" 이므로 매수가 불가능합니다{ (기존 포지션 청산은 가능)|''}.",
futurebuy_limit_3,"(However, you can buy and store physical commodities, since you have some liquid funds.)","(다만, 유동 자금이 있으므로 실물 상품은 매수 및 보관이 가능합니다.)",
futurebuy_limit_liquidity,"(However, @CORP1 can buy and store physical commodities, since @CORP2 has some liquid funds.)","(다만, @CORP1은/는 @CORP2에 유동 자금이 있으므로 실물 상품을 매수하고 보관할 수 있습니다.)",
futurebuy_limit_raiting,"@CORPFULL has a ""@RATING"" credit rating.","@CORPFULL의 신용등급은 ""@RATING""입니다.",
futurebuy_limit_stockissue,Consider issuing stock to improve @CORP's credit rating....,@CORP의 신용등급 개선을 위해 주식 발행을 고려해 보십시오....,
futurebuy_shortcover_result1,You bought back the short options at a {gain|loss} of: $@AMOUNT million.,숏 포지션 환매 {이익|손실}: $@AMOUNT M.,
futurebuy_shortcover_result2,This closes out all of your short {put|call} positions on @CORP.,@CORP에 대한 모든 숏 {풋|콜}옵션 포지션이 청산되었습니다.,
futures_contract_nearmonth,"US$ Spot Price per @UNIT of @COMMODITY: @AMOUNT {(Near month, no longer traded)|''}","미국 달러 기준 @COMMODITY @UNIT 당 현물 가격: @AMOUNT {(근월물, 거래 종료)|''}",
futures_contract_unit_price,"@MONTH, @YEAR@DOTS US$ price / @UNIT = @AMOUNT1 (1 Contract: @AMOUNT2 M.)",@YEAR년 @MONTH월물 - 미국 달러 기준 @UNIT당 가격 = @AMOUNT1 (1 계약: @AMOUNT2 M.),
futures_limit,"Accordingly, a minimum credit rating of ""@RATING"" is required to sell futures short.","이에 따라 선물을 공매도하려면 최소 ""@RATING"" 신용등급이 필요합니다.",
futures_limit_current_rating,"You have a ""@RATING"" credit rating","현재 신용등급은 ""@RATING"" 입니다",
futures_sell,"How many @COMMODITY futures contracts for @MONTH, @YEAR do you wish to sell?",@YEAR년 @MONTH월물 @COMMODITY 선물 계약을 몇 건 매도하시겠습니까?,
futures_sell_price,(Long @COUNT contracts @ US@AMOUNT.),(매수 @COUNT 계약 @ US@AMOUNT.),
futuresbuy_buyback_confirm,"COMMODITY FUTURES PURCHASE ORDER CONFIRMATION: BUYER: @PLAYER You have bought back @COUNT @COMMODITY futures contracts (for the month of @MONTH, @YEAR) at the market price of @AMOUNT per @UNIT.",원자재 선물 매수 주문 체결 확인: 매수자: @PLAYER @YEAR년 @MONTH월물 @COMMODITY 선물 계약 @COUNT건을 @UNIT당 시장가 @AMOUNT에 환매수했습니다.,
futuresbuy_confirm_0,@COMMODITY FUTURES PURCHASE CONFIRMATION: BUYER: @PLAYER You have bought @COUNT1 futures contracts (@COUNT2 {units|coins|@UNIT} per contract).,@COMMODITY 선물 매수 체결 확인: 매수자: @PLAYER - 선물 계약 @COUNT1건 (계약당 @COUNT2 {단위|코인|@UNIT})을 매수했습니다.,
futuresbuy_confirm_1,STOCK INDEX FUTURES PURCHASE ORDER CONFIRMATION:,주가지수 선물 매수 주문 체결 확인:,
futuresbuy_confirm_2_unit,You have bought @COUNT1 futures contracts (@COUNT2 {units|coins|@UNIT} per contract).,선물 계약 @COUNT1건 (계약당 @COUNT2 {단위|코인|@UNIT})을 매수했습니다.,
futuresbuy_confirm_3,"Buyer agrees to purchase @COMMODITY at the price of @AMOUNT per @UNIT1, settlement to occur in @MONTH, @YEAR, for @COUNT @UNIT2.","매수자는 @UNIT1당 @AMOUNT의 가격으로 @COMMODITY을/를 매수하는 데 동의하며, 결제는 @YEAR년 @MONTH월에 @COUNT @UNIT2 기준으로 이루어집니다.",
futuresbuy_confirm_4,"Buyer has deposited @PCT1 of the total purchase price plus a @PCT2 commission with a commodity broker, for a total cash outlay of @AMOUNT million.","매수자는 총 매수 대금의 @PCT1에 해당하는 증거금과 @PCT2 수수료를 원자재 중개인에게 예치했으며, 이에 따른 총 현금 지출액은 @AMOUNT M.입니다.",
futuresbuy_confirm_5,You have bought @COUNT1 futures {contract|contracts} (@COUNT2 @UNIT per contract).,선물 계약 @COUNT1건 (계약당 @COUNT2 @UNIT)을 매수했습니다.,
futuresbuy_confirm_short_title,COMMODITY FUTURES PURCHASE CONFIRMATION:,원자재 선물 매수 주문 확인:,
futuresbuy_confirm_title,COMMODITY FUTURES PURCHASE ORDER CONFIRMATION:,원자재 선물 매수 주문 체결 확인:,
futuresbuy_confirm_title_variant2,@COMMODITY FUTURES PURCHASE {[1]ORDER|''} CONFIRMATION:,@COMMODITY 선물 매수 주문 확인:,
futuresbuy_input_1,@PLAYER -- @COMMODITY Futures Purchase,@PLAYER -- @COMMODITY 선물 매수,
futuresbuy_input_2,"How many @COMMODITY futures contracts for @MONTH, @YEAR do you wish to Purchase?",@YEAR년 @MONTH월물 @COMMODITY 선물 계약을 몇 건 매수하시겠습니까?,
futuresbuy_input_3,(Size of trade {[1]is|''} limited by the Commodity Exchange position limits),(거래 규모는 상품거래소가 지정한 최대 포지션 한도에 따라 제한됩니다),
futuresbuy_notice_0,Notice Re Purchase of @COMMODITY Futures,@COMMODITY 선물 매수 관련 안내,
futuresbuy_notice_1,"One @COMMODITY futures contract for @MONTH, @YEAR delivery, for @AMOUNT1 @UNIT1 at @AMOUNT2 per @UNIT2 is valued at @AMOUNT3 million.","@YEAR년 @MONTH월에 현물이 인도될 @COMMODITY 선물 1계약 (@AMOUNT1 @UNIT1, @UNIT2당 @AMOUNT2)의 가치는 @AMOUNT3 M.입니다.",
futuresbuy_notice_2,"A commodities trading margin deposit of @PCT1 of the notional value (the total contract price) is required, plus payment of a @PCT2 commission.","명목 가치 (총 계약 금액)의 @PCT1에 해당하는 원자재 거래 증거금이 필요하며, @PCT2의 수수료가 추가로 부과됩니다.",
futuresbuy_notice_2_1,Press 'OK' to proceed with entering your purchase order for one or more contracts on @COMMODITY.,@COMMODITY 선물 계약 매수 주문을 접수하시려면 '확인'을 클릭해 주십시오.,
futuresbuy_notice_3,Any decrease in the value of a futures contract will result in the owner being required to deposit additional funds equal to the change in value. (Increases in value will release funds to the owner.),"선물 계약의 평가 금액이 하락할 경우, 변동된 금액만큼 추가 증거금을 납입해야 합니다. (반대로 평가금액이 상승할 경우 해당 차액만큼의 자금이 지급됩니다.)",
futuresbuy_seller_1,"The seller, taking the other side of this trade, is {[1]@CORPFULL (@CORP)|@CORPFULL}.",이 거래의 매도 상대방은 {[1]@CORPFULL (@CORP)|@CORPFULL}입니다.,
futuresbuy_shortcover,"You have bought back @COUNT @COMMODITY futures {contract|contracts} (for the month of @MONTH, @YEAR) at the market price of @AMOUNT per @UNIT.",@YEAR년 @MONTH월물 @COMMODITY 선물 계약 @COUNT건을 @UNIT당 시장가 @AMOUNT에 환매수했습니다.,
futuresbuy_title,Buy Futures on Behalf of @PLAYER,@PLAYER 대리 선물 매수,
futuresbuy_trade_confirm,@COMMODITY FUTURES TRADE CONFIRMATION,@COMMODITY 선물 거래 체결 확인,
futureshort_limit,"You have a ""@RATING"" credit rating. No short sale is permitted.","신용등급이 ""@RATING"" 이므로 공매도가 불가능합니다.",
futuressell_1,"You have sold @SHARE @COMMODITY futures contracts (for the month of @MONTH, @YEAR) at the market price of @AMOUNT per @UNIT.",@YEAR년 @MONTH월물 @COMMODITY 선물 계약 @SHARE 건을 @UNIT당 시장가 @AMOUNT에 매도했습니다.,
futuressell_confirm,"You have sold @COUNT @COMMODITY futures contracts (for the month of @MONTH, @YEAR) at the market price of US@AMOUNT per {unit|coin|@UNIT}.",@YEAR년 @MONTH월물 @COMMODITY 선물 계약 @COUNT건을 {단위|코인|@UNIT}당 시장가 US@AMOUNT에 매도했습니다.,
futuressell_confirm_sold,"You have sold 1 @COMMODITY futures contract (for the month of @MONTH, @YEAR) at the market price of US$ @AMOUNT per @UNIT.",@YEAR년 @MONTH월물 @COMMODITY 선물 계약 1건을 @UNIT당 시장가 US$ @AMOUNT에 매도했습니다.,
futuressell_confirm_title,COMMODITY FUTURES SELL ORDER CONFIRMATION:,원자재 선물 매도 주문 확인:,
futuressell_input_1,@PLAYER -- @COMMODITY Futures Sale,@PLAYER -- @COMMODITY 선물 매도,
futuressell_notice_1,"You are selling one @COMMODITY futures contract for the month of @MONTH, @YEAR, at the current price of US$ @AMOUNT.",@YEAR년 @MONTH월물 @COMMODITY 선물 계약 1건을 현재가 @AMOUNT에 매도합니다.,
futuressell_notice_2,"Click ""OK"" to confirm sale.",“확인”을 눌러 거래를 매도를 체결하십시오.,
futuressell_order_confirm,"COMMODITY FUTURES SELL ORDER CONFIRMATION: SELLER: @PLAYER You have sold @COUNT @COMMODITY futures contracts (for the month of @MONTH, @YEAR) at the market price of US@AMOUNT per @UNIT.",원자재 선물 매도 주문 확인: 매도인: @PLAYER @YEAR년 @MONTH월물 @COMMODITY 선물 계약 @COUNT건을 @UNIT당 시장가 US@AMOUNT에 매도했습니다.,
futuressell_order_confirm_crypto,"@COMMODITY1 FUTURES SELL ORDER CONFIRMATION: SELLER: @PLAYER You have sold @COUNT @COMMODITY2 futures contracts (for the month of @MONTH, @YEAR) at the market price of US@AMOUNT per {unit|coin}.",@COMMODITY1 선물 매도 주문 확인: 매도인: @PLAYER @YEAR년 @MONTH월물 @COMMODITY2 선물 계약 @COUNT건을 {단위|코인}당 시장가 US@AMOUNT에 매도했습니다.,
futuresshort_buyer_1,"The buyer, taking the other side of this trade, is {[1]@CORPFULL (@CORP)|@CORPFULL}.",이 거래의 매수 상대방은 {[1]@CORPFULL (@CORP)|@CORPFULL}입니다.,
futuresshort_confirm,You have sold short @COUNT1 futures contracts (@COUNT2 {coins|@UNIT} of @COMMODITY per contract.),선물 계약 @COUNT1건을 공매도했습니다 (계약당 @COMMODITY @COUNT2 {코인|@UNIT}).,
futuresshort_confirm_1,STOCK INDEX FUTURES SHORT SALE CONFIRMATION:,주가지수 선물 공매도 확인:,
futuresshort_confirm_3,"Seller agrees to sell @COMMODITY at a price of @AMOUNT1 per @UNIT1, settlement to occur in @MONTH, @YEAR, for @AMOUNT2 million @UNIT2.","매도인은 @UNIT1당 @AMOUNT1의 가격으로 @COMMODITY을/를 매도하기로 합의하며, 결제는 @YEAR년 @MONTH월에 총 @AMOUNT2 M. @UNIT2 규모로 진행됩니다.",
futuresshort_confirm_4,"Seller has deposited @PCT1 of the total sale price plus a @PCT2 commission with a commodity broker, for a total cash outlay of @AMOUNT million.","매도인은 총 매도가의 @PCT1와 수수료 @PCT2를 합산한 금액을 원자재 브로커에 전달했으며, 총 현금 지출액은 @AMOUNT M.입니다.",
futuresshort_confirm_commodity,@COMMODITY FUTURES SHORT SALE CONFIRMATION:,@COMMODITY 선물 공매도 체결 확인:,
futuresshort_confirm_shortseller,SHORT SELLER:  @PLAYER,공매도자: @PLAYER,
futuresshort_confirm_title,COMMODITY FUTURES SHORT SALE CONFIRMATION:,원자재 선물 공매도 주문 확인:,
futuresshort_desc,Which commodity to short?,어느 원자재 상품을 공매도하겠습니까?,
futuresshort_input1,Click 'OK' to proceed with entering your short sale order for one or more contracts on @COMMODITY.,'확인'을 클릭하여 @COMMODITY 계약 1건 이상에 대한 공매도 주문 입력을 진행하십시오.,
futuresshort_input2,Any increase in the value of the underlying stock index futures contract will result in the short seller being required to deposit additional funds equal to the change in value.,"기초 주가지수 선물 계약의 가치가 상승할 경우, 공매도자는 그 변동분만큼 추가 증거금을 예치해야 합니다.",
futuresshort_input_1,@PLAYER -- @COMMODITY Futures Short Sale,@PLAYER -- @COMMODITY 선물 공매도,
futuresshort_input_2,"How many @COMMODITY futures contracts for @MONTH, @YEAR do you wish to Sell Short?",@YEAR년 @MONTH월물 @COMMODITY 선물 계약을 몇 건 공매도하시겠습니까?,
futuresshort_notice_0,Notice Re Short Sale of @COMMODITY Futures,@COMMODITY 선물 공매도 관련 안내,
futuresshort_notice_1,Any increase in the value of the underlying commodity futures contract will result in the short seller being required to deposit additional funds equal to the change in value.,"원자재 상품의 선물 가격 상승 시, 공매도 포지션 보유자는 상승한 분만큼 증거금을 추가로 예치, 즉 마진콜에 응해야 합니다.",
futuresshort_notice_2,(Decreases in the value of the contract will release funds to the short seller.),(선물 가격이 하락하면 숏 포지션 보유자에게 자금이 지급됩니다),
futuresshort_result_1,You have sold short @COUNT1 futures {contract|contracts} (@COUNT2 @UNIT of @COMMODITY per contract.),선물 계약 @COUNT1건 (계약당 @COMMODITY @COUNT2 @UNIT)을 공매도했습니다.,
futuresshort_result_2,"Seller agrees to sell @COMMODITY at a price of @AMOUNT per @UNIT1, settlement to occur in @MONTH, @YEAR, for @COUNT @UNIT2.","매도인은 @UNIT1당 @AMOUNT의 가격으로 @COMMODITY을/를 매도하기로 합의하며, 결제는 @YEAR년 @MONTH월에 @COUNT @UNIT2 기준으로 진행됩니다.",
futuresshort_result_coin,"Seller agrees to sell @COMMODITY at a price of @AMOUNT per coin, settlement to occur in @MONTH, @YEAR, for @COUNT coins.","매도자는 @YEAR년 @MONTH월 결제, @COUNT 코인 기준으로 @COMMODITY을/를 코인당 @AMOUNT에 매도하기로 합의합니다.",
futuresshort_sale_confirm,@COMMODITY1 FUTURES SHORT SALE CONFIRMATION: SHORT SELLER: @PLAYER You have sold short @COUNT1 futures contracts (@COUNT2 coins of @COMMODITY2 per contract.),@COMMODITY1 선물 공매도 체결 확인: 공매도자: @PLAYER 선물 계약 @COUNT1건을 공매도했습니다 (계약당 @COMMODITY2 @COUNT2 코인).,
futuresshort_title,Short Futures on Behalf of @PLAYER,@PLAYER 대리 선물 공매도,
indexfuturesbuyback_confirm_bought,"You have bought back 1 @COMMODITY futures contract (for the month of @MONTH, @YEAR) at the market price of $@AMOUNT per unit.",@YEAR년 @MONTH월물 @COMMODITY 선물 계약 1건을 단위당 시장가 $@AMOUNT에 환매수했습니다.,
indexfuturesbuyback_confirm_title,STOCK INDEX FUTURES BUY ORDER CONFIRMATION:,주가지수 선물 매수 주문 확인:,
indexfuturesbuyback_input_1,"How many @COMMODITY futures contracts for @MONTH, @YEAR do you wish to buy back?",@YEAR년 @MONTH월물 @COMMODITY 선물 계약을 몇 건 환매수하시겠습니까?,
indexfuturesbuyback_notice_1,"You are buying back one @COMMODITY futures contract for the month of @MONTH, @YEAR, at the current price of $@AMOUNT.",@YEAR년 @MONTH월물 @COMMODITY 선물 계약 1건을 현재가 $@AMOUNT에 환매수합니다.,
indexfuturesbuyback_notice_2,"Click {""OK""|OK} to confirm purchase.",확인을 눌러 환매수 거래를 체결하십시오.,
liquidate_future,"You have stocks you can sell and commodity or index futures you can liquidate, to try to cover your bank OVERDRAFT of @AMOUNT million.",은행 당좌대월 @AMOUNT M.을 메우기 위해 매도할 수 있는 주식과 청산할 수 있는 원자재·지수 선물이 있습니다.,
liquidate_futures_1,Liquidate Futures Positions?,선물 포지션을 청산하시겠습니까?,
liquidate_futures_2,DO YOU WISH TO FIRST LIQUIDATE COMMODITY/INDEX FUTURES BEFORE SELLING STOCKS? (Y/N),주식을 매도하기 전에 상품/지수 선물을 먼저 청산하시겠습니까? (Y/N),
liquidate_futures_cashnegative,You have a negative cash balance and have received a margin call.,현금 잔고가 마이너스 상태이며 마진콜을 받았습니다.,
option_elect_notice,You may choose not to have any options exercised that you own or have sold short.,보유하거나 공매도한 옵션에 대해 행사를 선택하지 않을 수 있습니다.,
option_elect_notice_2,You may choose NOT to have any options exercised that you own or have sold short.,보유하거나 공매도한 옵션에 대해 행사를 선택하지 않을 수 있습니다.,
option_elected_notice,(YOU HAVE ELECTED NOT TO HAVE OPTIONS EXERCISED.),(옵션 행사를 하지 않도록 선택하셨습니다.),
option_expiry_notice,"At its expiration date, an option will become worthless if it is 'out-of-the-money,' or else it will either be exercised or be settled for its net value if 'in-the-money.'","만기일에 옵션이 '외가격 (out-of-the-money)'이 되면 무가치해지며, '내가격 (in-the-money)'인 경우 행사되거나 순내재가치로 정산됩니다.",
option_non_publicly,Canceling.... @CORPFULL has no publicly-traded stock on which to buy options.,취소합니다.... @CORPFULL은/는 옵션을 매수할 수 있는 공개 거래 주식이 없습니다.,
option_title,Trade Options on Behalf of @PLAYER,@PLAYER 대리 옵션 거래,
option_trade_confirm,Are you sure you want to complete this transaction?,정말로 거래를 체결하시겠습니까?,
option_trade_pending,PENDING TRADE:,대기 중인 거래:,
option_trade_result_title,OPTION TRADE EXECUTED:,옵션 거래 체결 완료:,
optionbuy_confirm_order_title,Confirmation of Completed Option Purchase:,옵션 매수 체결 확인:,
optionbuy_input_2,The options are trading at a per-share (asked) price of @AMOUNT. Enter the percent (max @PCT) you wish to buy.,해당 옵션의 현재 주당 매도호가는 @AMOUNT입니다. 매수할 비율 (최대 @PCT)을 입력하십시오.,
optionbuy_input_3,"@MONTH, @YEAR@DOTS Ask price per share = @SHARES1 (Cost of @PCT = @AMOUNT M.)",@YEAR년 @MONTH월 - 주당 매도호가 = @SHARES1 (@PCT 매수 비용 = @AMOUNT M.),
optionbuy_input_4,(CLICK ON MONTH/YEAR TO SELECT OPTION),(옵션을 선택하려면 월/연도를 클릭하십시오),
optionbuy_input_title,Buy @CORP @MONTH/@YEAR $@AMOUNT Calls,@CORP @MONTH/@YEAR $@AMOUNT 콜옵션 매수,
optionbuy_price_label,Call Option Strike Price of: @AMOUNT1   @CORP Stock Price: @AMOUNT2,콜옵션 행사가: @AMOUNT1   @CORP 주가: @AMOUNT2,
optionbuyback_notice_1,You may buy back {puts|calls} on up to @PCT1 of the stock of @CORP. The options are trading at a per-share (asked) price of @AMOUNT. Enter the percent (max @PCT2) you wish to buy.,@CORP 주식의 최대 @PCT1에 대해 {풋|콜}옵션을 환매수하실 수 있습니다. 선택하신 옵션은 주당 (매수호가) @AMOUNT에 거래되고 있습니다. 환매수하고자 하는 지분율을 (최대 @PCT2) 입력하십시오.,
optionsell_confirm_order_title,Confirmation of Completed Option Sale:,옵션 매도 체결 확인:,
optionsell_confirm_pending,The total proceeds from this option sale will be $@AMOUNT million.,이번 옵션 매각을 통한 총 매각 대금은 $@AMOUNT M.에 달할 예정입니다.,
optionsell_confirm_pending_2,(less @PCT commission),(수수료 @PCT 제외),
optionsell_input_1,Enter the strike price (exercise price) of the call options you wish to sell (minimum of @AMOUNT1 or maximum of @AMOUNT2 per share).,매도하고자 하는 콜옵션의 행사 가격을 입력하십시오 (1주당 최소 @AMOUNT1 또는 최대 @AMOUNT2),
optionsell_input_2,The options selected are trading at a per-share (bid) price of @AMOUNT. Enter the percent (max @PCT) you wish to sell.,선택하신 옵션은 주당 (매수호가) $@AMOUNT에 거래되고 있습니다. 매도하고자 하는 지분율을 (최대 @PCT) 입력하십시오.,
optionsell_input_3,"@MONTH, @YEAR@DOTS Bid price per share = @SHARES1 (Proceeds of @PCT = @AMOUNT M.)",@YEAR년 @MONTH월 - 주당 매수호가 = @SHARES1 (@PCT 매도 수익 = @AMOUNT M.),
optionsell_input_company,Type in the symbol or name of the company whose stock @PLAYER will sell calls on:,@PLAYER이/가 콜옵션을 매도할 기업의 티커 또는 이름을 입력하십시오:,
optionsell_input_title,Sell @CORP @MONTH/@YEAR $@AMOUNT Calls,@CORP @YEAR년 @MONTH월물 $@AMOUNT 콜옵션 매도,
optionsell_notice_2,You may sell {calls|puts} on up to @PCT of the stock of @CORPFULL.,@CORPFULL 주식의 최대 @PCT까지 {콜옵션|풋옵션}을 매도할 수 있습니다.,
optionsell_notice_3,"In this simulation, options that are sold short can be bought back before they expire, unlike 'European-style' options.","이 시뮬레이션에서 공매도한 옵션은 '유럽형' 옵션과 달리, 만기 전에 환매수가 가능합니다.",
optionsell_notice_4,Shorted calls will not be exercised at expiration unless you own the underlying stock.,공매도한 콜옵션은 기초 주식을 보유하지 않는 한 만기 시 행사되지 않습니다.,
optionsell_notice_5,"Options sold cover @PCT of the total common stock of @CORPFULL (@CORP), or @SHARES million shares of its stock.","매도한 옵션은 @CORPFULL(@CORP) 발행 보통주 총수의 @PCT, 즉 @SHARES M. 주에 해당합니다.",
optionsell_notice_6,See the 'HELP' files for details.),자세한 내용은 '도움말 (HELP)' 파일을 참고하십시오.),
overdraft_list,Click 'OK' to list your futures positions and select positions to close.,"'확인'을 누르면 보유 중인 선물 포지션 목록이 표시되며, 청산할 포지션을 선택할 수 있습니다.",
overdraft_margincall_1,"DUE TO A MARGIN CALL FROM YOUR BANK OR OTHER REASONS, YOU HAVE A BANK OVERDRAFT (NEGATIVE BALANCE) OF @AMOUNT MILLION!","은행의 마진콜 또는 그 밖의 이유로 인해, 은행 계좌가 @AMOUNT M.의 마이너스 잔액 (초과 인출) 상태입니다!",
overdraft_margincall_2,You will have to sell stock to raise cash to cover the shortage.,부족분을 메꾸기 위해 주식을 매도하여 현금을 마련해야합니다.,
overdraft_margincall_3,Do you want to select the stock or stocks to be sold?,매도할 주식을 직접 선택하시겠습니까?,
overdraft_margincall_title,Bank Overdraft/Margin Call for: @PLAYER,마이너스 한도 초과 / 마진콜 발생: @PLAYER,
overdraft_warning,You have a bank OVERDRAFT and will need to close some or all of your commodity or index futures positions.,은행 계좌가 마이너스 상태입니다. 원자재나 지수 선물 포지션의 일부 혹은 전체를 청산해야 합니다.,
physicalbuy_2,You can afford to buy @SHARES {unit|units}.,@SHARES 단위를 매수할 자금 여력이 있습니다.,
physicalbuy_2_corp,@PLAYER can afford to buy @SHARES {unit|units}.,@PLAYER은/는 최대 @SHARES 단위까지 매수할 수 있습니다.,
physicalbuy_3,This is a purchase of PHYSICAL @COMMODITY.,현물 @COMMODITY을/를 매수합니다.,
physicalbuy_confirm_0,"{[1]You are|@CORP is} cleared to purchase and store @SHARES1 {[2]unit|units} of (physical) @COMMODITY (@SHARES2 @UNIT1 {[3]each|''}), at a cost of @AMOUNT1 (US$) per @UNIT2, for a total purchase price of @AMOUNT2 million.",{[1]당신은|@CORP은/는} @UNIT2당 @AMOUNT1(미국 달러)에 (현물) @COMMODITY @SHARES1단위 ({[3]단위당|총} @SHARES2 @UNIT1)를 총 @AMOUNT2 M.에 매수 및 보관할 수 있습니다.,
physicalbuy_confirm_1,"You have bought @SHARES1 @COMMODITY {unit|units} (@SHARES2 @UNIT1 each) at the spot price of @AMOUNT (US$) per @UNIT2, plus a @PCT commission.","@COMMODITY @SHARES1단위 (단위당 @SHARES2 @UNIT1)를 @UNIT2당 현물 가격 @AMOUNT (미국 달러)에 매수했으며, 수수료 @PCT이/가 추가됩니다.",
physicalbuy_confirm_2,"This is a cash purchase, not a futures contract, as it is not being made on a commodity exchange.","이 거래는 상품거래소를 통한 거래가 아니므로, 선물 계약이 아닌 현물 매수입니다.",
physicalbuy_confirm_3,"However, there is a @PCT dealer commission.","다만, @PCT의 중계 수수료가 부과됩니다.",
physicalbuy_confirm_buyer,"Buyer (@PLAYERSHORT) has bought @SHARES @COMMODITY unit (@SHARES2 @UNIT1 each) at the spot price of @AMOUNT (US$) per @UNIT2, plus a @PCT commission.","매수자 (@PLAYERSHORT)은/는 @COMMODITY @SHARES단위 (단위당 @SHARES2 @UNIT1)를 @UNIT2당 현물 가격 @AMOUNT (미국 달러)에 매수했으며, 수수료 @PCT가 추가됩니다.",
physicalbuy_confirm_crypto,"You have {bought|sold} @COUNT1 @COMMODITY units (@COUNT2 {coins|@UNIT1} each) at the spot price of @AMOUNT (US$) per {coin|@UNIT2}, {plus|less} a @PCT commission.",{[3]코인|@UNIT2}당 현물가 @AMOUNT (미국 달러)에 수수료 @PCT를 {[4]더한|뺀} 가격으로 @COMMODITY @COUNT1 단위 (단위당 @COUNT2 {[2]코인|@UNIT1})를 {[1]매수|매도}했습니다.,
physicalbuy_confirm_crypto_buyer,"BUYER: @PLAYER You have bought @COUNT1 @COMMODITY units (@COUNT2 {@UNIT1|coins} each) at the spot price of @AMOUNT (US$) per {@UNIT2|coin}, plus a @PCT commission.",매수자: @PLAYER @COMMODITY @COUNT1 단위 (단위당 @COUNT2 {@UNIT1|코인})를 {@UNIT2|코인}당 현물가 @AMOUNT (미국 달러)에 수수료 @PCT를 더해 매수했습니다.,
physicalbuy_confirm_realized,A gain of @AMOUNT million was realized on the sale.,이번 매각으로 @AMOUNT M.의 실현 이익이 발생했습니다.,
physicalbuy_confirm_storage_1,"NOTE: As long as this commodity is held, storage costs will be incurred, based on quantity, plus insurance costs equal to 2% of value per year.",※ 해당 원자재 보유 기간 동안 수량 기준 보관 비용과 연간 가치의 2%에 해당하는 보험료가 발생합니다.,
physicalbuy_confirm_storage_2,Storage fees (annual rate) are (U.S.) $2.50 per barrel.,보관료 (연간 기준): 배럴당 미화 2.50달러.,
physicalbuy_confirm_storage_3,Storage fees and insurance costs are charged monthly.,보관료와 보험료는 매월 부과됩니다.,
physicalbuy_confirm_storage_4,Storage fees (annual rate) are (U.S.) @AMOUNT per @UNIT.,보관료 (연간 기준): @UNIT당 @AMOUNT (미국 달러 기준).,
physicalbuy_confirm_storage_5,"Grain is also perishable, so that long-term storage may result in gradual shrinkage and loss of portions of the amount stored, without warning, at rates that are unpredictable.","곡물은 부패하기 쉬워, 장기 보관 시 예고 없이 보관량의 일부가 점진적으로 줄어들거나 손실될 수 있으며 그 비율은 예측할 수 없습니다.",
physicalbuy_confirm_title,Confirm Physical@COMMODITY Purchase,현물 @COMMODITY 매수 확인,
physicalbuy_confirm_total,Total Sale Proceeds: @AMOUNT million,총 매각 대금: @AMOUNT M.,
physicalbuy_confirm_yn,Are you sure you wish to complete this {[1]PURCHASE|asset acquisition}?,{[1]정말로 구입을 진행하시겠습니까?|이 자산 인수를 완료하시겠습니까?},
physicalbuy_input_2,"One unit consists of 10,000 barrels of oil.","1단위는 원유 10,000 배럴입니다.",
physicalbuy_notice_0,"Taking into account real world total inventories and storage capacity for @COMMODITY1, you and all the companies you control are limited to owning @PCT of the entire global supply of the physical commodity, which is equal to @SHARES1 physical 'units' in W$R. Each such 'unit' consists of @SHARES2 @UNIT of @COMMODITY2.","실제 전 세계 재고량과 보관소를 감안할 때, 개인 및 지배 중인 모든 기업이 보유할 수 있는 @COMMODITY1 현물의 총량은 전 세계 공급량의 @PCT로 제한되며, 이는 W$R 기준 @SHARES1 현물 '단위'에 해당합니다. 각 '단위'는 @COMMODITY2 @SHARES2 @UNIT로/으로 구성됩니다.",
physicalbuy_notice_1,"(Estimated total real world oil storage is approximately 3,000,000,000 barrels.)",(실제 전 세계 원유 총 보관 가능 용량은 약 30억 배럴로 추산됩니다.),
physicalbuy_notice_2,(Estimated total real world @COMMODITY storage is approximately @SHARES @UNIT.),(실제 전 세계 @COMMODITY 총 보관 가능 용량은 약 @SHARES @UNIT로/으로 추산됩니다.),
physicalbuy_notice_3,"(Estimated total real world gold bullion storage, other than holdings totalling about @SHARES1 billion @UNIT1 in Fort Knox and other central bank vaults, is approximately @SHARES2 @UNIT2.)",(포트 녹스 및 기타 중앙은행 금고의 보유분 약 @SHARES1 십억 @UNIT1을/를 제외한 전 세계 금 지금 (地金) 보관량은 약 @SHARES2 @UNIT2로/으로 추산됩니다.),
physicalbuy_notice_4,"You and/or companies you control have already stockpiled @SHARES1 @COMMODITY 'units,' therefore this purchase is limited to @SHARES2 units.","개인 및 지배 중인 기업이 이미 @COMMODITY @SHARES1 '단위'를 비축하고 있어, 이번 매수는 @SHARES2 단위로 제한됩니다.",
physicalbuy_order_confirm_title,COMMODITY PURCHASE ORDER CONFIRMATION:,원자재 매수 주문 확인:,
physicalbuy_result_price,Total Cost of Purchase: @AMOUNT million,총 매수 금액: @AMOUNT M.,
physicalbuy_title,@PLAYER -- @COMMODITY  Purchase,@PLAYER -- @COMMODITY 매수,
physicalbuy_type,Enter the number of 'units' of @COMMODITY to buy.,매수할 @COMMODITY '단위' 수량을 입력하십시오.,
physicalbuy_unit_definition,One unit consists of @SHARES {coins|@UNIT} of @COMMODITY.,1 단위는 @COMMODITY @SHARES {코인|@UNIT}입니다.,
physicalcommodity_unit_notice,"* Each ""unit"" has same number of ounces, etc., as 1 futures contract: 1,000 ounces (oz.) of gold, 10,000 barrels (bbl.) of oil or ounces (oz.) of silver, or 100,000 bushels (bu.) of wheat or corn.","* 각 ""단위""의 수량은 선물 계약 1건과 같습니다. 금은 1,000온스 (oz.), 원유는 10,000배럴 (bbl.), 은은 10,000온스 (oz.), 밀이나 옥수수는 100,000부셸 (bu.)입니다.",
physicalsell_1,You own @SHARES 'units' of physical @COMMODITY.,현물 @COMMODITY @SHARES '단위'를 보유하고 있습니다.,
physicalsell_confirm_sold,"You have sold @COUNT @COMMODITY unit (@UNIT1 each) at the spot price of $@AMOUNT (US$) per @UNIT2, less a @PCT commission.","@COMMODITY @COUNT단위 (단위당 @UNIT1)를 @UNIT2당 현물 가격 $@AMOUNT (미국 달러)에 매도했으며, 수수료 @PCT가 차감됩니다.",
physicalsell_confirm_title,PHYSICAL COMMODITY SELL ORDER CONFIRMATION:,PHYSICAL COMMODITY 매도 주문 확인:,
physicalsell_crypto,Each unit consists of @AMOUNT coins of @COMMODITY.,1개 단위는 @COMMODITY @AMOUNT 개를 의미합니다.,
physicalsell_crypto2,Enter the number of such 'units' you wish to sell.,매도하고자 하는 해당 '단위' 수량을 입력하십시오.,
physicalsell_input_1,You own @COUNT 'unit' of physical @COMMODITY1. Each unit consists of @UNIT of @COMMODITY2. Enter the number of 'units' you wish to sell.,@COMMODITY1 @COUNT 단위를 보유 중입니다. 1개 단위는 @UNIT의 @COMMODITY2를 의미합니다. 매도하고자 하는 해당 '단위' 수량을 입력하십시오.,
physicalsell_result,@PLAYER has sold physical @COMMODITY holdings at @AMOUNT (US$) per @UNIT.,@PLAYER이/가 현물 @COMMODITY 보유분을 @UNIT당 @AMOUNT (US$)에 매도했습니다.,
physicalsell_title,Sale of Physical @COMMODITY,현물 @COMMODITY 매도,
putbuy_input_1,Enter the strike price (exercise price) of the put options you wish to buy (minimum of @AMOUNT1 or maximum of @AMOUNT2 per share).,매수하고자 하는 풋옵션의 행사 가격을 입력하십시오 (1주당 최소 @AMOUNT1 또는 최대 @AMOUNT2).,
putbuy_input_company,Type in the symbol or name of the company who @PLAYER will buy puts on:,@PLAYER이/가 풋옵션을 매수할 기업의 티커 또는 이름을 입력하십시오:,
putbuy_notice_3,"Put or call options can be bought or sold, or bought back if sold short. The puts you have purchased can be exercised before their expiration date or may be exercised at expiration, but can only be exercised if you own the underlying stock.","풋옵션과 콜옵션은 매수·매도·환매수가 가능합니다. 매수하신 풋옵션은 만기 전 또는 만기 시 행사할 수 있으나, 기초 주식을 보유한 경우에만 행사됩니다.",
putbuy_notice_4,"A put option becomes worthless if it is 'out-of-the-money,' or else it will either be exercised or settled for its net intrinsic value if it is 'in-the-money' at expiration.","풋옵션이 '외가격 (out-of-the-money)'이 되면 무가치해지며, '내가격 (in-the-money)'인 경우 만기 시 행사되거나 순내재가치로 정산됩니다.",
putbuy_price_label,Put Option Strike Price of: @AMOUNT1   @CORP Stock Price: @AMOUNT2,풋옵션 행사가: @AMOUNT1   @CORP 주가: @AMOUNT2,
putbuy_title,Buy Puts on Behalf of @PLAYER,@PLAYER 대리 풋옵션 매수,
putbuyback_input_title,Buy @CORP @MONTH/@YEAR $@AMOUNT Puts,@CORP @YEAR년 @MONTH월물 $@AMOUNT 풋옵션 매수,
putbuyback_total_cost,TOTAL PURCHASE PRICE: $@AMOUNT million.,총 매수 금액: $@AMOUNT M.,
putsell_confirm_pending,The total proceeds from this option sale will amount to $@AMOUNT million.,이번 옵션 매각을 통한 총 매각 대금은 $@AMOUNT M.에 달할 예정입니다.,
putsell_executed_1,"You have sold put options expiring mid-month in @MONTH, @YEAR, with a strike price of @AMOUNT per share.",@YEAR년 @MONTH월 중순 만기 풋옵션을 주당 @AMOUNT의 행사가에 매도했습니다.,
putsell_input_1,Enter the strike price (exercise price) of the put options you wish to sell (minimum of @AMOUNT1 or maximum of @AMOUNT2 per share).,매도하고자 하는 풋옵션의 행사 가격을 입력하십시오 (1주당 최소 @AMOUNT1 또는 최대 @AMOUNT2).,
putsell_input_2,Enter the percentage of shares you wish to sell puts on (maximum @PCT).,매도하고자 하는 지분율을 (최대 @PCT) 입력하십시오.,
putsell_input_company,Type in the symbol or name of the company who @PLAYER will sell puts on:,@PLAYER이/가 풋옵션을 매도할 기업의 티커 또는 이름을 입력하십시오:,
putsell_input_title,Sell @CORP @MONTH/@YEAR $@AMOUNT Puts,@CORP @MONTH/@YEAR $@AMOUNT 풋옵션 매도,
putsell_notice_1,You own one or more long positions in put options on the stock of @CORPFULL.,@CORPFULL의 주식에 대한 풋옵션 롱 포지션을 하나 이상 보유 중입니다.,
putsell_notice_2,Do you wish to sell off some of those options?,해당 옵션 일부를 매도하시겠습니까?,
putsell_notice_3,"Shorted puts will not be exercised (stock put to you) at expiration if there is not an adequate number of publicly-traded shares of the stock available, or in certain other situations.","공매도한 풋옵션은 만기 시, 충분한 수량의 공개 거래 주식이 없거나 특정 상황에서는 행사 (주식 인도)되지 않습니다.",
putsell_price_notice,The selected options are currently trading at (bid price) $@AMOUNT per share.,선택하신 옵션은 주당 (매수호가) $@AMOUNT에 거래되고 있습니다.,
putsell_stock_label,@CORP Stock Price: $@AMOUNT,@CORP 주가 = $@AMOUNT,
putsell_title,Sell Puts on Behalf of @PLAYER,@PLAYER 대리 풋옵션 매도,
request_stockbuy_1,"A company you control, but do not actively manage, @CORPFULL1 (@CORP1), is seeking to buy @PCT of the shares of @CORPFULL2 (@CORP2).",지배 중이지만 직접 경영에는 참여하지 않는 기업인 @CORPFULL1 (@CORP1)이/가 @CORPFULL2 (@CORP2)의 지분 @PCT 매입을 추진하고 있습니다.,
request_stockbuy_2,(The stock of @CORP has been sinking for the last @MONTHS months.),(@CORP의 주가는 최근 @MONTHS개월간 하락세를 이어가고 있습니다.),
request_stockbuy_3,DO YOU WISH FOR @CORPFULL TO GO AHEAD AND MAKE THE STOCK PURCHASE?,@CORPFULL의 해당 주식 매입을 계속 진행하시겠습니까?,
request_stockbuy_4,"@CORPFULL is not actively managed by you (the AutoPilot setting is ON for this company), but its management will not proceed with this important transaction without your permission.",@CORPFULL은/는 직접 경영하지 않는 지배 기업입니다 (해당 기업의 오토파일럿 설정이 켜져 있음). 다만 경영진은 승인 없이 중요한 거래를 진행하지 않을 것입니다.,
request_stockbuy_5,Respond to this request in one of 3 ways:,다음 3가지 방법 중 하나로 이 요청에 응답하세요:,
request_stockbuy_6,YES {- -|--} To take the action now,예 -- 지금 바로 실행합니다,
request_stockbuy_7,NO {- -|--} To take some time to research the proposed transaction and possibly complete it on your own initiative,"아니오 -- 제안된 거래를 먼저 조사해 본 뒤, 필요하면 직접 진행합니다",
request_stockbuy_8,CANCEL {- -|--} To ignore this request,취소 -- 이 요청을 무시합니다,
request_stockbuy_9,(@CORP does not currently own any of the stock of @CORPFULL.),(@CORP은/는 현재 @CORPFULL 주식을 전혀 보유하고 있지 않습니다.),
request_stockbuy_project,(CAUTION: @CORP is projecting an operating loss this quarter.),(주의: @CORP은/는 이번 분기 영업손실을 예상하고 있습니다.),
request_stockbuy_title,Permission To Do Stock Purchase Requested by @CORP,@CORP의 주식 매입 요청 승인,
shortcover_confirm_bought,"@PLAYER has purchased @PCT of the stock of @CORPFULL, in a short covering transaction.",@PLAYER이/가 공매도 상환 거래를 통해 @CORPFULL 주식의 @PCT를 매수했습니다.,
shortcover_confirm_title,TRADE (SHORT COVER) CONFIRMATION:,공매도 상환 거래 체결 확인:,
shortcover_input_1,Enter the percentage of the stock of @CORPFULL that you wish to buy to cover.,공매도 상환을 위해 매수하고자하는 @CORPFULL 지분 비율을 입력하십시오.,
shortcover_price_info,Current price: $@AMOUNT1  Tax basis: $@AMOUNT2,현재 주가: $@AMOUNT1  세무 상 원가: $@AMOUNT2,
shortcover_title,@PLAYER -- Stock Short Cover Purchase,@PLAYER -- 공매도 상환 (숏 커버링) 매수,
stockbuy_already_review,@PLAYER ALREADY OWNS 100% OF THE STOCK OF @CORPFULL.,@PLAYER은/는 이미 @CORPFULL 주식 100%를 보유하고 있습니다.,
stockbuy_browse_1_1,MESSAGE FROM @CORPFULL1: The shares of the stock of @CORP are currently being offered for sale by @CORPFULL2 at a @PCT discount from the market price. {[1](Why pay more?)|''},@CORPFULL1의 메시지: @CORPFULL2이/가 @CORP 주식을 시장가 대비 @PCT 할인된 가격에 매각하고 있습니다. {[1](굳이 더 비싸게 살 필요가 있을까요?)|''},
stockbuy_browse_1_2,Look for this offer under [Corporate > Assets > Browse For Sale Items] if you are interested.,관심이 있다면 [기업 > 자산 > 매물 탐색]에서 이 매물을 확인하십시오.,
stockbuy_browse_1_whypay,(Why pay more?),(굳이 더 비싸게 살 필요가 있을까요?),
stockbuy_browse_2_1,Cancel Purchase for Now?,거래를 취소하시겠습니까?,
stockbuy_browse_2_2,"Do you want to cancel this stock purchase now, and return to the Main Screen, to possibly buy the @CORP stock from @CORPFULL at a @PCT discount from market value (and with no commission)?","지금 이 주식 매수를 취소하고 메인 화면으로 돌아가, @CORPFULL로부터 @CORP 주식을 시장가 대비 @PCT 할인된 가격에 (수수료 없이) 매수하시겠습니까?",
stockbuy_buyout,Enter the whole percentage (@PCT1 to @PCT2) premium over market value that you are willing to offer.,제시하고자 하는 시장가 대비 프리미엄 비율 (@PCT1 ~ @PCT2)을 입력하십시오.,
stockbuy_buyout_title,@PLAYER -- Buyout,@PLAYER – 지분 인수,
stockbuy_confirm,"@PLAYER buys @PCT of @CORP1 from @CORP2 in private sale for @AMOUNT1 mil., at a price of @AMOUNT2 a share",@PLAYER은/는 당사자 간 직접 거래를 통해 @CORP2로/으로부터 @CORP1 지분 @PCT를 주당 @AMOUNT2에 총 @AMOUNT1 M. 매수했습니다,
stockbuy_confirm_1,Enter the percentage of the stock of @CORP1 that you wish to buy from @CORP2.,@CORP2로/으로부터 매수하고자 하는 @CORP1 지분 비율을 입력하십시오.,
stockbuy_confirm_fee,"Enter the percentage of the stock of @CORP that you wish to buy at the market price, plus a @PCT commission.",매수할 @CORP의 지분 비율을 입력하십시오. (시장가에 @PCT의 수수료가 붙습니다),
stockbuy_confirm_related,"But @ENTITY's loss on the sale is disallowed as a tax loss, since buyer and seller are related parties (under common control). The disallowed loss is added to the buyer's cost in computing the buyer's 'tax basis' for the purchased shares of @CORPFULL, however.","다만, 매도인과 매수인 모두 동일한 지배구조에 있는 특수관계자이므로 @ENTITY이/가 입은 매각 손실은 세법상 손실로 인정받지 못합니다. 대신, 이번 거래에서 발생한 손실 금액은 매수인이 매수한 @CORPFULL 주식의 '세무상 취득가액'을 산정할 때 취득 원가에 가산됩니다.",
stockbuy_confirm_tenderoffer,"Enter the percentage of the stock of @CORP that you wish to buy, by doing a tender offer.",공개매수를 통해 매수하고자 하는 @CORP 지분 비율을 입력하십시오.,
stockbuy_etf_desc,"@CORPFULL is an Exchange Traded Fund, currently exempt from taxes.","@CORPFULL은/는 ETF이며, 현재 세금이 면제되고 있습니다.",
stockbuy_etf_input_1,"This purchase of exchange-traded fund shares will be made at @AMOUNT per share, plus a @PCT mark-up.",이 ETF 지분 매수는 주당 @AMOUNT에 @PCT 수수료를 더한 가격으로 이루어집니다.,
stockbuy_etf_input_2,(No tender offer is required.),(공개매수가 필요하지 않습니다.),
stockbuy_etf_input_title,Proceed with Purchase of ETF Shares?,ETF 주식 매수를 진행하시겠습니까?,
stockbuy_etf_manager_fired,"The fund's investment manager, @CORPFULL, has been fired.",펀드 운용사 @CORPFULL이/가 해임되었습니다.,
stockbuy_etf_share,"If you and any companies you control acquire more than @PCT of its stock in total, it will lose its status as an investment company and will immediately become fully taxable, as a Holding/Trading Company.","개인 및 지배 중인 회사의 보유분을 합쳐, 해당 기업의 지분 @PCT를 초과 보유할 경우, 해당 회사는 ETF 지위를 잃고 지주/트레이딩 회사로 전환되어 즉시 전면 과세 대상이 됩니다.",
stockbuy_etf_warning,"At present, you and/or companies you control already own @PCT of the stock of the ETF! BUYING MORE SHARES WILL DISQUALIFY THE ETF, CAUSING IT TO LOSE ITS TAX-EXEMPT STATUS!",현재 당신 및/또는 당신이 지배하는 기업이 이미 이 ETF 주식의 @PCT를 보유하고 있습니다! 추가 매수 시 ETF 자격이 박탈되어 면세 지위를 잃게 됩니다!,
stockbuy_final_confirm_2,"You have bought @SHARES million shares, representing @PCT of the issued and outstanding stock of @CORPFULL, via a tender offer, for a total purchase price of @AMOUNT million...",공개매수를 통해 @CORPFULL의 전체 발행주식 중 @PCT에 해당하는 @SHARES M.주를 총 @AMOUNT M.에 매수했습니다...,
stockbuy_final_confirm_3,"@CORPFULL1 has bought @SHARES million shares, representing @PCT of the issued and outstanding stock of @CORPFULL2, for a total purchase price of @AMOUNT million...",@CORPFULL1이/가 @CORPFULL2의 전체 발행주식 중 @PCT에 해당하는 @SHARES M.주를 총 @AMOUNT M.에 매수했습니다...,
stockbuy_final_confirm_title,PURCHASE ORDER CONFIRMATION:,매수 주문 확인:,
stockbuy_final_confirm_title_1,STOCK TRADE CONFIRMATION:,주식 거래 확인:,
stockbuy_final_confirm_title_2,"You have bought @SHARES million shares, representing @PCT of the issued and outstanding stock of @CORPFULL, for a total purchase price of @AMOUNT million...",@CORPFULL의 전체 발행주식 중 @PCT에 해당하는 @SHARES M. 주를 총 @AMOUNT M.에 매수했습니다...,
stockbuy_foreigner,"@CORPFULL is a @REGION company, and management of the company may resent its being taken over by a foreign investor, such as @PLAYER","@CORPFULL은/는 @REGION 회사이며, 경영진이 @PLAYER 같은 외국인 투자자에게 인수되는 것에 반감을 가질 수 있습니다",
stockbuy_fundsufficient,(Funds sufficient to buy @PCT):,(@PCT 매수 가능),
stockbuy_input_2,Type in the symbol or name of the company whose stock @PLAYER will buy:,@PLAYER이가 매수할 기업의 티커 또는 이름을 입력하십시오:,
stockbuy_legal_1,"Your lawyers, who will prepare and file the necessary legal documents, estimate their legal fees at about @PCT of the price of the transaction.",필요한 법률 서류를 작성하고 제출할 변호인단은 자문료가 거래 대금의 약 @PCT 수준이 될 것으로 예상하고 있습니다.,
stockbuy_legal_2,DO YOU WISH TO MAKE AN ABOVE-MARKET OFFER FOR THE SHARES?,시장가보다 높은 가격으로 매수 제안을 하시겠습니까?,
stockbuy_nopublicly,"Sorry, but there are no publicly traded shares of @CORPFULL or any corporate-owned shares that are available for you to purchase at this time.","죄송하지만, 현재 @CORPFULL의 공개 거래 주식이나 매수 가능한 기업 보유 주식이 없습니다.",
stockbuy_offer_1,Make Offer to @CORPFULL?,@CORPFULL에 매수 제안을 하시겠습니까?,
stockbuy_offer_2,"@CORPFULL1 is unwilling to sell its shares of @CORPFULL2 unless you make a formal buy-out offer, at a significant premium above the market price.","시장가에 상당한 프리미엄을 얹은 정식 인수 제안이 없는 한, @CORPFULL1은/는 가지고 있는 @CORPFULL2의 지분을 매도할 의사가 없습니다.",
stockbuy_offer_3,The management and shareholders of @CORPFULL are now considering your offer....,@CORPFULL의 경영진과 주주들이 인수 제안을 검토하고 있습니다....,
stockbuy_offer_limit1,"For a tender offer at @PCT1 above the current market price of @CORPFULL1, it will only be financially feasible to acquire @PCT2 of the outstanding shares of @CORPFULL2","@CORPFULL1의 현재 시장 가격에 @PCT1의 프리미엄을 얹을 경우, 재정 여건상 @CORPFULL2 유통 주식의 최대 @PCT2 까지만 인수가 가능합니다.",
stockbuy_offer_limit2,Acquiring that amount of the stock may still cause you a liquidity problem that could soon lead to forced asset sales.,지분을 매수할 경우 유동성 문제가 발생하여 조만간 자산을 강제로 매각해야 할 수도 있습니다.,
stockbuy_offer_limit2_variant2,Acquiring that amount of the stock may still cause @CORPFULL a liquidity problem that could soon lead to forced asset sales.,@CORPFULL이/가 지분을 매수할 경우 유동성 문제가 발생하여 조만간 자산을 강제로 매각해야 할 수도 있습니다.,
stockbuy_offer_limit3,Your financial advisers suggest proceeding with caution in making the tender offer.,재무 자문단은 이번 공개매수를 신중하게 진행할 것을 권고하고 있습니다.,
stockbuy_offer_limit3_variant2,"Your financial advisers suggest proceeding with caution in making the tender offer, perhaps making the offer for fewer than @PCT1 of @CORPFULL's shares or offering to pay a lower premium than @PCT2.","자문단은 공개매수를 신중히 진행할 것을 권고합니다. 인수 목표를 @CORPFULL의 총 주식의 @PCT1 미만으로 낮추거나, 프리미엄을 @PCT2 보다 적게 책정하는 방안을 고려해보십시오.",
stockbuy_offer_limit3_variant3,"@CORPFULL1's financial advisers suggest proceeding with caution in making the tender offer, perhaps making the offer for fewer than @PCT1 of @CORPFULL2's shares or offering to pay a lower premium than @PCT2.","@CORPFULL1의 자문단은 공개매수를 신중히 진행할 것을 권고합니다. 인수 목표를 @CORPFULL2의 총 주식의 @PCT1 미만으로 낮추거나, 프리미엄을 @PCT2 보다 적게 책정하는 방안을 고려해보십시오.",
stockbuy_offer_result_refuse,The offer is REJECTED.,제안이 거절되었습니다.,
stockbuy_offer_result_refuse_variant2,@CORPFULL has evaluated your offer and considers it inadequate.,@CORPFULL은/는 제안이 만족스럽지 않다고 생각합니다.,
stockbuy_openmarket_confirm,DO YOU WISH TO COMPLETE THE PURCHASE?,구매를 진행하시겠습니까?,
stockbuy_openmarket_estimprice,Your estimated average cost per share will be roughly @AMOUNT per share.,예상되는 주당 평균 매수 단가는 약 @AMOUNT 입니다.,
stockbuy_openmarket_price,The current market price is @AMOUNT.,현재 시장 가격은 @AMOUNT입니다.,
stockbuy_openmarket_price_above,"This is slightly above the market price, as your buying will drive up the market price to a minor extent.","이번 매수가 시장가를 소폭 끌어올리므로, 현재 시세보다 약간 높은 가격에 체결될 예정입니다.",
stockbuy_openmarket_title,Proceed with Open Market Purchase?,공개시장 매수를 진행하시겠습니까?,
stockbuy_openmarket_totalcost,(The total cost will be approximately: @AMOUNT million.),(총 비용은 약 @AMOUNT M.이 될 것입니다.),
stockbuy_percentage,(@PCT is available):,(최대 @PCT):,
stockbuy_price,(@CORPFULL Price: @AMOUNT).,(@CORPFULL 시장 가격: @AMOUNT).,
stockbuy_pricewarning_1,"The stock of @CORP has been falling {[1]steadily|like a rock}, for @MONTHS consecutive months.",@CORP 주식이 @MONTHS개월 연속 {[1]꾸준히 하락하고|급락하고} 있습니다.,
stockbuy_pricewarning_2,"Your broker is skeptical, and asks, ""ARE YOU SURE YOU WANT TO BUY THIS STOCK?""","중개인이 미심쩍어하며 묻습니다. ""정말 이 주식을 매수하시겠습니까?""",
stockbuy_public_3_1,Enter the percentage of the stock of @CORP that you wish to buy on the open market or by a tender offer.,시장 매수 또는 공개매수를 통해 취득하고자 하는 @CORP 지분 비율을 입력하십시오.,
stockbuy_public_3_title,@PLAYER -- Stock Purchase,@PLAYER -- 주식 매수,
stockbuy_relatedentity_both_1,"The seller, @ENTITY is a related entity (seller and buyer are both under your control), and therefore, while the seller will incur a loss on the sale, the loss will be disallowed for tax purposes, as a ""related-entity sale.""","매도인인 @ENTITY은/는 매수인과 동일한 지배 구조의 일원이기 때문에, 매각 과정에서 손실이 발생하더라도 특수관계자 간 거래에 해당하여 세법상 손금으로 인정되지 않습니다.",
stockbuy_relatedentity_both_2,Are you sure you wish to proceed with the transaction?,해당 거래를 정말로 진행하시겠습니까?,
stockbuy_relatedentity_both_title,Tax Loss on Sale Will Be Disallowed,매각 손실에 대한 세금 공제 혜택 없음.,
stockbuy_relatedentity_held,Do you want to buy shares of @CORPFULL1 {held|offered} by @CORPFULL2?,@CORPFULL2이/가 {보유한|제안하는} @CORPFULL1 주식을 매수하시겠습니까?,
stockbuy_relatedentity_held_controled,Do you want to buy shares of @CORPFULL held by a company you control or from another stockholder?,"지배 중인 기업이 보유한 @CORPFULL 주식을 매수하시겠습니까, 아니면 다른 주주로부터 매수하시겠습니까?",
stockbuy_relatedentity_selection_title,=== Entities from Which @CORP1 May Be Able To Buy Stock of @CORPFULL (@CORP2) ===,=== @CORP1이/가 @CORPFULL (@CORP2) 주식을 매수할 수 있는 거래 대상 목록 ===,
stockbuy_relatedentity_title,Buy from Related or Uncontrolled Entity?,"제 3자 기업, 또는 지배 관계의 기업에서 매수하시겠습니까?",
stockbuy_relatedentity_title_1,Does @CORP want to buy shares of @CORPFULL1 held by @CORPFULL2?,@CORP이/가 @CORPFULL2이/가 보유한 @CORPFULL1의 주식을 매입하기를 원합니까?,
stockbuy_relatedentity_title_2,Does @CORP want to buy shares of @CORPFULL held by a company you control or from another stockholder?,"@CORP이/가 지배 중인 회사가 보유한 @CORPFULL의 주식을 매입하기를 원합니까, 아니면 다른 주주로부터 매입하기를 원합니까?",
stockbuy_relatedentity_title_3,Does @CORP want to buy shares of @CORPFULL held by you or a company you control or from another stockholder?,@CORP이/가 개인 또는 지배 중인 기업이 보유한 @CORPFULL 주식이나 다른 주주의 주식을 매입하기를 원합니까?,
stockbuy_result_1,"Congratulations, your offer to pay @PCT over the market price has been accepted by the seller, subject to your ability to arrange financing and pending all necessary regulatory approvals.","축하합니다! 시가 대비 @PCT 프리미엄의 매수 제안이 수락되었습니다. 단, 이는 자금 조달 완료 및 관련 당국의 최종 승인을 전제로 합니다.",
stockbuy_result_2,"(Note: The legal fees incurred are not deductible for income tax purposes, unless the transaction fails to be completed.)","(참고: 이때 발생한 법률 자문 비용은 소득세 공제 대상이 아니지만, 거래가 성사되지 않은 경우에는 예외입니다.)",
stockbuy_shareholder_list,Click on selling @CORP shareholder (below) to select seller:,아래 @CORP 주주 목록에서 매도 주주를 선택하십시오:,
stockbuy_stockseller_title,===   Entities from Which You May Be Able To Buy Stock of @CORPFULL (@CORP)  ===,=== @CORPFULL (@CORP) 주식을 매수할 수 있는 거래 기관 목록 ===,
stockbuy_tender_2_public_1,(Rules Applicable To Purchases on the Public Markets),(일반 시장 매입 관련 규정),
stockbuy_tender_2_public_2,"If you acquire directly, or through companies you control, over @PCT of the stock of @CORPFULL, it will be necessary for @PLAYER to make a public tender offer for any (or all) of the publicly-traded shares of @CORP you wish to acquire, at a price of up to @AMOUNT per share (or possibly less, if not buying all of the publicly-held stock).","직접 또는 지배 회사를 통해 @CORPFULL의 지분을 @PCT 넘게 취득하면, @PLAYER은/는 취득 대상 @CORP의 주식 일부, 또는 전체에 대해 주당 최대 @AMOUNT의 가격으로 공개매수를 실시해야 합니다 (주식 전량 매입이 아닐 경우,  가격이 그보다 더 낮을 수도 있습니다).",
stockbuy_tender_2_public_3,"{If you acquire|Because you own} directly, or through companies you control, over @PCT of the stock of @CORPFULL1, it will be necessary for @CORPFULL2 to make a public tender offer for any (or all) of the publicly-traded shares of @CORP you wish it to acquire, at a price of up to @AMOUNT per share (or possibly less, if not buying all of the publicly-held stock). ","직접 또는 지배하는 기업을 통해 @CORPFULL1 주식의 @PCT를 초과하여 {[1]취득하면|보유하고 있으므로}, @CORPFULL2은/는 추가로 취득하려는 @CORP의 유통 주식 일부 또는 전부에 대해 주당 최대 @AMOUNT에 공개매수를 실시해야 합니다. 유통 주식 전량을 매수하지 않는 경우에는 더 낮은 가격이 가능할 수도 있습니다.",
stockbuy_tender_3,"Otherwise, you may accumulate up to @PCT of the company in open market purchases at only slightly above the quoted market price.","그렇지 않다면, 현재 시장 가격보다 약간 높은 가격으로 주식을 매수해 해당 기업의 지분을 최대 @PCT까지 취득할 수 있습니다.",
stockbuy_tender_3_public_1,"Because you own directly, or through companies you control, over @PCT of the stock of @CORPFULL, it will be necessary for @PLAYER to make a public tender offer for any (or all) of the publicly-traded shares of @CORP you wish to acquire, at a price of up to @AMOUNT per share (or possibly less, if not buying all of the publicly-held stock).","직접 또는 지배 회사를 통해 @CORPFULL의 지분을 @PCT 넘게 취득할 경우, @PLAYER은/는 해당 기업 @CORP의 주식의 일부 또는 전부에 대해 주당 최대 @AMOUNT의 가격으로 공개매수를 실시해야 합니다 (단, 주식 전량 매입이 아닐 경우, 가격이 그보다 낮을 수 있습니다).",
stockbuy_tender_4_0,(You do not have any holdings of @CORPFULL stock at present.),(현재 @CORPFULL의 주식을 보유하고 있지 않습니다),
stockbuy_tender_4_1,How large a premium over the current market price of @CORPFULL are you planning to offer?,@CORPFULL의 현재 시장가 대비 얼마의 프리미엄을 제시하시겠습니까? (이 과정은 가격만 계산해서 보여줍니다),
stockbuy_tender_4_after,(@CORPFULL1 already owns @PCT1 of the stock of @CORPFULL2 and will own @PCT2 if this purchase is made.),"(@CORPFULL1은/는 이미 @CORPFULL2 주식의 @PCT1를 보유하고 있으며, 이번 매수가 이루어지면 @PCT2를 보유하게 됩니다.)",
stockbuy_tender_4_holdings,Your current direct and/or indirect stock holdings of @CORPFULL amount to @PCT in total.,현재 직-간접적으로 보유하고 있는 @CORPFULL의 총지분율은 @PCT입니다.,
stockbuy_tender_4_title,Planned Tender Offer Premium,공개매수 프리미엄 책정,
stockbuy_tender_5,"At a premium of @PCT, if accepted by the current holder, it should be possible to acquire some or all of the shares of @CORP that are held by @CORPFULL.",현재 지분 보유자가 @PCT 프리미엄 제안을 수락할 시 @CORPFULL이/가 보유한 @CORP 주식을 일부 또는 전량 매입할 수 있습니다.,
stockbuy_tender_6,Proceed with making your tender offer....,공개매수 진행 중...,
stockbuy_tender_7,"At a premium of @PCT, if accepted by the current holder, it should be possible to acquire some or all of the shares of @CORP that are held by @CORPFULL. Proceed with making your tender offer....",현재 지분 보유자가 @PCT 프리미엄 제안을 수락할 시 @CORPFULL이/가 보유한 @CORP 주식을 일부 또는 전량 매입할 수 있습니다. 공개매수 진행 중...,
stockbuy_tender_confirm,TENDER OFFER CONFIRMATION:,주식 공개매수 확인:,
stockbuy_tender_confirm_1,"@CORPFULL1 has bought @SHARES million shares, representing @PCT of the issued and outstanding stock of @CORPFULL2, via a tender offer, for a total purchase price of @AMOUNT million...",@CORPFULL1이/가 공개매수를 통해 @CORPFULL2의 전체 발행주식 중 @PCT에 해당하는 @SHARES M.주를 총 @AMOUNT M.에 매수했습니다...,
stockbuy_tender_cost_1,Proceed with Tender Offer?,공개매수를 진행하시겠습니까?,
stockbuy_tender_cost_2,"Your investment bankers have advised you that you will need to offer @AMOUNT per share on this tender offer, if you wish to acquire @PCT of the stock of @CORPFULL from the public shareholders.","투자은행 자문단은, 일반 주주들로부터 @CORPFULL 지분 @PCT를 매입하고자 한다면 이번 공개매수에서 주당 @AMOUNT의 가격을 제시해야 한다고 조언했습니다.",
stockbuy_tender_cost_3,ARE YOU WILLING TO MAKE A TENDER OFFER AT THAT PRICE?,해당 가격으로 공개매수를 진행하시겠습니까?,
stockbuy_tender_cost_3_1,(The stock is currently trading at @AMOUNT per share.),(해당 기업의 주식은 주당 @AMOUNT에 거래되고 있습니다),
stockbuy_tender_price,The current market price of @CORP is @AMOUNT per share.,@CORP의 현재 주가는 주당 @AMOUNT입니다.,
stockbuy_tender_title,NOTICE RE TENDER OFFER REQUIREMENT:,공개매수 의무 관련 안내:,
stockbuy_tender_toolow1,There is no chance that low an offer will be accepted.,그런 저가의 제안은 받아 들여지지 않을 것입니다.,
stockbuy_tender_toolow2,"Enter a realistic premium you might offer, if you are serious about tendering for the shares held by @CORPFULL",@CORPFULL 보유 지분을 공개매수 할 때 제시할 현실적인 프리미엄의 비율을 입력하십시오.,
stockbuy_title,Buy Stock on Behalf of @ENTITY,@ENTITY 대리 주식 매수,
stockbuy_toolow,{[1]Fat chance.|Get real!|''} Your advisors say the seller will not even consider {[2]an offer that low|that kind of lowball offer|such a ridiculous bid}.,{[1]어림도 없지.|정신 차리세요!|''} 자문단에 따르면 매도 측에서 {[2]이렇게 낮은 제안은|그런 헐값 제안은|그런 말도 안 되는 입찰은} 고려조차 하지 않을 것이라고 합니다.,
stockbuy_toolow_fatchance,Fat chance.,어림도 없지.,
stockbuy_warning_1,Warning Message from Your Stock Broker,주식 중개인의 경고 메시지,
stocksell_confirm_1,"@PLAYER has sold @PCT of the stock of @CORPFULL, for a net sales price of @AMOUNT million....",@PLAYER은/는 @CORPFULL 지분 @PCT를 순매도가 @AMOUNT M.에 매도했습니다...,
stocksell_confirm_loss,"Seller recognized a loss of @AMOUNT million on the sale, a percentage loss of @PCT.","매도인은 이번 매도로 @AMOUNT M.의 손실을 보았으며, 이는 @PCT의 손실률에 해당합니다.",
stocksell_confirm_title,SELL ORDER CONFIRMATION:,매도 주문 확인:,
stocksell_costpershare_taxbasis,Your cost per share: @AMOUNT (Tax basis),주당 취득가액 (세무 기준): @AMOUNT,
stocksell_forsale,Enter the percent of @CORP you wish to offer for sale at 5% below market price.,"시장가 대비 5% 할인된 가격으로 매각할 @CORP의 지분율을 입력하십시오.""",
stocksell_forsale_extend_1,This offer to sell @PCT of the stock will expire at the end of this calendar quarter unless you wish to have the offer remain in effect until the end of the next quarter.,지분 @PCT 매각 제안은 이번 분기 말에 만료됩니다. 다음 분기 말까지 제안을 유지하려면 연장 설정을 진행하십시오.,
stocksell_forsale_extend_2,DO YOU WISH TO HAVE THE OFFER EXTEND UNTIL THE END OF THE NEXT CALENDAR QUARTER?,제안을 다음 분기 말까지 연장하시겠습니까?,
stocksell_forsale_extend_title,Extend Expiration Date of Offer?,제안 만료일을 연장하시겠습니까?,
stocksell_forsale_offerterm_1,TERMS OF OFFER OF {[1]STOCK|BUSINESS OPERATING ASSETS} BY @PLAYER:,@PLAYER의 {[1]주식|사업용 자산} 매각 조건:,
stocksell_forsale_offerterm_2,"- Sell up to @PCT1 of the stock of @CORPFULL, at @PCT2 of the market price of the stock at the time the offer is accepted (a @PCT3 discount for the buyer).",- 매수 수락 시점의 해당 주식의 시장 가격의 @PCT2에 해당하는 가격 (매수자 @PCT3 할인 적용)으로 @CORPFULL 주식을 최대 @PCT1까지 매도합니다.,
stocksell_forsale_offerterm_3,"- This offer to sell stock of @CORP may be accepted by any player or corporation, except for a 'greenmail' stock buy-back by the issuer, @CORPFULL.",@CORP 주식 매각 제안은 발행사인 @CORPFULL의 '그린 메일' 성격의 매입을 제외한 모든 개인 및 법인이 수락할 수 있습니다.,
stocksell_forsale_offerterm_4,"- If this offer is accepted, it will be a private sale; neither party will pay any commissions on the sale.","- 제안 수락 시 장외 당사자 간 거래로 진행되며, 양측 모두 수수료가 부과되지 않습니다.",
stocksell_forsale_offerterm_5,Offer expires on @DATE unless canceled sooner.,조기에 취소하지 않는 한 해당 제안은 @DATE에 만료됩니다.,
stocksell_forsale_offerterm_6,"- The @PCT discount will not apply to a transaction that is between related parties, {[1]in the event a company you control|where you or a company you control} accepts this offer.","- {[1]당신이 지배하는 기업이|당신 또는 당신이 지배하는 기업이} 이 제안을 수락하는 경우, 특수관계자 간 거래이므로 @PCT 할인이 적용되지 않습니다.",
stocksell_offer_body,"Your offer to sell stock of @CORPFULL1 has been accepted by a buyer, @CORPFULL2 (@CORP).",@CORPFULL1 주식 매각 제안을 매수자 @CORPFULL2 (@CORP)이/가 수락했습니다.,
stocksell_offer_title,NOTICE OF OFFER ACCEPTANCE:,제안 수락 통지,
stocksell_pct,@PLAYER1 owns @PCT1 of the stock of @CORPFULL. What percent (up to @PCT2) does @PLAYER2 wish to sell? Current share price: @AMOUNT1 Your cost per share: @AMOUNT2 (Tax basis),@PLAYER1은/는 @CORPFULL 주식의 @PCT1를 보유하고 있습니다. @PLAYER2은/는 몇 퍼센트 (최대 @PCT2)를 매도하시겠습니까? 현재 주가: @AMOUNT1 주당 취득가액 (세무 기준): @AMOUNT2,
stocksell_percent,What percent (up to @PCT) does @PLAYER wish to sell?,@PLAYER은/는 몇 퍼센트 (최대 @PCT)를 매도하시겠습니까?,
stocksell_tax2,ARE YOU SURE YOU WANT TO SELL THE @CORP STOCK?,@CORP 주식을 정말 매도하시겠습니까?,
stocksell_tax_1,"You may have a capital gains tax to pay, of as much as @AMOUNT million.",최대 @AMOUNT M. 상당의 양도소득세가 발생할 수 있습니다.,
stocksell_tax_title,Tax Warning,세금 부과 주의,
stocksell_title,@PLAYER -- Stock Sale,@PLAYER -- 주식 매도,
stocksells_confirm_2,"Seller recognized a gain of @AMOUNT million on the sale, a percentage gain of @PCT.","매도인은 이번 매도로 @AMOUNT M.의 이익을 얻었으며, 이는 @PCT의 수익률에 해당합니다.",
stockshort_confirm_1,DETAILS OF SHORT SALE TRADE BY @PLAYER:,@PLAYER의 공매도 거래 상세 내역:,
stockshort_confirm_2,"@PLAYER has sold short @PCT of the stock of @CORPFULL, for a total sale price of @AMOUNT million...","@PLAYER이/가 @CORPFULL 주식의 @PCT를 공매도했으며, 총 매도 대금은 @AMOUNT M.입니다...",
stockshort_conflict_1,You control @CORP and as an 'insider' you are not permitted to sell your own controlled company's stock short!,"@CORP을/를 지배하고 있으므로, '내부자' 규칙에 따라 본인이 지배하는 회사의 주식을 공매도할 수 없습니다!",
stockshort_conflict_2,(Your brokers will not allow you to be 'short against the box' -- long AND short the same stock.),(동일한 주식에 대해 매수 포지션과 매도 포지션을 동시에 취하는 '숏 어게인스트 더 박스' 거래는 증권 중개 규칙 상 허용되지 않습니다.),
stockshort_conflict_title,Conflict of Interest Detected,이해 상충 감지,
stockshort_input_2,Type in the symbol or name of the company whose stock @PLAYER will sell short:,@PLAYER이/가 공매도할 기업의 티커 또는 이름을 입력하십시오:,
stockshort_input_3,@PLAYER -- Stock Short Sale,@PLAYER -- 주식 공매도,
stockshort_input_4,Enter percentage of the @CORP stock you wish to sell short.,공매도할 @CORP의 주식 비율을 입력하십시오.,
stockshort_input_pct,(@PCT1 can be shorted){[1]: (Limited by @PCT2 margin rule)|:|''},(@PCT1% 공매도 가능){[1]: (@PCT2% 증거금 규정에 의해 제한됨)|:|''},
stockshort_notenough,"Your stockbrokers will not let you short even 1% of the stock of @CORPFULL, as you do not have sufficient net worth to meet the margin requirements for a short sale of that magnitude. Try shorting stock of a smaller company.","이 정도 규모의 공매도를 진행하기 위한, 예치금으로 납부할 순 자산이 부족합니다. 증권중개인은 @CORPFULL 주식의 1%도 공매도 하지 못하도록 제지할 것입니다. 규모가 더 작은 회사의 주식을 공매도하십시오.",
stockshort_player_result,@PLAYER has {[1]sold @PCT of the stock of @CORP short|bought back @PCT of the stock of @CORP (short)}.,@PLAYER은/는 {[1]@CORP 주식 @PCT를 공매도했습니다|@CORP 지분 @PCT에 대한 숏 포지션을 청산했습니다}.,
stockshort_title,Short Stock on Behalf of @PLAYER,@PLAYER 대리 주식 공매도,
substocksell_no,@CORPFULL does not own any stocks....,@CORPFULL은/는 어떤 주식도 보유하고 있지 않습니다...,
swap_1,@CORPFULL1: Receives @PCT1 fixed rate from @CORP1 @CORPFULL2: Pays @PCT2 rate to @CORP2,@CORPFULL1: @CORP1으로부터 @PCT1 고정 금리 수취 - @CORPFULL2: @CORP2에게 @PCT2 금리 지급,
swap_2,EXPIRATION (Year. Quarter): @YEAR.@QNUM SWAP BASED ON: Long-term Govt. Bond Rate NOTIONAL PRINCIPAL AMOUNT: @AMOUNT million,만기 (연도.분기): @YEAR년 @QNUM분기 | 스왑 지표: 장기 국채 금리 | 명목 원금: @AMOUNT M.,
swap_3,QUARTERLY COST / BENEFIT ANALYSIS FOR @CORPFULL:,@CORPFULL의 분기별 손익 분석:,
swap_4,Not applicable - - swap payments do not begin until Q@QNUM of @YEAR,해당 사항 없음 - 스왑 정산은 @YEAR년 @QNUM분기부터 시작함.,
swap_5,The cost to terminate this swap agreement would be: @AMOUNT million.,해당 스왑 계약 해지 비용: @AMOUNT M.,
swap_confirm_1,An interest rate swap contract has been entered into between @CORP and @CORPFULL.,@CORP과/와 @CORPFULL 간에 금리 스왑 계약이 체결되었습니다.,
swap_confirm_2,"The swap will go into effect in quarter #@QNUM1 of @YEAR1, ending after quarter #@QNUM2 of the year @YEAR2.","이 스왑은 @YEAR1년 @QNUM1분기에 발효되며, @YEAR2년 @QNUM2분기 이후 종료됩니다.",
swap_confirm_3,SUBJECT INTEREST RATE:  Short Bond yield to maturity.,기준 금리:  단기채 만기수익률.,
swap_confirm_4,NOTIONAL PRINCIPAL AMOUNT:  @AMOUNT mil.,명목 원금:  @AMOUNT M.,
swap_confirm_5,"AGREED FIXED RATE:    @PCT, to be paid to the Long Party by the Short Party. (The Long Party will pay a varying interest rate to the Short Party each quarter on the same Notional Amount.)","합의된 고정 금리:    @PCT, 숏 포지션 측이 롱 포지션 측에 지급합니다. (롱 포지션 측은 동일한 명목 원금을 기준으로 매 분기 변동 금리를 숏 포지션 측에 지급합니다.)",
swap_confirm_6,@CORPFULL is the Long Party to this agreement.,@CORPFULL이/가 이 계약의 롱 포지션 당사자입니다.,
swap_confirm_title,CONFIRMATION OF INTEREST RATE SWAP AGREEMENT:,금리 스왑 계약 확인:,
swap_contract_title,Create/Terminate Interest Rate Swap Derivative Contract for: @ENTITY,@ENTITY 금리 스왑 계약 체결 / 해지,
swap_create_help,"Select type of swap and position, notional principal amount, and applicable dates. Click 'OFFER' to find a counter-offer or acceptance of your offer from a counterparty for this proposed interest rate swap","스왑 유형과 포지션, 명목 원금 및 적용 날짜를 선택하십시오. '제안'을 클릭하면 상대방이 이 금리 스왑 제안을 수락하는지, 또는 역으로 제안하는지를 확인할 수 있습니다.",
swap_long_pos,Long Position (Receive fixed rate during term),롱 포지션 (계약 기간 동안 고정금리 수취),
swap_notional_amount_help,Notional amount on which interest is to be computed (in Millions),이자 계산 기준 명목 원금 (M. 단위),
swap_notional_amount_label,Notional Amount:,명목 원금:,
swap_position_label,Position:,포지션:,
swap_rate_baseon,SWAP BASED ON: {Short-term|Long-term} Govt. Bond Rate,스왑 지표: {단기|장기} 국채 금리,
swap_rate_beginning,Beginning Quarter / Year:,시작 분기 / 연도:,
swap_rate_counteroffer_1,"@CORPFULL has made a counter-offer, regarding your proposal of an interest rate swap agreement.",@CORPFULL이/가 제안한 금리 스왑 계약에 대해 역제안을 해왔습니다.,
swap_rate_counteroffer_2,"All of your terms are acceptable, except that the fixed interest rate that @CORP will receive would be @PCT1, rather than the current yield of @PCT2 (the Short Bond yield to maturity).","제시한 조건은 모두 수용 가능하나, @CORP이/가 수취할 고정 금리는 현재 수익률인 @PCT2 (단기채 만기수익률)가 아니라 @PCT1로 적용됩니다.",
swap_rate_counteroffer_3,(This offered rate reflects a 'professional courtesy discount' that is given to companies in the banking industry.),(이 제시 금리는 은행업계 소속 기업에 제공되는 '동업자 우대 할인'이 반영된 것입니다.),
swap_rate_counteroffer_4,The notional principal amount on which interest will be computed each quarter is @AMOUNT million.,분기마다 이자 계산의 기준이 되는 명목 원금은 @AMOUNT M.입니다.,
swap_rate_counteroffer_5,The term of the swap is for the quarter @YEAR.@QNUM.,스왑 계약 만기는 @YEAR년 @QNUM분기입니다.,
swap_rate_counteroffer_confirm,DO YOU ACCEPT @CORPFULL's offer?,@CORPFULL의 제안을 수락하시겠습니까?,
swap_rate_counteroffer_title,Swap Counter-offer from @CORPFULL,@CORPFULL의 금리 스왑 역제안,
swap_rate_expiration,EXPIRATION (Year. Quarter): @YEAR.@QNUM,만기 (연도.분기): @YEAR년 @QNUM분기,
swap_rate_final,Final Quarter / Year:,종료 분기 / 연도:,
swap_rate_pays,@CORPFULL: Pays @PCT rate to @CORP,@CORPFULL: @CORP에게 @PCT 금리 지급,
swap_rate_principal,NOTIONAL PRINCIPAL AMOUNT: @AMOUNT million,명목 원금: @AMOUNT M.,
swap_rate_receives,@CORPFULL: Receives @PCT fixed rate from @CORP,@CORPFULL: @CORP으로부터 @PCT 고정 금리 수취,
swap_rate_terminate_title,Terminate Interest Rate Swap Contract?,금리 스왑 계약을 해지하시겠습니까?,
swap_rate_terminationfee,DO YOU WANT TO PAY THE TERMINATION FEE TO END THIS SWAP AGREEMENT WITH @CORPFULL NOW?,지금 종료 수수료를 지불하고 @CORPFULL과의 이 스왑 계약을 종료하시겠습니까?,
swap_rate_type_label,Rate Type:,금리 유형:,
swap_terms_title,INTEREST RATE SWAP TERMS:,금리 스왑 조건:,
trade_buyer_label,BUYER: @PLAYER,매수자: @PLAYER,
trade_counterparty_networth_limit,"Unable to find a counterparty, due to the fact that the net worth of @PLAYER is less than @AMOUNT billion (U.S.).","@PLAYER의 순자산이 @AMOUNT Billion (U.S.) 미만이기 때문에, 거래 대상을 찾을 수 없습니다.",
trade_counterparty_rating_limit,"Unable to find a counterparty, due to the weak credit rating (""@RATING1"") of @CORPFULL1. A minimum ""@RATING2"" credit rating is required before @CORPFULL2 will be able to enter into an interest rate swap agreement.","@CORPFULL1의 신용등급 (""@RATING1"")이 낮아 거래 상대방을 찾을 수 없습니다. @CORPFULL2이/가 금리 스와프 계약을 체결하려면 최소 ""@RATING2"" 등급이 필요합니다.",
trade_gain_realized,A gain of $@AMOUNT million was {realized|recognized} on the transaction.,이번 거래로 $@AMOUNT M.의 이익이 실현되었습니다.,
trade_loss_realized,A loss of {$|''}@AMOUNT million was {realized|recognized} on the transaction.,해당 거래에서 @AMOUNT M.의 손실이 {[2]실현|인식}되었습니다.,
trade_not_enough_loc,@CORPFULL does not have a sufficient line of credit to borrow the funds needed to complete the transaction.,@CORPFULL은/는 신용한도가 부족해 거래를 완료하는 데 필요한 자금을 확보할 수 없습니다.,
trade_seller_label,SELLER: @PLAYER,매도인: @PLAYER,
trade_tbill_1,"This function will allow @PLAYER to buy short-term, interest-bearing Treasury Bills (T-bills) with any available cash, or to sell T-bills, if any are owned.","이 기능을 이용하면 @PLAYER은/는 현금을 사용해 이자가 붙는 단기 국채를 매입하거나, 현재 보유 중인 단기 국채를 매도할 수 있습니다.",
trade_tbill_2,"In short, this function lets you shift cash to T-bills, or T-bills to cash. However, since @PLAYER is on 'AutoPilot,' note that AutoPilot will tend to re-allocate those two liquid assets, so that about @PCT1 to @PCT2 of such liquid assets will be held as T-bills, and the other @PCT3 to @PCT4 as cash (bank demand deposits). Thus, the results of using this function will usually be overridden very shortly by AutoPilot.","요약하면, 이 기능으로 현금을 단기 국채로, 또는 단기 국채를 현금으로 전환할 수 있습니다. 다만 @PLAYER은/는 '오토파일럿' 상태이므로, 오토파일럿이 이 두 유동자산의 비중을 재조정하는 경향이 있다는 점에 유의하십시오. 대략 @PCT1 ~ @PCT2는 단기 국채로, 나머지 @PCT3 ~ @PCT4는 현금 (은행 요구불예금)으로 보유하게 됩니다. 따라서 이 기능을 사용한 결과는 보통 오토파일럿에 의해 곧 다시 조정됩니다.",
trade_tbill_3,DO YOU WANT TO BUY T-BILLS?,단기 국채를 구입하시겠습니까?,
trade_tbill_3_1,Press 'OK' and then enter the amount of T-bills to {[1]buy|sell}.,'확인'을 누른 후 {[1]매수|매도}할 단기 국채 금액을 입력하십시오.,
trade_tbill_4,"(Answer 'YES' to buy, 'NO' to sell T - bills)","(매수를 원하면 '네'를, 매도를 원하면 '아니오'를 선택해주십시오.)",
trade_tbill_title,Buy or Sell T-Bills?,단기 국채를 매수 또는 매도하시겠습니까?,
trade_tbill_yn,"(Answer 'YES' to buy, 'NO' to sell T-bills)","('네'로 단기 국채의 매수를, '아니오'로 매도할 수 있습니다)",
trade_total_proceeds,Total proceeds: $@AMOUNT M.,총 매각 대금: $@AMOUNT M.,
warning_thinlytrade,(Caution: {[1]This issue is|These are} very thinly traded.),(주의: {[1]이 채권은|이 채권들은} 거래량이 매우 적습니다.),
