Key,Source (EN),Target (KO),Context
actionbar_accounting,Accounting,회계,
actionbar_accounting_earningdec,Decrease Earnings,실적 감소,
actionbar_accounting_earninginc,Increase Earnings,실적 증가,
actionbar_autopilot,Autopilot,오토파일럿,
actionbar_autopilot_toggle,Toggle Company Autopilot,기업 오토파일럿 켜기/끄기,
actionbar_bank_consummer_sell,Sell Consumer Loans,소비자 대출 매도,
actionbar_bank_loanlist,List Bank Loans,은행 대출 목록,
actionbar_bank_operation,Bank Operations,은행 영업,
actionbar_bank_primem_buy,Buy Prime Mortgages,프라임 모기지 매수,
actionbar_bank_primem_sell,Sell Prime Mortgages,프라임 모기지 매도,
actionbar_bank_subprimem_buy,Buy Subprime Mortgages,서브프라임 모기지 매수,
actionbar_bank_subprimem_sell,Sell Subprime Mortgages,서브프라임 모기지 매도,
actionbar_capital_extraordinarydividend,Extraordinary Dividend,특별 배당금,
actionbar_capital_setdividend,Set Dividend,배당금 설정,
actionbar_capital_splitstock,Split Stock,주식 분할,
actionbar_corp,Corporate,기업,
actionbar_corp_assets_sellcorporateassets,Sell Corporate Assets,기업 자산 매각,
actionbar_corp_auto,Toggle global autopilot,오토파일럿 ON/OFF,
actionbar_corp_become_etf,Become ETF Advisor,ETF 자산운용사로 전환,
actionbar_corp_mna_merge,Merger,합병,
actionbar_corp_mna_startup,Startup,창업,
actionbar_corp_strategy,Strategy,전략: 수익률 vs 리스크,
actionbar_corp_strategy_browse,Browse For Sale Items,매물 탐색,
actionbar_corp_strategy_offersellsubsidiary,Offer to Sell Subsidiary Stock,자회사 주식 매각 제안,
actionbar_corp_strategy_productivity,Set Productivity,생산성 설정,
actionbar_corp_strategy_rebrand,Rebrand,리브랜딩,
actionbar_corp_strategy_restructure,Restructure,구조조정,
actionbar_finance,Finance,재무,
actionbar_finance_bank_change,Change Bank,은행 변경,
actionbar_finance_capitalcontr,Capital Contribution,자본 출자,
actionbar_finance_debt,Debt,부채,
actionbar_finance_debt_reddem,Redeem Corp Bonds,회사채 상환,
actionbar_finance_debt_tbill,Trade T-Bills,국채 거래,
actionbar_finance_rateswap,Interest rate swaps,금리 스왑,
actionbar_finance_repayloan,Repay Loan,대출 상환,
actionbar_finance_return,Returns,수익,
actionbar_finance_swap,Interest Rate Swaps,금리 스왑,
actionbar_finance_taxes,Taxes,세금,
actionbar_hostile,Hostile,적대,
actionbar_hostile_antitrust,Antitrust Lawsuit,반독점 소송,
actionbar_hostile_greenmail,Greenmail,그린메일,
actionbar_hostile_harrassing,Harassing Lawsuit,보복성 소송,
actionbar_hostile_harrassing_behalf,Harassing Lawsuit on Behalf of @CORPFULL,@CORPFULL을/를 대신한 보복성 소송,
actionbar_hostile_law,Legal,법률,
actionbar_hostile_rumors,Spread Rumors,소문 퍼뜨리기,
actionbar_hostile_takeover,Takeovers,기업 인수,
actionbar_reversesplit,Reverse Split,액면병합,
actionbar_tax_prepaytaxes,Prepay Taxes,세금 중간예납,
actionbar_trade,Trade,거래,
actionbar_trade_advanced,Advanced Options...,고급 옵션...,
actionbar_trade_advanced_variant2,Advanced Options,고급 옵션,
actionbar_trade_buycall,Buy Calls,콜옵션 매수,
actionbar_trade_buycorpb,Buy Corp Bond,회사채 매수,
actionbar_trade_buycrypto,Buy Crypto,암호화폐 매수,
actionbar_trade_buycryptofutures,Buy Crypto Futures,암호화폐 선물 매수,
actionbar_trade_buyfutures,Buy Futures,선물 매수,
actionbar_trade_buylonggov,Buy Long Govt Bonds,장기 국채 매수,
actionbar_trade_buyphysical,Buy Physical,현물 매수,
actionbar_trade_buyputs,Buy Puts,풋옵션 매수,
actionbar_trade_buyshortgov,Buy Short Govt Bonds,단기 국채 매수,
actionbar_trade_buystock,Buy Stock,주식 매수,
actionbar_trade_corpbond,Corporate Bonds,회사채,
actionbar_trade_govtbond,Government Bonds,국채,
actionbar_trade_sellcall,Sell Calls,콜옵션 매도,
actionbar_trade_sellputs,Sell Puts,풋옵션 매도,
actionbar_trade_shortfutures,Short Futures,선물 공매도,
actionbar_trade_shortstock,Short Stock,주식 공매도,
actionbar_trading_advancedoptions,Advanced Options Trading,고급 옵션 거래,
cheat_cash_1,"You may cheat by making a one-time per-game addition of cash to your bank account, in an amount of up to @AMOUNT1 million (@AMOUNT2 trillion U.S. dollars).","게임 당 단 한번, 치트를 사용해 최대 @AMOUNT1 M. (@AMOUNT2 B. 미국 달러)의 금액을 은행 계좌에 추가 할 수 있습니다.",
cheat_cash_2,"However, doing so will disqualify you from winning the current game or setting a record high score in this current game.","다만, 이 경우, 현재 게임에서의 승리, 또는 최고 기록을 달성할 수 없게됩니다.",
cheat_cash_3,"Or, you may reduce your bank account by ANY amount, as often as you like (but not to less than zero), which will not cause disqualification.","또는 몇 번이든 원하는만큼 요구불예금을 줄일 수 있으며 (단, 0 미만으로는 불가), 이 경우에는 게임이 무효처리가 되지는 않습니다.",
cheat_cash_4,"CLICK 'OK' AND THEN ENTER AN AMOUNT, TO INCREASE OR REDUCE YOUR BANK ACCOUNT",'확인'을 클릭한 후 금액을 입력하여 은행 계좌 잔액을 수정하십시오,
cheat_cash_input_2,"This will change YOUR bank account balance, not @CORPFULL's.","이는 개인 계좌를 수정하는 것이지, @CORPFULL의 계좌를 수정하지는 않습니다.",
cheat_cash_input_3,"Enter amount to increase cash by, for @PLAYER.",@PLAYER에게 추가 또는 제거할 액수를 입력하십시오.,
cheat_cash_input_3_1,(Or enter a negative amount to decrease your cash; but not to less than zero.),(현금을 차감하려면 음수를 입력해주십시오. 하지만 잔액이 0 미만이 될 수는 없습니다),
cheat_cash_input_title,Cheat Function: Add/Reduce Cash,치트 기능: 현금 추가/차감,
cheat_cash_nomore,"You have already used the Add Cash feature to cheat, and cannot use it again to add cash to your bank account for the remainder of this game.","이미 '현금 추가' 치트를 사용했으므로, 현재 진행 중인 게임이 끝날 때까지 계좌 현금 추가 치트를 다시 사용할 수 없습니다.",
cheat_cash_title,RULES REGARDING THE 'ADD CASH' CHEAT FEATURE:,'현금 추가' 치트 기능 관련 규칙:,
cheat_cash_warning_1,"This cheat will disqualify you as the possible winner of this game, or from having your score at the end of this game recognized as a 'record high score.'","이 치트를 사용하면 승리가 불가능해지며, 게임 종료 시 획득한 점수를 점수판에 올릴 수 없게됩니다.",
cheat_cash_warning_2,Are you sure you want to cheat?,정말로 치트를 사용하시겠습니까?,
cheat_cash_warning_title,Caution: Game Results Will Be Disqualified,주의: 사용 시 게임 점수가 기록되지 않습니다.,
cheat_disablelawsuits_1,"This cheat allows you turn off private antitrust suits, or government antitrust rules (and enforcement) for the rest of this game, or to turn off both.","이 치트는 이번 게임의 나머지 기간 동안 민간 반독점 소송, 또는 정부 반독점 법령을 하나, 또는 둘 다 비활성화할 수 있게 해줍니다.",
cheat_disablelawsuits_2,"This will make it easier for you to monopolize industries, since your companies will no longer be a target of antitrust suits by competitors or by fines or other government interference.","경쟁사의 반독점 소송이나 벌금, 정부의 시장 개입 우려가 사라져 특정 산업을 독점하기가 훨씬 수월해집니다.",
cheat_disablelawsuits_3,But CAUTION!,주의!,
cheat_disablelawsuits_4,Turning off either set of antitrust rules will disqualify all players in the current game from setting a record high score.,"반독점 법령 중 어느 한쪽이라도 비활성화할 경우, 이번 게임의 모든 플레이어는 최고 기록 달성 자격을 잃게 됩니다.",
cheat_disablelawsuits_5,PRESS 'OK' TO CONTINUE AND DECIDE.,계속 진행하려면 '확인'을 클릭하십시오.,
cheat_disablelawsuits_govtanti_1,Do you want to disable all government antitrust rules for the rest of this game?,이번 게임 동안 정부의 모든 반독점 법률을 비활성화하시겠습니까?,
cheat_disablelawsuits_govtanti_1_1,"This would mean eliminating all antitrust fines, forced divestments, and antitrust restrictions that can sometimes block acquisitions of control of certain corporations, when such control would create a monopoly or excessive market share in an industry.","즉, 특정 산업 내의 시장 독점, 또는 과도한 점유율 집중을 이유로 기업 경영권 인수를 제약하던 반독점 과징금과 강제 자산 매각, 그 외의 각종 규제 조치가 모두 사라지게 됩니다.",
cheat_disablelawsuits_govtanti_2,It's the age of the 'Robber Barons' all over again!,바야흐로 '강도 귀족'의 시대가 다시 도래했구나!,
cheat_disablelawsuits_govtanti_2_1,All government antitrust laws are now repealed.,모든 정부 반독점법이 폐지되었습니다.,
cheat_disablelawsuits_govtanti_2_2,"Thus, there will be no more government fines, forced divestitures, or blocking of acquisitions due to antitrust considerations, for the remainder of this game.","게임이 끝날 때까지 반독점법 위반으로 인한 정부 과징금, 강제 자산 매각, 기업 인수 제재 조치가 모두 무효화됩니다.",
cheat_disablelawsuits_govtanti_title,Disable Goverment Antitrust Actions,정부 반독점 소송 비활성화,
cheat_disablelawsuits_privateanti,"First, do you want to turn off all private antitrust suits, against or by your companies, for the rest of this game?",정말로 이번 게임 동안 소유한 기업이 제기하거나 받게 될 모든 민간 반독점 소송을 비활성화하시겠습니까?,
cheat_disablelawsuits_privateanti_1,All the private antitrust laws are now repealed.,모든 민간 반독점법이 폐지되었습니다.,
cheat_disablelawsuits_privateanti_2,"Thus, there will be no more private antitrust lawsuits for the remainder of this game.",따라서 이번 게임이 종료될 때까지 경쟁사들의 반독점 민사 소송이 더 이상 발생하지 않습니다.,
cheat_disablelawsuits_privateanti_3,"However, all players' scores for this game will be disqualified as potential 'all-time high' scores.","다만, 이번 게임의 모든 플레이어의 점수가 '최고 점수판'에서 제외됩니다.",
cheat_disablelawsuits_privateanti_title,Disable Private Antitrust Suits,민간 반독점 소송 비활성화,
cheat_insiderinfo_earning_no,No insider information is currently available on upcoming 'earnings surprises.' -- Try again later. You and your 'tipster' will have to be patient and wait until the current SAKITUME CORP. merger deal works out....,조만간 터질 '어닝 서프라이즈'와 관련해서 당장 넘겨줄 내부 정보는 없습니다. -- 나중에 다시 시도하십시오. 그 '정보통'과 함께은 지금 진행 중인 SAKITUME CORP. 인수합병 건이 끝날 때까지 진득하게 기다리는 수밖에 없습니다....,
cheat_insiderinfo_merge_1,"According to your newest would-be investment adviser, a janitor at a major brokerage house, one of that firm's clients will soon be a merger target, as the client company is currently in secret merger negotiations with a large company that plans to acquire them on very favorable terms next quarter.","자신을 투자자문가라 부르는 대형 증권사의 청소부에 따르면, 그 회사의 고객사들 중 하나가 곧 합병 대상이 될 것이라고 합니다. 해당 기업은 현재 다음 분기에 매우 유리한 조건을 제시한 어떤 대기업과 비밀리에 합병 협상을 진행 중이라고 전했습니다.",
cheat_insiderinfo_merge_1b,"According to your contact, who left his janitorial job to become a paralegal intern at a small boutique law firm, one of that firm's clients will soon be a merger target, as the client company is currently in secret merger negotiations with a large company that plans to acquire them on very favorable terms next quarter. The target company's management is also doing everything in its power to inflate their earnings for next quarter, to maximize their sell-out price, so that should give the stock a boost even if the merger deal falls through.","청소부 일을 그만두고 소규모 부티크 로펌에서 법률사무 보조 인턴으로 일하게 된 정보원에 따르면, 그 로펌의 고객사들 중 하나가 곧 합병 대상이 될 것이라고 합니다. 해당 기업은 현재 다음 분기에 매우 유리한 조건을 제시한 어떤 대기업과 비밀리에 합병 협상을 진행 중이라고 합니다. 대상 기업의 경영진 또한 매각가를 최대한 끌어올리기 위해 다음 분기 실적을 부풀리는 데 총력을 기울이고 있어서, 설령 합병이 무산되더라도 주가에는 호재가 될 것으로 보입니다.",
cheat_insiderinfo_merge_2,"Your source knows you to be a very savvy corporate raider, and one without any scruples about how you make your money, and he says his information could be worth millions, or even billions, to an investor-sociopath who simply buys the stock of the target company, or options on it, now -- or very soon, before the merger news comes out and the odd-lotters chase the price up.","정보원은 의뢰인이 능력 있는 기업 날강도이자, 돈에 있어 어떤 거리낌도 없는 사람이라는 걸 알고 있습니다. 이 자는 이 정보가, 합병 소식이 알려지기 전에... 즉 소액 투자자들이 가격을 끌어 올리기 전에- 소시오패스 투자자가 합병 대상의 주식이나 옵션을 그냥 매수해 되파는 것만으로도 수백만, 또는 수십억의 수익을 올릴 수 있다고 귀띔해 주고 있습니다.",
cheat_insiderinfo_merge_2b,"Your informant, who has managed to get a job at a law firm that specializes in mergers & acquisitions, hopes you made a lot of money on the last tip he gave you, and figures you might be willing to pay a bit more for another juicy deal that is in the works.","인수합병 전문 로펌에 일자리를 구한 정보원은, 지난번 정보로 큰돈을 큰돈을 벌었기를 바라며, 지금 진행 중인 또 다른 알짜 거래 정보에 대해서도 기꺼이 값을 치를 의향이 있을 것이라 생각하고 있습니다.",
cheat_insiderinfo_merge_3,"This is highly illegal inside information, and you will be risking jail time and/or huge fines, of course.","이것은 당연하게도 불법 내부자 정보 거래이며, 당연히 징역형 및 거액의 벌금형 위험을 감수해야 합니다.",
cheat_insiderinfo_merge_4,(Not to mention creating bad Karma for yourself.),(업보는 본인 몫입니다),
cheat_insiderinfo_merge_5,DO YOU REALLY WANT TO KNOW THE IDENTITY OF THE TARGET COMPANY IN THIS UPCOMING MERGER / TAKEOVER?,이번 인수합병의 대상 기업이 누구인지 정말로 알고 싶습니까?,
cheat_insiderinfo_merge_6,(And are you willing to pay the tipster the @AMOUNT million he wants for this critical piece of information?),(최중요 정보를 획득하기 위해 정보원에게 @AMOUNT M.을 지불하시겠습니까?),
cheat_insiderinfo_merge_again,"You are relatively new at this, so relax. The merger will get done, when it's done. You just need to acquire the @CORPFULL stock or call options and wait for the money to fall in your lap.","초보자라는 건 알겠지만, 느긋하게 기다리십쇼. 기업 인수합병은 때 되면 알아서 성사될 겁니다. 그저 @CORPFULL 주식이나 콜 옵션 좀 사두고 가만히 앉아서 떡고물이나 받아먹으면 됩니다.",
cheat_insiderinfo_merge_result_1,Write this down. Then shred it. The name of the target company is @CORPFULL,받아적은 다음에 바로 파쇄하십시오. 인수합병 대상 기업은 @CORPFULL 입니다.,
cheat_insiderinfo_merge_result_2,The stock symbol is @CORP. The stock sells for @AMOUNT.,"대상 기업의 티커는 @CORP이고, @AMOUNT에 거래되고 있습니다.",
cheat_insiderinfo_merge_result_3,The money has changed hands. What you do with the information is now up to you.,거래는 끝났습니다. 전달받은 정보를 어떻게 활용할지는 이제 전적으로 선택입니다.,
cheat_insiderinfo_merge_result_4,"However, do your due diligence on the stock -- this turkey has been dropping like a stone for the last @MONTHS months.","다만, 이 주식은 꼭 직접 조사해 보십시오 -- 이 애물단지는 최근 @MONTHS개월간 폭락을 거듭해 왔습니다.",
cheat_insiderinfo_merge_result_5,"You need to act quickly on this, as the insiders are already driving the stock up, and fast.",빨리 움직여야 합니다. 내부자들이 이미 이 주식을 빠르게 끌어올리고 있습니다.,
cheat_insiderinfo_merge_title,Tip on Upcoming Merger -- FOR YOUR EYES ONLY!,곧 있을 합병 소식 -- 혼자만 알고 계십시오!,
command_advfee,Set advisory fee,자문 수수료 설정,
command_advopts,ADVANCE,ADVANCE,
command_advopts_desc,Advanced options trading,고급 옵션 거래,
command_antitrust,ANTITRUST,ANTITRUST,
command_borrow,Borrow Money,현금 차입,
command_borrow_desc,Borrow money,현금 차입,
command_browse,BROWSE,BROWSE,
command_busloans_buy,Buy business loans,기업 대출 매수,
command_buy,BUY,BUY,
command_buy_desc,Buy stock,주식 매수,
command_buycorpasset,Buy Corporate Assets,기업 자산 매수,
command_buycorporateassets,Buy corporate assets,기업 자산 매수,
command_callbuy_desc,Buy calls,콜 옵션 매수,
command_callsell_desc,Sell calls,콜 옵션 매도,
command_cbondbuy_desc,Buy corporate bond,회사채 매수,
command_cbondsell_desc,Sell corporate bond,회사채 매도,
command_changemanagers,Change managers,경영진 교체,
command_commfuturesbuy_desc,Buy commodity futures,원자재 선물 매수,
command_commfuturescover_desc,Cover short commodity futures,원자재 선물 숏 포지션 매수 상환,
command_commfuturessell,Sell commodity futures,원자재 선물 매도,
command_commfuturesshort_desc,Short commodity futures,원자재 선물 공매도,
command_commphysbuy_desc,Buy physical commodity,현물 원자재 매수,
command_commphyssell_desc,Sell physical commodity,현물 원자재 매도,
command_consumerbuy,Buy Consumer Loans,소비자 대출 매수,
command_consumloans_buy,Buy consumer loans,소비자 대출 매수,
command_consumloans_sell,Sell consumer loans,소비자 대출 매도,
command_contribution,Capital contribution,자본 출자,
command_cover_desc,Cover short,숏 포지션 매수 상환,
command_cryptofuturebuy_desc,Buy crypto futures,암호화폐 선물 매수,
command_cryptofuturesell_desc,Sell crypto futures,암호화폐 선물 매도,
command_cryptophysbuy_desc,Buy physical crypto,현물 암호화폐 매수,
command_cryptophyssell_desc,Sell physical crypto,현물 암호화폐 매도,
command_dividend,DIVIDEND,DIVIDEND,
command_earning_dec,Decrease earnings,실적 감소,
command_earning_inc,Increase earnings,실적 증가,
command_electceo,Elect yourself as CEO,자신을 CEO 로 선임,
command_extraordinarydividend,Extraordinary dividend,특별 배당금,
command_freeze,FREEZE,FREEZE,
command_freezeall,Freeze All Loans,전체 대출 동결,
command_freezeall_desc,Freeze all loans,전체 대출 동결,
command_growth,GROWTH,GROWTH,
command_growth_desc,Set growth rate,성장률 설정,
command_growthrate,Set Growth Rate,성장률 설정,
command_harassing,Harassing lawsuit,보복성 소송,
command_issuebonds,Issue new corp bonds,신규 회사채 발행,
command_lawfirm,LAWFIRM,LAWFIRM,
command_lbo,Leveraged buyout,차입매수 (LBO),
command_lbondbuy_desc,Buy long govt bonds,장기 국채 매수,
command_lbondsell_desc,Sell Long Govt Bonds,장기 국채 매도,
command_leveragedbuyout,Leveraged Buyout,차입매수 (LBO),
command_loanlist,List bank loans,은행 대출 목록,
command_managers,MANAGERS,MANAGERS,
command_merge,Merge with viewed company,현재 화면 상의 기업과 합병,
command_pmortgage_buy,Buy prime mortgages,프라임 모기지 매수,
command_pmortgage_sell,Sell prime mortgages,프라임 모기지 매도,
command_prepay,PREPAY,PREPAY,
command_prepaytax,Prepay taxes,세금 중간예납,
command_private_offering,Private stock offering,사모주 발행,
command_privateoffering,Private Stock Offering,사모주 발행,
command_productivity,PRODUCTIVITY,PRODUCTIVITY,
command_productivity_set,Set productivity,생산성 설정,
command_public_offering,Public stock offering,공모주 발행,
command_publicoffering,Public Stock Offering,공모주 발행,
command_putbuy_desc,Buy puts,풋 옵션 매수,
command_putsell_desc,Sell puts,풋 옵션 매도,
command_rebrand,Rebrand company,기업 리브랜딩,
command_redeembond,Redeem corp bonds,회사채 상환,
command_repay,REPAY,REPAY,
command_repay_desc,Repay loan,대출 상환,
command_resign,RESIGN,RESIGN,
command_resignceo,Resign as CEO,CEO 사임,
command_restructure,RESTRUCTURE,RESTRUCTURE,
command_restructure_company,Restructure company,기업 구조조정,
command_reversesplit,Reverse split stock,주식 병합,
command_rumors,Spread rumors,소문 퍼뜨리기,
command_sbondbuy_desc,Buy short govt bonds,단기 국채 매수,
command_sbondsell,Sell Short Govt Bonds,단기 국채 매도,
command_sbondsell_desc,Sell short govt bonds,단기 국채 매도,
command_sell,SELL,SELL,
command_sell_desc,Sell stock,주식 매도,
command_sell_subsidiarystock,Sell subsidiary stock,자회사 주식 매도,
command_sellcorporateassets,Sell corporate assets,기업 자산 매각,
command_setadvisoryfee,Set Advisory Fee,자문 수수료 설정,
command_setbankallocation,Set bank allocation,은행 자산 배분 설정,
command_setdividend,Set dividend,배당금 설정,
command_short_desc,Short stock,주식 공매도,
command_spinoff,Spin off a subsidiary,자회사 분할,
command_split,SPLIT,SPLIT,
command_splitstock,Split stock,주식 분할,
command_startup,STARTUP,STARTUP,
command_subpmortgage_buy,Buy subprime mortgages,서브프라임 모기지 매수,
command_subpmortgage_sell,Sell subprime mortgages,서브프라임 모기지 매도,
command_taxfree,TAXFREE,TAXFREE,
employment_status,Employment Status:,고용 상태:,
financial_3month_cash,Est. Cash in 3 Mo.,3개월 후 예상 현금,
financial_52highlow,52-Week High/Low Stock Price:,52주 최고/최저 주가:,
financial_52highlow_value,52-Week High/Low Stock Price: @AMOUNT1 / @AMOUNT2,52주 최고/최저 주가: @AMOUNT1 / @AMOUNT2,
financial_account_possible1,Projected cash flow does not not take into account possible,예상 현금흐름은 갑작스러운 변수들이 고려되지 않은 값입니다.,
financial_account_possible2,"purchases or sales of assets nor the tax effect of resulting gains or losses, and does not reflect possible exercise or settlement of futures or options at prices that are not known at present, or the effect of margin calls due to fluctuations in asset values subsequent to the present date.","자산의 매수·매도 가능성과 그에 따른 손익의 세금 효과, 현재 시점에서 알 수 없는 가격의 선물·옵션 행사 또는 결제 가능성, 그리고 이후 자산 가치 변동에 따른 마진콜의 영향은 반영되지 않습니다.",
financial_advancestocorporations,Advances to Corporations,기업 선지급,
financial_advertisinginterest,% of Net Interest for Advertising @PCT,광고 부문 순이자수익 비중 @PCT,
financial_afterdebt,After Debt,부채 상환 후,
financial_annualliving,Annual Living Expenditures: @AMOUNT million,연간 생활비 지출: @AMOUNT M.,
financial_asset_margin_account,Short Margin Account Balance,숏 증거금 계좌 잔액,
financial_assets,ASSETS:,자산:,
financial_assets_advance,Advances to Corps,기업 선지급금,
financial_assets_advance_row,Advances to @CORP @SHARES,선지급금: @CORP @SHARES,
financial_assets_advancesto,Advances to @CORP,@CORP에게 지급한 기업 선지급금,
financial_assets_baddebt,Less: Bad Debt Reserves,차감: 대손충당금,
financial_assets_baddebt_colon,Less: Bad Debt Reserves:,차감: 대손충당금:,
financial_assets_bond_notmarket,"(Bonds shown at adjusted tax cost, not market value)","(채권은 조정 세무 원가로 표시됨, 시장 가치 아님)",
financial_assets_bond_row,@CORPFULL Bonds @SHARES,회사채: @CORPFULL @SHARES,
financial_assets_buisassetequipment,Business Assets/Equipment,기업 자산/장비,
financial_assets_businessloans,Business Loan Portfolio,기업 대출 포트폴리오,
financial_assets_cash,Cash (Bank Demand Deposits),현금 (은행 요구불예금),
financial_assets_cash_variant2,Cash,현금,
financial_assets_commodacctmargin,Commod. Acct. Margin Balance,원자재 계좌 증거금 잔액,
financial_assets_commodacctmargin_2,Commodity A/C Margin Balance,원자재 계좌 증거금 잔액,
financial_assets_commodities,Commodities: Marked to Market,원자재 (시장 평가 기준),
financial_assets_commodmargin,Commod Margin,원자재 증거금,
financial_assets_consumerloans,Consumer Loan Portfolio,소비자 대출 포트폴리오,
financial_assets_corp,Corp. Bonds (@ Adjusted Cost),회사채 (조정 원가 기준),
financial_assets_corpbond,Corp Bonds,회사채,
financial_assets_corpbond_mktv,Corporate Bonds (Mkt. Value),회사채 (시가),
financial_assets_futures_mtm,Futures: Marked to Market,선물 (시장 평가 기준),
financial_assets_govbonds,Gov Bonds,국채,
financial_assets_govt,Govt. Bonds (@ Adjusted Cost),국채 (조정 원가 기준),
financial_assets_govtbond_mktv,Government Bonds (Mkt. Value),국채 (시가),
financial_assets_mortgage,Mortgage Loans/Securities,모기지 대출/유가증권,
financial_assets_optionnetvalue,Options Long/Short: Net Value,옵션 롱/숏: 순가치,
financial_assets_optionsnet,Options Net,옵션 순손익,
financial_assets_physcommodity,Physical Commodities: (Spot),현물 원자재: (소유),
financial_assets_primemortage,Prime Mortgage Loan Portfolio,프라임 모기지 대출 포트폴리오,
financial_assets_shorttbill,Short-term T-Bills,단기 국채,
financial_assets_shortterm_spaced,Short - term Treasury Bills,단기 국채,
financial_assets_stockportfolio,Stock Portfolio,주식 포트폴리오,
financial_assets_subprimemorts,Subprime Mortgage Securities,서브프라임 모기지 유가증권,
financial_assets_subsidary_stock,Stock in Subsidiary Corps.,자회사 주식,
financial_assets_tbills,T-Bills,단기 국채,
financial_assets_variant2,Assets,자산,
financial_assets_workingcap,"Working Capital (A/R, Inven.)","운전자본 (매출채권, 재고자산)",
financial_baddebt,Bad Debt Reserve Ratio: @PCT,대손충당금 비율: @PCT,
financial_balancesheet,FINANCIAL BALANCE SHEET: @CORPFULL (@CORP):,대차대조표: @CORPFULL (@CORP):,
financial_bank_lineofcredit,Avail. Line of Credit,사용 가능한 신용한도,
financial_bank_loanportfolio,Loan Portfolio,대출 포트폴리오,
financial_bank_totaldeposits,Total Deposits,총 예금,
financial_beforedebt,Before Debt,부채 상환 전,
financial_bonds_tax_cost_note,"Bonds shown at adjusted tax cost, not market value",채권은 조정 세무 원가로 표시됨 (시장 가치 아님),
financial_bonuses,(Plus possible bonuses),(보너스가 별도로 추가될 수 있음),
financial_borrowrate1,Borrowing Rate {(INTERBANK):|(INTEREST):} @PCT1 {(Prime|(SOFR} is: @PCT2),차입 금리 ({은행간|이자율}): @PCT1 {(우대금리:|(SOFR:} @PCT2),
financial_borrowstat,Borrower Status,차입 현황,
financial_button_adjust,✎ Adjust,✎ 조정,
financial_button_viewfinancial,View Financial Disclosure,재무 정보 공시 확인,
financial_capital_loss_carryover,Capital Loss Carryover: @AMOUNT million,자본손실 이월금: @AMOUNT M.,
financial_ceo,President & CEO: @PLAYER (since @YEAR),사장 겸 CEO: @PLAYER (@YEAR년부터),
financial_ceo_bonus,(Plus estimated bonus of @AMOUNT {[1]M.|million}),(+ 예상 보너스 @AMOUNT M.),
financial_ceosalary,Annual CEO salary (approx.): @AMOUNT M.,CEO 연봉 (추정치): @AMOUNT M.,
financial_ceosalary_1,(Plus possible bonuses and stock options),(보너스 지급이나 스톡옵션이 부여될 수 있음),
financial_controll_notactive,Controlled (not actively managed) by:,지배 주주 (직접 경영은 아님):,
financial_controlled_by_noone,Controlled by: NO ONE,지배 주주: 없음,
financial_controlledby_noone_caps,CONTROLLED BY: ...No One...,지배 주주: 없음,
financial_controlledby_owner,Controlled {[1]by|(and actively managed) by|(not actively managed) by}: @OWNER {[2](The stock is not publicly traded)|''},{[1]지배 주주|지배 주주 (직접 경영)|지배 주주 (직접 경영은 아님)}: @OWNER {[2](비상장 주식)|''},
financial_controlledby_player,CONTROLLED BY: @PLAYER,지배 주주: @PLAYER,
financial_corp_player_dd,Corporate and Player Demand Deposits: @AMOUNT M.,법인 및 개인 요구불예금: @AMOUNT M.,
financial_creditinfo,*** CREDIT INFO: ***,*** 신용 정보: ***,
financial_creditinfo_annualliv,Annual Living Expenditures:,연간 가계 지출:,
financial_creditinfo_borrowrate,Borrowing Rate (Interest):,차입 금리 (이자):,
financial_creditinfo_header,***  CREDIT & OTHER INFO:  ***,***  신용 및 기타 정보:  ***,
financial_creditinfo_lendingbank,Lending Bank:,대출 은행:,
financial_creditinfo_lineofcredit,Unused Bank Line of Credit:,미사용 은행 신용한도:,
financial_creditinfo_prepaidtax,Prepaid (estimated) income tax paid to date:,현재까지 선납한 (추정) 소득세:,
financial_creditinfo_rating,CREDIT RATING:,신용등급:,
financial_creditinfo_realcap,Realized Capital Gains:,실현 자본 이득:,
financial_creditinfo_recentnews,RECENT NEWS HEADLINES REGARDING @CORPFULL:,@CORPFULL 관련 최근 뉴스 헤드라인:,
financial_creditinfo_today,Today's (Game) Date: @DATE,오늘 (게임 내) 날짜: @DATE,
financial_creditinfo_totalgainloss,TOTAL GAIN/LOSS:,총 손익:,
financial_creditinfo_unrealgainloss,UNREALIZED GAIN/LOSS ON EQUITY POSITIONS IN @CORPFULL,@CORPFULL 지분 포지션의 미실현 손익,
financial_creditinfo_ytdincometax,YTD Income Tax (Payable 1/@MONTHNUM/@YEAR):,연간 누계 소득세 (@YEAR년 @MONTHNUM월 1일 납부 예정):,
financial_creditinfo_ytdincometax_amount,YTD Income Tax (Payable 1/@MONTHNUM/@YEAR): @AMOUNT million,연간 누계 소득세 (@YEAR년 @MONTHNUM월 1일 납부 예정): @AMOUNT M.,
financial_creditinfo_ytdincometax_none,YTD Income Tax (Payable 1/@MONTHNUM/@YEAR): NONE,연간 누계 소득세 (@YEAR년 @MONTHNUM월 1일 납부 예정): NONE,
financial_creditinfo_ytdtaxableincome,Year-To-Date Taxable Ordinary Income:,연간 누계 과세 대상 경상 소득:,
financial_creditrating,Credit Rating:,신용등급:,
financial_currency,(U.S. Dollar amounts in millions),"(미국 달러, M.)",
financial_currentprice,Current {[1]Stock Price|share price}: @AMOUNT,현재 주가: @AMOUNT,
financial_currentstockprice,Current Stock Price:,현재 주가:,
financial_dividendpayout,Dividend Payout Per Share:,주당 배당금:,
financial_dividendpayout_value,Dividend Payout Per Share: @AMOUNT,주당 배당금: @AMOUNT,
financial_divindendyield,Dividend Yield: @PCT,배당수익률: @PCT,
financial_employment_status,EMPLOYMENT STATUS:,고용 상태:,
financial_employment_unemployed,CURRENTLY UNEMPLOYED,현재 실직 상태,
financial_eps,Earnings Per Share,주당순이익,
financial_eps_earningreport,View Earnings Report,실적 보고서 보기,
financial_equity_networth,Equity (Net Worth):,자본 (순자산):,
financial_etf_90pct,Dividend Payout Per Share: @SHARES (Varies: 90% of portfolio income),주당 배당금: @SHARES (변동: 포트폴리오 수익의 90%),
financial_etf_stockportfoilio,Stock Portfolio Investments @SHARES,주식 포트폴리오 투자 @SHARES,
financial_footnote,FOOTNOTE TO FINANCIAL STATEMENT:,재무제표 각주:,
financial_footnotes,FOOTNOTES TO FINANCIAL STATEMENT:,재무제표 각주:,
financial_growthrate,"Growth Rate (of Assets, Sales) @PCT",성장률 (자산 및 매출): @PCT,
financial_growthrate_deposit,Growth Rate (of Deposits) @PCT,성장률 (예금 기준) @PCT,
financial_indexfutures,Index Futures: Marked to Mkt.,지수 선물: 일일 시가 평가,
financial_insurance_advertising,% of Net Premiums for Advertising,순보험료 대비 광고비 비율 (%),
financial_insurance_growthrate,Growth Rate (Insurance in Force),성장률 (유효 보험계약 기준),
financial_insurance_underwriting,Underwriting Profit or Loss:,보험인수 손익:,
financial_lia_equity,Liabilities & Equity,부채 및 자본,
financial_lia_equity2,LIABILITIES AND EQUITY:,부채 및 자본:,
financial_lia_equity_accruedincometax,Accrued Income Tax,미지급 소득세,
financial_lia_equity_bonds,Bonds Outstanding,미상환 채권,
financial_lia_equity_borrowingrate,Borrowing Rate,차입 금리,
financial_lia_equity_cd,Certificates of Deposit,양도성 예금 증서,
financial_lia_equity_convbond,@PCT {[1]Bonds Due in|Conv. Bonds Due} @YEAR @AMOUNT1 (Price: @AMOUNT2) [2],@PCT {[1]채권|전환사채} (@YEAR년 만기) @AMOUNT1 (가격: @AMOUNT2) [2],
financial_lia_equity_demanddeposits,Demand Deposits,요구불예금,
financial_lia_equity_equity,Equity,자본,
financial_lia_equity_inc_taxpayable,Accrued Income Tax Payable: @AMOUNT,미지급 법인세: @AMOUNT,
financial_lia_equity_inctaxpayable1,Accrued Income Tax Payable,미지급 법인세,
financial_lia_equity_insurancereserves,Insurance Policy Reserves,보험계약 준비금,
financial_lia_equity_interbank,Interbank Debt — Fed Funds,은행간 부채 — 연방기금,
financial_lia_equity_interbankloan,Interbank Debt -- Fed Funds:,은행 간 부채 -- 연방기금:,
financial_lia_equity_interbankloan_variant2,Interbank Loan To @CORP:,은행 간 대출 (@CORP 앞):,
financial_lia_equity_lendingbank,Lending Bank,대출 은행,
financial_lia_equity_lineofcredit,Unused Line of Credit,미사용 신용한도,
financial_lia_equity_loan,Bank Loan,은행 대출,
financial_lia_equity_longbond,Long-Term Bonds Issued:,장기 채권 발행액:,
financial_lia_equity_longbond2,Long-Term Bonds Issued,장기채권 발행액,
financial_lia_equity_longbond_spaced,Long - Term Bonds Issued,장기채권 발행액,
financial_lia_equity_networth,LIABILITIES AND NET WORTH:,부채 및 순자산,
financial_lia_equity_reservcontingency,Reserve for Contingencies,우발 준비금,
financial_lia_equity_totallia,Total Liabilities,총 부채,
financial_loantodeposit,Loan to Deposit Ratio: @PCT,예대율 (대출 대비 예금 비율): @PCT,
financial_marketingspend,% of Sales Spent on Marketing @PCT,매출 대비 마케팅 지출 비율 @PCT,
financial_miscellaneous,MISCELLANEOUS INFO:,기타 정보:,
financial_miscellaneous_controlledby,Controlled by:,지배 주주:,
financial_miscellaneous_incorporated,Incorporated in: @COUNTRY,법인 소재지: @COUNTRY,
financial_miscellaneous_ind,Industry Group: @IND,산업군: @IND,
financial_miscellaneous_losscarryover,Tax Loss Carryover: @AMOUNT million,이월 결손금: @AMOUNT M.,
financial_miscellaneous_publicowns,Public owns: @PCT % of the stock,소액 주주 지분율: @PCT,
financial_miscellaneous_rndtaxcredit,{Unused|Accrued} R&D and/or Investment Tax Credits: @AMOUNT million,{미사용|누적} R&D 및 투자로 발생한 세액공제: @AMOUNT M.,
financial_networth1,NET WORTH:,순자산:,
financial_networth2,Net Worth:,순자산:,
financial_networthpershare,Net Worth Per Share:,주당 순자산:,
financial_networthpershare_value,Net Worth Per Share: @AMOUNT,주당 순자산: @AMOUNT,
financial_next_quarterly_report,Next Quarterly Report: @DATE,다음 분기 보고서: @DATE,
financial_nextearnings,Next Earnings Report:,다음 실적 발표:,
financial_nextearnings_value,Next Earnings Report: @DATE,다음 실적 발표: @DATE,
financial_oper_cashflow,Oper. Cash Flow,영업현금흐름,
financial_operatingearnings,(Operating Earnings),(영업 이익),
financial_operatingprofit,Operating Profit,영업이익,
financial_operation,Operations,영업,
financial_operation_dividend,Dividend / Share,주당 배당금,
financial_operation_extra,Extraordinary,특별배당,
financial_operation_growthrate,Growth Rate,성장률,
financial_operation_rnd,R&D / Ad Spend,R&D/광고비 지출,
financial_perx12,Price/Earnings Ratio: @AMOUNT x 12-Month Trailing Earnings,주가수익비율 (PER): 최근 12개월 실적 기준 @AMOUNT배,
financial_player_title,PERSONAL FINANCIAL STATEMENT (CASH BASIS):,개인 재무제표 (현금 기준):,
financial_quartcash,Quarterly Cashflow,분기 현금흐름,
financial_quartereps,@YEAR E/P/S through Qtr. #@QNUM @AMOUNT (Operating Earnings),@YEAR년 #@QNUM분기 주당순이익 @AMOUNT (영업 이익),
financial_realizedcapital,Realized Capital {Gains:|Losses:} @AMOUNT million,실현 자본 {이득|손실}: @AMOUNT M.,
financial_reservestodeposits,Reserves to Deposits: @PCT,예금 대비 지급준비금 비율: @PCT,
financial_roe,Return on Equity (,자기자본이익률 (,
financial_sharesoutstanding,Shares of stock outstanding:,발행 주식 수:,
financial_starategy,The strategy: yield versus risk,전략: 수익률 vs 리스크,
financial_stockcapitalization,Total stock capitalization: @AMOUNT million,총 시가총액: @AMOUNT M.,
financial_stockearning_data,STOCK AND EARNINGS DATA:,주식 및 실적 데이터:,
financial_stockoutstanding,Shares of stock outstanding: @AMOUNT million,발행 주식 수: @AMOUNT M.,
financial_stockprice,STOCK PRICE:,주가:,
financial_subsidiary_since,@PCT-owned active business subsidiary of @CORPFULL since: @YEAR,@CORPFULL의 @PCT 지분 보유 자회사 (사업 편입 시점: @YEAR년),
financial_todaydate,Today's (Game) Date:,오늘 (게임 내) 날짜:,
financial_totalassets,Total Assets:,총 자산:,
financial_totalliability,Total Liabilities:,총 부채:,
financial_totalstock,Total stock capitalization:,총 시가총액:,
financial_us_dollar,"(Amounts in millions of U.S. Dollars, except per share amounts)","(단위: 백만 미국 달러, 주당 수치 제외)",
financial_variable,VARIABLE SETTINGS:,변경 가능 설정:,
financial_variousfinancialratios,VARIOUS FINANCIAL RATIOS:,각종 재무 비율:,
financial_variousfinancialratios_debttoequity,Debt to Equity Ratio: @AMOUNT to 1,부채 대 자본 비율: @AMOUNT 대 1,
financial_variousfinancialratios_dividend,Dividend Yield:,배당 수익률:,
financial_variousfinancialratios_per,Price/Earnings Ratio:,주가수익비율 (PER):,
financial_variousfinancialratios_roe,Return on Equity (@YEAR): @PCT,자기 자본 이익률 (ROE) (@YEAR년) : @PCT,
financial_vriablesetting,VARIABLE SETTINGS (Changeable by controlling player):,변경 가능 설정 (지배 주주가 변경 가능):,
financial_whollyowned,Wholly owned by:,완전 소유주:,
financial_yeareps,@YEAR Earnings Per Share @AMOUNT (Operating Earnings),@YEAR 년도 주당순이익 @AMOUNT (영업이익),
financial_yeareps_notannounced,@YEAR E/P/S through Qtr. #@QNUM (Not Yet Announced),@YEAR년 Qtr. #@QNUM분기 E/P/S (아직 발표되지 않음),
financial_yeartodatetaxableincome,Year-To-Date Taxable Ordinary {Income:|Loss:} @AMOUNT million,연초 이후 과세 대상 경상{소득|손실}: @AMOUNT M.,
financialstab_amount_gainlossowed,@AMOUNT {million|billion} {Gains|Losses|Owed},@AMOUNT {[1]M.|B.} {[2]이익|손실|납부 예정},
financialstab_amount_refund,(@AMOUNT {million|billion}) Refund,(@AMOUNT {[1]M.|B.}) 환급,
financialui_debtequity,Debt / Equity,부채 비율,
financialui_rndpercent,Percent of Sales Spent on R & D @PCT,매출액 대비 연구개발비 (R&D) 비중: @PCT,
gameover_1933,Investors (c1933) -- shoulda practiced on W$R first...,투자자들 (1933년경) -- W$R에서 먼저 연습해 볼 걸 그랬어요...,
gameover_1933_1,"Congratulations, pal.... And don't catch cold in the soup line.","축하합니다, 친구....무료 급식 줄에서 감기 걸리지 않게 조심하세요.",
gameover_banklender,BANK LENDER: @CORPFULL (Symbol = @CORP),대출 은행: @CORPFULL (티커: @CORP),
gameover_banklender_no,BANK LENDER: (NONE),대출 은행: (NONE),
gameover_charlesponzi,"Charles Ponzi, the 'Patron Saint of Wall Street' (1921 police photo)","찰스 폰지, '월스트리트의 수호성인' (1921년 경찰 사진)",
gameover_final_body,Click on 'OK' to display final results!,'확인'을 클릭하면 최종 결과가 표시됩니다!,
gameover_final_title,THE GAME IS OVER....,게임이 종료되었습니다....,
gameover_numbers,"Note that you can enter a player's number (1, 2, 3, etc., for PLAYER 1, 2, etc.) in the stock symbol box, to view all ending financial holdings for that player.","종목 코드 입력란에 플레이어 번호 (PLAYER 1, 2 등은 1, 2, 3 등)를 입력하면 해당 플레이어의 최종 보유 자산 전체를 확인할 수 있습니다.",
gameover_timeout_body,"Now might be a good time to generate some tax losses, if your companies have unrealized losses on any securities","보유 기업이 증권에서 미실현 손실을 안고 있다면, 지금이 세무상 손실을 확정하기 좋은 시점일 수 있습니다",
gameover_timeout_title,The game will be ending in a few moments.,잠시 후 게임이 종료됩니다.,
gamestart_aiplayer3,3 Computers,3 컴퓨터,
gamestart_aiplayer4,4 Computers,4 컴퓨터,
gamestart_aiplayers,Computer Players:,AI 경쟁자:,
gamestart_aiplayers1,1 Computer,1 컴퓨터,
gamestart_aiplayers2,2 Computers,2 컴퓨터,
gamestart_characterlimit,(20 characters max),(최대 20 글자),
gamestart_computer,Computer:,AI:,
gamestart_currency,Currency:,화폐:,
gamestart_currency_arg,Argentine Pesos ($),아르헨티나 페소 ($),
gamestart_currency_aust,Australian Dollars ($),호주 달러 ($),
gamestart_currency_brazil,Brazilian Reals ($),브라질 헤알 ($),
gamestart_currency_british,British Pounds (£),영국 파운드 (£),
gamestart_currency_canada,Canadian Dollars ($),캐나다 달러 ($),
gamestart_currency_china,Chinese Yuan (¥),중국 위안 (¥),
gamestart_currency_denmark,Danish Kroner (kr),덴마크 크로네 (kr),
gamestart_currency_euro,European Common Currency (€),유럽 공동 통화 (€),
gamestart_currency_hongkong,Hong Kong Dollars ($),홍콩 달러 ($),
gamestart_currency_iceland,Icelandic Kronur (kr),아이슬란드 크로나 (kr),
gamestart_currency_india,Indian Rupees (₹),인도 루피 (₹),
gamestart_currency_israel,Israeli Shekels (₪),이스라엘 셰켈 (₪),
gamestart_currency_japan,Japanese Yen (¥),일본 엔 (¥),
gamestart_currency_korea,Korean Won (₩),한국 원 (₩),
gamestart_currency_malaysia,Malaysian Ringgit (RM),말레이시아 링깃 (RM),
gamestart_currency_mexico,Mexican Pesos ($),멕시코 페소 ($),
gamestart_currency_newzealand,New Zealand Dollars ($),뉴질랜드 달러 ($),
gamestart_currency_norway,Norwegian Kroner (kr),노르웨이 크로네 (kr),
gamestart_currency_singapore,Singapore Dollars ($),싱가포르 달러 ($),
gamestart_currency_southafrica,South African Rand (R),남아프리카공화국 랜드 (R),
gamestart_currency_sweden,Swedish Kronor (kr),스웨덴 크로나 (kr),
gamestart_currency_swiss,Swiss Francs (CHF),스위스 프랑 (CHF),
gamestart_currency_us,U.S. Dollars ($),미국 달러 ($),
gamestart_difficulty,Difficulty Level:,난이도:,
gamestart_difficulty_level,Level @COUNT,난이도 @COUNT,
gamestart_difficulty_level1,Easiest,가장 쉬움,
gamestart_difficulty_level1_desc,Easiest difficulty.,가장 쉬운 난이도,
gamestart_difficulty_level1_number,Level 1,난이도 1,
gamestart_difficulty_level2,Medium,보통,
gamestart_difficulty_level2_desc,Medium difficulty.,보통 난이도,
gamestart_difficulty_level2_number,Level 2,난이도 2,
gamestart_difficulty_level3,Aggressive AI,공격적인 AI,
gamestart_difficulty_level3_desc,More difficult. Computer player is more aggressive.,더 어려움. AI 경쟁자가 더 공격적으로 행동합니다.,
gamestart_difficulty_level3_number,Level 3,난이도 3,
gamestart_difficulty_level4,Taxes Enabled,각종 세금 활성화,
gamestart_difficulty_level4_alert,"Difficulty Level 4 is the same as Level 3, except that one or more of various types of taxes on capital may be imposed at some point during the game, usually during times of extreme economic conditions. (Good luck.)","난이도 4는 난이도 3과 기본적으로 동일하지만, 극심한 경기 변동이 일어날 때 다양한 종류의 자본세가 한 가지 이상 부과될 수 있다는 차이가 있습니다. (행운을 빕니다!)",
gamestart_difficulty_level4_alert_title,NOTE RE DIFFICULTY LEVEL 4:,난이도 4 경고:,
gamestart_difficulty_level4_desc,"Same as Level 3, but game may enact capital taxes at times (e.g., “Oil Windfall Profits Tax”).","난이도 3 과 동일, 자본세 이벤트 존재.",
gamestart_difficulty_level4_number,Level 4,난이도 4,
gamestart_difficulty_numbers,"(Levels 1, 2, 3, or 4)","(난이도 1, 2, 3, 4)",
gamestart_length,Game Length:,게임 길이:,
gamestart_length_desc,(1 to 999 years),(최소 1년 ~ 최대 999년),
gamestart_no_pending_offers,No offers to sell business assets at cost or stock holdings at market value are currently pending.,현재 대기 중인 기업 자산 (원가) 또는 보유 주식 (시가) 매각 제안이 없습니다.,
gamestart_pause,Start game paused,일시정지 상태로 게임 시작,
gamestart_playername,Enter Player Names:,플레이어 이름 입력:,
gamestart_startingmoney_1,Starting Money,초기 자금,
gamestart_startingmoney_2,per Player:,시작 금액 :,
gamestart_startingmoney_desc,(100 to 1000 M),"(최소 100 M. ~ 최대 1,000 M)",
gamestart_ticker,Ticker:,티커:,
gamestart_title,Startup Choices,게임 시작,
gamestart_totalplayer,(plus you = @COUNT players),(총 @COUNT 명),
gamestart_you,You:,본인:,
general_above,Above,상회,
general_actioncancel,Action is canceled.,작업이 취소되었습니다.,
general_add,Add,추가,
general_amountb,@AMOUNT B.,@AMOUNT B.,
general_analystrating,ANALYST RATING,애널리스트 등급,
general_analysts,ANALYST'S,애널리스트,
general_antitrust,Antitrust lawsuit,반독점 소송,
general_asset,Asset,자산,
general_bank,Bank,은행,
general_banking,Banking,은행업,
general_banklender,Bank lender,채권 은행,
general_bitcoin,Bitcoin,비트코인,
general_bondytm,Bond Yield to Maturity,채권 만기수익률,
general_bookvalue,BOOK VALUE/SHARE,주당 순자산,
general_borrow,Borrow,차입,
general_buy,Buy,매수,
general_buyer,BUYER:  @CORPFULL,매수자: @CORPFULL,
general_call,CALL,콜,
general_capacity,CAPACITY,생산능력,
general_capital_asset,CAPITAL ASSETS,자본 자산,
general_capital_assets,CAP. ASSETS,자본 자산,
general_carryover,CARRYOVER,이월금,
general_cashdd,Cash [DD],현금 [요구불예금],
general_cashflow_1,CASH FLOW,현금흐름,
general_cashflow_2,Cash Flow,현금흐름,
general_caution,CAUTION:,주의:,
general_ceo_of_corp,CEO of @CORPFULL,@CORPFULL의 CEO,
general_click,Click,클릭,
general_clickok,(Click on OK to continue),(계속하려면 확인을 클릭하세요),
general_commodities,Commodities,원자재,
general_companies,companies,기업,
general_company,Company,기업,
general_company_variant2,COMPANY,기업,
general_competent,Competent,유능,
general_computer,Computer,컴퓨터,
general_condition,Condition,조건,
general_contract,CONTRACT,계약,
general_contracts,CONTRACTS,계약,
general_control,CONTROL:,지배 구조:,
general_controlled,CONTROLLED,지배 주체,
general_corn,Corn,옥수수,
general_corp_pct,@CORPFULL (@CORP) @PCT,@CORPFULL(@CORP) @PCT,
general_corpbond,CORP BOND,회사채,
general_corpfull,@CORPFULL (@CORP),@CORPFULL (@CORP),
general_country,@COUNTRY,@COUNTRY,
general_covershort,Cover Short,숏 포지션 청산 (환매수),
general_credit,CREDIT,신용,
general_creditinfo,Credit Info,신용 정보,
general_creditrating1,Credit Rating,신용등급,
general_creditrating2,CREDIT RATING,신용등급,
general_currencyshow,(U.S. Dollar amounts shown in millions),($ M. 단위로 표시됨),
general_current,Current,현재,
general_current_variant2,CURRENT,현재,
general_currentprice,Current price is: US@AMOUNT.,현재 가격: US@AMOUNT.,
general_currentprice_variant2,The current price is: $@AMOUNT.,현재 가격: @AMOUNT.,
general_declining,DECLINING,감소,
general_demand,DEMAND,수요,
general_difficulty,Difficulty,난이도,
general_dividend_yield,DIVIDEND YIELD,배당수익률,
general_dollar_milion,$ M.,$ M.,
general_dollarmilion,$ MILLIONS,$ M.,
general_dulynoted,Duly noted....,잘 알겠습니다....,
general_earningsprojection,EARNINGS PROJECTION:,예상 실적,
general_earningtrend,EARNINGS TREND:,실적 추이:,
general_error,ERROR...,오류....,
general_etf,Exchange-Traded Fund,상장지수펀드,
general_eth,ETH,ETH,
general_ethereum,Ethereum,이더리움,
general_euro,EURO,유로,
general_excellent,Excellent,훌륭,
general_failing,Failing,실패,
general_finances,FINANCES:,재무 상태:,
general_fit_to_view,Fit to view,전체 맞춤,
general_futures,FUTURE,선물,
general_gdp,GDP,GDP,
general_gold,Gold,금,
general_good,Good,좋음,
general_good_variant2,Moderate,보통,
general_good_variant3,Strong,매우 좋음,
general_good_variant4,Weak,낮음,
general_govt_long_intrate,Long-Term Govt. Bond Interest Rate,장기 국채 금리,
general_govt_short_intrate,Bank Prime Interest Rate,은행 우대 금리,
general_govt_short_intrate_1,Short-Term Govt. Bond Interest Rate,단기 국채 금리,
general_govtbond,GOVT BOND,국채,
general_growthrate,GROWTH RATE,성장률,
general_hold,Hold,보유,
general_hold_variant2,HOLD,보유,
general_improving,IMPROVING,개선,
general_ind,Industry,업종,
general_industry,INDUSTRY,산업,
general_industrygroup,INDUSTRY GROUP,산업군,
general_insurance_1,INSURANCE,보험,
general_insurance_2,Insurance,보험,
general_interestrate_cd,Interest Rate Paid on CD's: @PCT,CD(양도성예금증서) 지급 금리: @PCT,
general_investadvisor,Investment Advisor,투자 자문사,
general_key,↵ submit • ⇥ autofill,↵ 입력 • ⇥ 자동 입력,
general_key2,↵ submit • ⇥ autofill • ↑/↓ up/down,↵ 입력 • ⇥ 자동 입력 • ↑/↓ 위/아래,
general_key3,↵ select • ↑/↓ navigate,↵ 선택 • ↑/↓ 탐색,
general_key4,⇥ autofill • ↑/↓ up/down,⇥ 자동완성 • ↑/↓ 위아래 이동,
general_key5,↑/↓ up/down • ⇥ autofill,↑/↓ 위아래 이동 • ⇥ 자동완성,
general_key6,Type company symbol/name • ↑/↓ to navigate,기업 티커/이름 입력 • ↑/↓ 탐색,
general_key7,Scroll to zoom • Drag to pan • Click a node to navigate,마우스 스크롤로 줌 • 드래그로 둘러보기 • 노드를 클릭하여 탐색하기,
general_key8,↑/↓ navigate • Enter submit • Esc cancel,↑/↓ 탐색 • Enter 입력 • Esc 취소,
general_key9,↵ submit • ↑/↓ up/down,↵ 제출 • ↑/↓ 위아래 이동,
general_longbond,Long Bond,장기 국채,
general_longterm,LONG-TERM,장기,
general_market,MARKET,시장,
general_marketcap,Market Cap,시가총액,
general_marketing,MARKETING,마케팅,
general_max_aquisition,Maximum Size of Acquisition,최대 인수 가능 규모,
general_mediocre,Mediocre,무난,
general_milion,million,M.,
general_milion_gainlossowed,@AMOUNT million {Gains|Losses|Owed},@AMOUNT M.의 {수익|손실|채무},
general_negative,Negative,음수,
general_nmf,NMF (No Meaningful Figure),NMF (유의미한 수치 없음),
general_none_in_existence,No {[1]interest rate swaps|options contracts} are in existence at the present time.,현재 존재하는 {[1]금리 스왑 거래가|옵션 계약이} 없습니다.,
general_not_trade,NOT TRADED,비상장,
general_oil,Oil,석유,
general_oneyear,ONE-YEAR,1년,
general_option,OPTION,옵션,
general_owned,OWNED,소유,
general_per,P/E RATIO,PER,
general_physical,PHYSICAL,현물,
general_player,Player,플레이어,
general_poor,Poor,무능,
general_position,POSITION,포지션,
general_positive,Positive,양수,
general_prefix_eco_market,ECONOMY AND MARKETS:,경제 및 시장 동향:,
general_prefix_ind_info,INDUSTRY INFORMATION:,산업 정보:,
general_press_ok,[PRESS 'OK' TO {[1]EXIT|CONTINUE}],['확인'을 눌러 {[1]종료|계속}],
general_price,Price,가격,
general_price_alert,Price Alert {[1]Set|''} for @CORPFULL,@CORPFULL {[1]종목 가격 알림이 설정되었습니다.|가격 알림},
general_price_in_dollar,PRICE IN U.S. $,미국 달러 기준,
general_primeintrate,Prime Interest Rate,우대 금리,
general_primerate,Prime Rate,우대 금리,
general_profit,PROFIT,이익,
general_proj_annual_cashflow,Proj. Annual Cash Flow,연간 현금흐름 전망,
general_projection,Projection,예상치,
general_put,PUT,풋,
general_puts,PUTS,풋 옵션,
general_repay,Repay,상환,
general_required,Required,필요,
general_selection,Selected:,선택:,
general_sell,Sell,매도,
general_share,SHARE,지분,
general_short_term_bill,Short-term Treasury Bills,단기 국채,
general_silver,Silver,은,
general_stable,STABLE,안정적,
general_stock,STOCK,주식,
general_stockowned,STOCK OWNED,소유한 주식,
general_stockprice,@CORPFULL share price: @AMOUNT.,@CORPFULL 주가: @AMOUNT.,
general_stockprice_graph,@PLAYER Stock Price,@PLAYER 주가,
general_strongbuy,Strong Buy,적극 매수,
general_strongbuy_caps,STRONG BUY,적극 매수,
general_strongsell,Strong Sell,적극 매도,
general_submit,↵ submit,↵ 입력,
general_subprimemort,SUBPRIME MORT.,서브프라임 모기지,
general_swap,SWAP,스왑,
general_symbol,Symbol,티커,
general_taxable_liquidation,Taxable liquidation,과세 청산,
general_transaction_canceled,The transaction is canceled.,거래가 취소되었습니다.,
general_transaction_canceled_title,TRANSACTION IS CANCELED...,거래가 취소되었습니다...,
general_transaction_canceled_variant2,Transaction canceled.,거래가 취소되었습니다.,
general_transaction_comp,Transaction completed.,거래 완료.,
general_type_corp,Type in the symbol or name of a company:,"기업의 티커, 또는 기업명을 입력하십시오.",
general_warning,WARNING:,경고:,
general_wheat,Wheat,밀,
general_wsr,Wall Street Raider,월 스트리트 레이더,
general_yearquater_govtbond,@YEAR1.@QNUM1 @YEAR2.@QNUM2 {[1]LONG BOND|SHORT BOND|PRIME RATE},@YEAR1.@QNUM1분기 @YEAR2.@QNUM2분기 {[1]장기채|단기채|우대금리},
general_yield,YIELD,수익률,
general_you,You,당신,
global_autopilot_changed_1,"This means that all of your controlled companies (EXCEPT the company of which you are the President & CEO) will now be managed by the program, in the same way as companies that you do not control.","즉, 사장 겸 CEO로 재직하고 있는 기업을 제외한, 지배 하의 모든 회사가 이제 지배하지 않는 일반 회사들과 마찬가지로 알고리즘이 대신 관리한다는 뜻입니다.",
global_autopilot_changed_2,"You can still make decisions for any of your controlled companies, like having a company buy a particular stock or setting its growth rate, but the program may later decide to sell off that stock or to raise or lower the company's asset growth rate from where you had set it.","오토파일럿 설정을 켜도, 여전히 지배 중인 회사들이 특정 주식을 매수하도록 하거나, 성장률을 설정하는 등의 결정을 내릴 수 있습니다. 하지만 오토파일럿 기능은 수동으로 구입한 주식을 매도하거나, 설정한 성장률을 임의로 조정하게 될 수도 있습니다.",
global_autopilot_changed_3,"The program will not initiate certain major transactions, such as a stock purchase or merger, without your permission, except under certain extreme conditions.","이 알고리즘은 극단적인 예외 상황을 제외하면, 플레이어의 승인 없이 주식 매수, 기업 인수합병 등의 중요한 거래를 임의로 진행하지 않습니다.",
global_autopilot_changed_4,NOTE: This has changed the AutoPilot setting for the companies you control.,참고: 지배 중인 기업들의 오토파일럿 설정이 변경되었습니다.,
global_autopilot_changed_5,"However, you may use the 'Toggle AutoPilot On/Off' button on the Management Menu to change this setting for any individual company, notwithstanding this global setting.","다만, 전역 설정과 무관하게 경영 메뉴의 '오토파일럿 켜기/끄기' 버튼으로 각각 기업마다 이 설정을 따로 변경할 수 있습니다.",
global_autopilot_changed_ceo,"Note, however, you are President and CEO of @CORPFULL, for which you will still need to make all management decisions.","다만, @CORPFULL의 사장 겸 CEO이므로, 해당 기업에 대해서는 계속 모든 경영 의사결정을 직접 내려야 합니다.",
global_autopilot_changed_header,The AutoPilot Global Setting feature is now turned ON.,전역 오토파일럿 설정이 켜졌습니다,
global_autopilot_off_body,"You must now set all policies and make all significant management decisions for companies you control, such as setting their growth rate, spending on R&D or marketing, dividend payout, etc. (However, forced sales of assets or closing of short positions or other changes in settings may occur without your action or consent, when necessary to correct cash shortages or when companies you manage fail to meet certain financial requirements.)","이제부터는 지배 중인 기업들의 성장률 설정, R&D·마케팅 지출, 배당금 지급 등 모든 정책과 주요 경영 결정을 직접 내려야 합니다. (다만, 현금 부족을 해소해야 하거나 관리 중인 기업이 특정 재무 요건을 충족하지 못하는 경우에는, 별도 조치나 동의 없이도 자산의 강제 매각, 공매도 포지션 청산, 그 밖의 설정 변경이 발생할 수 있습니다.)",
global_autopilot_off_header,The AutoPilot feature is now turned OFF.,오토파일럿 기능이 꺼졌습니다.,
global_autopilot_toggle_1,"If you answer 'YES,' you will change the AutoPilot setting for all the companies you control.","'네'를 선택할 경우, 지배하고 있는 모든 기업의 오토파일럿 설정이 변경됩니다.",
global_autopilot_toggle_2,The current (global) AutoPilot setting for your companies is: @STATE.,현재 (전역) 자율 운영 설정은 @STATE 상태입니다.,
global_autopilot_toggle_3,ARE YOU SURE YOU WANT TO CHANGE THE AUTOPILOT SETTING FOR ALL OF YOUR COMPANIES?,정말로 소유하고 있는 모든 기업들의 오토파일럿 설정을 변경하시겠습니까?,
global_autopilot_toggle_title,YOU ARE ABOUT TO CHANGE A 'GLOBAL' SETTING!,'전역' 설정을 변경합니다!,
graph_bb,"BB(20,2)","볼린저 밴드 (20,2)",
graph_candle,Candle,막대,
graph_ema,EMA(12),12일 지수 이평선,
graph_estvol,Est.Vol,추정 거래량,
graph_line,Line,선,
graph_macd,MACD,이동평균수렴·다이버전스,
graph_ohlc,OHLC,OHLC,
graph_rsi,RSI,상대강도지수,
graph_sma,SMA(6),6일 이평선,
graph_stockindex,Stock Index,주가지수,
graph_vol,Vol,거래량,
list_futurecontract,List of Commodity & Index Futures Contracts for @PLAYER as of @MONTHNUM/@YEAR,@YEAR년 @MONTHNUM월 기준 @PLAYER의 원자재 및 지수 선물 계약 목록,
list_futurecontract_contract_price,* Value of commodity/index to be bought/sold at the contract price.,약정 가격으로 매매되는 기초자산 (원자재/지수)의 평가액,
list_futurecontract_differ_price_1,** Amount by which the current value of a contract differs from the contract price.,** 계약의 현재 가치와 계약 가격 간의 차액입니다.,
list_futurecontract_differ_price_2,"(Net gain or loss, EXCLUDING commissions.)",(수수료를 제외한 순손익 기준),
list_futurecontract_differ_price_3,Unit prices are in U.S. dollars.,단가는 미국 달러 기준입니다.,
list_futurecontract_differ_price_4,All other money amounts shown are in millions of U.S. Dollars.,그 외 표시된 모든 금액은 미국 달러 기준 M. 단위입니다.,
list_futurecontract_differ_price_5,(CLICK ON LINE ITEM TO SELECT CONTRACT TO TRADE),(거래할 선물 계약을 클릭하여 선택하십시오),
list_futurecontract_differ_price_full,"** Amount by which the current value of a contract differs from the contract price. (Net gain or loss, EXCLUDING commissions.) (Unit prices are in U.S. dollars. All other money amounts shown are in millions of U.S. Dollars.)","** 계약의 현재 가치와 계약 가격 간의 차액입니다. (수수료를 제외한 순손익 기준) (단가는 미국 달러 기준이며, 그 외 표시된 모든 금액은 미국 달러 기준 M. 단위입니다.)",
list_futurecontract_margin_account,BALANCE IN COMMODITY MARGIN ACCOUNT (POSITIVE OR NEGATIVE):,원자재 증거금 계좌 잔액 (양수 또는 음수):,
list_futurecontract_value_account,NET VALUE OF COMMODITIES TRADING ACCOUNT: @AMOUNT,원자재 거래 계좌 순자산: @AMOUNT,
list_futurecontract_value_contracts,TOTAL INCREASE (-DECREASE) IN VALUE OF FUTURES CONTRACTS:,선물 계약 평가액 총 증가 (-감소)액:,
load_game_1,Select a saved game to load:,저장된 게임을 선택하십시오:,
load_game_2,"This game is being played at Difficulty Level @COUNT (of 4), Click on displayed stock index, GDP growth rate, commodity prices, interest rates, or your Net Worth display number to view a chart history of up to 5 years for those items.","이 게임은 난이도 @COUNT (4단계 중)로 진행 중입니다. 화면에 표시된 주가지수, GDP 성장률, 원자재 가격, 금리, 순자산 수치를 클릭하면 최대 5년치 차트 기록을 확인할 수 있습니다",
load_game_2_1,"Click on displayed stock index, GDP growth rate, commodity prices, interest rates, or your Net Worth display number to view a chart history of up to 5 years for those items.","화면에 표시된 주가지수, GDP 성장률, 원자재 가격, 금리, 순자산 수치를 클릭하면 최대 5년치 차트 기록을 확인할 수 있습니다.",
load_game_title,Load Saved Game,게임 불러오기,
loadgame_popup1,This game is being played at Difficulty Level ,이 게임은 난이도 ,
loadgame_popup2," (of 4) Click on displayed stock index, GDP growth rate, commodity prices, interest rates, or your Net Worth display number to view a chart history of up to 5 years for those items."," (4단계 중)로 진행 중입니다. 화면에 표시된 주가지수, GDP 성장률, 원자재 가격, 금리, 순자산 수치를 클릭하면 최대 5년치 차트 기록을 확인할 수 있습니다.",
mainmenu_delete_save_1,Are you sure you want to delete the saved game '@FILENAME'?,저장된 게임 '@FILENAME'을/를 정말 삭제하시겠습니까?,
mainmenu_delete_save_2,This action cannot be undone.,이 결정은 되돌릴 수 없습니다.,
mainmenu_delete_save_title,Delete Saved Game,저장된 게임 삭제,
mainmenu_discord,Discord,디스코드,
mainmenu_exit,EXIT,나가기,
mainmenu_heatmap_desc,Hover over a company to see details,기업 위에 마우스를 올리면 상세 정보가 표시됩니다,
mainmenu_jcredit,Credits,크레딧,
mainmenu_jenkins,Jenkins Terminal v,젠킨스 터미널 v,
mainmenu_load_delete,Delete,삭제,
mainmenu_load_load,Load,불러오기,
mainmenu_load_opensavefolder,Open Saves Folder,세이브 파일 열기,
mainmenu_loadgame,Load Game,불러오기,
mainmenu_log,View Logs,로그 보기,
mainmenu_mod_browse,Browse Workshop,워크숍 둘러보기,
mainmenu_mod_browse_steam,Browse Workshop in Steam,Steam에서 워크숍 둘러보기,
mainmenu_mod_description,Checking Steam Workshop…,Steam 워크숍 확인 중…,
mainmenu_mod_publish,Publish a Mod…,모드 게시…,
mainmenu_mod_restart,Active on next game restart.,다음 게임 재시작 시 적용됩니다.,
mainmenu_mod_title,Steam Workshop — Mods,Steam 워크숍 — 모드,
mainmenu_mods,Mods,모드,
mainmenu_newgame,New Game,새 게임,
mainmenu_reddit,Reddit,레딧,
mainmenu_steam,Steam,스팀,
mainmenu_story1,"At 3 AM, Jenkins would race to encode financial logic before understanding slipped away. The result: code that worked perfectly for decades, yet even he no longer fully comprehended.","새벽 3시, 젠킨스는 번뜩 떠오른 금융 로직을 잊기 전에 서둘러 코드를 작성하고는 했습니다. 그렇게 완성된 코드는 지난 수십 년 동안 완벽하게 작동했지만, 정작 자기 자신조차 작동 방식을 완전히 이해할 수 없게 되어버렸습니다.",
mainmenu_story_full,Read the full story at wallstreetraider.com →,wallstreetraider.com 에서 전체 이야기 읽기 →,
mainmenu_text_catchprise,The most realistic Wall Street simulation ever created,현존하는 가장 현실적인 월 스트리트 시뮬레이션,
mainmenu_text_ea,Early Access,얼리억세스,
mainmenu_text_simulated,Simulated Companies,,
mainmenu_tutorial,Tutorial,튜토리얼,
mainmenu_tutorial_tutorial,Tutorials,튜토리얼,
mainmenu_tutostart,Setting up your tutorial…,튜토리얼을 시작합니다...,
mainmenu_warning,Simulated markets. Not investment advice.,"시장 시뮬레이터지, 투자 조언자가 아닙니다.",
mainmenu_web,Website,웹사이트,
mainmenu_years,years,,
mainui_6month_projection,6-MONTH INDUSTRY GROWTH RATE PROJECTIONS (NON-FINANCIAL INDUSTRIES):,6개월 산업 성장률 전망 (비금융 산업):,
mainui_actionbar_limit_control,Switch to a company you control to show the action bar.,액션바를 활성화하려면 본인 소유의 회사로 전환하십시오.,
mainui_advance_0,You do not have any advances outstanding to any corporations at this time.,현재 기업 선지급금이 없습니다.,
mainui_advisorysummary,Advisory Summary,자문 요약,
mainui_alert_confirm_above,You will receive a notification message (once) if the price of @CORPFULL (@CORP) goes below @AMOUNT per share.,@CORPFULL(@CORP) 주가가 대상 가격인 @AMOUNT 이하로 하락할 경우 알림 메시지가 나타납니다.,
mainui_alert_confirm_above_variant2,You will receive a notification message (once) if the price of @CORPFULL (@CORP) goes above @AMOUNT per share.,@CORPFULL(@CORP) 주가가 대상 가격인 @AMOUNT 이상으로 상승할 경우 알림 메시지가 나타납니다.,
mainui_alert_confirm_alertyear,"This alert setting will remain in effect for approximately one year from today's game date, or until you receive an alert that the price target has been reached, whichever occurs earlier.","해당 알림 설정은 게임 내 오늘 날짜 기준으로 약 1년간 유지되며, 목표가 도달 알림을 받게 되면 자동으로 해제됩니다.",
mainui_alert_confirm_title,CONFIRMATION OF PRICE ALERT FOR STOCK OF @CORPFULL:,@CORPFULL 주가 알림 설정 확인:,
mainui_alert_create_search,"Search stocks, commodities, rates, or crypto:","주식, 원자재, 이자율, 또는 암호화폐 검색:",
mainui_alert_create_title,Create Price Alert,가격 알림 설정,
mainui_alert_noalert,"No alerts set. Click ""New Alert"" to create one.","설정된 알림이 없습니다. 알림을 만들려면 ""새 알림""를 클릭하십시오",
mainui_alert_noposition,"You have no positions in stocks, convertible bonds, or options at present","현재 주식, 전환사채, 옵션 중 어느 포지션도 보유하고 있지 않습니다",
mainui_alert_target,Target:,대상 가격:,
mainui_alert_title,Price Alerts,가격 알림,
mainui_alert_when,When:,해당 조건,
mainui_alert_when_above,Price goes BELOW,가격 하락,
mainui_alert_when_above_variant2,Price goes ABOVE,가격 상승,
mainui_analyst_summ,Analyst Summary,애널리스트 요약,
mainui_analyst_summ_analystrating,Analyst Rating,애널리스트 등급,
mainui_analyst_summ_book_val,Book Value/Share,주당순자산가치,
mainui_analyst_summ_dividend,Dividend Yield,배당수익률,
mainui_analyst_summ_per,P/E Ratio,PER,
mainui_analyst_summ_report,View Research Report,리서치 리포트 보기,
mainui_autoalert_nomore,"All stocks in which you have equity positions (stocks, convertible bonds, or options), or of companies that you indirectly control, or ETFs that are managed by companies you control, were already on the list.","지분을 보유한 모든 종목 (주식, 전환사채, 옵션), 간접 지배 중인 기업의 주식, 또는 지배하고 있는 기업이 운용하는 상장지수펀드 (ETF)는 이미 목록에 포함되어 있습니다.",
mainui_autopilot_responsibility_notice,"As such, you are fully responsible for running the company, and cannot delegate your duties by putting the company on 'AutoPilot' status.","따라서 기업 운영에 대한 전적인 책임이 있으며, 기업을 '오토파일럿' 상태로 전환하여 업무를 위임할 수 없습니다.",
mainui_bankrupty,"@CORPFULL HAS JUST GONE BANKRUPT--ALL STOCK OF ITS CURRENT SHAREHOLDERS HAS BEEN CANCELED.... THE COMPANY HAS GONE OUT OF BUSINESS, AS IT NO LONGER HAS ANY ASSETS.... MOST OF ITS TOP-RANKING EXECUTIVES HAVE FLED TO COUNTRIES WITHOUT EXTRADITION TREATIES....",@CORPFULL이/가 방금 파산했습니다--기존 주주들의 주식은 모두 소각되었습니다.... 회사는 남은 자산이 없어 폐업했습니다.... 고위 임원 대부분은 범죄인 인도 조약이 없는 나라로 도피했습니다....,
mainui_bond_face_value,(face value) of @CORP {junk|corporate} bonds.,@CORP {정크본드|회사채}의 액면가.,
mainui_borrowing,Borrowing,차입,
mainui_borrowing_cap_gain,YTD Realized Cap Gains,연초 이후 누계 실현 자본이득,
mainui_borrowing_ratio,Debt / Equity Ratio,부채 비율,
mainui_businessworldnews,=== BUSINESS AND WORLD NEWS UPDATE ===,=== 주요 경제 및 세계 뉴스 ===,
mainui_businessworldnews_breaking,>>>  BREAKING FINANCIAL NEWS  <<<,>>>  금융 속보  <<<,
mainui_button_advance,Advance Funds,자금 선지급,
mainui_button_advance_1,Advance funds,자금 선지급,
mainui_button_alerts,Alerts,알림,
mainui_button_all,All,All,
mainui_button_autopilot,AutoPilot,오토파일럿,
mainui_button_autopilottoggle,Toggle Global Autopilot,오토파일럿 기능 토글,
mainui_button_back,← Back,← 뒤로,
mainui_button_breakdown,View Breakdown,세부 정보 보기,
mainui_button_cancel,Cancel,취소,
mainui_button_changelaw,Change law firm,로펌 변경,
mainui_button_cheat,Cheats,치트,
mainui_button_cheat_cash,Add/Subtract Cash,현금 추가/제거,
mainui_button_cheat_disable,Disable Cheats,치트 비활성화,
mainui_button_cheat_disablelawsuits,Disable Lawsuits,소송 비활성화,
mainui_button_cheat_insiderinfo_earning,Inside Info: Earnings,내부자 정보: 실적,
mainui_button_cheat_insiderinfo_merge,Inside Info: Merger,내부자 정보: 합병,
mainui_button_clear,Clear,비우기,
mainui_button_close,Close,닫기,
mainui_button_continue,Continue →,계속 →,
mainui_button_createswap,Create Swap,스왑 계약 체결,
mainui_button_earningalert_off,Earnings Alerts: Off,실적 알림: 꺼짐,
mainui_button_earningalert_on,Earnings Alerts: On,실적 알림: 켜짐,
mainui_button_exit,Exit,나가기,
mainui_button_exitgame,Exit Game,게임 종료,
mainui_button_fill,Fill,자동 채우기,
mainui_button_fullfinancial,View Full Financial Disclosure,전체 재무 정보 공시 확인,
mainui_button_govtbond,Govt Bonds,국채,
mainui_button_help,Help,도움말,
mainui_button_hint,Hint,힌트,
mainui_button_issue,Issue,발행,
mainui_button_issuecorp,Issue Corp Bonds,회사채 발행,
mainui_button_lawfirm,Change Law Firm,로펌 변경,
mainui_button_mycorp,My Corps,소유한 기업들,
mainui_button_newalert,New Alert,새 알림,
mainui_button_no,No,아니요,
mainui_button_offer,OFFER,제안,
mainui_button_ok,OK,확인,
mainui_button_openhelp,Open Help,도움말 열기,
mainui_button_ownership_futures,Futures,선물,
mainui_button_ownership_management,Management Contracts,투자 운용 계약,
mainui_button_ownership_options,Options,옵션,
mainui_button_ownership_stock,Stocks,주식,
mainui_button_ownership_swap,Swaps,스왑,
mainui_button_physical,Physical,현물,
mainui_button_rebrand,✎ Rebrand,✎ 리브랜딩,
mainui_button_recall,Recall,회수,
mainui_button_redeem,Redeem,상환,
mainui_button_save,Save Game,게임 저장,
mainui_button_saveas,Save As,다른 이름으로 저장,
mainui_button_setting,Settings,설정,
mainui_button_shorts,Shorts,공매도,
mainui_button_submit,Submit,확인,
mainui_button_switchbank,Switch Banks,은행 변경,
mainui_button_taxable_liquidation,Taxable Liquidation,과세 청산,
mainui_button_taxfree_liquidation,Tax-Free Liquidation,비과세 청산,
mainui_button_yes,Yes,네,
mainui_cancle,Canceling.... That won't fly,취소 중.... 그건 안 됩니다,
mainui_changebank,Change bank,은행 변경,
mainui_cheat_disabled,Cheats disabled. You will no longer be offered 'ethical choice' scenarios.,치트가 비활성화되었습니다. 앞으로 '윤리적 선택' 시나리오가 제시되지 않습니다.,
mainui_cheat_needmoremoney,"You have paid serious money to your informant. You need to act on it if you wish to earn a good return on that ""investment"" in valuable information","정보원에게 거액을 지불했습니다. 이 값진 정보라는 ""투자""에서 좋은 수익을 얻고 싶다면 지금 행동해야 합니다",
mainui_click_select,"(CLICK ON ANY ITEM TO SELECT {LONG COMPANY|COMPANY|ETF} AS ""ACTIVE ENTITY"")",(항목을 클릭하여 {롱 포지션 기업|기업|ETF} 정보 확인),
mainui_commodity_unit_desc_1,"* Each ""unit"" has same number of ounces, etc., as 1 futures contract:","* 각 ""단위""의 수량은 선물 계약 1건과 같습니다:",
mainui_commodity_unit_desc_2,"1,000 ounces (oz.) of gold, 10,000 barrels (bbl.) of oil or ounces","금 1,000온스 (oz.), 원유 10,000배럴 (bbl.) 또는",
mainui_commodity_unit_desc_3,"(oz.) of silver, or 100,000 bushels (bu.) of wheat or corn.","은 10,000온스 (oz.), 밀이나 옥수수 100,000부셸 (bu.)",
mainui_company_info,Company Information,기업 정보,
mainui_confirmation,Confirmation,확인,
mainui_confirmation_1,CONFIRMATION,확인,
mainui_confirmation_2,CONFIRMATION:,확인:,
mainui_corporate_raiders,NAMES OF CORPORATE RAIDERS:,기업 사냥꾼 명단:,
mainui_economic_data,ECONOMIC STATISTICS AND DATA:,경제 통계 및 데이터:,
mainui_entercommand,Enter command...,명령어 입력...,
mainui_fullscreen,Fullscreen,전체 화면,
mainui_gameend_header,===  Wall Street Raider:  FINAL STANDINGS ===,=== 벽 거리 날강도: 최종 순위 ===,
mainui_gameover_1,"You humans don't do very well at these games that require some modicum of intelligence, do you?",지능이라는 게 필요한 게임에서 인간들은 쩔쩔매곤 하죠. 안 그렇습니까?,
mainui_gameover_2,"You're too easily sucked into buying overpriced stocks, every time.... No?",매번 거품 가득한 주식에 낚여서 신세를 망치다니 말입니다.... 안 그런가요?,
mainui_gameover_3,"Congratulations, chump.... Is that you in the soup line?","축하합니다, 얼간이 씨.... 저기 무료급식 줄에 서 있는 게 본인인가요?",
mainui_gameover_networth,NET WORTH: NIL,순자산: 없음,
mainui_gamewinner,THE WINNER IS: @PLAYER,승리자: @PLAYER,
mainui_heatmap_marketcap,Market Cap:,시가총액:,
mainui_heatmap_outstandshares,Outstanding Shares:,발행주식수:,
mainui_heatmap_stockprice,Stock Price:,주가:,
mainui_hitmap_demandg,Demand Growth:,수요 성장률:,
mainui_hitmap_desc,Hover over a sector to see details,업종 위에 마우스를 올리면 상세 정보가 표시됩니다,
mainui_hitmap_longg,Long-Term Growth:,장기 성장률:,
mainui_hitmap_totalm,Total Market Cap:,총 시가총액:,
mainui_holdings_3month,3-Mo Cash Proj,3개월 예상 현금흐름,
mainui_holdings_action,Actions,거래,
mainui_holdings_action_buymore,Buy More,추가 매수,
mainui_holdings_action_cover,Cover,공매도 상환,
mainui_holdings_action_detail,Details,상세,
mainui_holdings_action_exercise,Exercise,행사,
mainui_holdings_action_for_sale,For Sale,할인 판매,
mainui_holdings_action_spinoff,Spin-Off,분사,
mainui_holdings_action_terminate,Terminate,해지,
mainui_holdings_bond_row,{L|S}-Bond @PCT due @YEAR,{장기|단기} 채권 @PCT (만기 @YEAR년),
mainui_holdings_chart,Chart,차트,
mainui_holdings_costbasis,Cost Basis,취득 원가,
mainui_holdings_exp,Expiry,만기,
mainui_holdings_fut_bitcoin,Bitcoin Futures,비트코인 선물,
mainui_holdings_fut_corn,Corn Futures,옥수수 선물,
mainui_holdings_fut_ethereum,Ethereum Futures,이더리움 선물,
mainui_holdings_fut_gold,Gold Futures,금 선물,
mainui_holdings_fut_oil,Oil Futures,석유 선물,
mainui_holdings_fut_silver,Silver Futures,은 선물,
mainui_holdings_fut_wheat,Wheat Futures,밀 선물,
mainui_holdings_lbond,L-Bond @PCT due @YEAR,@YEAR 만기 @PCT 장기국채,
mainui_holdings_mktval,Mkt Val,시가총액,
mainui_holdings_owner,Owner,소유자,
mainui_holdings_phys_bitcoin,Bitcoin (Physical),비트코인 (현물),
mainui_holdings_phys_corn,Corn (Physical),옥수수 (현물),
mainui_holdings_phys_ethereum,Ethereum (Physical),이더리움 (현물),
mainui_holdings_phys_gold,Gold (Physical),금 (현물),
mainui_holdings_phys_oil,Oil (Physical),원유 (현물),
mainui_holdings_phys_silver,Silver (Physical),은 (현물),
mainui_holdings_phys_wheat,Wheat (Physical),밀 (현물),
mainui_holdings_pl,P&L,손익,
mainui_holdings_plpercent,P&L %,손익 %,
mainui_holdings_pos,Pos,포지션,
mainui_holdings_pos_long,LONG,롱,
mainui_holdings_pos_short,SHORT,숏,
mainui_holdings_qty,Qty / %,지분,
mainui_holdings_rating,RATING,등급,
mainui_holdings_rating_variant2,Rating,등급,
mainui_holdings_sbond,S-Bond @PCT due @YEAR,@YEAR 만기 @PCT 단기국채,
mainui_holdings_search,"Search (comma-separate for OR, e.g. ABC, XYZ)","검색 (쉼표로 OR 조건 구분, 예: ABC, XYZ)",
mainui_holdings_show_subholdings,Show Subsidiary Holdings,자회사가 보유한 지분 보기,
mainui_holdings_stockindex,Stock Index Futures,주가지수 선물,
mainui_holdings_swap_longbond,Long Bond Rate,장기 국채 금리,
mainui_holdings_title,Holdings & Portfolio,보유 자산과 포트폴리오,
mainui_holdings_type,Type,종류,
mainui_holdings_yieldrate,Yield/Rate,수익률,
mainui_incorporated,Incorporated in:,설립 국가:,
mainui_indicator,Market Indicators,시장 지표,
mainui_indicator_comm_index,Commodities & Indexes,원자재 및 지수,
mainui_indicator_comm_index_corn,CORN,옥수수,
mainui_indicator_comm_index_gold,GOLD,금,
mainui_indicator_comm_index_index,INDEX,지수,
mainui_indicator_comm_index_oil,OIL,석유,
mainui_indicator_comm_index_silver,SILV,은,
mainui_indicator_comm_index_spx,SPX,주가지수,
mainui_indicator_comm_index_wheat,WHEAT,밀,
mainui_indicator_comm_index_wheat_1,WHT,밀,
mainui_indicator_crypto,Crypto,암호화폐,
mainui_indicator_macro,Macroeconomic,거시 경제,
mainui_indicator_macro_lbond,LBOND,장기국채,
mainui_indicator_macro_prime,PRIME,우대금리,
mainui_indicator_macro_primerate,PRIME RATE,우대금리,
mainui_indicator_macro_sbond_variant3,SBOND,단기국채,
mainui_info_controlledby,Controlled By,지배 주체,
mainui_info_country,Country,국적,
mainui_info_country_unknown,Unknown,알 수 없음,
mainui_info_high_low,52-Wk High / Low,52주 최고 / 최저,
mainui_info_nextearnings,Next Earnings,다음 실적 발표,
mainui_info_player,Personal Profile,개인 프로필,
mainui_info_player_emplo_status,Employment Status,고용 상태,
mainui_info_player_emplo_status_indp,Independent,독립,
mainui_info_player_name,Name,이름,
mainui_info_player_trend,Net Worth Trend,순자산 추이,
mainui_info_sharesout,Shares Out.,발행 주식 수,
mainui_info_stockprice,Stock Price,주가,
mainui_leadership,Leadership,경영진,
mainui_leadership_ceo,CEO,CEO,
mainui_leadership_electceo,Elect as CEO,CEO 선임,
mainui_leadership_fire,Fire Management,경영진 해고,
mainui_leadership_reputation,Reputation,평판,
mainui_liquidation_carryoverloss_1,Loss of Tax Loss Carryovers,이월결손금 세제 혜택 소멸 경고,
mainui_liquidation_carryoverloss_2,"Liquidation will cause loss of the tax loss carryovers of @CORPFULL, in the amount of @AMOUNT.",법인 청산 시 @CORPFULL이 보유한 총 @AMOUNT 규모의 이월결손금이 소멸됩니다.,
mainui_liquidation_carryoverloss_3,ARE YOU SURE YOU WANT TO LOSE THOSE TAX BENEFITS?,해당 이월결손금 공제 혜택을 포기하고 청산을 진행하시겠습니까?,
mainui_liquidation_limit_bank,@CORP1 is {fund manager for|investment manager of} @CORPFULL (@CORP2).,@CORP1은/는 @CORPFULL (@CORP2)의 {펀드|자산} 운용사입니다.,
mainui_liquidation_taxfree_no_1,"A non-taxable {[1](Section 332)|''} liquidation is not permitted, because @CORPFULL is not a @PCT - owned subsidiary of another company in the same industry.","@CORPFULL은/는 동일 업종 내 다른 기업의 @PCT 이상 소유 자회사가 아니므로, {[1]비과세 청산 (미국 세법 332조)|비과세 청산}은 허용되지 않습니다.",
mainui_liquidation_taxfree_no_2,Do you want to attempt to do a TAXABLE {[1](Section 331)|''} liquidation of @CORPFULL?,@CORPFULL의 {[1]과세 (미국 세법 331조)|과세} 청산을 시도하시겠습니까?,
mainui_loading_ownership,Loading ownership data...,지분 보유 정보 불러오는 중...,
mainui_marketshare,Market Share,시장점유율,
mainui_na,* N/A means Not Applicable,* N/A는 해당 없음을 의미합니다,
mainui_networth,Net Worth,순자산,
mainui_networth_history,Net Worth History,순자산 추이,
mainui_news,News,뉴스,
mainui_nocontract,No contract selected ....,선택된 계약이 없습니다 ....,
mainui_nomatch,No matches found,일치하는 데이터 없음,
mainui_noresult,No results,결과 없음,
mainui_note_bondconvertible,** - Indicates that the company's bonds are convertible into stock.,** - 해당 기업의 채권이 주식으로 전환 가능함을 나타냅니다.,
mainui_note_computercompany,_C - Denotes company controlled by another corporation.,_C - 다른 기업이 지배하는 회사를 나타냅니다.,
mainui_note_hostileplayer1,_H - Indicates company controlled by hostile player,H - 적대 세력이 지배하는 회사를 나타냅니다,
mainui_note_hostileplayer2,_H - Denotes company controlled by hostile player,_H - 적대 세력이 지배하는 회사를 나타냅니다,
mainui_note_hostileplayer_number,"(_H@COUNT1 means controlled by player # @COUNT2, @PLAYER)",(_H@COUNT1: 플레이어 #@COUNT2 @PLAYER이/가 지배 중인 기업),
mainui_note_player,_P - Denotes company controlled by @PLAYER,_P - @PLAYER이/가 지배하는 기업을 나타냅니다,
mainui_note_playercontrol,_P - Indicates company controlled by @PLAYER,_P - @PLAYER이/가 지배하는 기업을 나타냅니다,
mainui_note_pubtradebond,* - Indicates that the company has publicly-traded bonds outstanding.,* - 해당 기업에 공개 거래 중인 미상환 채권이 있음을 나타냅니다.,
mainui_ok_for_details,{Press|Click} 'OK' for details.,자세한 내용은 '확인'을 클릭하세요.,
mainui_player_balance,My Balance Sheet ($ Millions),현재 대차대조표 ($ M.),
mainui_player_balance_cashbill,Cash + T-Bills [DD],현금 + 단기 국채 [DD],
mainui_player_balance_networth,NET WORTH,순자산,
mainui_player_balance_otherasset,Other Assets,기타 자산,
mainui_player_bankrupt,@PLAYER IS BANKRUPT ....,@PLAYER 파산 ....,
mainui_projannucashflow,Projected Annual Cash Flow,예상 연간 현금흐름,
mainui_projannucashflow_excessprepaid,Plus: Excess Prepaid Tax,증가: 초과 선납 세액,
mainui_projannucashflow_livingexpenses,Less: Living Expenses,감소: 생활비,
mainui_projannucashflow_netincome,Annual Proj. Net Income,연간 예상 순이익,
mainui_projannucashflow_noncashexpense,Plus: Non-Cash Expense,증가: 비현금성 비용,
mainui_projannucashflow_taxowe,Less: Inc. Tax Owed Now,감소: 즉시 납부 소득세,
mainui_publicowns,Public owns: @PCT,일반 주주 지분율: @PCT,
mainui_quotes,Quotes,시세표,
mainui_research_companymost,Companies With Most...,주요 기업들,
mainui_research_econodata,Economic Data,경제 지표,
mainui_research_heatmap,Heat Map,히트맵,
mainui_research_heatmap_roe,@IND INDUSTRY: RANKED BY RETURN ON EQUITY,@IND 업종: ROE순,
mainui_research_heatmap_summary,Summary,요약,
mainui_research_indgrowth,Industry Growth Rates,업종 별 성장률,
mainui_research_interestrates,Interest Rates,금리,
mainui_research_whoownswhat,Who Owns What?,소유권 확인,
mainui_research_whosahead,Who's Ahead?,선두 주자,
mainui_save_notfound,File @PATH1\@SAVENUM. DAT not found in @PATH2\ directory...,'@PATH1\@SAVENUM.DAT' 파일을 @PATH2 폴더에서 찾을 수 없습니다...,
mainui_saveas_input,Save Game As...,다른 이름으로 게임 저장...,
mainui_savebeforeexit,Would you like to save your game before exiting?,종료하기 전에 진행 상황을 저장하시겠습니까?,
mainui_search,"Search (comma-separate for OR, e.g. merger, IPO)","검색 (쉼표는 OR 조건문으로 기능, 예: merger, IPO)",
mainui_shareholderslist,LIST OF SHAREHOLDERS OF @CORPFULL (@CORP):,@CORPFULL (@CORP)의 주주 목록:,
mainui_stockmarketindex,Stock Market Index,주식 시장 지수,
mainui_stockpricehistory,Stock Price History,주가 변동 내역,
mainui_taxlosses,Tax Losses,세무상 손실,
mainui_taxpos,Tax Position,세무 상황,
mainui_taxpos_corpsharetax,Corp Shares Tax,법인 주식세,
mainui_taxpos_owe_refund,Tax Owed / (Refund),납부한 세금 / (환금액),
mainui_taxpos_prepaidytd,Prepaid Tax YTD,연초 이후 선납 세금,
mainui_taxpos_realcapgains,Realized Cap Gains,실현 자본 이득,
mainui_taxpos_wealthtax,Wealth Tax,부유세,
mainui_taxpos_ytdord,YTD Taxable Ordinary,연초 누적 과세 대상 일반 소득,
mainui_tickerspeed_1,Enter the desired ticker speed (1-100):,원하는 티커 속도를 입력하십시오 (1-100):,
mainui_tickerspeed_title,Set Ticker Speed,시세 표시 속도 설정,
mainui_top_advances,Advances,선지급,
mainui_top_financial,Financials,회계,
mainui_top_holdings,Holdings,보유 자산,
mainui_top_holdings_no,No positions for this entity.,현재 보유 중인 포지션이 없습니다.,
mainui_top_loans,Loans,대출,
mainui_top_mycorp,My Corporations,소유한 기업들,
mainui_top_overview,Overview,개요,
mainui_top_research,Research,리서치,
mainui_top_search,Search,검색,
mainui_top_shareholders,Shareholders,지분 보유자,
mainui_totalasset,Total Assets,총 자산,
mainui_totaldebt,Total Debt,총 부채,
mainui_transac_fin_1,@PLAYER will need to borrow to complete the transaction....,거래를 완료하기 위해서는 @PLAYER은/는 자금을 빌려야합니다...,
mainui_transac_fin_2,The amount of borrowing needed is @AMOUNT million.,필요한 대출 금액은 총 @AMOUNT M. 입니다.,
mainui_transac_fin_3,DO YOU WANT TO BORROW ON YOUR BANK LINE OF CREDIT TO MAKE THE PURCHASE?,매수를 진행하기 위해 은행 신용 한도 대출을 이용하시겠습니까?,
mainui_transac_fin_3_1,DOES @CORP WANT TO BORROW ON ITS BANK LINE OF CREDIT TO MAKE THE PURCHASE?,매수를 진행하기 위해  @CORP의 은행 신용 한도 대출을 이용하시겠습니까?,
mainui_transac_fin_4,"(Borrowing this amount will change the Debt/Equity Ratio of @PLAYER from @RATIO1 to @RATIO2, and may lower your credit rating from @RATING1 to @RATING2.)","(해당 금액을 대출하면 @PLAYER의 부채비율이 @RATIO1에서 @RATIO2로/으로 변경되며, 신용등급이 @RATING1에서 @RATING2로/으로 하락할 수 있습니다.)",
mainui_transac_fin_4_1,(This transaction will have minimal effect on @PLAYER's Debt/Equity Ratio.),(해당 거래가 @PLAYER의 부채 비율에 미치는 영향은 미미합니다.),
mainui_transac_fin_4_corp,"(Borrowing this amount will change the Debt/Equity Ratio of @CORPFULL from @RATIO1 to @RATIO2, and may lower its credit rating from @RATING1 to @RATING2.)","(이 금액을 대출하면 @CORPFULL의 부채 비율이 @RATIO1에서 @RATIO2로/으로 변경되며, 신용등급이 @RATING1에서 @RATING2로/으로 낮아질 수 있습니다)",
mainui_transac_fin_4_corp_noaffect,"(Borrowing this amount will change the Debt/Equity Ratio of @CORPFULL from @RATIO1 to @RATIO2, but will not affect its @RATING credit rating.)",(이 금액을 대출하면 @CORPFULL의 부채 비율이 @RATIO1에서 @RATIO2로/으로 변경되지만 현재 신용등급인 @RATING에서 하락하지 않습니다),
mainui_transac_fin_notaffected,"(Borrowing this amount will change the Debt/Equity Ratio of @PLAYER from @RATIO1 to @RATIO2, but will not affect your @RATING credit rating.)","(이 금액을 대출하면 @PLAYER의 부채 비율이 @RATIO1에서 @RATIO2로/으로 변경되지만, 신용등급은 현재 수준인 @RATING에서 그대로 유지됩니다)",
mainui_transac_fin_title,Transaction Financing,자금 조달,
mainui_transc_cancle,Transaction is canceled....,거래가 취소되었습니다....,
mainui_typesymbolname,Type symbol or name...,티커나 법인명 입력...,
mainui_viewing,Viewing:,현재 창:,
modal_tbill_cash_equivalent,"T-bills are effectively a cash-equivalent, except that they accrue interest, at the current rate of @PCT,while cash (a bank demand deposit) does not earn any interest (in W$R).","T-bill(미 재무부 단기채)은 사실상 현금성 자산이지만, 현재 @PCT의 금리로 이자가 발생한다는 차이가 있습니다. 반면 현금 (은행 요구불예금)은 이자가 발생하지 않습니다 (W$R 기준).",
patchnote_bugfix,Bug Fixes,버그 수정,
patchnote_diagnostic,Developer Diagnostics,개발자 진단,
patchnote_features,New Features,새 기능,
patchnote_gameplay_aifix,Gameplay & AI Fixes,게임 플레이 & AI 수정,
patchnote_perfom,Performance & Infrastructure,성능 및 인프라,
patchnote_perfom_fix,Performance & Fixes,성능 개선 및 오류 수정,
patchnote_stability,Stability,안정성,
patchnote_stability_diagnostic,Stability & Diagnostics,안정 & 진단,
patchnote_ui,UI/UX Improvements,UI/UX 개선,
persprofile_ceo_salary_bonus,Projected Annual (Base) Salary as CEO: @AMOUNT1 {million|billion} {(Plus Estimated Bonus of @AMOUNT2 million)|(Plus Estimated Bonus of @AMOUNT2 billion)|(Plus stock options)|''},CEO 예상 (기본) 연봉: @AMOUNT1 {[1]M.|B.} {[2](+ 예상 보너스 @AMOUNT2 M.)|(+ 예상 보너스 @AMOUNT2 B.)|(+ 스톡옵션)|''},
popup_analyst_improving_profit_corp,Analysts see signs of improving profitability at @CORP,애널리스트들은 @CORP의 수익성이 개선되는 조짐을 보이고 있다고 평가하고 있습니다,
popup_banbitcoin,Rumor on Wall Street: @LOCATION is planning to ban BitCoin{.|''},월가 소문: @LOCATION이/가 비트코인 금지를 검토 중{.|''},
popup_bank_agressive,"Banks grow more aggressive in lending, increasing loan limits.",은행들이 더 적극적으로 대출을 승인하면서 대출 한도를 늘리고 있습니다.,
popup_bargain_market_dec,"Bargain hunters halt market decline, as stocks {[1]explode to the upside|soar|mount strong rally|soar on scant news}.","저가 매수세가 유입되며 시장의 하락세가 멈췄고, 주가가 {[1]급등했습니다|급등했습니다|강하게 반등했습니다|별다른 재료 없이 급등했습니다}.",
popup_cheat_takeover,Raider Tycoon has bought into @CORP -- Is takeover imminent?,기업 사냥꾼 Tycoon이/가 @CORP 지분을 매입했습니다 -- 인수합병이 임박한 것일까요?,
popup_commodity_highprice_end,Contrarian advisor says the days of high @COMMODITY prices are almost over{.|''},역발상 투자 자문가는 @COMMODITY 고가 시대가 거의 끝나가고 있다고 말합니다{.|''},
popup_commodity_highstay,Analyst says high @COMMODITY prices are here to stay{.|''},한 애널리스트는 높은 @COMMODITY 가격이 계속 유지될 것이라고 말합니다{.|''},
popup_corp_commodity_expire,@CORPFULL has @COMMODITY futures positions expiring in mid-@MONTH.,@CORPFULL은/는 @MONTH월 중순 만기인 @COMMODITY 선물 포지션을 보유하고 있습니다.,
popup_corp_issue_bond,@ENTITY issues @AMOUNT mil. of @PCT {bonds|convertible bonds}.,@ENTITY은/는 @PCT {채권을|전환사채를} @AMOUNT M. 규모로 발행했습니다.,
popup_corpbond,New bonds were issued by @CORP1 and some were placed with @CORP2.,"@CORP1이 신규 채권을 발행했으며, 이 중 일부는 @CORP2에 인수되었습니다.",
popup_divestiture_annonce_body,"Pursuant to a government decree, @CORP1 divests stock of @CORPFULL (@CORP2) for @AMOUNT mil.","정부 명령에 따라, @CORP1은/는 @CORPFULL (@CORP2) 지분을 @AMOUNT M.에 매각했습니다.",
popup_divestiture_annonce_title,DIVESTITURE ANNOUNCEMENT:,매각 공지:,
popup_earning_unchanged,@CORP (Q@QNUM) earnings of @AMOUNT per share unchanged from prior year.,@CORP (@QNUM분기)의 주당순이익은 @AMOUNT로/으로 전년과 동일합니다.,
popup_etc_disqualified,@CORP unable to legally distribute gains; disqualified as ETF.,@CORP은/는 수익을 합법적으로 분배할 수 없어 ETF 자격을 상실했습니다.,
popup_event_standby,"Stand by for {a communication from the managers of one of your companies, @CORPFULL|an Executive Memo from your staff at @CORPFULL}{.|''}",{지배 중인 기업 @CORPFULL의 경영진으로부터 곧 연락이 올 예정이니 기다리십시오|@CORPFULL 임직원이 보내는 경영진 메모가 곧 전달될 예정입니다}{.|''},
popup_event_standby_approval,Your approval is needed for {a proposed stock transaction|an important matter}.,{제안된 주식 거래에 대한 |중요한 사안에 대한} 승인이 필요합니다.,
popup_fed_invest,{[1]InterPol reportedly|Feds are reportedly|Government agents reportedly} investigating {[2]@CORP (@CORPFULL)|@CORP}.,{[1]인터폴이|연방 당국이|정부 요원들이} {[2]@CORP (@CORPFULL)|@CORP}을/를 조사 중인 것으로 알려졌습니다.,
popup_fed_tightning_end,The Federal Reserve has ended its tight money policy.,연방준비제도는 긴축 통화 정책을 종료했습니다.,
popup_federal_int_ease,The {Federal Reserve|Central Bank} will continue to ease interest rates.,{연방준비제도는|중앙은행은} 당분간 금리 인하 기조를 이어갈 전망입니다.,
popup_federal_int_neutraltoease,{Federal Reserve|Central Bank} moves from neutral to easing money policy.,{미 연방준비제도가|중앙은행이} 중립에서 완화 기조로 통화 정책을 전환합니다.,
popup_federal_int_restrictive_more,{Federal Reserve|Central Bank} moves to a more restrictive monetary policy.,{미 연방준비제도가|중앙은행이} 더욱 긴축적인 통화 정책으로 전환합니다.,
popup_federal_int_stimulative_end,The Federal Reserve has ended its stimulative monetary policy.,연방준비제도는 부양적 통화 정책을 종료했습니다.,
popup_federal_int_strict,{Federal Reserve|Central Bank} says it will adhere to strict monetary policy.,{미 연방준비제도가|중앙은행이} 엄격한 통화 긴축 기조를 유지하겠다고 발표했습니다.,
popup_federal_int_tight,The {Federal Reserve|Central Bank} has shifted to a tight money policy.,{연방준비제도는|중앙은행은} 긴축 통화 정책으로 전환했습니다.,
popup_financailnews,=== FINANCIAL NEWS UPDATE ===,=== 금융 뉴스 업데이트 ===,
popup_financialnews_taxinc,MAJOR TAX INCREASE ENACTED!,대규모 세금 인상안이 통과되다!,
popup_fund_covered_call,"The fund also sells covered call options against stocks in its portfolio, to generate additional income.",이 펀드는 추가 수익을 창출하기 위해 포트폴리오에 담긴 주식을 기초로 커버드콜 옵션도 매도합니다.,
popup_futures_expiring,You have @COMMODITY futures positions expiring in mid-@MONTH.,@COMMODITY 선물 포지션이 @MONTH월 중순 만기 예정입니다.,
popup_highgold_continue,Experts predict that high @COMMODITY prices will continue for years{.|''},전문가들은 높은 @COMMODITY 가격이 앞으로 수년간 지속될 것으로 전망합니다{.|''},
popup_highgold_endingsoon,Leading analyst sees long period of high @COMMODITY prices finally ending soon{.|''},한 유력 애널리스트는 오랫동안 이어진 @COMMODITY 고가 시대가 곧 끝날 것으로 내다봅니다{.|''},
popup_highgold_noend,Economists say investors should expect no end to high @COMMODITY prices{.|''},경제학자들은 투자자들이 @COMMODITY 고가 행진이 끝나지 않을 것으로 봐야 한다고 말합니다{.|''},
popup_lastquart_earning1,Latest quarterly earnings:,최근 분기 실적:,
popup_lastquart_earning2,@AMOUNT1 Down from @AMOUNT2 the prior quarter.,@AMOUNT1 / 전 분기 @AMOUNT2 대비 하락,
popup_lastquart_earning3,Stock price now: @AMOUNT per share.,현재 주가: 주당 @AMOUNT,
popup_liquidatedcorp,@CORPFULL1 has been liquidated into @CORPFULL2 and no longer exists.,@CORPFULL1은/는 @CORPFULL2에 청산되어 더 이상 존재하지 않습니다.,
popup_liquidation_complete,"All requirements have been met, and the liquidation of @CORP1 by @CORP2 has been completed, with all assets and liabilities transferred to the parent company, @CORPFULL.","모든 요건이 충족되어 @CORP2에 의한 @CORP1의 청산이 완료되었으며, 모든 자산과 부채는 모회사인 @CORPFULL(으)로 이전되었습니다.",
popup_loanrepayment,Loan repayment to @CORPFULL made....,@CORPFULL에 대한 대출 상환이 완료되었습니다...,
popup_long_bullmarket,Market analysts say this year is just the beginning of a long bull market,시장 애널리스트들은 올해가 장기 강세장의 시작에 불과하다고 말합니다,
popup_management_fire,EXECUTIVES HAVE BEEN DISMISSED AND TOLD TO CLEAR OUT THEIR DESKS BY NIGHTFALL...,"임원진 전원이 해임되었으며, 오늘 저녁까지 자리를 비우라는 통보를 받았습니다...",
popup_management_sacked,Top management of @CORPFULL sacked!,@CORPFULL의 최고경영진이 해고됐습니다!,
popup_managementfired,Top management of @CORPFULL fired!,@CORPFULL 최고 경영진이 해고되었습니다!,
popup_marketplunge_algorithm,"Market plunges, as trading algorithms trigger panic selling on Wall Street.",시장이 급락했습니다. 매매 알고리즘이 월가에서 공포 매도를 촉발했기 때문입니다.,
popup_nooption_granted,No options granted to @PLAYER by privately-held @CORP.,비상장 기업인 @CORP은/는 @PLAYER에게 스톡옵션을 지급하지 않았습니다.,
popup_player_calladvance,"@PLAYER must call in advances (demand loan) owed by @CORP, in the amount of @AMOUNT million",@PLAYER은/는 @CORP에 대한 대여금 (요구불 대출) @AMOUNT M.을/를 회수해야 합니다,
popup_player_liquidate_bond,@PLAYER must sell @AMOUNT million of government bonds.,@PLAYER은/는 국채 @AMOUNT M.을/를 매도해야 합니다.,
popup_player_lost_control,"You have lost voting control of @CORPFULL1, which is now controlled by @CORPFULL2.","@CORPFULL1에 대한 경영권을 상실했으며, 현재 @CORPFULL2의 지배 하에 있습니다.",
popup_player_lostcontrol,"You have lost voting control of @CORPFULL, which is now controlled by no one.","@CORPFULL의 경영권을 상실했으며, 해당 기업은 이제 그 누구의 지배도 받지 않습니다.",
popup_player_run1,@PLAYER has run out of places to hide from creditors!,@PLAYER은/는 이제는 더 이상 물러날 곳이 없습니다. 채권자들이 눈에 불을 켜고 뒤쫓고 있습니다!,
popup_player_run2,"@PLAYER unable to pay debts, flees from Sicilian creditors.",빚을 갚지 못한 @PLAYER은/는 이탈리아 출신의 무시무시한 채권자들을 피해 도주하고 있습니다.,
popup_player_sellcbond,@PLAYER must sell @AMOUNT million (face value) of corporate bonds.,@PLAYER은/는 회사채를 액면가 기준 @AMOUNT M.만큼 매각해야 합니다.,
popup_profit_taking,Profit-taking sends stock market into tailspin.,차익실현 매물이 쏟아지며 주식시장이 급락했습니다.,
popup_quotes_autofill,"Stocks you own or of companies which you control, or in which you directly have other long or short equity positions (convertible bonds or options), or any ETFs that are managed by companies you control, were added to the list.","보유한 주식이나 지배하고 있는 기업의 주식, 전환사채 · 옵션 등 직접적으로 매수 · 매도 포지션을 취하고 있는 금융 상품, 그리고 지배 기업이 운용하는 ETF 상품들이 목록에 반영됩니다.",
popup_quotes_clean,Are you sure you want to delete all the stocks from the Streaming Quotes List?,실시간 시세 목록에 등록된 모든 주식을 삭제하겠습니까?,
popup_quotes_clean_title,Clear Stock Quotes List,시세표 비우기,
popup_rateup_lineofcredit_tighten,"As rates rise, banks tighten lines of credit for corporations","금리가 상승함에 따라, 은행들은 기업에 대한 신용한도를 축소합니다",
popup_regulator_interlocking1,Securities regulators tracing stock ownership of @CORPFULL for possible chain of unlawful interlocking directorates{.|''},증권 규제 당국이 불법적인 겸직 이사 연쇄 가능성과 관련해 @CORPFULL의 주식 보유 관계를 추적하고 있습니다{.|''},
popup_repaid,"Advance is repaid, as per your demand.",요청에 따라 선급금이 상환되었습니다.,
popup_standby3,"Trading has temporarily been halted in the shares of @CORPFULL (@CORP), pending an important news development regarding the company.",@CORPFULL(@CORP)의 주식 거래가 중요한 뉴스 발표를 앞두고 일시적으로 정지되었습니다.,
popup_standby_cheat,"Commentators on the Financial Channel are arguing about why the @CORP stock was up @PCT in the @MONTHS months before this announcement. Some floor traders are urging the government to look into the recent suspicious action in the stock, since someone with insider knowledge may have leaked critical information, prior to the upcoming announcement.","금융 전문 채널의 해설자들은 이번 발표 전 @MONTHS개월 동안 @CORP 주가가 @PCT나 오른 이유를 두고 논쟁을 벌이고 있습니다. 일부 현장 트레이더들은, 이번 발표에 앞서 내부자가 핵심 정보를 유출했을 가능성이 있다며, 최근 해당 종목의 수상한 움직임을 정부가 조사해야 한다고 촉구하고 있습니다.",
popup_stockbuy_accepted,"Congratulations, your offer to pay @PCT over the market price has been accepted by the seller, subject to your ability to arrange financing and pending all necessary regulatory approvals. (Note: The legal fees incurred are not deductible for income tax purposes.)","축하합니다! 시가 대비 @PCT 프리미엄의 매수 제안이 수락되었습니다. 단, 이는 자금 조달 완료 및 관련 당국의 최종 승인을 전제로 합니다. (참고: 이때 발생한 법률 자문 비용은 세금 공제 대상이 아닙니다)",
popup_stockmarket_reversal,Stock market's winning streak ends with sharp reversal.,주식시장의 연승 행진이 급반전으로 마감되었습니다.,
popup_streak_ended,Stock market's winning streak ends with sharp sell off.,주식시장의 연승 행진이 대규모 매도로 끝이 났습니다.,
popup_trustee_fire_etf,Trustees of @CORP1 fire @CORP2 as fund manager of the ETF.,@CORP1의 이사회가 @CORP2을/를 해당 ETF의 펀드매니저에서 해임했습니다.,
popup_turnaround,A turnaround is occurring under new @CORP management{.|''},@CORP이/가 새 경영진 체제 아래 실적 반등에 성공하고 있습니다{.|''},
popup_wallstreet_fall,"{Stocks plunge|Stock prices tumble|Market declines steeply|Share prices off sharply on Wall Street|On Wall Street, stocks trade sharply lower}{''|, continuing their long downward spiral}, with the stock index ending the day at @AMOUNT1, some @AMOUNT2 points lower.","{[1]주가가 급락하며|주가가 폭락하며|주식시장이 가파르게 하락하며|월스트리트에서 주가가 급락하며|월스트리트에서 주가가 큰 폭으로 하락하며}{[2]''|, 장기 하락세를 이어갔고}, 주가지수는 @AMOUNT2포인트 내린 @AMOUNT1포인트로 장을 마감했습니다.",
popup_wallstreet_rise,"{Market rallies sharply|Shares move up on Wall Street|Stocks post huge gain|Stock market soars|Stock prices continue their upward trend}, with the stock index ending the day at @AMOUNT1, some @AMOUNT2 points higher.","{[1]주식시장이 급등하며|월스트리트에서 주가가 상승하며|주식시장이 큰 폭으로 상승하며|주식시장이 치솟으며|주가가 상승세를 이어가며}, 주가지수는 @AMOUNT2포인트 오른 @AMOUNT1포인트로 장을 마감했습니다.",
popup_warning_1,FINANCIAL ALERT RE @CORPFULL!,@CORPFULL 관련 긴급 재정 경고!,
popup_warning_2,@CORPFULL officials say the company is projecting a significant cash flow deficit in the next @MONTHS months and may soon be making forced sales of assets due to severe liquidity problems.,"@CORPFULL 관계자들은 향후 @MONTHS개월간 상당한 현금흐름 적자가 예상되며, 심각한 유동성 문제로 인해 곧 자산을 강제 매각해야 할 수도 있다고 밝혔습니다.",
popup_warning_3,DO YOU WANT TO VIEW A CASH FLOW PROJECTION FOR @CORP NOW?,@CORP의 현금흐름 전망을 지금 보시겠습니까?,
popup_warning_title,Important Financial Alert,주요 재정 경고,
prefix_industry_outlook,INDUSTRY OUTLOOK:,산업 전망:,
prefix_industry_outlook_possessive,@CORP'S INDUSTRY OUTLOOK:,@CORP의 산업 전망:,
save_nofile,No saved games found,저장된 게임이 없습니다.,
searchui_analyst,Analyst,애널리스트,
searchui_analystfavorite,Analyst Favorites,애널리스트 추천주,
searchui_analystfavorite_desc,Strong Buy ratings with good fundamentals,적극 매수와 우량한 펀더멘털,
searchui_analystrating,Analyst Rating (exact),애널리스트 등급 (일치하는 것만),
searchui_any,Any,전체,
searchui_bluechips,Blue Chips,우량주,
searchui_bluechips_desc,Large cap,높은 시가총액,
searchui_bond,Bonds,채권,
searchui_bondopportunity,Bond Opportunities,채권 투자 기회,
searchui_bondopportunity_desc,Companies with publicly traded bonds,상장 채권 발행 기업,
searchui_bondprice,Bond Price,채권 가격,
searchui_bondytm,Bond YTM,채권 만기수익률,
searchui_bookvalue,Book Value,주당 순자산,
searchui_convertible,Convertible Arb,전환사채 차익거래,
searchui_convertible_desc,Convertible bonds with low premium,낮은 프리미엄의 전환사채,
searchui_convertibles,Convertibles,전환사채,
searchui_convpremium,Conv. Premium,전환프리미엄,
searchui_creditrating,Credit,신용,
searchui_creditrating_exact,Credit (exact),신용등급 (일치하는 것만),
searchui_dividendp,Dividend %,배당 %,
searchui_growthstock,Growth Stocks,성장주,
searchui_growthstock_desc,"High ROE, good management, positive cash flow","높은 ROE, 좋은 경영 상태와 양의 (+) 현금흐름을 가진 주식",
searchui_havebonds,Has Bonds,채권 보유,
searchui_incomestocks,Income Stocks,배당주,
searchui_incomestocks_desc,"High dividend yield, positive cash flow","고배당수익률, 현금흐름 양호",
searchui_management,Management,경영진,
searchui_management_exact,Management (exact),경영진 (일치하는 것만),
searchui_maturity,Maturity,만기,
searchui_maxcap,Max Cap ($ Millions),최대 시가총액 ($ M.),
searchui_maxconv,Max Conv%,최대 전환프리미엄%,
searchui_maxpbr,Max P/B,최대 PBR,
searchui_maxper,Max P/E,최대 PER,
searchui_mincap,Min Cap ($ Millions),최소 시가총액 ($ M.),
searchui_mindiv,Min Div%,최소 배당%,
searchui_minroe,Min ROE%,최소 ROE%,
searchui_noetf,No ETFs,ETF 제외,
searchui_nofinancial,No Financials,금융주 제외,
searchui_noholdings,No Holdings,지주회사 제외,
searchui_publicshare,Public Shares,상장 주식,
searchui_shortcandidate,Short Candidates,공매도 후보,
searchui_shortcandidate_desc,"High short score, weak fundamentals","높은 숏 스코어, 약한 펀더멘털",
searchui_shortscore,Short Score,숏 스코어,
searchui_showingcompanies,Showing @COUNT1 of @COUNT2 companies,전체 @COUNT2개 기업 중 @COUNT1개 표시,
searchui_smallcap,Small Cap Value,소형가치주,
searchui_smallcap_desc,Small Companies trading cheap,저평가된 소형주,
searchui_takeovertarget,Takeover Targets,인수 대상,
searchui_takeovertarget_desc,"Small cap, below book, cash flow positive","소형주, 장부가 이하, 현금흐름 양호",
searchui_valueplays,Value Plays,가치주 투자,
searchui_valueplays_desc,"Low P/E, below book value, positive cash flow","낮은 PER, 장부가 이하, 현금흐름 양호",
setting_autoadd,AutoAdd to Quotes,시세창에 자동 추가,
setting_autoadd_on,"AutoAdd feature is now turned ON. Each time you select a new Active Entity, that stock will be added to the Streaming Stock Quotes List, if the list is not already full (unless that stock was recently deleted from the list).","자동추가 기능이 켜졌습니다. 경제 객체를 화면에 띄울 때 마다 해당 종목이 실시간 시세 목록에 추가됩니다 (목록이 가득 차지 않은 경우에만, 최근에 목록에서 제거된 종목은 예외).",
setting_autosave,Autosave,오토세이브,
setting_autosave_off,AutoSave feature is now turned OFF.,자동저장 기능이 꺼졌습니다.,
setting_autosave_on,AutoSave feature is now turned ON. The current game will be saved to disk at the end of each quarter of play (if it is your turn).,자동저장 기능이 켜졌습니다. 매 분기가 끝날 때 게임이 디스크에 저장됩니다.,
setting_display,Display,디스플레이,
setting_exerciseoption,Exercise Options,옵션 행사,
setting_exerciseoption_off,"Options you have bought or sold short will NOT be exercised at expiration, but will instead be settled for their intrinsic value, if any.","매수 또는 공매도한 옵션은 만기 시 자동으로 행사되지 않으며, 내재가치가 있는 경우 해당 가치로 정산됩니다.",
setting_exerciseoption_on,"Options you have bought or sold short will now be exercised, where possible, if in-the-money at expiration. However, if exercise would create a short position in a stock, the option will instead be settled at its intrinsic (in-the-money) value.","이제 매수 또는 공매도한 옵션은 만기 시 내가격 (in-the-money) 상태라면 가능한 경우 자동으로 행사됩니다. 단, 행사 시 주식 공매도 포지션이 발생하게 되는 경우에는 대신 내재가치 (intrinsic value)로 정산됩니다.",
setting_externalbrowe_3,External browser enabled,외부 브라우저 활성화,
setting_growththrottle,Growth Throttle…,성장률 조절,
setting_growththrottle_1,"This setting is a (global) ""throttle"" that lets you set a maximum annual growth rate in spending on business assets, for all industrial companies you control that are on ""AutoPilot.""","이 설정은 (전역) 성장률에 관한 ""조절 기능""으로, 현재 지배하고 있는 모든 산업회사 중 ""오토파일럿""이 켜진 회사들이 1년 동안 사업 자산 투자 비용을 최대 얼마나 지출할 것인가를 설정할 수 있습니다.",
setting_growththrottle_2,"At present, your setting is at @PCT.",현재 설정값은 @PCT입니다.,
setting_growththrottle_3,None of your companies that are on AutoPilot will grow their business assets through capital spending any faster than that rate.,오토파일럿이 설정된 회사들은 설비투자 비용을 설정된 값보다 높은 비율로 늘리지 않습니다.,
setting_growththrottle_4,DO YOU WANT TO CHANGE THIS SETTING?,정말로 이 설정을 변경하시겠습니까?,
setting_growththrottle_confirm_1,The maximum growth rate in business assets for your industrial companies that are on AutoPilot will now be limited to:  @PCT.,오토파일럿이 켜진 산업 기업의 사업 자산 최대 성장률이 이제 @PCT로 제한됩니다.,
setting_growththrottle_confirm_2,"Note that this ""throttle"" setting will not affect financial companies (banks, insurers, or holding/trading companies, or other companies that you actively manage (i.e., that are not on Autopilot). Note also that this setting  merely sets an upper limit on growth rates; increasing the rate will not cause companies on AutoPilot to increase their growth rates to the new limit, though some may eventually do so, up to that new limit, as determined by the AutoPilot management algorithms.","이 ""제한"" 설정은 금융 기업이나 (은행, 보험사, 지주 및 무역회사 등) 직접 관리하는 기업 (즉, 오토파일럿이 켜져 있지 않은 기업)에는 적용되지 않습니다. 또한 해당 옵션은 성장률의 최댓값만 지정할 뿐이므로, 최대치를 높이더라도 오토파일럿이 켜진 기업의 성장률이 즉시 상승하지는 않습니다. 다만 오토파일럿 알고리즘의 판단에 따라 일부 기업은 시간이 지나면서 해당 한도까지 성장률을 서서히 끌어올릴 수 있습니다.",
setting_growththrottle_immediatechange_1,"Do you want this new limit to go into effect immediately for all your companies? If not, the new limit will go into effect for each company no later than the end of its next quarterly reporting period.","새로 설정한 최대 성장률을 지배 중인 모든 기업에 즉시 적용하겠습니까? 적용하지 않을 경우, 각 기업의 다음 분기 실적 보고 전까지 순차적으로 적용됩니다.",
setting_growththrottle_immediatechange_title,Implement Change Immediately?,변경 사항을 즉시 적용하시겠습니까?,
setting_growththrottle_input_1,"Enter a maximum growth rate for all your controlled industrial companies that are on 'AutoPilot,' from - @PCT1 to @PCT2",'오토파일럿'이 켜진 지배 중인 모든 산업 기업들에게 지정할 최대 성장률 (-@PCT1 ~ @PCT2)을 입력하십시오.,
setting_growththrottle_input_title,Max. Growth Rate Throttle,최대 성장률 설정,
setting_growththrottle_title,Global Reset of Maximum Growth Rates,최대 성장률 전역 초기화,
setting_lock_denomination,Lock Denomination,화폐 단위 고정,
setting_makedelivery,Make Delivery,현물 인도,
setting_makedelivery_off_1,You have elected NOT to make physical delivery on futures contracts.,선물 계약에 대한 실물 인도를 하지 않기로 선택했습니다.,
setting_makedelivery_off_2,"This means that if an entity under your control owns a physical commodity and sells short a futures contract on the same commodity, the physical commodity will NOT be sold (delivered) when the futures contract expires. Instead, there will be a cash settlement of the futures contract and the physical commodity will be retained.","즉, 지배 중인 경제 객체가 현물 상품을 보유한 상태에서 동일 상품의 선물 계약을 공매도하더라도, 선물 계약 만기 시 해당 실물 상품이 매도 (인도)되지 않는다는 의미입니다. 대신 선물 계약은 현금으로 정산되며 실물 상품은 그대로 보유됩니다.",
setting_makedelivery_on_1,You have elected to make physical delivery on futures contracts.,선물 계약에 대한 실물 인도를 활성화했습니다.,
setting_makedelivery_on_2,"This means that if an entity under your control owns a physical commodity and sells short a futures contract on the same commodity, the physical commodity, or some of it, will be delivered (sold) to satisfy the futures contract, wholly or in part, at the contract price, at expiration. (Instead of there being an all-cash settlement of the futures contract.)","즉, 지배 중인 경제 객체가 현물 상품을 보유한 상태에서, 동일 상품의 선물 계약을 공매도할 경우, 만기 시 해당 실물 상품의 전부 또는 일부가 계약가로 인도 (매도)되어 선물 계약을 전부 또는 일부 이행하게 됩니다. (선물 계약을 전액 현금으로 정산하는 대신 현물 상품으로 정산하게 됩니다.)",
setting_makedelivery_on_3,No commission will be incurred when you deliver the commodity.,상품을 인도할 때는 수수료가 발생하지 않습니다.,
setting_sendcrashreport,Send crash reports (takes effect next launch),오류 보고서 보내기 (다음번 실행 시 적용됩니다),
setting_shareholdergraph,Shareholder Graph,주주 그래프,
setting_supp_earning,Suppress Earnings,실적 알림 끄기,
setting_supp_earning_off,Turning off suppression. Earnings reports for companies you control and major bankruptcy announcements will now pop up as such events occur....,알림을 활성화합니다. 이제 지배하고 있는 기업의 실적 발표 및 주요 파산 소식이 발생 즉시 화면에 표시됩니다....,
setting_supp_earning_on,"Earnings reports for companies you control or reports of bankruptcies will now be suppressed, and will no longer pop up, unless a company is currently the 'Active Entity.'",지배 중인 기업의 실적 발표 및 파산 소식은 해당 기업이 현재 화면에 표시되지 않은 한 더 이상 표시되지 않습니다.,
setting_supp_popup,Suppress Popups,팝업 끄기,
setting_supp_popup_off,Turning off suppression of popup news items regarding your companies...,보유한 기업과 관련된 팝업 뉴스를 다시 띄웁니다...,
setting_supp_popup_on,"Small, timed popup news announcements (like this one) that occur when the ticker is running will be suppressed for the rest of this session, with only a few exceptions for important items. However, interruptions for major economic or political news announcements, bankruptcies, and new earnings reports are not affected.","시세 표시줄이 실행 중일 때 뜨는 크게 중요하지 않은 팝업 뉴스 (이 알림처럼)는 이번 세션 동안 일부 중요 사건들을 제외하고는 표시되지 않습니다. 단, 주요 경제/정치 뉴스, 파산, 신규 실적 발표로 인한 알림은 영향을 받지 않습니다.",
setting_supp_popup_on1,"(If you want to stop seeing most such earnings and news reports, use the 'Suppress Earn. Report' item on this Settings Menu.)",(대부분의 실적 보고서 및 뉴스 알림을 받지 않으려면 설정 메뉴의 '실적 알림 끄기' 항목을 이용하세요.),
setting_supp_warning,Suppress Warnings,경고 끄기,
setting_supp_warning_off,"Turning off suppression. Warnings for companies you control, or for the company that is the current 'Active Entity' or was the previous Active Entity may now pop up to alert you if the company is projected to have a major cash flow problem in the next three months....","경고 알림을 켭니다. 이제 지배하에 있는 기업이나, 과거 또는 현재 화면에 띄운 기업이 향후 3개월 내에 심각한 현금흐름 문제를 겪을 것으로 예상되는 경우 경고가 표시됩니다....",
setting_supp_warning_on,"Cash flow warnings for corporations you control will now be suppressed when it is your turn and the warnings will no longer pop up (generally). However, such warnings will still pop up if a corporation (controlled by you or not) is the current 'Active Entity' or was the previous Active Entity.","지배 중인 기업들의 현금흐름 경고는 이제 (일반적으로) 표시되지 않습니다. 단, 해당 기업 (지배 여부와 무관)이 현재 화면에 띄워져 있거나, 또는 직전에 화면에 띄운 경우에는 계속 표시됩니다.",
setting_sweep,Sweep,스윕,
setting_sweep_desc,"When the 'sweep' setting is turned on, after any cash is deposited in your bank account (from dividends, interest, sales of assets, salary, etc.), it will very quickly be automatically 'swept' into repaying your bank loan account, reducing the amount of your borrowing (and reducing the interest you must pay on any such loan). If you currently do not owe any bank loan, any cash will instead be automatically invested in short-term Treasury bills ('T-bills'), on which you will earn interest. (You would not earn any interest on cash -- which in W$R is bank demand deposits or checking accounts.)","'스윕' 기능을 활성화하면 배당금, 이자, 자산 매각 대금, 급여 등 계좌로 들어오는 모든 현금이 자동으로 대출금 상환에 사용되어 원금과 이자 부담을 줄여줍니다. 남아있는 은행 대출이 없을 경우 해당 현금은 단기 국채 (T-bill) 매수에 자동 투자되어 이자 수익을 창출합니다. (W$R 내의 일반 현금 자산인 요구불예금 및 당좌 예금에는 이자가 붙지 않습니다.)",
setting_sweep_off,You have now elected to turn the automatic 'sweep' option 'OFF.',자동 스윕 옵션을 'Off'로 설정했습니다.,
setting_sweep_on,You have now elected to turn the automatic 'sweep' option 'ON.',자동 '스윕' 옵션을 'ON'으로 설정했습니다.,
setting_systembrowser,Use system browser (takes effect next launch),기본 웹 브라우저로 열기 (재시작 후 적용),
setting_takedelivery,Take Delivery,현물 인수,
setting_takedelivery_off_1,You have elected NOT to take physical delivery under commodity futures contracts.,상품 선물 계약에 대해 실물 인수를 하지 않기로 선택했습니다.,
setting_takedelivery_off_2,"This means that if an entity you control buys a futures contract on a commodity, you or it will NOT be required to take delivery of the physical commodity when the futures contract expires. Instead, there will simply be a cash settlement of the futures contract.","즉, 지배 중인 기업이 상품 선물 계약을 매수하더라도, 계약 만기 시 상품을 현물로 인수하지는 않습니다. 대신 선물 계약은 단순히 현금으로 정산됩니다.",
setting_takedelivery_on,You have elected to take physical delivery under commodity futures contracts.,상품 선물 계약에 대한 실물 인수를 활성화했습니다.,
setting_takedelivery_on_1,"This means that if an entity you control buys a futures contract on a commodity (but not on the stock index), you or it will be required to take delivery of the physical commodity and pay for it at the contract price when the futures contract expires (Instead of there being a cash settlement of the futures). The physical commodity will then be stored, incurring monthly storage fees until you sell it.","이 설정은 지배 중인 기업이 주가지수 선물을 제외한 원자재 선물 계약을 매수할 경우, 만기 시 현금 결제가 아닌 계약 가격으로 실물 원자재를 직접 인수 및 대금을 결제해야 함을 의미합니다. 인수된 원자재 실물은 보관소에 적재되며, 매각하기 전까지 매달 보관료가 부과됩니다.",
setting_takedelivery_on_3,No commission will be incurred when taking delivery of the commodity.,상품을 인수할 때는 수수료가 발생하지 않습니다.,
setting_takedelivery_on_4,(You will not take delivery if by doing so you would exceed the limit on the amount of the physical commodity you and your controlled companies can own.),(개인 및 지배 중인 기업이 보유할 수 있는 현물 상품의 한도를 초과하게 되면 인수하지 않습니다.),
setting_theme,Theme,테마,
setting_theme_1,Sole Proprietor,개인 사업자,
shareholder_reset,Reset,초기화,
shareholder_showgraph,Show Graph,그래프 표시,
shareholder_textreport,Show Text Report,텍스트 리포트 표시,
steamworkshop_1,You haven't subscribed to any mods yet.,아직 구독한 모드가 없습니다.,
steamworkshop_2,below to open the Wall Street Raider Workshop in the Steam overlay. Subscribed mods are installed automatically by Steam and take effect on the next launch of the game.,"버튼을 눌러 Steam 오버레이에서 Wall Street Raider 워크숍을 여세요. 구독한 모드는 Steam이 자동으로 설치하며, 다음 게임 실행 시 적용됩니다.",
steamworkshop_3,Subscribed mods are installed automatically by Steam and take effect on the next launch of the game.,"구독한 모드는 Steam이 자동으로 설치하며, 다음 게임 실행 시 적용됩니다.",
story_40jenkins,"115,000 lines of code written by forty distinct versions of Michael Jenkins, competing across four decades, governed by what one developer described as ""laws written on top of laws that were interpreted wrong.""","약 40명의 자칭 Michael Jenkins가 40개에 달하는 자칭 W$R를 내놓았습니다. 코드 수는 115,000줄에 달했으나, 혹자가 말했던 것 처럼, ""잘못 이해한 규칙 위에 잘못 이해한 규칙이 덧씌워져 있다""고 할 정도로 뒤틀리고 잘못된 버전들이었습니다.",
story_disney,"A Disney game studio tried for over a year with a team in Armenia. Commodore mailed the source code back after three months. For 40 years, the code was indecipherable to anyone but its creator.",디즈니 게임 스튜디오가 몇 년 동안 아르메니아의 한 게임 개발 팀과 함께 코드를 파헤치려고 했지만 실패했습니다. 코모도어 역시 세 달 만에 코드 파악 프로젝트를 폐기했습니다. 약 40년 동안 제작자를 포함한 그 누구도 코드를 해석하지 못했습니다.,
underbar_notification,Notifications,알림,
who_commodities_gold_bbl_oil,"@AMOUNT1 @UNIT1 (oz.) of gold, @AMOUNT2 @UNIT2 (bbl.) of oil or @AMOUNT3 @UNIT3 (oz.) of silver, or @AMOUNT4 @UNIT4 (bu.) of wheat or corn.","금 @AMOUNT1 @UNIT1(oz.), 원유 @AMOUNT2 @UNIT2(bbl.), 은 @AMOUNT3 @UNIT3(oz.), 또는 밀·옥수수 @AMOUNT4 @UNIT4(bu.)",
who_stocks_select_item,"(CLICK ON ANY ITEM TO SELECT COMPANY AS ""ACTIVE ENTITY"")",(항목을 클릭하여 기업 정보 확인),
whoahead_banklender,BANK LENDER:,대출 은행:,
whoahead_infos,KEY INFORMATION REGARDING EACH PLAYER:,플레이어별 주요 정보:,
whoahead_largest,LARGEST CONTROLLED CO.:  (NONE),최대 지배 기업: (없음),
whoahead_leader,The game leader is:   @PLAYER,현재 게임 선두는 @PLAYER입니다.,
whoahead_leadersnetworth,His/Her net worth: @AMOUNT million,해당 플레이어의 총 자산: @AMOUNT M.,
whoahead_networth,NET WORTH:               @AMOUNT MILLION,순자산:               @AMOUNT M.,
whoahead_playerlist,PLAYER @COUNT = @PLAYER,플레이어 @COUNT = @PLAYER,
whoahead_players,NAMES OF CORPORATE RAIDERS: (Playing at Difficulty Level @COUNT),기업 사냥꾼 명단: (난이도 @COUNT로 플레이 중),
whoahead_summary_title,SUMMARY OF PLAYERS' NET WORTH: ($ Million),플레이어별 순자산 요약: (단위: M. 달러),
whosahead_controlcomp,COMPANIES CONTROLLED:    @COUNT,지배 중인 기업 수:    @COUNT,
whosahead_employmentstatus_1,EMPLOYMENT STATUS: PRESIDENT & CEO OF @CORPFULL {[1](since @YEAR)|''},고용 상태: @CORPFULL의 사장 겸 CEO {[1](@YEAR년부터)|''},
whosahead_employmentstatus_2,EMPLOYMENT STATUS: COLLECTING WELFARE,고용 상태: 복지수당 수급 중,
whosahead_employmentstatus_3,EMPLOYMENT STATUS:       COLLECTING UNEMPLOYMENT,고용 상태: 실업급여 수급 중,
whosahead_largestcontrolled,LARGEST CONTROLLED CO.:,지배 중인 최대 기업:,
whosahead_player_computer_1,@PLAYER: (Computer player),@PLAYER: (AI),
whosahead_stockowned,STOCKS OWNED INCLUDE:,보유 주식:,
whosahead_stockowninclu,STOCKS OWNED INCLUDE:    @CORP,다음 종목을 포함:    @CORP,
