Old Key,New Key,Reason
CT-eb3bf275,News_player_CEOElect,replace generated key with semantic key
CT-2503d356,News_player_bankfund,replace generated key with semantic key
UI-3b77d570,Tutorial_5_5_body,restore tutorial semantic key
UI-d151e8c3,tutorial_5_6_title,restore tutorial semantic key
UI-3e1344eb,General_analystRating,replace generated key with semantic key
UI-8daab41c,General_analysts,replace generated key with semantic key
CASHFLOW,General_cashflow,normalize general label key
UI-5591f69e,MainUI_changebank,replace generated key with semantic key
UI-cd12f540,tutorial_5_3_body,restore tutorial semantic key
UI-88be8a19,General_controlled,replace generated key with semantic key
UI-96811598,Tutorial_5_5_title,restore tutorial semantic key
CT-d7aa3b1c,advisory_feature_bank_lowrate,replace generated key with semantic key
UI-ec58e632,General_industry,replace generated key with semantic key
Startup_3_2,Startup_result_1,clarify startup result field
startup_3_3,Startup_result_2,clarify startup result field
UI-e0f1ceaa,general_not_trade,replace generated key with semantic key
UI-a7b690b5,Tutorial_5_4_body,restore tutorial semantic key
tutorial_5_08_body,Tutorial_5_8_body,normalize tutorial step number
UI-ea5e3062,tutorial_5_6_body,restore tutorial semantic key
UI-ae068a70,tutorial_5_3_title,restore tutorial semantic key
UI-e7fbdc35,General_PER,replace generated key with semantic key
UI-be7dd016,Tutorial_5_10_body,restore tutorial semantic key
UI-7a244b94,General_price_in_dollar,replace generated key with semantic key
UI-ff969e55,General_Profit,replace generated key with semantic key
UI-7f6208d7,Tutorial_5_8_title,restore tutorial semantic key
UI-5c7ca393,Tutorial_5_9_title,restore tutorial semantic key
UI-aeca5b77,Tutorial_5_10_title,restore tutorial semantic key
CT-6c690fcd,sTARTCOMPAGNY_RESULT_0,preserve current startup success key
UI-9da6bb80,Tutorial_5_4_title,restore tutorial semantic key
UI-58110cc3,Tutorial_5_9_body,restore tutorial semantic key
CT-a0fa870a,advisory_control_actively,replace generated key with semantic key
UI-1473b82a,Tutorial_5_11_body,restore tutorial semantic key
UI-886fe9cc,Tutorial_5_11_title,restore tutorial semantic key
ActionBar_Accounting,actionbar_accounting,normalize key casing
ActionBar_Accounting_earningDec,actionbar_accounting_earningdec,normalize key casing
ActionBar_Accounting_earningInc,actionbar_accounting_earninginc,normalize key casing
ActionBar_Autopilot,actionbar_autopilot,normalize key casing
ActionBar_Autopilot_Toggle,actionbar_autopilot_toggle,normalize key casing
ActionBar_Corp,actionbar_corp,normalize key casing
ActionBar_Corp_Auto,actionbar_corp_auto,normalize key casing
ActionBar_Corp_MNA_Startup,actionbar_corp_mna_startup,normalize key casing
ActionBar_Corp_MNA_merge,actionbar_corp_mna_merge,normalize key casing
ActionBar_Corp_Strategy,actionbar_corp_strategy,normalize key casing
ActionBar_Corp_Strategy_Browse,actionbar_corp_strategy_browse,normalize key casing
ActionBar_Corp_Strategy_BuyCorpAsset,actionbar_corp_strategy_buycorpasset,normalize key casing
ActionBar_Corp_Strategy_Growth,actionbar_corp_strategy_growth,normalize key casing
ActionBar_Corp_Strategy_OfferSellSubsidiary,actionbar_corp_strategy_offersellsubsidiary,normalize key casing
ActionBar_Corp_Strategy_Productivity,actionbar_corp_strategy_productivity,normalize key casing
ActionBar_Corp_Strategy_Rebrand,actionbar_corp_strategy_rebrand,normalize key casing
ActionBar_Corp_Strategy_SellCorpAsset,actionbar_corp_strategy_sellcorpasset,normalize key casing
ActionBar_Corp_Strategy_restructure,actionbar_corp_strategy_restructure,normalize key casing
ActionBar_Finance,actionbar_finance,normalize key casing
ActionBar_Finance_Bank_Change,actionbar_finance_bank_change,normalize key casing
ActionBar_Finance_CapitalContr,actionbar_finance_capitalcontr,normalize key casing
ActionBar_Finance_Debt,actionbar_finance_debt,normalize key casing
ActionBar_Finance_Debt_Borrow,actionbar_finance_debt_borrow,normalize key casing
ActionBar_Finance_Debt_Repay,actionbar_finance_debt_repay,normalize key casing
ActionBar_Finance_Debt_Tbill,actionbar_finance_debt_tbill,normalize key casing
ActionBar_Finance_RateSwap,actionbar_finance_rateswap,normalize key casing
ActionBar_Finance_Return,actionbar_finance_return,normalize key casing
ActionBar_Finance_Taxes,actionbar_finance_taxes,normalize key casing
ActionBar_Finance_Taxes_prepay,actionbar_finance_taxes_prepay,normalize key casing
ActionBar_Finance_debt_Reddem,actionbar_finance_debt_reddem,normalize key casing
ActionBar_Finance_return_Dividend,actionbar_finance_return_dividend,normalize key casing
ActionBar_Finance_return_extraDividend,actionbar_finance_return_extradividend,normalize key casing
ActionBar_Finance_swap,actionbar_finance_swap,normalize key casing
ActionBar_Hostile,actionbar_hostile,normalize key casing
ActionBar_Hostile_Greenmail,actionbar_hostile_greenmail,normalize key casing
ActionBar_Hostile_LBO,actionbar_hostile_lbo,normalize key casing
ActionBar_Hostile_Takeover,actionbar_hostile_takeover,normalize key casing
ActionBar_Hostile_antitrust,actionbar_hostile_antitrust,normalize key casing
ActionBar_Hostile_harrassing,actionbar_hostile_harrassing,normalize key casing
ActionBar_Hostile_law,actionbar_hostile_law,normalize key casing
ActionBar_Hostile_rumors,actionbar_hostile_rumors,normalize key casing
ActionBar_ReverseSplit,actionbar_reversesplit,normalize key casing
ActionBar_SplitStock,actionbar_splitstock,normalize key casing
ActionBar_Trade,actionbar_trade,normalize key casing
ActionBar_Trade_Advanced,actionbar_trade_advanced,normalize key casing
ActionBar_Trade_Advanced_variant2,actionbar_trade_advanced_variant2,normalize key casing
ActionBar_Trade_BuyCall,actionbar_trade_buycall,normalize key casing
ActionBar_Trade_BuyCorpB,actionbar_trade_buycorpb,normalize key casing
ActionBar_Trade_BuyFutures,actionbar_trade_buyfutures,normalize key casing
ActionBar_Trade_BuyLongGov,actionbar_trade_buylonggov,normalize key casing
ActionBar_Trade_BuyPhysical,actionbar_trade_buyphysical,normalize key casing
ActionBar_Trade_BuyPuts,actionbar_trade_buyputs,normalize key casing
ActionBar_Trade_BuyShortGov,actionbar_trade_buyshortgov,normalize key casing
ActionBar_Trade_BuyStock,actionbar_trade_buystock,normalize key casing
ActionBar_Trade_CorpBond,actionbar_trade_corpbond,normalize key casing
ActionBar_Trade_GovtBond,actionbar_trade_govtbond,normalize key casing
ActionBar_Trade_SellPuts,actionbar_trade_sellputs,normalize key casing
ActionBar_Trade_Sellcall,actionbar_trade_sellcall,normalize key casing
ActionBar_Trade_ShortFutures,actionbar_trade_shortfutures,normalize key casing
ActionBar_Trade_ShortStock,actionbar_trade_shortstock,normalize key casing
Action_BankChange_2,action_bankchange_2,normalize key casing
Action_bankchange_1,action_bankchange_1,normalize key casing
Actionbar_Bank_Operation,actionbar_bank_operation,normalize key casing
Actionbar_Bank_PrimeM_BUy,actionbar_bank_primem_buy,normalize key casing
Actionbar_Bank_PrimeM_Sell,actionbar_bank_primem_sell,normalize key casing
Actionbar_Bank_SUBPrimeM_Buy,actionbar_bank_subprimem_buy,normalize key casing
Actionbar_Bank_SUBPrimeM_Sell,actionbar_bank_subprimem_sell,normalize key casing
Actionbar_Bank_consummer_BUY,actionbar_bank_consummer_buy,normalize key casing
Actionbar_Bank_consummer_Sell,actionbar_bank_consummer_sell,normalize key casing
Actionbar_Bank_loanlist,actionbar_bank_loanlist,normalize key casing
Actionbar_trade_BuyCrypto,actionbar_trade_buycrypto,normalize key casing
Actionbar_trade_BuyCryptoFutures,actionbar_trade_buycryptofutures,normalize key casing
Advisory_Analyst_Rating,advisory_analyst_rating,normalize key casing
Advisory_Cashflow_3month_negative_liquidity,advisory_cashflow_3month_negative_liquidity,normalize key casing
Advisory_Cashflow_3month_negative_liquidity_lineofcredit,advisory_cashflow_3month_negative_liquidity_lineofcredit,normalize key casing
Advisory_Cashflow_3month_negative_liquidity_lineofcredit_1,advisory_cashflow_3month_negative_liquidity_lineofcredit_1,normalize key casing
Advisory_Cashflow_3month_positive,advisory_cashflow_3month_positive,normalize key casing
Advisory_Cashflow_3month_positive_,advisory_cashflow_3month_positive_,normalize key casing
Advisory_Cashflow_3month_positive_lead,advisory_cashflow_3month_positive_lead,normalize key casing
Advisory_Cashflow_3month_positive_tail1,advisory_cashflow_3month_positive_tail1,normalize key casing
Advisory_Cashflow_3month_positive_tail2,advisory_cashflow_3month_positive_tail2,normalize key casing
Advisory_Cashflow_3month_positive_tail3,advisory_cashflow_3month_positive_tail3,normalize key casing
Advisory_Cashflow_3month_positive_tail4,advisory_cashflow_3month_positive_tail4,normalize key casing
Advisory_Cashflow_3month_positive_tail5,advisory_cashflow_3month_positive_tail5,normalize key casing
Advisory_Condition_Favorable_Lead,advisory_condition_favorable_lead,normalize key casing
Advisory_Condition_Poor_Lead,advisory_condition_poor_lead,normalize key casing
Advisory_Condition_favorable_low_oil_tax_review,advisory_condition_favorable_low_oil_tax_review,normalize key casing
Advisory_Condition_mix_Lead,advisory_condition_mix_lead,normalize key casing
Advisory_Condition_tail1,advisory_condition_tail1,normalize key casing
Advisory_Condition_tail2,advisory_condition_tail2,normalize key casing
Advisory_Condition_tail3,advisory_condition_tail3,normalize key casing
Advisory_Condition_tail4,advisory_condition_tail4,normalize key casing
Advisory_Condition_tail5,advisory_condition_tail5,normalize key casing
Advisory_Condition_tail6,advisory_condition_tail6,normalize key casing
Advisory_Condition_tail7,advisory_condition_tail7,normalize key casing
Advisory_Condition_tail8,advisory_condition_tail8,normalize key casing
Advisory_Condition_tail9,advisory_condition_tail9,normalize key casing
Advisory_CorpIndustry,advisory_corpindustry,normalize key casing
Advisory_CrudeOil_climb,advisory_crudeoil_climb,normalize key casing
Advisory_CrudeOil_depress,advisory_crudeoil_depress,normalize key casing
Advisory_CrudeOil_drop,advisory_crudeoil_drop,normalize key casing
Advisory_CrudeOil_risen,advisory_crudeoil_risen,normalize key casing
Advisory_Feature_Bank,advisory_feature_bank,normalize key casing
Advisory_Feature_Career_highenergy,advisory_feature_career_highenergy,normalize key casing
Advisory_Feature_Career_highoil1,advisory_feature_career_highoil1,normalize key casing
Advisory_Feature_Career_highoil2,advisory_feature_career_highoil2,normalize key casing
Advisory_Feature_Holdings1,advisory_feature_holdings1,normalize key casing
Advisory_IntRate_moderate_neutral,advisory_intrate_moderate_neutral,normalize key casing
Advisory_Lastyear_Stockmarket_Dec,advisory_lastyear_stockmarket_dec,normalize key casing
Advisory_Lastyear_Stockmarket_Plung,advisory_lastyear_stockmarket_plung,normalize key casing
Advisory_Lastyear_Stockmarket_Risen,advisory_lastyear_stockmarket_risen,normalize key casing
Advisory_Lastyear_Stockmarket_Surge,advisory_lastyear_stockmarket_surge,normalize key casing
Advisory_Networth_Decreased,advisory_networth_decreased,normalize key casing
Advisory_Networth_Decreased_Recovering,advisory_networth_decreased_recovering,normalize key casing
Advisory_Nexyear_Growth_Decline,advisory_nexyear_growth_decline,normalize key casing
Advisory_Nexyear_Growth_slow,advisory_nexyear_growth_slow,normalize key casing
Advisory_Nexyear_Growth_soften,advisory_nexyear_growth_soften,normalize key casing
Advisory_Nexyear_Growth_weaken,advisory_nexyear_growth_weaken,normalize key casing
Advisory_ReportDate,advisory_reportdate,normalize key casing
Advisory_YourFinancial,advisory_yourfinancial,normalize key casing
Advisory_analyst_prediction_fall,advisory_analyst_prediction_fall,normalize key casing
Advisory_analyst_prediction_rise,advisory_analyst_prediction_rise,normalize key casing
Advisory_feature_Holdings2,advisory_feature_holdings2,normalize key casing
Advisory_inarow_fallen,advisory_inarow_fallen,normalize key casing
Advisory_inarow_risen,advisory_inarow_risen,normalize key casing
Advisory_last_months_stockOff,advisory_last_months_stockoff,normalize key casing
Advisory_last_months_stockease,Advisory_last_months_stockoff,normalize key casing and merge
Advisory_manageRep_Compet,advisory_managerep_compet,normalize key casing
Advisory_manageRep_Medio,advisory_managerep_medio,normalize key casing
Advisory_next_Earning_decline,advisory_next_earning_decline,normalize key casing
Advisory_notpublicCorp,advisory_notpubliccorp,normalize key casing
Advisory_paid_tax,advisory_paid_tax,normalize key casing
Advisory_paid_tax_CashBillCredit,advisory_paid_tax_cashbillcredit,normalize key casing
Advisory_paid_tax_addtional,advisory_paid_tax_addtional,normalize key casing
Advisory_paid_tax_upto,advisory_paid_tax_upto,normalize key casing
Advisory_recent_earning_declined,advisory_recent_earning_declined,normalize key casing
Advisory_recent_earning_fell,advisory_recent_earning_fell,normalize key casing
Advisory_recent_earning_improved,advisory_recent_earning_improved,normalize key casing
Advisory_recent_earning_rose,advisory_recent_earning_rose,normalize key casing
Advisory_recent_earning_soared,advisory_recent_earning_soared,normalize key casing
Advisory_stockindexfuture_settle,advisory_stockindexfuture_settle,normalize key casing
AssetBuy_already_depressed,assetbuy_already_depressed,normalize key casing
AssetBuy_board_ban_1,assetbuy_board_ban_1,normalize key casing
AssetBuy_board_ban_2,assetbuy_board_ban_2,normalize key casing
AssetBuy_board_limit_1,assetbuy_board_limit_1,normalize key casing
AssetBuy_board_limit_2,assetbuy_board_limit_2,normalize key casing
AssetBuy_board_limit_3,assetbuy_board_limit_3,normalize key casing
AssetBuy_board_limit_4,assetbuy_board_limit_4,normalize key casing
AssetBuy_board_limit_5,assetbuy_board_limit_5,normalize key casing
AssetBuy_goodwill_notice,assetbuy_goodwill_notice,normalize key casing
AssetBuy_goodwill_title,assetbuy_goodwill_title,normalize key casing
AssetBuy_goodwill_yn,assetbuy_goodwill_yn,normalize key casing
AssetBuy_holdco_rule,assetbuy_holdco_rule,normalize key casing
AssetBuy_input_1,assetbuy_input_1,normalize key casing
AssetBuy_input_title,assetbuy_input_title,normalize key casing
AssetBuy_new_input_1,assetbuy_new_input_1,normalize key casing
AssetBuy_new_input_2,assetbuy_new_input_2,normalize key casing
AssetBuy_new_result,assetbuy_new_result,normalize key casing
AssetBuy_new_title,assetbuy_new_title,normalize key casing
AssetBuy_offer_input,assetbuy_offer_input,normalize key casing
AssetBuy_offer_notice,assetbuy_offer_notice,normalize key casing
AssetBuy_offer_title,assetbuy_offer_title,normalize key casing
AssetBuy_player_rule_1,assetbuy_player_rule_1,normalize key casing
AssetBuy_player_rule_2,assetbuy_player_rule_2,normalize key casing
AssetBuy_player_rule_3,assetbuy_player_rule_3,normalize key casing
AssetBuy_player_rule_title,assetbuy_player_rule_title,normalize key casing
AssetBuy_seller_list_title,assetbuy_seller_list_title,normalize key casing
AssetBuy_type_no_hint,assetbuy_type_no_hint,normalize key casing
AssetBuy_type_title,assetbuy_type_title,normalize key casing
AssetBuy_type_yn,assetbuy_type_yn,normalize key casing
AssetSell_extend_notice,assetsell_extend_notice,normalize key casing
AssetSell_extend_title,assetsell_extend_title,normalize key casing
AssetSell_extend_yn,assetsell_extend_yn,normalize key casing
AssetSell_offer_assets,assetsell_offer_assets,normalize key casing
AssetSell_offer_input,assetsell_offer_input,normalize key casing
AssetSell_offer_title,assetsell_offer_title,normalize key casing
AssetSell_posted,assetsell_posted,normalize key casing
AssetSell_related_no_hint,assetsell_related_no_hint,normalize key casing
AssetSell_related_notice,assetsell_related_notice,normalize key casing
AssetSell_related_title,assetsell_related_title,normalize key casing
AssetSell_terms_1,assetsell_terms_1,normalize key casing
AssetSell_terms_2,assetsell_terms_2,normalize key casing
AssetSell_terms_3,assetsell_terms_3,normalize key casing
AssetSell_terms_header,assetsell_terms_header,normalize key casing
AssetSell_terms_title,assetsell_terms_title,normalize key casing
AssetSell_terms_yn,assetsell_terms_yn,normalize key casing
AssetSell_type_header,assetsell_type_header,normalize key casing
AssetSell_type_no,assetsell_type_no,normalize key casing
AssetSell_type_title,assetsell_type_title,normalize key casing
AssetSell_type_yes,assetsell_type_yes,normalize key casing
Autopilot_on_title,autopilot_on_title,normalize key casing
BankLoanUI_Allocation,bankloanui_allocation,normalize key casing
BankLoanUI_Buisness,bankloanui_buisness,normalize key casing
BankLoanUI_Callin,bankloanui_callin,normalize key casing
BankLoanUI_Freeze,bankloanui_freeze,normalize key casing
BankLoanUI_FreezeAll,bankloanui_freezeall,normalize key casing
Bank_Freeze_all_1,bank_freeze_all_1,normalize key casing
Bank_Freeze_all_2,bank_freeze_all_2,normalize key casing
Bank_Freeze_all_title,bank_freeze_all_title,normalize key casing
Bank_allocation_OFF_1,bank_allocation_off_1,normalize key casing
Bank_allocation_OFF_title,bank_allocation_off_title,normalize key casing
Bank_allocation_Strategy_title,bank_allocation_strategy_title,normalize key casing
Bank_allocation_off_2,bank_allocation_off_2,normalize key casing
Bank_allocation_off_2_1,bank_allocation_off_2_1,normalize key casing
Bank_allocation_off_2_2,bank_allocation_off_2_2,normalize key casing
Bank_allocation_on_title,bank_allocation_on_title,normalize key casing
Bank_freeze_all_result,bank_freeze_all_result,normalize key casing
Bank_loanbuy_2,bank_loanbuy_2,normalize key casing
Bank_loanbuy_list_1,bank_loanbuy_list_1,normalize key casing
Bank_loanbuy_list_2,bank_loanbuy_list_2,normalize key casing
Bank_loanbuy_list_header,bank_loanbuy_list_header,normalize key casing
Bank_loanbuy_list_selected1,bank_loanbuy_list_selected1,normalize key casing
Bank_loanbuy_list_selected2,bank_loanbuy_list_selected2,normalize key casing
Bank_loanbuy_list_title,bank_loanbuy_list_title,normalize key casing
Bank_loanbuy_nonlist_1,bank_loanbuy_nonlist_1,normalize key casing
Bank_loanbuy_nonlist_result1,bank_loanbuy_nonlist_result1,normalize key casing
Bank_loanbuy_nonlist_title,bank_loanbuy_nonlist_title,normalize key casing
Bank_loanbuy_title,bank_loanbuy_title,normalize key casing
Bank_unfreeze_All_Title,bank_unfreeze_all_title,normalize key casing
Bank_unfreeze_all_1,bank_unfreeze_all_1,normalize key casing
Bank_unfreeze_all_2,bank_unfreeze_all_2,normalize key casing
Bank_unfreeze_all_result,bank_unfreeze_all_result,normalize key casing
BondBuy_corp_2-2,bondbuy_corp_2-2,normalize key casing
BondBuy_corp_3,bondbuy_corp_3,normalize key casing
BondBuy_corp_4,bondbuy_corp_4,normalize key casing
BondBuy_corp_5,bondbuy_corp_5,normalize key casing
BondBuy_corp_5_variant2,bondbuy_corp_5_variant2,normalize key casing
BondBuy_corp_6,bondbuy_corp_6,normalize key casing
BondBuy_corp_Title,bondbuy_corp_title,normalize key casing
BondBuy_corp_confirm_1,bondbuy_corp_confirm_1,normalize key casing
BondBuy_corp_confirm_2,bondbuy_corp_confirm_2,normalize key casing
BondBuy_corp_error_1,bondbuy_corp_error_1,normalize key casing
BondBuy_gov_confirm_Long,bondbuy_gov_confirm_long,normalize key casing
BondBuy_gov_confirm_Short,bondbuy_gov_confirm_short,normalize key casing
BondBuy_gov_long_2,bondbuy_gov_long_2,normalize key casing
BondBuy_gov_long_2-2,bondbuy_gov_long_2-2,normalize key casing
BondBuy_gov_long_2-3,bondbuy_gov_long_2-3,normalize key casing
BondBuy_gov_long_2-4,bondbuy_gov_long_2-4,normalize key casing
BondBuy_gov_long_2-5,bondbuy_gov_long_2-5,normalize key casing
BondBuy_gov_long_Price,bondbuy_gov_long_price,normalize key casing
BondBuy_gov_long_Price_value,bondbuy_gov_long_price_value,normalize key casing
BondBuy_gov_long_title,bondbuy_gov_long_title,normalize key casing
BondBuy_gov_short_1,bondbuy_gov_short_1,normalize key casing
BondBuy_gov_short_2,bondbuy_gov_short_2,normalize key casing
BondBuy_gov_short_2-2,bondbuy_gov_short_2-2,normalize key casing
BondBuy_gov_short_2-3,bondbuy_gov_short_2-3,normalize key casing
BondSell_Corp_confirm_sold,bondsell_corp_confirm_sold,normalize key casing
BondSell_Corp_confirm_title,bondsell_corp_confirm_title,normalize key casing
BondSell_Gov_notice_1,bondsell_gov_notice_1,normalize key casing
BondSell_Gov_notice_2,bondsell_gov_notice_2,normalize key casing
BondSell_Notice,bondsell_notice,normalize key casing
BondSell_input_1,bondsell_input_1,normalize key casing
Bond_Buy_Gov_Short1,bond_buy_gov_short1,normalize key casing
Bondbuy_short_1,bondbuy_short_1,normalize key casing
Bondsell_Gov_confirm_sold,bondsell_gov_confirm_sold,normalize key casing
Bondsell_Gov_confirm_title,bondsell_gov_confirm_title,normalize key casing
Borrow_lineofCredit_1,borrow_lineofcredit_1,normalize key casing
Borrow_lineofCredit_2,borrow_lineofcredit_2,normalize key casing
Borrow_lineofCredit_title,borrow_lineofcredit_title,normalize key casing
Borrow_lineofcredit_nodebt,borrow_lineofcredit_nodebt,normalize key casing
Browse_Asset_Rating,browse_asset_rating,normalize key casing
Browse_Asset_Stock_Confirm,browse_asset_stock_confirm,normalize key casing
Browse_Asset_Title,browse_asset_title,normalize key casing
Browse_Asset_Title2,browse_asset_title2,normalize key casing
Browse_Asset_noCommision,browse_asset_nocommision,normalize key casing
Browse_Asset_stock,browse_asset_stock,normalize key casing
Browse_Asset_stockbuy,browse_asset_stockbuy,normalize key casing
BuyPhysicalCommodity_1,buyphysicalcommodity_1,normalize key casing
BuyPhysicalCommodity_Title,buyphysicalcommodity_title,normalize key casing
Buyback_Corp_bond_1_1,buyback_corp_bond_1_1,normalize key casing
Buyback_Corp_bond_1_2,buyback_corp_bond_1_2,normalize key casing
Buyback_Corp_bond_1_2_1,buyback_corp_bond_1_2_1,normalize key casing
Buyback_Corp_bond_1_3,buyback_corp_bond_1_3,normalize key casing
Buyback_Corp_bond_1_4,buyback_corp_bond_1_4,normalize key casing
Buyback_Corp_bond_1_4_1,buyback_corp_bond_1_4_1,normalize key casing
Buyback_Corp_bond_1_5,buyback_corp_bond_1_5,normalize key casing
Buyback_Corp_bond_1_title,buyback_corp_bond_1_title,normalize key casing
Buyback_Corp_bond_2_1,buyback_corp_bond_2_1,normalize key casing
Buyback_Corp_bond_2_title,buyback_corp_bond_2_title,normalize key casing
Buyback_Corp_bond_3_1,buyback_corp_bond_3_1,normalize key casing
Buyback_Corp_bond_3_2,buyback_corp_bond_3_2,normalize key casing
Buyback_Corp_bond_4_1,buyback_corp_bond_4_1,normalize key casing
Buyback_Corp_bond_4_2,buyback_corp_bond_4_2,normalize key casing
Buyback_Corp_bond_4_title,buyback_corp_bond_4_title,normalize key casing
Buystock_buyingpowerlimit,buystock_buyingpowerlimit,normalize key casing
CEOELECT_1,ceoelect_1,normalize key casing
CEOELECT_2,ceoelect_2,normalize key casing
CEOELECT_3,ceoelect_3,normalize key casing
CEOELECT_Title,ceoelect_title,normalize key casing
CEORESIGN_1,ceoresign_1,normalize key casing
CT-advisory_exhausted_LineofCredit2,CT-advisory_exhausted_lineofcredit2,normalize key casing
CallBuy_title,callbuy_title,normalize key casing
CallExercise_executed,callexercise_executed,normalize key casing
CallExercise_headline,callexercise_headline,normalize key casing
CallExercise_input_1,callexercise_input_1,normalize key casing
CallExercise_input_title,callexercise_input_title,normalize key casing
CallOptionBuy_confirm_3,calloptionbuy_confirm_3,normalize key casing
CallOptionBuy_confirm_title,calloptionbuy_confirm_title,normalize key casing
CallOptionBuy_notice_1,calloptionbuy_notice_1,normalize key casing
CallOptionBuy_price_title,calloptionbuy_price_title,normalize key casing
CallOptionBuy_result_1,calloptionbuy_result_1,normalize key casing
CallOptionSell_result_1,calloptionsell_result_1,normalize key casing
CalloptionBuy_price_body,calloptionbuy_price_body,normalize key casing
Calloption_sell_body1,calloption_sell_body1,normalize key casing
Calloption_sell_body2,calloption_sell_body2,normalize key casing
Calloption_sell_confirm1,calloption_sell_confirm1,normalize key casing
Calloption_sell_result_2,calloption_sell_result_2,normalize key casing
Calloption_sell_result_3,calloption_sell_result_3,normalize key casing
Calloption_sell_result_4,calloption_sell_result_4,normalize key casing
Calloption_sell_title,calloption_sell_title,normalize key casing
Calloptionbuy_confirm_2,calloptionbuy_confirm_2,normalize key casing
Calloptionbuy_notice_3,calloptionbuy_notice_3_2,resolve case-collision
Callsell_title,callsell_title,normalize key casing
CapitalContr_1_1,capitalcontr_1_1,normalize key casing
CapitalContr_1_2,capitalcontr_1_2,normalize key casing
CapitalContr_Title,capitalcontr_title,normalize key casing
CapitalContr_list_list,capitalcontr_list_list,normalize key casing
CapitalContr_list_title,capitalcontr_list_title,normalize key casing
CapitalContr_no_subdiary,capitalcontr_no_subdiary,normalize key casing
CashFlow_Proj_3month,cashflow_proj_3month,normalize key casing
CashFlow_Proj_3month_equivalent,cashflow_proj_3month_equivalent,normalize key casing
CashFlow_Proj_Equivalent,cashflow_proj_equivalent,normalize key casing
CashFlow_Proj_ExpenseDeduction,cashflow_proj_expensededuction,normalize key casing
CashFlow_Proj_ExpenseDeduction_BankLoan,cashflow_proj_expensededuction_bankloan,normalize key casing
CashFlow_Proj_ExpenseDeduction_Bondissue,cashflow_proj_expensededuction_bondissue,normalize key casing
CashFlow_Proj_ExpenseDeduction_TOTAL,cashflow_proj_expensededuction_total,normalize key casing
CashFlow_Proj_adjusted_Inc_tax,cashflow_proj_adjusted_inc_tax,normalize key casing
CashFlow_Proj_after_tax,cashflow_proj_after_tax,normalize key casing
CashFlow_Proj_header,cashflow_proj_header,normalize key casing
CashFlow_Proj_plusminus,cashflow_proj_plusminus,normalize key casing
CashFlow_Proj_taxableIncome,cashflow_proj_taxableincome,normalize key casing
CashFlow_Proj_taxableIncome_NetProfit,cashflow_proj_taxableincome_netprofit,normalize key casing
CashFlow_Proj_taxableIncome_RND,cashflow_proj_taxableincome_rnd,normalize key casing
CashFlow_Proj_taxableIncome_TOTAL,cashflow_proj_taxableincome_total,normalize key casing
CashFlow_Proj_taxableIncome_Tbill,cashflow_proj_taxableincome_tbill,normalize key casing
CashFlow_Proj_taxable_income,cashflow_proj_taxable_income,normalize key casing
CashFlow_Proj_taxable_income_tentative,cashflow_proj_taxable_income_tentative,normalize key casing
Cashflow_Nontax_Cashflow_adjustment,cashflow_nontax_cashflow_adjustment,normalize key casing
Cashflow_withoutdebt_positive,cashflow_withoutdebt_positive,normalize key casing
ChangeName_title,changename_title,normalize key casing
ChangeName_title_1,changename_title_1,normalize key casing
ChangeName_title_2,changename_title_2,normalize key casing
ChangeName_title_3,changename_title_3,normalize key casing
Change_Growth_rate_Title,change_growth_rate_title,normalize key casing
Change_Growth_rate_body,change_growth_rate_body,normalize key casing
Change_Growth_rate_result,change_growth_rate_result,normalize key casing
Cheat_Cash_1,cheat_cash_1,normalize key casing
Cheat_Cash_2,cheat_cash_2,normalize key casing
Cheat_Cash_3,cheat_cash_3,normalize key casing
Cheat_Cash_4,cheat_cash_4,normalize key casing
Cheat_Cash_Title,cheat_cash_title,normalize key casing
Cheat_Cash_Warning_1,cheat_cash_warning_1,normalize key casing
Cheat_Cash_Warning_2,cheat_cash_warning_2,normalize key casing
Cheat_Cash_Warning_title,cheat_cash_warning_title,normalize key casing
Cheat_Cash_input_2,cheat_cash_input_2,normalize key casing
Cheat_Cash_input_3,cheat_cash_input_3,normalize key casing
Cheat_Cash_input_3_1,cheat_cash_input_3_1,normalize key casing
Cheat_Cash_input_title,cheat_cash_input_title,normalize key casing
Cheat_DisableLawsuits_1,cheat_disablelawsuits_1,normalize key casing
Cheat_DisableLawsuits_2,cheat_disablelawsuits_2,normalize key casing
Cheat_DisableLawsuits_3,cheat_disablelawsuits_3,normalize key casing
Cheat_DisableLawsuits_4,cheat_disablelawsuits_4,normalize key casing
Cheat_DisableLawsuits_5,cheat_disablelawsuits_5,normalize key casing
Cheat_DisableLawsuits_GovtAnti_1,cheat_disablelawsuits_govtanti_1,normalize key casing
Cheat_DisableLawsuits_GovtAnti_1_1,cheat_disablelawsuits_govtanti_1_1,normalize key casing
Cheat_DisableLawsuits_GovtAnti_2_1,cheat_disablelawsuits_govtanti_2_1,normalize key casing
Cheat_DisableLawsuits_GovtAnti_2_2,cheat_disablelawsuits_govtanti_2_2,normalize key casing
Cheat_DisableLawsuits_GovtAnti_3,cheat_disablelawsuits_govtanti_3,normalize key casing
Cheat_DisableLawsuits_GovtAnti_title,cheat_disablelawsuits_govtanti_title,normalize key casing
Cheat_DisableLawsuits_PrivateAnti,cheat_disablelawsuits_privateanti,normalize key casing
Cheat_DisableLawsuits_PrivateAnti_1,cheat_disablelawsuits_privateanti_1,normalize key casing
Cheat_DisableLawsuits_PrivateAnti_2,cheat_disablelawsuits_privateanti_2,normalize key casing
Cheat_DisableLawsuits_PrivateAnti_3,cheat_disablelawsuits_privateanti_3,normalize key casing
Cheat_DisableLawsuits_PrivateAnti_title,cheat_disablelawsuits_privateanti_title,normalize key casing
Cheat_insiderinfo_earning_no,cheat_insiderinfo_earning_no,normalize key casing
Cheat_insiderinfo_merge_1,cheat_insiderinfo_merge_1,normalize key casing
Cheat_insiderinfo_merge_2,cheat_insiderinfo_merge_2,normalize key casing
Cheat_insiderinfo_merge_3,cheat_insiderinfo_merge_3,normalize key casing
Cheat_insiderinfo_merge_4,cheat_insiderinfo_merge_4,normalize key casing
Cheat_insiderinfo_merge_5,cheat_insiderinfo_merge_5,normalize key casing
Cheat_insiderinfo_merge_6,cheat_insiderinfo_merge_6,normalize key casing
Cheat_insiderinfo_merge_again,cheat_insiderinfo_merge_again,normalize key casing
Cheat_insiderinfo_merge_result_1,cheat_insiderinfo_merge_result_1,normalize key casing
Cheat_insiderinfo_merge_result_2,cheat_insiderinfo_merge_result_2,normalize key casing
Cheat_insiderinfo_merge_result_3,cheat_insiderinfo_merge_result_3,normalize key casing
Cheat_insiderinfo_merge_title,cheat_insiderinfo_merge_title,normalize key casing
Command_Advopts,command_advopts,normalize key casing
Command_Advopts_Desc,command_advopts_desc,normalize key casing
Command_Antitrust,command_antitrust,normalize key casing
Command_BUY,command_buy,normalize key casing
Command_BUY_Desc,command_buy_desc,normalize key casing
Command_Borrow,command_borrow,normalize key casing
Command_Browse,command_browse,normalize key casing
Command_CBONDBUY_desc,command_cbondbuy_desc,normalize key casing
Command_CBONDSELL_desc,command_cbondsell_desc,normalize key casing
Command_CallSell_Desc,command_callsell_desc,normalize key casing
Command_Callbuy_Desc,command_callbuy_desc,normalize key casing
Command_CommFuturesSell,command_commfuturessell,normalize key casing
Command_CommFuturesbuy_desc,command_commfuturesbuy_desc,normalize key casing
Command_CommFuturescover_desc,command_commfuturescover_desc,normalize key casing
Command_CommFuturesshort_desc,command_commfuturesshort_desc,normalize key casing
Command_CommPhysBuy_desc,command_commphysbuy_desc,normalize key casing
Command_CommPhysSell_desc,command_commphyssell_desc,normalize key casing
Command_Cover_Desc,command_cover_desc,normalize key casing
Command_CryptoPhysBuy_desc,command_cryptophysbuy_desc,normalize key casing
Command_Dividend,command_dividend,normalize key casing
Command_Freeze,command_freeze,normalize key casing
Command_Growth,command_growth,normalize key casing
Command_LawFirm,command_lawfirm,normalize key casing
Command_LbondBuy_desc,command_lbondbuy_desc,normalize key casing
Command_Lbondsell_desc,command_lbondsell_desc,normalize key casing
Command_Managers,command_managers,normalize key casing
Command_Prepay,command_prepay,normalize key casing
Command_Productivity,command_productivity,normalize key casing
Command_PutBuy_desc,command_putbuy_desc,normalize key casing
Command_PutSell_desc,command_putsell_desc,normalize key casing
Command_Repay,command_repay,normalize key casing
Command_Restructure,command_restructure,normalize key casing
Command_SBONDBUY_desc,command_sbondbuy_desc,normalize key casing
Command_SBONDSell_desc,command_sbondsell_desc,normalize key casing
Command_SELL,command_sell,normalize key casing
Command_SHORT_Desc,command_short_desc,normalize key casing
Command_Sell_Desc,command_sell_desc,normalize key casing
Command_Split,command_split,normalize key casing
Command_Startup,command_startup,normalize key casing
Command_TaxFree,command_taxfree,normalize key casing
Command_cryptoFutureBuy_desc,command_cryptofuturebuy_desc,normalize key casing
Command_cryptoFutureSell_desc,command_cryptofuturesell_desc,normalize key casing
Command_cryptoPhysSell_desc,command_cryptophyssell_desc,normalize key casing
Command_resign,command_resign,normalize key casing
Commodity_behalf_2,commodity_behalf_2,normalize key casing
Commodity_future_list,commodity_future_list,normalize key casing
Commodity_limit,commodity_limit,normalize key casing
Commodity_physical,commodity_physical,normalize key casing
Commodity_sell_confirm,commodity_sell_confirm,normalize key casing
Contribution_subsidiary_no,contribution_subsidiary_no,normalize key casing
CryptoBuy_confirm_0,cryptobuy_confirm_0,normalize key casing
CryptoBuy_confirm_storage_0,cryptobuy_confirm_storage_0,normalize key casing
CryptoBuy_confirm_title,cryptobuy_confirm_title,normalize key casing
CryptoBuy_input_2,cryptobuy_input_2,normalize key casing
CryptoBuy_notice_0,cryptobuy_notice_0,normalize key casing
CryptoBuy_title,cryptobuy_title,normalize key casing
CryptoSell_confirm_sold,cryptosell_confirm_sold,normalize key casing
CryptoSell_input_1,cryptosell_input_1,normalize key casing
CryptoSell_loss_realized,cryptosell_loss_realized,normalize key casing
Dividend,dividend,normalize key casing
EarningReport_Controll,earningreport_controll,normalize key casing
EarningReport_Industrytype,earningreport_industrytype,normalize key casing
EarningReport_Unchange_Fellshort,earningreport_unchange_fellshort,normalize key casing
EarningReport_allocableshare,earningreport_allocableshare,normalize key casing
EarningReport_compensated_parent,earningreport_compensated_parent,normalize key casing
EarningReport_debt_reserv,earningreport_debt_reserv,normalize key casing
EarningReport_dividend,earningreport_dividend,normalize key casing
EarningReport_exclude_extraordinary,earningreport_exclude_extraordinary,normalize key casing
EarningReport_exclude_extraordinary1,earningreport_exclude_extraordinary1,normalize key casing
EarningReport_exclude_extraordinary2,earningreport_exclude_extraordinary2,normalize key casing
EarningReport_exclude_extraordinary3,earningreport_exclude_extraordinary3,normalize key casing
EarningReport_exclude_extraordinary4,earningreport_exclude_extraordinary4,normalize key casing
EarningReport_off_Fellshort,earningreport_off_fellshort,normalize key casing
EarningReport_quarter_gain1,earningreport_quarter_gain1,normalize key casing
EarningReport_quarter_loss2,earningreport_quarter_loss2,normalize key casing
EarningReport_quarter_net_operating,earningreport_quarter_net_operating,normalize key casing
EarningReport_reduction_baddebtR,earningreport_reduction_baddebtr,normalize key casing
EarningReport_taxloss_no_incometax,earningreport_taxloss_no_incometax,normalize key casing
EarningReport_wrotedown_Nonbusiness1,earningreport_wrotedown_nonbusiness1,normalize key casing
EarningReport_wrotedown_Nonbusiness2,earningreport_wrotedown_nonbusiness2,normalize key casing
EarningReport_wrotedown_Nonbusiness3,earningreport_wrotedown_nonbusiness3,normalize key casing
Earning_report_margin_buisiness1,earning_report_margin_buisiness1,normalize key casing
Earning_report_margin_buisiness2,earning_report_margin_buisiness2,normalize key casing
Earningreport_YTD_earning,earningreport_ytd_earning,normalize key casing
Earningreport_netoperatingloss,earningreport_netoperatingloss,normalize key casing
Earningreport_notexiste_before,earningreport_notexiste_before,normalize key casing
Earningreport_notyet,earningreport_notyet,normalize key casing
Earningreport_quarter_loss1,earningreport_quarter_loss1,normalize key casing
Earningreport_quarter_loss3,earningreport_quarter_loss3,normalize key casing
Earningreport_quarter_loss4,earningreport_quarter_loss4,normalize key casing
Earningreport_title_Year,earningreport_title_year,normalize key casing
Earningreport_title_quart,earningreport_title_quart,normalize key casing
EconomicStat_CapTaxR,economicstat_captaxr,normalize key casing
EconomicStat_CapTaxR_Carbon,economicstat_captaxr_carbon,normalize key casing
EconomicStat_CapTaxR_CorpShare,economicstat_captaxr_corpshare,normalize key casing
EconomicStat_CapTaxR_Healthcare,economicstat_captaxr_healthcare,normalize key casing
EconomicStat_CapTaxR_Oil,economicstat_captaxr_oil,normalize key casing
EconomicStat_CapTaxR_PersonalHolding,economicstat_captaxr_personalholding,normalize key casing
EconomicStat_CapTaxR_bili,economicstat_captaxr_bili,normalize key casing
EconomicStat_Comment_1,economicstat_comment_1,normalize key casing
EconomicStat_Comment_2,economicstat_comment_2,normalize key casing
EconomicStat_Comment_2_1,economicstat_comment_2_1,normalize key casing
EconomicStat_Comment_3,economicstat_comment_3,normalize key casing
EconomicStat_Comment_4,economicstat_comment_4,normalize key casing
EconomicStat_Comment_4_1,economicstat_comment_4_1,normalize key casing
EconomicStat_Comment_4_2,economicstat_comment_4_2,normalize key casing
EconomicStat_Comment_5,economicstat_comment_5,normalize key casing
EconomicStat_Comment_5_1,economicstat_comment_5_1,normalize key casing
EconomicStat_Comment_5_2,economicstat_comment_5_2,normalize key casing
EconomicStat_Comment_5_2_variant2,economicstat_comment_5_2_variant2,normalize key casing
EconomicStat_Comment_6,economicstat_comment_6,normalize key casing
EconomicStat_Comment_6_1,economicstat_comment_6_1,normalize key casing
EconomicStat_Comment_7,economicstat_comment_7,normalize key casing
EconomicStat_Comment_7_1,economicstat_comment_7_1,normalize key casing
EconomicStat_Comment_8,economicstat_comment_8,normalize key casing
EconomicStat_Comment_8_1,economicstat_comment_8_1,normalize key casing
EconomicStat_Comment_9,economicstat_comment_9,normalize key casing
EconomicStat_CrudeOil,economicstat_crudeoil,normalize key casing
EconomicStat_GDP,economicstat_gdp,normalize key casing
EconomicStat_Housing,economicstat_housing,normalize key casing
EconomicStat_IncomeTaxR,economicstat_incometaxr,normalize key casing
EconomicStat_IncomeTaxR_Corp,economicstat_incometaxr_corp,normalize key casing
EconomicStat_IncomeTaxR_Indiv-Ord,economicstat_incometaxr_indiv-ord,normalize key casing
EconomicStat_IncomeTaxR_cap-gain,economicstat_incometaxr_cap-gain,normalize key casing
EconomicStat_NationalDebt,economicstat_nationaldebt,normalize key casing
EconomicStat_PrimeInt,economicstat_primeint,normalize key casing
EconomicStat_StockIndex,economicstat_stockindex,normalize key casing
EconomicStat_TBOND,economicstat_tbond,normalize key casing
Employment_status,employment_status,normalize key casing
Error_insufficient_buying,error_insufficient_buying,normalize key casing
Error_insufficient_buying_stock_1,error_insufficient_buying_stock_1,normalize key casing
Error_insufficient_buying_stock_2,error_insufficient_buying_stock_2,normalize key casing
ExecMemo_approval,execmemo_approval,normalize key casing
ExecMemo_standby,execmemo_standby,normalize key casing
ExecOption_buysback,execoption_buysback,normalize key casing
ExecOption_comp_expense,execoption_comp_expense,normalize key casing
FianancialUI_DebtEquity,fianancialui_debtequity,normalize key casing
FinancialStatement_BondCallable_review,financialstatement_bondcallable_review,normalize key casing
FinancialStatement_BondDetails_review,financialstatement_bonddetails_review,normalize key casing
FinancialStatement_BondFace_review,financialstatement_bondface_review,normalize key casing
FinancialStatement_BondYTM_review,financialstatement_bondytm_review,normalize key casing
FinancialUI_52highlow,financialui_52highlow,normalize key casing
FinancialUI_Assets,financialui_assets,normalize key casing
FinancialUI_Assets_Advance,financialui_assets_advance,normalize key casing
FinancialUI_Assets_Baddebt,financialui_assets_baddebt,normalize key casing
FinancialUI_Assets_BuisAssetEquipment,financialui_assets_buisassetequipment,normalize key casing
FinancialUI_Assets_BusinessLoans,financialui_assets_businessloans,normalize key casing
FinancialUI_Assets_Cash,financialui_assets_cash,normalize key casing
FinancialUI_Assets_Cash_variant2,financialui_assets_cash_variant2,normalize key casing
FinancialUI_Assets_CommodMargin,financialui_assets_commodmargin,normalize key casing
FinancialUI_Assets_ConsumerLoans,financialui_assets_consumerloans,normalize key casing
FinancialUI_Assets_Corp,financialui_assets_corp,normalize key casing
FinancialUI_Assets_CorpBond,financialui_assets_corpbond,normalize key casing
FinancialUI_Assets_GovBonds,financialui_assets_govbonds,normalize key casing
FinancialUI_Assets_Govt,financialui_assets_govt,normalize key casing
FinancialUI_Assets_Mortgage,financialui_assets_mortgage,normalize key casing
FinancialUI_Assets_OptionsNet,financialui_assets_optionsnet,normalize key casing
FinancialUI_Assets_PrimeMortage,financialui_assets_primemortage,normalize key casing
FinancialUI_Assets_ShortTbill,financialui_assets_shorttbill,normalize key casing
FinancialUI_Assets_StockPortfolio,financialui_assets_stockportfolio,normalize key casing
FinancialUI_Assets_SubPrimeMortS,financialui_assets_subprimemorts,normalize key casing
FinancialUI_Assets_Subsidary_Stock,financialui_assets_subsidary_stock,normalize key casing
FinancialUI_Assets_Tbills,financialui_assets_tbills,normalize key casing
FinancialUI_Assets_WorkingCap,financialui_assets_workingcap,normalize key casing
FinancialUI_Assets_variant2,financialui_assets_variant2,normalize key casing
FinancialUI_Balancesheet,financialui_balancesheet,normalize key casing
FinancialUI_Bank_LineofCredit,financialui_bank_lineofcredit,normalize key casing
FinancialUI_Bank_LoanPortfolio,financialui_bank_loanportfolio,normalize key casing
FinancialUI_Bank_TotalDeposits,financialui_bank_totaldeposits,normalize key casing
FinancialUI_BorrowStat,financialui_borrowstat,normalize key casing
FinancialUI_Button_ViewFinancial,financialui_button_viewfinancial,normalize key casing
FinancialUI_CeoSalary,financialui_ceosalary,normalize key casing
FinancialUI_Creditinfo_AnnualLiv,financialui_creditinfo_annualliv,normalize key casing
FinancialUI_Creditinfo_Borrowrate,financialui_creditinfo_borrowrate,normalize key casing
FinancialUI_Creditinfo_LendingBank,financialui_creditinfo_lendingbank,normalize key casing
FinancialUI_Creditinfo_LineofCredit,financialui_creditinfo_lineofcredit,normalize key casing
FinancialUI_Creditinfo_Prepaidtax,financialui_creditinfo_prepaidtax,normalize key casing
FinancialUI_Creditinfo_RealCap,financialui_creditinfo_realcap,normalize key casing
FinancialUI_Creditinfo_RecentNews,financialui_creditinfo_recentnews,normalize key casing
FinancialUI_Creditinfo_TotalGainLoss,financialui_creditinfo_totalgainloss,normalize key casing
FinancialUI_Creditinfo_UnrealGainloss,financialui_creditinfo_unrealgainloss,normalize key casing
FinancialUI_Creditinfo_YTDTaxableIncome,financialui_creditinfo_ytdtaxableincome,normalize key casing
FinancialUI_Creditinfo_YTDincomeTax,financialui_creditinfo_ytdincometax,normalize key casing
FinancialUI_Creditinfo_header,financialui_creditinfo_header,normalize key casing
FinancialUI_Creditinfo_today,financialui_creditinfo_today,normalize key casing
FinancialUI_Currency,financialui_currency,normalize key casing
FinancialUI_CurrentPrice,financialui_currentprice,normalize key casing
FinancialUI_DividendPayout,financialui_dividendpayout,normalize key casing
FinancialUI_EPS,financialui_eps,normalize key casing
FinancialUI_EPS_EarningReport,financialui_eps_earningreport,normalize key casing
FinancialUI_Lia-equity_Networth,financialui_lia-equity_networth,normalize key casing
FinancialUI_NextEarnings,financialui_nextearnings,normalize key casing
FinancialUI_Operation,financialui_operation,normalize key casing
FinancialUI_Operation_Growthrate,financialui_operation_growthrate,normalize key casing
FinancialUI_Operation_Rnd,financialui_operation_rnd,normalize key casing
FinancialUI_Operation_dividend,financialui_operation_dividend,normalize key casing
FinancialUI_Operation_extra,financialui_operation_extra,normalize key casing
FinancialUI_TotalAssets,financialui_totalassets,normalize key casing
FinancialUI_asset_Margin_account,financialui_asset_margin_account,normalize key casing
FinancialUI_assets_AdvancesTo,financialui_assets_advancesto,normalize key casing
FinancialUI_assets_CommodAcctMargin,financialui_assets_commodacctmargin,normalize key casing
FinancialUI_assets_Commodities,financialui_assets_commodities,normalize key casing
FinancialUI_assets_CorpBond_MktV,financialui_assets_corpbond_mktv,normalize key casing
FinancialUI_assets_GovtBond_MktV,financialui_assets_govtbond_mktv,normalize key casing
FinancialUI_assets_PhysCommodity,financialui_assets_physcommodity,normalize key casing
FinancialUI_assets_optionNetValue,financialui_assets_optionnetvalue,normalize key casing
FinancialUI_button_adjust,financialui_button_adjust,normalize key casing
FinancialUI_footnote,financialui_footnote,normalize key casing
FinancialUI_footnote_noswap_nooffliability,financialui_footnote_noswap_nooffliability,normalize key casing
FinancialUI_lia-equity,financialui_lia-equity,normalize key casing
FinancialUI_lia-equity_AccruedIncomeTax,financialui_lia-equity_accruedincometax,normalize key casing
FinancialUI_lia-equity_Bonds,financialui_lia-equity_bonds,normalize key casing
FinancialUI_lia-equity_CD,financialui_lia-equity_cd,normalize key casing
FinancialUI_lia-equity_DemandDeposits,financialui_lia-equity_demanddeposits,normalize key casing
FinancialUI_lia-equity_Equity,financialui_lia-equity_equity,normalize key casing
FinancialUI_lia-equity_Interbank,financialui_lia-equity_interbank,normalize key casing
FinancialUI_lia-equity_LineofCredit,financialui_lia-equity_lineofcredit,normalize key casing
FinancialUI_lia-equity_LongBond,financialui_lia-equity_longbond,normalize key casing
FinancialUI_lia-equity_ReservContingency,financialui_lia-equity_reservcontingency,normalize key casing
FinancialUI_lia-equity_Totallia,financialui_lia-equity_totallia,normalize key casing
FinancialUI_lia-equity_borrowingRate,financialui_lia-equity_borrowingrate,normalize key casing
FinancialUI_lia-equity_inc_taxPayable,financialui_lia-equity_inc_taxpayable,normalize key casing
FinancialUI_lia-equity_interbankLoan,financialui_lia-equity_interbankloan,normalize key casing
FinancialUI_lia-equity_interbankLoan_variant2,financialui_lia-equity_interbankloan_variant2,normalize key casing
FinancialUI_lia-equity_lendingbank,financialui_lia-equity_lendingbank,normalize key casing
FinancialUI_lia-equity_loan,financialui_lia-equity_loan,normalize key casing
FinancialUI_networthpershare,financialui_networthpershare,normalize key casing
FinancialUI_player_title,financialui_player_title,normalize key casing
FinancialUI_stockcapitalization,financialui_stockcapitalization,normalize key casing
FinancialUI_stockoutstanding,financialui_stockoutstanding,normalize key casing
FinancialUI_yearEPS,financialui_yeareps,normalize key casing
FinancialUI_yearEPS_notannounced,financialui_yeareps_notannounced,normalize key casing
Firemanagement_1,firemanagement_1,normalize key casing
Firemanagement_2-1,firemanagement_2-1,normalize key casing
Firemanagement_2-2,firemanagement_2-2,normalize key casing
Firemanagement_4,firemanagement_4,normalize key casing
Firemanagement_5,firemanagement_5,normalize key casing
Firemanagement_6-1,firemanagement_6-1,normalize key casing
Firemanagement_6-2,firemanagement_6-2,normalize key casing
Firemanagement_6-3,firemanagement_6-3,normalize key casing
Firemanagement_8,firemanagement_8,normalize key casing
Firemanagement_Tooshort_1,firemanagement_tooshort_1,normalize key casing
Firemanagement_Tooshort_2,firemanagement_tooshort_2,normalize key casing
Fund_Desc_3xleverage_inverse,fund_desc_3xleverage_inverse,normalize key casing
Fund_Desc_3xleverage_long,fund_desc_3xleverage_long,normalize key casing
Fund_Desc_Govtbond,fund_desc_govtbond,normalize key casing
Fund_Desc_Highyield_junk,fund_desc_highyield_junk,normalize key casing
Fund_Desc_automobile,fund_desc_automobile,normalize key casing
Fund_Desc_consumer,fund_desc_consumer,normalize key casing
Fund_Desc_eastasia,fund_desc_eastasia,normalize key casing
Fund_Desc_energy,fund_desc_energy,normalize key casing
Fund_Desc_finance,fund_desc_finance,normalize key casing
Fund_Desc_food_Beverage,fund_desc_food_beverage,normalize key casing
Fund_Desc_healthcare,fund_desc_healthcare,normalize key casing
Fund_Desc_heavyind,fund_desc_heavyind,normalize key casing
Fund_Desc_hightech,fund_desc_hightech,normalize key casing
Fund_Desc_investmentgrade,fund_desc_investmentgrade,normalize key casing
Fund_Desc_material,fund_desc_material,normalize key casing
Fund_Desc_natural_resource,fund_desc_natural_resource,normalize key casing
Fund_Desc_realestate,fund_desc_realestate,normalize key casing
Fund_Desc_retails,fund_desc_retails,normalize key casing
Fund_Desc_service,fund_desc_service,normalize key casing
Fund_Desc_transportation,fund_desc_transportation,normalize key casing
Fund_Strategies,fund_strategies,normalize key casing
Future_Futaction_buyback,future_futaction_buyback,normalize key casing
Future_Notice_SPX,future_notice_spx,normalize key casing
FuturesBuy_confirm_0,futuresbuy_confirm_0,normalize key casing
FuturesBuy_confirm_1,futuresbuy_confirm_1,normalize key casing
FuturesBuy_confirm_2_coin,futuresbuy_confirm_2_coin,normalize key casing
FuturesBuy_confirm_2_unit,futuresbuy_confirm_2_unit,normalize key casing
FuturesBuy_confirm_3,futuresbuy_confirm_3,normalize key casing
FuturesBuy_confirm_4,futuresbuy_confirm_4,normalize key casing
FuturesBuy_confirm_combined,futuresbuy_confirm_combined,normalize key casing
FuturesBuy_confirm_short_title,futuresbuy_confirm_short_title,normalize key casing
FuturesBuy_confirm_title,futuresbuy_confirm_title,normalize key casing
FuturesBuy_confirm_title_variant2,futuresbuy_confirm_title_variant2,normalize key casing
FuturesBuy_confirm_unit,futuresbuy_confirm_unit,normalize key casing
FuturesBuy_input_1,futuresbuy_input_1,normalize key casing
FuturesBuy_input_2,futuresbuy_input_2,normalize key casing
FuturesBuy_input_3,futuresbuy_input_3,normalize key casing
FuturesBuy_notice_0,futuresbuy_notice_0,normalize key casing
FuturesBuy_notice_1,futuresbuy_notice_1,normalize key casing
FuturesBuy_notice_2,futuresbuy_notice_2,normalize key casing
FuturesBuy_notice_2-1,futuresbuy_notice_2-1,normalize key casing
FuturesBuy_notice_3,futuresbuy_notice_3,normalize key casing
FuturesBuy_seller_1,futuresbuy_seller_1,normalize key casing
FuturesBuy_seller_2,futuresbuy_seller_2,normalize key casing
FuturesBuy_title,futuresbuy_title,normalize key casing
FuturesBuy_trade_confirm,futuresbuy_trade_confirm,normalize key casing
FuturesSell_1,futuressell_1,normalize key casing
FuturesSell_confirm_sold,futuressell_confirm_sold,normalize key casing
FuturesSell_confirm_title,futuressell_confirm_title,normalize key casing
FuturesSell_notice_1,futuressell_notice_1,normalize key casing
FuturesSell_notice_2,futuressell_notice_2,normalize key casing
FuturesShort_buyer_1,futuresshort_buyer_1,normalize key casing
FuturesShort_buyer_2,futuresshort_buyer_2,normalize key casing
FuturesShort_confirm_1,futuresshort_confirm_1,normalize key casing
FuturesShort_confirm_2,futuresshort_confirm_2,normalize key casing
FuturesShort_confirm_2-2,futuresshort_confirm_2-2,normalize key casing
FuturesShort_confirm_3,futuresshort_confirm_3,normalize key casing
FuturesShort_confirm_4,futuresshort_confirm_4,normalize key casing
FuturesShort_confirm_title,futuresshort_confirm_title,normalize key casing
FuturesShort_input_1,futuresshort_input_1,normalize key casing
FuturesShort_input_2,futuresshort_input_2,normalize key casing
FuturesShort_notice_0,futuresshort_notice_0,normalize key casing
FuturesShort_notice_3,futuresshort_notice_3,normalize key casing
FuturesShort_notice_4,futuresshort_notice_4,normalize key casing
FuturesShort_title,futuresshort_title,normalize key casing
Futures_Sell,futures_sell,normalize key casing
GameStart_AIPlayer3,gamestart_aiplayer3,normalize key casing
GameStart_AIPlayer4,gamestart_aiplayer4,normalize key casing
GameStart_AIPlayers,gamestart_aiplayers,normalize key casing
GameStart_AIPlayers1,gamestart_aiplayers1,normalize key casing
GameStart_AIPlayers2,gamestart_aiplayers2,normalize key casing
GameStart_CharacterLimit,gamestart_characterlimit,normalize key casing
GameStart_Currency,gamestart_currency,normalize key casing
GameStart_Currency_ARG,gamestart_currency_arg,normalize key casing
GameStart_Currency_Aust,gamestart_currency_aust,normalize key casing
GameStart_Currency_Brazil,gamestart_currency_brazil,normalize key casing
GameStart_Currency_Canada,gamestart_currency_canada,normalize key casing
GameStart_Currency_China,gamestart_currency_china,normalize key casing
GameStart_Currency_Denmark,gamestart_currency_denmark,normalize key casing
GameStart_Currency_Euro,gamestart_currency_euro,normalize key casing
GameStart_Currency_Hongkong,gamestart_currency_hongkong,normalize key casing
GameStart_Currency_Israel,gamestart_currency_israel,normalize key casing
GameStart_Currency_Newzealand,gamestart_currency_newzealand,normalize key casing
GameStart_Currency_Sweden,gamestart_currency_sweden,normalize key casing
GameStart_Currency_Swiss,gamestart_currency_swiss,normalize key casing
GameStart_Currency_US,gamestart_currency_us,normalize key casing
GameStart_Currency_british,gamestart_currency_british,normalize key casing
GameStart_Currency_iceland,gamestart_currency_iceland,normalize key casing
GameStart_Currency_india,gamestart_currency_india,normalize key casing
GameStart_Currency_japan,gamestart_currency_japan,normalize key casing
GameStart_Currency_korea,gamestart_currency_korea,normalize key casing
GameStart_Currency_malaysia,gamestart_currency_malaysia,normalize key casing
GameStart_Currency_mexico,gamestart_currency_mexico,normalize key casing
GameStart_Currency_norway,gamestart_currency_norway,normalize key casing
GameStart_Currency_singapore,gamestart_currency_singapore,normalize key casing
GameStart_Currency_southafrica,gamestart_currency_southafrica,normalize key casing
GameStart_Difficulty_Level,gamestart_difficulty_level,normalize key casing
GameStart_Difficulty_Level1,gamestart_difficulty_level1,normalize key casing
GameStart_Difficulty_Level1_desc,gamestart_difficulty_level1_desc,normalize key casing
GameStart_Difficulty_Level1_number,gamestart_difficulty_level1_number,normalize key casing
GameStart_Difficulty_Level2,gamestart_difficulty_level2,normalize key casing
GameStart_Difficulty_Level2_desc,gamestart_difficulty_level2_desc,normalize key casing
GameStart_Difficulty_Level2_number,gamestart_difficulty_level2_number,normalize key casing
GameStart_Difficulty_Level3,gamestart_difficulty_level3,normalize key casing
GameStart_Difficulty_Level3_desc,gamestart_difficulty_level3_desc,normalize key casing
GameStart_Difficulty_Level3_number,gamestart_difficulty_level3_number,normalize key casing
GameStart_Difficulty_Level4,gamestart_difficulty_level4,normalize key casing
GameStart_Difficulty_Level4_Alert,gamestart_difficulty_level4_alert,normalize key casing
GameStart_Difficulty_Level4_Alert_title,gamestart_difficulty_level4_alert_title,normalize key casing
GameStart_Difficulty_Level4_desc,gamestart_difficulty_level4_desc,normalize key casing
GameStart_Difficulty_Level4_number,gamestart_difficulty_level4_number,normalize key casing
GameStart_Length,gamestart_length,normalize key casing
GameStart_Length_Desc,gamestart_length_desc,normalize key casing
GameStart_Playername,gamestart_playername,normalize key casing
GameStart_Startingmoney_1,gamestart_startingmoney_1,normalize key casing
GameStart_Startingmoney_2,gamestart_startingmoney_2,normalize key casing
GameStart_Startingmoney_Desc,gamestart_startingmoney_desc,normalize key casing
GameStart_Ticker,gamestart_ticker,normalize key casing
GameStart_Title,gamestart_title,normalize key casing
GameStart_You,gamestart_you,normalize key casing
Gamestart_Computer,gamestart_computer,normalize key casing
Gamestart_Difficulty,gamestart_difficulty,normalize key casing
Gamestart_Difficulty_numbers,gamestart_difficulty_numbers,normalize key casing
Gamestart_Pause,gamestart_pause,normalize key casing
Gamestart_TotalPlayer,gamestart_totalplayer,normalize key casing
General Owned,general owned,normalize key casing
General_ActionCancel,general_actioncancel,normalize key casing
General_AmountB,general_amountb,normalize key casing
General_Antitrust,general_antitrust,normalize key casing
General_Asset,general_asset,normalize key casing
General_Bank,general_bank,normalize key casing
General_Banking,general_banking,normalize key casing
General_Buy,general_buy,normalize key casing
General_CashDD,general_cashdd,normalize key casing
General_CashFlow,general_cashflow_2,resolve case-collision
General_Competent,general_competent,normalize key casing
General_Contract,general_contract,normalize key casing
General_Contracts,general_contracts,normalize key casing
General_Corp-pct,general_corp-pct,normalize key casing
General_Corpbond,general_corpbond,normalize key casing
General_Corpfull,general_corpfull,normalize key casing
General_Country,general_country,normalize key casing
General_Credit,general_credit,normalize key casing
General_CreditInfo,general_creditinfo,normalize key casing
General_Creditrating1,general_creditrating1,normalize key casing
General_Creditrating2,general_creditrating2,normalize key casing
General_Dollar-milion,general_dollar-milion,normalize key casing
General_ETH,general_eth,normalize key casing
General_EarningsProjection,general_earningsprojection,normalize key casing
General_Earningtrend,general_earningtrend,normalize key casing
General_Euro,general_euro,normalize key casing
General_Excellent,general_excellent,normalize key casing
General_Failing,general_failing,normalize key casing
General_Futures,general_futures,normalize key casing
General_GDP,general_gdp,normalize key casing
General_GovtBond,general_govtbond,normalize key casing
General_Govt_long_intRate,general_govt_long_intrate,normalize key casing
General_Govt_short_intRate,general_govt_short_intrate,normalize key casing
General_Govt_short_intRate_1,general_govt_short_intrate_1,normalize key casing
General_GrowthRate,general_growthrate,normalize key casing
General_Insurance,general_insurance_1,resolve case-collision
General_Investadvisor,general_investadvisor,normalize key casing
General_Longbond,general_longbond,normalize key casing
General_Longterm,general_longterm,normalize key casing
General_Mediocre,general_mediocre,normalize key casing
General_Negative,general_negative,normalize key casing
General_Option,general_option,normalize key casing
General_PER,general_per,normalize key casing
General_Positive,general_positive,normalize key casing
General_PrimeIntRate,general_primeintrate,normalize key casing
General_Primerate,general_primerate,normalize key casing
General_Profit,general_profit,normalize key casing
General_Repay,general_repay,normalize key casing
General_Selection,general_selection,normalize key casing
General_Share,general_share,normalize key casing
General_Short-term_bill,general_short-term_bill,normalize key casing
General_Silver,general_silver,normalize key casing
General_Stock,general_stock,normalize key casing
General_StrongSell,general_strongsell,normalize key casing
General_SubprimeMort.,general_subprimemort.,normalize key casing
General_Symbol,general_symbol,normalize key casing
General_Transaction_Cancled,general_transaction_cancled,normalize key casing
General_Transaction_Cancled_variant2,general_transaction_cancled_variant2,normalize key casing
General_WSR,general_wsr,normalize key casing
General_Wheat,general_wheat,normalize key casing
General_above,general_above,normalize key casing
General_add,general_add,normalize key casing
General_analystRating,general_analystrating,normalize key casing
General_analysts,general_analysts,normalize key casing
General_bitcoin,general_bitcoin,normalize key casing
General_borrow,general_borrow,normalize key casing
General_capacity,general_capacity,normalize key casing
General_cashflow,general_cashflow_1,resolve case-collision
General_click,general_click,normalize key casing
General_companies,general_companies,normalize key casing
General_company,general_company,normalize key casing
General_company_variant2,general_company_variant2,normalize key casing
General_computer,general_computer,normalize key casing
General_condition,general_condition,normalize key casing
General_control,general_control,normalize key casing
General_controlled,general_controlled,normalize key casing
General_corn,general_corn,normalize key casing
General_covershort,general_covershort,normalize key casing
General_currencyShow,general_currencyshow,normalize key casing
General_current,general_current,normalize key casing
General_current_variant2,general_current_variant2,normalize key casing
General_declining,general_declining,normalize key casing
General_demand,general_demand,normalize key casing
General_difficulty,general_difficulty,normalize key casing
General_dollarmilion,general_dollarmilion,normalize key casing
General_error,general_error,normalize key casing
General_finances,general_finances,normalize key casing
General_gold,general_gold,normalize key casing
General_good,general_good,normalize key casing
General_good_variant2,general_good_variant2,normalize key casing
General_good_variant3,general_good_variant3,normalize key casing
General_good_variant4,general_good_variant4,normalize key casing
General_hold,general_hold,normalize key casing
General_hold_variant2,general_hold_variant2,normalize key casing
General_improving,general_improving,normalize key casing
General_ind,general_ind,normalize key casing
General_industry,general_industry,normalize key casing
General_industryOutlook,general_industryoutlook,normalize key casing
General_insurance,general_insurance_2,resolve case-collision
General_key,general_key,normalize key casing
General_key2,general_key2,normalize key casing
General_keys,General_key9,normalize key and numbered family
General_keys_variant2,General_key8,normalize key and numbered family
General_market,general_market,normalize key casing
General_marketCap,general_marketcap,normalize key casing
General_marketing,general_marketing,normalize key casing
General_max_aquisition,general_max_aquisition,normalize key casing
General_milion,general_milion,normalize key casing
General_oil,general_oil,normalize key casing
General_oneyear,general_oneyear,normalize key casing
General_physical,general_physical,normalize key casing
General_player,general_player,normalize key casing
General_poor,general_poor,normalize key casing
General_position,general_position,normalize key casing
General_price,general_price,normalize key casing
General_price_in_dollar,general_price_in_dollar,normalize key casing
General_projection,general_projection,normalize key casing
General_sell,general_sell,normalize key casing
General_stockprice,general_stockprice,normalize key casing
General_strongbuy,general_strongbuy,normalize key casing
General_submit,general_submit,normalize key casing
General_taxable liquidation,general_taxable liquidation,normalize key casing
General_yield,general_yield,normalize key casing
General_you,general_you,normalize key casing
Genereal_Swap,genereal_swap,normalize key casing
Global_Autopilot_Changed_1,global_autopilot_changed_1,normalize key casing
Global_Autopilot_Changed_2,global_autopilot_changed_2,normalize key casing
Global_Autopilot_Changed_3,global_autopilot_changed_3,normalize key casing
Global_Autopilot_Changed_4,global_autopilot_changed_4,normalize key casing
Global_Autopilot_Changed_5,global_autopilot_changed_5,normalize key casing
Global_Autopilot_Changed_Header,global_autopilot_changed_header,normalize key casing
Global_Autopilot_Toggle_2,global_autopilot_toggle_2,normalize key casing
Global_Autopilot_Toggle_title,global_autopilot_toggle_title,normalize key casing
Global_Autopilot_toggle_1,global_autopilot_toggle_1,normalize key casing
Global_Autopilot_toggle_3,global_autopilot_toggle_3,normalize key casing
Graph_BB,graph_bb,normalize key casing
Graph_Candle,graph_candle,normalize key casing
Graph_EMA,graph_ema,normalize key casing
Graph_Line,graph_line,normalize key casing
Graph_MACD,graph_macd,normalize key casing
Graph_OHLC,graph_ohlc,normalize key casing
Graph_RSI,graph_rsi,normalize key casing
Graph_SMA,graph_sma,normalize key casing
Graph_Vol,graph_vol,normalize key casing
Graph_stockIndex,graph_stockindex,normalize key casing
IndexFuturesBuyBack_confirm_bought,indexfuturesbuyback_confirm_bought,normalize key casing
IndexFuturesBuyBack_confirm_title,indexfuturesbuyback_confirm_title,normalize key casing
IndexFuturesBuyBack_input_1,indexfuturesbuyback_input_1,normalize key casing
IndexFuturesBuyBack_notice_1,indexfuturesbuyback_notice_1,normalize key casing
IndexFuturesBuyBack_notice_2,indexfuturesbuyback_notice_2,normalize key casing
InterestInfo,interestinfo,normalize key casing
InterestInfo_BankCD,interestinfo_bankcd,normalize key casing
InterestInfo_Comment1,interestinfo_comment1,normalize key casing
InterestInfo_Consumer,interestinfo_consumer,normalize key casing
InterestInfo_FederalPolicy,interestinfo_federalpolicy,normalize key casing
InterestInfo_FederalPolicy_variant2,interestinfo_federalpolicy_variant2,normalize key casing
InterestInfo_FederalPolicy_variant3,interestinfo_federalpolicy_variant3,normalize key casing
InterestInfo_FederalPolicy_variant4,interestinfo_federalpolicy_variant4,normalize key casing
InterestInfo_FederalPolicy_variant5,interestinfo_federalpolicy_variant5,normalize key casing
InterestInfo_LongB,interestinfo_longb,normalize key casing
InterestInfo_Prime,interestinfo_prime,normalize key casing
InterestInfo_PrimeMortR,interestinfo_primemortr,normalize key casing
InterestInfo_SOFR,interestinfo_sofr,normalize key casing
InterestInfo_ShortB,interestinfo_shortb,normalize key casing
InterestInfo_SubPrimeMortS,interestinfo_subprimemorts,normalize key casing
InterestInfo_TbillR,interestinfo_tbillr,normalize key casing
InterestInfo_notice_2,interestinfo_notice_2,normalize key casing
InterestInfo_notice_2_1,interestinfo_notice_2_1,normalize key casing
InterestInfo_notice_2_2,interestinfo_notice_2_2,normalize key casing
InterestInfo_notice_2_3,interestinfo_notice_2_3,normalize key casing
InterestInfo_notice_3,interestinfo_notice_3,normalize key casing
InterestInfo_notice_3_1,interestinfo_notice_3_1,normalize key casing
InterestInfo_notice_3_2,interestinfo_notice_3_2,normalize key casing
InterestInfo_notice_4,interestinfo_notice_4,normalize key casing
InterestInfo_notice_4_1,interestinfo_notice_4_1,normalize key casing
Issue_Corp_bond_1,issue_corp_bond_1,normalize key casing
Issue_Corp_bond_10_1,issue_corp_bond_10_1,normalize key casing
Issue_Corp_bond_10_2,issue_corp_bond_10_2,normalize key casing
Issue_Corp_bond_11_Convertible1,issue_corp_bond_11_convertible1,normalize key casing
Issue_Corp_bond_11_Convertible2,issue_corp_bond_11_convertible2,normalize key casing
Issue_Corp_bond_11_TITLE,issue_corp_bond_11_title,normalize key casing
Issue_Corp_bond_1_Title,issue_corp_bond_1_title,normalize key casing
Issue_Corp_bond_2_1,issue_corp_bond_2_1,normalize key casing
Issue_Corp_bond_2_2,issue_corp_bond_2_2,normalize key casing
Issue_Corp_bond_2_3,issue_corp_bond_2_3,normalize key casing
Issue_Corp_bond_2_4,issue_corp_bond_2_4,normalize key casing
Issue_Corp_bond_3_1,issue_corp_bond_3_1,normalize key casing
Issue_Corp_bond_3_Title,issue_corp_bond_3_title,normalize key casing
Issue_Corp_bond_4_1,issue_corp_bond_4_1,normalize key casing
Issue_Corp_bond_4_2,issue_corp_bond_4_2,normalize key casing
Issue_Corp_bond_4_3,issue_corp_bond_4_3,normalize key casing
Issue_Corp_bond_4_Title,issue_corp_bond_4_title,normalize key casing
Issue_Corp_bond_5_1,issue_corp_bond_5_1,normalize key casing
Issue_Corp_bond_5_2,issue_corp_bond_5_2,normalize key casing
Issue_Corp_bond_5_3,issue_corp_bond_5_3,normalize key casing
Issue_Corp_bond_5_title,issue_corp_bond_5_title,normalize key casing
Issue_Corp_bond_6_1,issue_corp_bond_6_1,normalize key casing
Issue_Corp_bond_6_2,issue_corp_bond_6_2,normalize key casing
Issue_Corp_bond_6_Title,issue_corp_bond_6_title,normalize key casing
Issue_Corp_bond_7_1,issue_corp_bond_7_1,normalize key casing
Issue_Corp_bond_7_2,issue_corp_bond_7_2,normalize key casing
Issue_Corp_bond_8_1,issue_corp_bond_8_1,normalize key casing
Issue_Corp_bond_8_Title,issue_corp_bond_8_title,normalize key casing
Issue_Corp_bond_9_1,issue_corp_bond_9_1,normalize key casing
Issue_Corp_bond_9_Title,issue_corp_bond_9_title,normalize key casing
Issue_Corp_bond_small-limit,issue_corp_bond_small-limit,normalize key casing
Issue_corpbond_nobond,issue_corpbond_nobond,normalize key casing
Issue_corpbond_toonew,issue_corpbond_toonew,normalize key casing
Law_firm_Change_1,law_firm_change_1,normalize key casing
Law_firm_Change_Actual,law_firm_change_actual,normalize key casing
Law_firm_Change_Average,law_firm_change_average,normalize key casing
Law_firm_Change_Expansive,law_firm_change_expansive,normalize key casing
Law_firm_Change_Expansive_Description,law_firm_change_expansive_description,normalize key casing
Law_firm_Change_Low,law_firm_change_low,normalize key casing
Law_firm_Change_Price,law_firm_change_price,normalize key casing
Law_firm_Change_average_description,law_firm_change_average_description,normalize key casing
Law_firm_Change_header,law_firm_change_header,normalize key casing
Law_firm_Change_title,law_firm_change_title,normalize key casing
Law_firm_Chnage_Low_Description,law_firm_chnage_low_description,normalize key casing
Lawfirm_Change_Average,lawfirm_change_average,normalize key casing
Lawfirm_Change_Cheap,lawfirm_change_cheap,normalize key casing
Lawfirm_Change_Expensive,lawfirm_change_expensive,normalize key casing
Legal_fee_deductible_not,legal_fee_deductible_not,normalize key casing
Legal_fee_deductible_yes,legal_fee_deductible_yes,normalize key casing
List_FutureContract,list_futurecontract,normalize key casing
Load_game_1,load_game_1,normalize key casing
Load_game_2,load_game_2,normalize key casing
Load_game_2_1,load_game_2_1,normalize key casing
Load_game_title,load_game_title,normalize key casing
MainMenu_Exit,mainmenu_exit,normalize key casing
MainMenu_Heatmap_desc,mainmenu_heatmap_desc,normalize key casing
MainMenu_Story1,mainmenu_story1,normalize key casing
MainMenu_Story_full,mainmenu_story_full,normalize key casing
MainMenu_Tutorial,mainmenu_tutorial,normalize key casing
MainMenu_mod_title,mainmenu_mod_title,normalize key casing
MainMenu_mods,mainmenu_mods,normalize key casing
MainMenu_text-Catchprise,mainmenu_text-catchprise,normalize key casing
MainMenu_text_EA,mainmenu_text_ea,normalize key casing
MainMenu_text_simulated,mainmenu_text_simulated,normalize key casing
MainUI_Actionbar_limit_control,mainui_actionbar_limit_control,normalize key casing
MainUI_Advance_0,mainui_advance_0,normalize key casing
MainUI_Alert_Target,mainui_alert_target,normalize key casing
MainUI_Alert_confirm_Above,mainui_alert_confirm_above,normalize key casing
MainUI_Alert_confirm_Above_variant2,mainui_alert_confirm_above_variant2,normalize key casing
MainUI_Alert_confirm_Title,mainui_alert_confirm_title,normalize key casing
MainUI_Alert_confirm_alertyear,mainui_alert_confirm_alertyear,normalize key casing
MainUI_Alert_create_Title,mainui_alert_create_title,normalize key casing
MainUI_Alert_create_search,mainui_alert_create_search,normalize key casing
MainUI_Alert_noalert,mainui_alert_noalert,normalize key casing
MainUI_Alert_title,mainui_alert_title,normalize key casing
MainUI_Alert_when,mainui_alert_when,normalize key casing
MainUI_Alert_when_above,mainui_alert_when_above,normalize key casing
MainUI_Alert_when_above_variant2,mainui_alert_when_above_variant2,normalize key casing
MainUI_Analyst_summ,mainui_analyst_summ,normalize key casing
MainUI_Analyst_summ_Book_Val,mainui_analyst_summ_book_val,normalize key casing
MainUI_Analyst_summ_Dividend,mainui_analyst_summ_dividend,normalize key casing
MainUI_Analyst_summ_PER,mainui_analyst_summ_per,normalize key casing
MainUI_Analyst_summ_analystrating,mainui_analyst_summ_analystrating,normalize key casing
MainUI_Analyst_summ_report,mainui_analyst_summ_report,normalize key casing
MainUI_AutoAlert_nomore,mainui_autoalert_nomore,normalize key casing
MainUI_Borrowing,mainui_borrowing,normalize key casing
MainUI_Borrowing_Cap gain,mainui_borrowing_cap gain,normalize key casing
MainUI_Borrowing_ratio,mainui_borrowing_ratio,normalize key casing
MainUI_Button_Advance,mainui_button_advance,normalize key casing
MainUI_Button_AutoPilot,mainui_button_autopilot,normalize key casing
MainUI_Button_AutoPilotToggle,mainui_button_autopilottoggle,normalize key casing
MainUI_Button_ChangeLaw,mainui_button_changelaw,normalize key casing
MainUI_Button_Cheat,mainui_button_cheat,normalize key casing
MainUI_Button_Cheat_Cash,mainui_button_cheat_cash,normalize key casing
MainUI_Button_Cheat_DisableLawsuits,mainui_button_cheat_disablelawsuits,normalize key casing
MainUI_Button_Cheat_insiderinfo_Earning,mainui_button_cheat_insiderinfo_earning,normalize key casing
MainUI_Button_Cheat_insiderinfo_merge,mainui_button_cheat_insiderinfo_merge,normalize key casing
MainUI_Button_Clear,mainui_button_clear,normalize key casing
MainUI_Button_Close,mainui_button_close,normalize key casing
MainUI_Button_Continue,mainui_button_continue,normalize key casing
MainUI_Button_CreateSwap,mainui_button_createswap,normalize key casing
MainUI_Button_Exit,mainui_button_exit,normalize key casing
MainUI_Button_Exitgame,mainui_button_exitgame,normalize key casing
MainUI_Button_FullFinancial,mainui_button_fullfinancial,normalize key casing
MainUI_Button_IssueCorp,mainui_button_issuecorp,normalize key casing
MainUI_Button_LawFirm,mainui_button_lawfirm,normalize key casing
MainUI_Button_Mycorp,mainui_button_mycorp,normalize key casing
MainUI_Button_OK,mainui_button_ok,normalize key casing
MainUI_Button_Redeem,mainui_button_redeem,normalize key casing
MainUI_Button_Save,mainui_button_save,normalize key casing
MainUI_Button_SaveAS,mainui_button_saveas,normalize key casing
MainUI_Button_SwitchBank,mainui_button_switchbank,normalize key casing
MainUI_Button_TaxFree_liquidation,mainui_button_taxfree_liquidation,normalize key casing
MainUI_Button_Taxable_liquidation,mainui_button_taxable_liquidation,normalize key casing
MainUI_Button_Yes,mainui_button_yes,normalize key casing
MainUI_Button_all,mainui_button_all,normalize key casing
MainUI_Button_breakdown,mainui_button_breakdown,normalize key casing
MainUI_Button_newalert,mainui_button_newalert,normalize key casing
MainUI_Button_no,mainui_button_no,normalize key casing
MainUI_Button_setting,mainui_button_setting,normalize key casing
MainUI_Confirmation,mainui_confirmation,normalize key casing
MainUI_Confirmation_1,mainui_confirmation_1,normalize key casing
MainUI_Confirmation_2,mainui_confirmation_2,normalize key casing
MainUI_EnterCommand,mainui_entercommand,normalize key casing
MainUI_Fullscreen,mainui_fullscreen,normalize key casing
MainUI_Heatmap_Marketcap,mainui_heatmap_marketcap,normalize key casing
MainUI_Heatmap_OutstandShares,mainui_heatmap_outstandshares,normalize key casing
MainUI_Heatmap_Stockprice,mainui_heatmap_stockprice,normalize key casing
MainUI_Hitmap_DemandG,mainui_hitmap_demandg,normalize key casing
MainUI_Hitmap_Desc,mainui_hitmap_desc,normalize key casing
MainUI_Hitmap_LongG,mainui_hitmap_longg,normalize key casing
MainUI_Hitmap_TotalM,mainui_hitmap_totalm,normalize key casing
MainUI_Holdings_Lbond,mainui_holdings_lbond,normalize key casing
MainUI_Holdings_Sbond,mainui_holdings_sbond,normalize key casing
MainUI_INFO_controlledBy,mainui_info_controlledby,normalize key casing
MainUI_Indicator,mainui_indicator,normalize key casing
MainUI_Indicator_CRYPTO,mainui_indicator_crypto,normalize key casing
MainUI_Indicator_Comm-Index,mainui_indicator_comm-index,normalize key casing
MainUI_Indicator_Comm-Index_CORN,mainui_indicator_comm-index_corn,normalize key casing
MainUI_Indicator_Comm-Index_Gold,mainui_indicator_comm-index_gold,normalize key casing
MainUI_Indicator_Comm-Index_Oil,mainui_indicator_comm-index_oil,normalize key casing
MainUI_Indicator_Comm-Index_SPX,mainui_indicator_comm-index_spx,normalize key casing
MainUI_Indicator_Comm-Index_Silver,mainui_indicator_comm-index_silver,normalize key casing
MainUI_Indicator_Comm-Index_index,mainui_indicator_comm-index_index,normalize key casing
MainUI_Indicator_Comm-Index_wheat,mainui_indicator_comm-index_wheat,normalize key casing
MainUI_Indicator_Comm-Index_wheat_1,mainui_indicator_comm-index_wheat_1,normalize key casing
MainUI_Indicator_Macro,mainui_indicator_macro,normalize key casing
MainUI_Indicator_Macro_Prime,mainui_indicator_macro_prime,normalize key casing
MainUI_Indicator_Macro_PrimeRate,mainui_indicator_macro_primerate,normalize key casing
MainUI_Indicator_Macro_PrimeRate_variant2,mainui_indicator_macro_primerate_variant2,normalize key casing
MainUI_Indicator_Macro_PrimeRate_variant3,mainui_indicator_macro_primerate_variant3,normalize key casing
MainUI_Info_Stockprice,mainui_info_stockprice,normalize key casing
MainUI_Info_high-low,mainui_info_high-low,normalize key casing
MainUI_Leadership,mainui_leadership,normalize key casing
MainUI_Leadership_CEO,mainui_leadership_ceo,normalize key casing
MainUI_Leadership_ElectCEO,mainui_leadership_electceo,normalize key casing
MainUI_Leadership_Fire,mainui_leadership_fire,normalize key casing
MainUI_Leadership_Reputation,mainui_leadership_reputation,normalize key casing
MainUI_Liquidation_CarryoverLoss_1,mainui_liquidation_carryoverloss_1,normalize key casing
MainUI_Liquidation_CarryoverLoss_2,mainui_liquidation_carryoverloss_2,normalize key casing
MainUI_Liquidation_CarryoverLoss_3,mainui_liquidation_carryoverloss_3,normalize key casing
MainUI_Networth,mainui_networth,normalize key casing
MainUI_NoResult,mainui_noresult,normalize key casing
MainUI_Note_BondConvertible,mainui_note_bondconvertible,normalize key casing
MainUI_Note_ComputerCompany,mainui_note_computercompany,normalize key casing
MainUI_Note_HostilePlayer,mainui_note_hostileplayer,normalize key casing
MainUI_Note_PlayerControl,mainui_note_playercontrol,normalize key casing
MainUI_Note_PubTradebond,mainui_note_pubtradebond,normalize key casing
MainUI_Player_Balance,mainui_player_balance,normalize key casing
MainUI_Player_Balance_Cashbill,mainui_player_balance_cashbill,normalize key casing
MainUI_Player_Balance_Networth,mainui_player_balance_networth,normalize key casing
MainUI_Player_Balance_OtherAsset,mainui_player_balance_otherasset,normalize key casing
MainUI_ProjAnnuCashFlow,mainui_projannucashflow,normalize key casing
MainUI_ProjAnnuCashFlow_Netincome,mainui_projannucashflow_netincome,normalize key casing
MainUI_ProjAnnuCashFlow_Taxowe,mainui_projannucashflow_taxowe,normalize key casing
MainUI_ProjAnnuCashFlow_livingExpenses,mainui_projannucashflow_livingexpenses,normalize key casing
MainUI_ProjAnnuCashFlow_noncashExpense,mainui_projannucashflow_noncashexpense,normalize key casing
MainUI_Research_CompanyMost,mainui_research_companymost,normalize key casing
MainUI_Research_EconoData,mainui_research_econodata,normalize key casing
MainUI_Research_Heatmap_ROE,mainui_research_heatmap_roe,normalize key casing
MainUI_Research_Heatmap_Summary,mainui_research_heatmap_summary,normalize key casing
MainUI_Research_IndGrowth,mainui_research_indgrowth,normalize key casing
MainUI_Research_InterestRates,mainui_research_interestrates,normalize key casing
MainUI_Research_WhoOwnsWhat,mainui_research_whoownswhat,normalize key casing
MainUI_Research_WhosAhead,mainui_research_whosahead,normalize key casing
MainUI_StockMarketIndex,mainui_stockmarketindex,normalize key casing
MainUI_StockPriceHistory,mainui_stockpricehistory,normalize key casing
MainUI_Taxpos,mainui_taxpos,normalize key casing
MainUI_Taxpos_Corpsharetax,mainui_taxpos_corpsharetax,normalize key casing
MainUI_Taxpos_PrepaidYTD,mainui_taxpos_prepaidytd,normalize key casing
MainUI_Taxpos_RealCapGains,mainui_taxpos_realcapgains,normalize key casing
MainUI_Taxpos_Wealthtax,mainui_taxpos_wealthtax,normalize key casing
MainUI_Taxpos_YTDord,mainui_taxpos_ytdord,normalize key casing
MainUI_Taxpos_owe-refund,mainui_taxpos_owe-refund,normalize key casing
MainUI_TickerSpeed_1,mainui_tickerspeed_1,normalize key casing
MainUI_TickerSpeed_title,mainui_tickerspeed_title,normalize key casing
MainUI_Top_Advances,mainui_top_advances,normalize key casing
MainUI_Top_Financial,mainui_top_financial,normalize key casing
MainUI_Top_Holdings,mainui_top_holdings,normalize key casing
MainUI_Top_Holdings_NO,mainui_top_holdings_no,normalize key casing
MainUI_Top_Loans,mainui_top_loans,normalize key casing
MainUI_Top_Mycorp,mainui_top_mycorp,normalize key casing
MainUI_Top_Overview,mainui_top_overview,normalize key casing
MainUI_Top_Research,mainui_top_research,normalize key casing
MainUI_Top_Search,mainui_top_search,normalize key casing
MainUI_Top_Shareholders,mainui_top_shareholders,normalize key casing
MainUI_TotalAsset,mainui_totalasset,normalize key casing
MainUI_TotalDebt,mainui_totaldebt,normalize key casing
MainUI_Transac-Fin_1,mainui_transac-fin_1,normalize key casing
MainUI_Transac-Fin_2,mainui_transac-fin_2,normalize key casing
MainUI_Transac-Fin_3,mainui_transac-fin_3,normalize key casing
MainUI_Transac-Fin_3_1,mainui_transac-fin_3_1,normalize key casing
MainUI_Transac-Fin_4,mainui_transac-fin_4,normalize key casing
MainUI_Transac-Fin_4_1,mainui_transac-fin_4_1,normalize key casing
MainUI_Transac-Fin_4_corp,mainui_transac-fin_4_corp,normalize key casing
MainUI_Transac-Fin_4_corp_noaffect,mainui_transac-fin_4_corp_noaffect,normalize key casing
MainUI_Transac-Fin_title,mainui_transac-fin_title,normalize key casing
MainUI_Viewing,mainui_viewing,normalize key casing
MainUI_advisorySummary,mainui_advisorysummary,normalize key casing
MainUI_alert_noposition,mainui_alert_noposition,normalize key casing
MainUI_button_Cancel,mainui_button_cancel,normalize key casing
MainUI_button_EarningAlert_off,mainui_button_earningalert_off,normalize key casing
MainUI_button_EarningAlert_on,mainui_button_earningalert_on,normalize key casing
MainUI_button_Private_stock_off,mainui_button_private_stock_off,normalize key casing
MainUI_button_Public_stock_off,mainui_button_public_stock_off,normalize key casing
MainUI_button_Rebrand,mainui_button_rebrand,normalize key casing
MainUI_button_help,mainui_button_help,normalize key casing
MainUI_button_hint,mainui_button_hint,normalize key casing
MainUI_button_submit,mainui_button_submit,normalize key casing
MainUI_changebank,mainui_changebank,normalize key casing
MainUI_gameend_header,mainui_gameend_header,normalize key casing
MainUI_holdings_3month,mainui_holdings_3month,normalize key casing
MainUI_holdings_Action,mainui_holdings_action,normalize key casing
MainUI_holdings_Action_BuyMore,mainui_holdings_action_buymore,normalize key casing
MainUI_holdings_Action_Cover,mainui_holdings_action_cover,normalize key casing
MainUI_holdings_Action_Detail,mainui_holdings_action_detail,normalize key casing
MainUI_holdings_Action_Spinoff,mainui_holdings_action_spinoff,normalize key casing
MainUI_holdings_Action_Terminate,mainui_holdings_action_terminate,normalize key casing
MainUI_holdings_Action_for Sale,mainui_holdings_action_for sale,normalize key casing
MainUI_holdings_Chart,mainui_holdings_chart,normalize key casing
MainUI_holdings_Costbasis,mainui_holdings_costbasis,normalize key casing
MainUI_holdings_Exp,mainui_holdings_exp,normalize key casing
MainUI_holdings_MktVal,mainui_holdings_mktval,normalize key casing
MainUI_holdings_Owner,mainui_holdings_owner,normalize key casing
MainUI_holdings_PL,mainui_holdings_pl,normalize key casing
MainUI_holdings_PLPercent,mainui_holdings_plpercent,normalize key casing
MainUI_holdings_Pos,mainui_holdings_pos,normalize key casing
MainUI_holdings_Pos_Long,mainui_holdings_pos_long,normalize key casing
MainUI_holdings_Pos_SHORT,mainui_holdings_pos_short,normalize key casing
MainUI_holdings_Qty,mainui_holdings_qty,normalize key casing
MainUI_holdings_Search,mainui_holdings_search,normalize key casing
MainUI_holdings_Show_subholdings,mainui_holdings_show_subholdings,normalize key casing
MainUI_holdings_Type,mainui_holdings_type,normalize key casing
MainUI_holdings_YieldRate,mainui_holdings_yieldrate,normalize key casing
MainUI_holdings_rating,mainui_holdings_rating,normalize key casing
MainUI_holdings_rating_variant2,mainui_holdings_rating_variant2,normalize key casing
MainUI_holdings_title,mainui_holdings_title,normalize key casing
MainUI_info_country,mainui_info_country,normalize key casing
MainUI_info_country_Unknown,mainui_info_country_unknown,normalize key casing
MainUI_info_player,mainui_info_player,normalize key casing
MainUI_info_player_Emplo-status,mainui_info_player_emplo-status,normalize key casing
MainUI_info_player_Emplo-status_indp,mainui_info_player_emplo-status_indp,normalize key casing
MainUI_info_player_name,mainui_info_player_name,normalize key casing
MainUI_info_player_trend,mainui_info_player_trend,normalize key casing
MainUI_info_sharesout,mainui_info_sharesout,normalize key casing
MainUI_research_Heatmap,mainui_research_heatmap,normalize key casing
MainUI_savebeforeExit,mainui_savebeforeexit,normalize key casing
MainUi_Info_NextEarnings,mainui_info_nextearnings,normalize key casing
Mainmenu_JCredit,mainmenu_jcredit,normalize key casing
Mainmenu_Jenkins,mainmenu_jenkins,normalize key casing
Mainmenu_Loadgame,mainmenu_loadgame,normalize key casing
Mainmenu_Log,mainmenu_log,normalize key casing
Mainmenu_Newgame,mainmenu_newgame,normalize key casing
Mainmenu_Reddit,mainmenu_reddit,normalize key casing
Mainmenu_Tutorial_Tutorial,mainmenu_tutorial_tutorial,normalize key casing
Mainmenu_discord,mainmenu_discord,normalize key casing
Mainmenu_load_Load,mainmenu_load_load,normalize key casing
Mainmenu_load_Opensavefolder,mainmenu_load_opensavefolder,normalize key casing
Mainmenu_load_delete,mainmenu_load_delete,normalize key casing
Mainmenu_mod_Restart,mainmenu_mod_restart,normalize key casing
Mainmenu_mod_description,mainmenu_mod_description,normalize key casing
Mainmenu_mod_publish,mainmenu_mod_publish,normalize key casing
Mainmenu_steam,mainmenu_steam,normalize key casing
Mainmenu_tutostart,mainmenu_tutostart,normalize key casing
Mainmenu_warning,mainmenu_warning,normalize key casing
Mainmenu_web,mainmenu_web,normalize key casing
Mainmenu_years,mainmenu_years,normalize key casing
Mainui_Company_info,mainui_company_info,normalize key casing
Mainui_Liquidation_TaxFree_No_1,mainui_liquidation_taxfree_no_1,normalize key casing
Mainui_Liquidation_TaxFree_No_2,mainui_liquidation_taxfree_no_2,normalize key casing
Mainui_Liquidation_limit_bank,mainui_liquidation_limit_bank,normalize key casing
Mainui_Networth_History,mainui_networth_history,normalize key casing
Mainui_button_back,mainui_button_back,normalize key casing
Mainui_holdings_Phys_bitcoin,mainui_holdings_phys_bitcoin,normalize key casing
Mainui_holdings_Phys_gold,mainui_holdings_phys_gold,normalize key casing
Mainui_holdings_StockIndex,mainui_holdings_stockindex,normalize key casing
Mainui_holdings_swap_Longbond,mainui_holdings_swap_longbond,normalize key casing
Mainui_typeSymbolName,mainui_typesymbolname,normalize key casing
Merger_Offer_1,merger_offer_1,normalize key casing
Merger_Offer_2,merger_offer_2,normalize key casing
Merger_offer_3,merger_offer_3,normalize key casing
Merger_title,merger_title,normalize key casing
Merger_voting_1,merger_voting_1,normalize key casing
Merger_voting_4,merger_voting_4,normalize key casing
Merger_voting_5,merger_voting_5,normalize key casing
Merger_voting_ready,merger_voting_ready,normalize key casing
Merger_voting_result2,merger_voting_result2,normalize key casing
Merger_voting_title,merger_voting_title,normalize key casing
News_CORP_buystock3,news_corp_buystock3,normalize key casing
News_Corp_Buystock1,news_corp_buystock1,normalize key casing
News_Corp_Buystock2,news_corp_buystock2,normalize key casing
News_Corp_Strugg_inc_Rnd,news_corp_strugg_inc_rnd,normalize key casing
News_Corp_Strugg_inc_marketing,news_corp_strugg_inc_marketing,normalize key casing
News_Corp_bond_issue_1,news_corp_bond_issue_1,normalize key casing
News_Corp_bondcall1,news_corp_bondcall1,normalize key casing
News_Corp_bondcall2,news_corp_bondcall2,normalize key casing
News_Corp_buycorpbond,news_corp_buycorpbond,normalize key casing
News_Corp_expanding,news_corp_expanding,normalize key casing
News_Corp_merger_Cost,news_corp_merger_cost_2,resolve case-collision
News_Corp_merger_result1,news_corp_merger_result1,normalize key casing
News_Corp_stockSell,news_corp_stocksell,normalize key casing
News_ETF_cash_to_stocks,news_etf_cash_to_stocks,normalize key casing
News_EarningTargetup1,news_earningtargetup1,normalize key casing
News_EarningTargetup2,news_earningtargetup2,normalize key casing
News_FDA_intervention,news_fda_intervention,normalize key casing
News_ForceSell1,news_forcesell1,normalize key casing
News_GMO_Recall_1,news_gmo_recall_1,normalize key casing
News_GMO_Recall_2,news_gmo_recall_2,normalize key casing
News_Ind_GrowthProj_SharplyLow,news_ind_growthproj_sharplylow,normalize key casing
News_Ind_GrowthProj_up,news_ind_growthproj_up,normalize key casing
News_Law_Countersuit_annonce,news_law_countersuit_annonce,normalize key casing
News_Law_Countersuit_drop,news_law_countersuit_drop,normalize key casing
News_Law_Dismiss_antitrust,news_law_dismiss_antitrust,normalize key casing
News_Law_Headline_asbestos,news_law_headline_asbestos,normalize key casing
News_Law_Headline_cancer,news_law_headline_cancer,normalize key casing
News_Law_Tradesecret,news_law_tradesecret,normalize key casing
News_Law_Tradesecret2,news_law_tradesecret2,normalize key casing
News_Law_Tradesecret_settle,news_law_tradesecret_settle,normalize key casing
News_Law_antitrust_10,news_law_antitrust_10,normalize key casing
News_Law_antitrust_Defendant,news_law_antitrust_defendant,normalize key casing
News_Law_antitrust_annonce-settle,news_law_antitrust_annonce-settle,normalize key casing
News_Law_antitrust_annonce1,news_law_antitrust_annonce1,normalize key casing
News_Law_antitrust_annonce2,news_law_antitrust_annonce2,normalize key casing
News_Law_antitrust_annonce3,news_law_antitrust_annonce3,normalize key casing
News_Law_antitrust_annonce5,news_law_antitrust_annonce5,normalize key casing
News_Law_antitrust_annonce6,news_law_antitrust_annonce6,normalize key casing
News_Law_antitrust_annonce7,news_law_antitrust_annonce7,normalize key casing
News_Law_antitrust_annonce8,news_law_antitrust_annonce8,normalize key casing
News_Law_antitrust_annonce9,news_law_antitrust_annonce9,normalize key casing
News_Law_antitrust_lose,news_law_antitrust_lose,normalize key casing
News_Law_antitrust_nowinner,news_law_antitrust_nowinner,normalize key casing
News_Law_antitrust_possible,news_law_antitrust_possible,normalize key casing
News_Law_antitrust_threatened,news_law_antitrust_threatened,normalize key casing
News_Law_antitrust_win,news_law_antitrust_win,normalize key casing
News_Law_copyright_Settle,news_law_copyright_settle,normalize key casing
News_Law_copyright_lose,news_law_copyright_lose,normalize key casing
News_Law_defamation_liable,news_law_defamation_liable,normalize key casing
News_Law_defendant_cost,news_law_defendant_cost,normalize key casing
News_Law_headline_Ink,news_law_headline_ink,normalize key casing
News_Law_headline_bottler,news_law_headline_bottler,normalize key casing
News_Law_headline_defectiveconst,news_law_headline_defectiveconst,normalize key casing
News_Law_headline_gas,news_law_headline_gas,normalize key casing
News_Law_headline_patients,news_law_headline_patients,normalize key casing
News_Law_headline_recall,news_law_headline_recall,normalize key casing
News_Law_patent_win,news_law_patent_win,normalize key casing
News_Law_withdrawn_antitrust,news_law_withdrawn_antitrust,normalize key casing
News_Ozone_damage,news_ozone_damage,normalize key casing
News_Playervotingcontrol2,news_playervotingcontrol2,normalize key casing
News_RecentNews,news_recentnews,normalize key casing
News_RecentSummary,news_recentsummary,normalize key casing
News_Terrorist_nuclearplant,news_terrorist_nuclearplant,normalize key casing
News_Trend_upturn,news_trend_upturn,normalize key casing
News_adjustingIndex,news_adjustingindex,normalize key casing
News_analyst_impProfit,news_analyst_impprofit,normalize key casing
News_analyst_industry_downgrade,news_analyst_industry_downgrade,normalize key casing
News_asbestos_settle,news_asbestos_settle,normalize key casing
News_asset_bombed,news_asset_bombed,normalize key casing
News_bank_agressivelending,news_bank_agressivelending,normalize key casing
News_bankruptcy_bond_holder,news_bankruptcy_bond_holder,normalize key casing
News_bankruptcy_bond_wipeout,news_bankruptcy_bond_wipeout,normalize key casing
News_bankruptcy_emerge,news_bankruptcy_emerge_1,resolve case-collision
News_bitcoin_ban_Fall,news_bitcoin_ban_fall,normalize key casing
News_bitcoin_ban_rumor,news_bitcoin_ban_rumor,normalize key casing
News_capex_cutback,news_capex_cutback,normalize key casing
News_config_M,news_config_m,normalize key casing
News_config_Unit,news_config_unit,normalize key casing
News_config_currency,news_config_currency,normalize key casing
News_corp_Adver_inc_1,news_corp_adver_inc_1,normalize key casing
News_corp_Adver_inc_2,news_corp_adver_inc_2,normalize key casing
News_corp_Adver_inc_3,news_corp_adver_inc_3,normalize key casing
News_corp_Adver_inc_4,news_corp_adver_inc_4,normalize key casing
News_corp_Earningshock1,news_corp_earningshock1,normalize key casing
News_corp_Earningshock2,news_corp_earningshock2,normalize key casing
News_corp_Rnd_dec,news_corp_rnd_dec,normalize key casing
News_corp_Rnd_inc_1,news_corp_rnd_inc_1,normalize key casing
News_corp_Rnd_inc_2,news_corp_rnd_inc_2,normalize key casing
News_corp_Rnd_inc_3,news_corp_rnd_inc_3,normalize key casing
News_corp_Rnd_inc_4,news_corp_rnd_inc_4,normalize key casing
News_corp_Rnd_inc_5,news_corp_rnd_inc_5,normalize key casing
News_corp_Rnd_inc_6,news_corp_rnd_inc_6,normalize key casing
News_corp_Rnd_inc_7,news_corp_rnd_inc_7,normalize key casing
News_corp_asset_sell,news_corp_asset_sell,normalize key casing
News_corp_banned_region,news_corp_banned_region,normalize key casing
News_corp_bond_issue_2,news_corp_bond_issue_2,normalize key casing
News_corp_bond_issue_bankdebt,news_corp_bond_issue_bankdebt,normalize key casing
News_corp_bond_issue_convertible1,news_corp_bond_issue_convertible1,normalize key casing
News_corp_bondholder_swap_recapital,news_corp_bondholder_swap_recapital,normalize key casing
News_corp_capital_infusion,news_corp_capital_infusion,normalize key casing
News_corp_commodity_futures_settle,news_corp_commodity_futures_settle,normalize key casing
News_corp_dump_holdings_environment,news_corp_dump_holdings_environment,normalize key casing
News_corp_dump_stock,news_corp_dump_stock,normalize key casing
News_corp_embezzlement,news_corp_embezzlement,normalize key casing
News_corp_foreignCurrency,news_corp_foreigncurrency,normalize key casing
News_corp_fraude_layoff,news_corp_fraude_layoff,normalize key casing
News_corp_liquidate_carryover,news_corp_liquidate_carryover,normalize key casing
News_corp_liquidate_into,news_corp_liquidate_into,normalize key casing
News_corp_margin_earning_raise1,news_corp_margin_earning_raise1,normalize key casing
News_corp_margin_earning_raise2,news_corp_margin_earning_raise2,normalize key casing
News_corp_networth_falls,news_corp_networth_falls,normalize key casing
News_corp_newmanage,news_corp_newmanage,normalize key casing
News_corp_oil_holdings,news_corp_oil_holdings,normalize key casing
News_corp_partial_call_convenant,news_corp_partial_call_convenant,normalize key casing
News_corp_require_reductionPos,news_corp_require_reductionpos,normalize key casing
News_corp_reserve_increased_antitrust,news_corp_reserve_increased_antitrust,normalize key casing
News_corp_runoff_deposit,news_corp_runoff_deposit,normalize key casing
News_corp_sell_consumerloan,news_corp_sell_consumerloan,normalize key casing
News_corp_sell_raisecash,News_corp_sell_cost,normalize key casing and merge
News_corp_sellcall,news_corp_sellcall_1,resolve case-collision
News_corp_sellposition,news_corp_sellposition,normalize key casing
News_corp_sellshare_forced,news_corp_sellshare_forced,normalize key casing
News_corp_writedown_consumerloan,news_corp_writedown_consumerloan,normalize key casing
News_corp_writeoff_consumerloan,news_corp_writeoff_consumerloan,normalize key casing
News_corp_writeoff_defaultedloan,news_corp_writeoff_defaultedloan,normalize key casing
News_explosion,news_explosion,normalize key casing
News_fracking_settle,news_fracking_settle,normalize key casing
News_futures_liquidated,news_futures_liquidated,normalize key casing
News_govt_buys_shares,news_govt_buys_shares,normalize key casing
News_heavyselling_1,news_heavyselling_1,normalize key casing
News_heavyselling_2,news_heavyselling_2,normalize key casing
News_heavyselling_3,news_heavyselling_3,normalize key casing
News_incometaxrate_raised,news_incometaxrate_raised,normalize key casing
News_indcost_labor_militancy,news_indcost_labor_militancy,normalize key casing
News_indcost_labor_strife,news_indcost_labor_strife,normalize key casing
News_indcost_labor_unrest,news_indcost_labor_unrest,normalize key casing
News_industry_pickup,news_industry_pickup,normalize key casing
News_institution_sellstock,news_institution_sellstock,normalize key casing
News_interpol,news_interpol,normalize key casing
News_loss_continues,news_loss_continues,normalize key casing
News_margins_improved,news_margins_improved,normalize key casing
News_medicare_fraud,news_medicare_fraud,normalize key casing
News_mgmt_shakeup,news_mgmt_shakeup,normalize key casing
News_new_stock_issue,news_new_stock_issue,normalize key casing
News_newinsurer_expanding,news_newinsurer_expanding,normalize key casing
News_oil_futures_delivery,news_oil_futures_delivery,normalize key casing
News_oiltank_scuttled,news_oiltank_scuttled,normalize key casing
News_options_vested,news_options_vested,normalize key casing
News_painkiller,news_painkiller,normalize key casing
News_player_CEOElect,news_player_ceoelect,normalize key casing
News_player_bankfund,news_player_bankfund,normalize key casing
News_player_buy_futures,news_player_buy_futures,normalize key casing
News_player_dividend,news_player_dividend,normalize key casing
News_player_quarterlypay,news_player_quarterlypay,normalize key casing
News_player_quarterlytax,news_player_quarterlytax,normalize key casing
News_player_short_futures,news_player_short_futures,normalize key casing
News_player_votingcontrol1,news_player_votingcontrol1,normalize key casing
News_player_votingcontrol2,news_player_votingcontrol2,normalize key casing
News_pollution_fine,news_pollution_fine,normalize key casing
News_profit_for_usetaxloss1,news_profit_for_usetaxloss1,normalize key casing
News_profit_for_usetaxloss2,news_profit_for_usetaxloss2,normalize key casing
News_recall_franken,news_recall_franken,normalize key casing
News_restructure_charge,news_restructure_charge,normalize key casing
News_shipping_rates_up,news_shipping_rates_up,normalize key casing
News_softEco_badretail,news_softeco_badretail,normalize key casing
News_sportsplayer_1,news_sportsplayer_1,normalize key casing
News_sportsplayer_2,News_sportsplayer_1,normalize key casing and merge
News_stock_called_away,news_stock_called_away,normalize key casing
News_stockcancled_issue,news_stockcancled_issue,normalize key casing
News_store_boycot,news_store_boycot,normalize key casing
News_subsidiary_setup,news_subsidiary_setup,normalize key casing
News_tax_loss_carryover,news_tax_loss_carryover,normalize key casing
News_terrorist_missile,news_terrorist_missile,normalize key casing
News_worker_unrest,news_worker_unrest,normalize key casing
OptionBuy_confirm_order_title,optionbuy_confirm_order_title,normalize key casing
OptionBuy_input_2,optionbuy_input_2,normalize key casing
OptionBuy_input_title,optionbuy_input_title,normalize key casing
OptionBuy_price_label,optionbuy_price_label,normalize key casing
OptionSell_confirm_order_title,optionsell_confirm_order_title,normalize key casing
OptionSell_confirm_pending,optionsell_confirm_pending,normalize key casing
OptionSell_confirm_pending_2,optionsell_confirm_pending_2,normalize key casing
OptionSell_input_1,optionsell_input_1,normalize key casing
OptionSell_input_2,optionsell_input_2,normalize key casing
OptionSell_input_company,optionsell_input_company,normalize key casing
OptionSell_input_title,optionsell_input_title,normalize key casing
OptionSell_notice_2,optionsell_notice_2,normalize key casing
OptionSell_notice_3,optionsell_notice_3,normalize key casing
OptionSell_notice_4,optionsell_notice_4,normalize key casing
Option_Trade_result_title,option_trade_result_title,normalize key casing
Option_elect_notice,option_elect_notice,normalize key casing
Option_elected_notice,option_elected_notice,normalize key casing
Option_expiry_notice,option_expiry_notice,normalize key casing
Option_trade_confirm,option_trade_confirm,normalize key casing
Option_trade_pending,option_trade_pending,normalize key casing
Outlook_lead_near_lownegativeProfit,outlook_lead_near_lownegativeprofit,normalize key casing
Outlook_lead_near_moderateProfit,outlook_lead_near_moderateprofit,normalize key casing
Outlook_lead_near_notexceptionalProfit,outlook_lead_near_notexceptionalprofit,normalize key casing
Outlook_longterm_good,outlook_longterm_good,normalize key casing
Overdraft_list,overdraft_list,normalize key casing
POPUP_commodity_highprice_end,popup_commodity_highprice_end,normalize key casing
POPUP_federal_int_NeutraltoEase,popup_federal_int_neutraltoease,normalize key casing
POPUP_federal_int_ease,popup_federal_int_ease,normalize key casing
POPUP_federal_int_restrictive_more,popup_federal_int_restrictive_more,normalize key casing
POPUP_federal_int_tight,popup_federal_int_tight,normalize key casing
Patchnote_Perfom,patchnote_perfom,normalize key casing
Patchnote_UI,patchnote_ui,normalize key casing
Patchnote_bugfix,patchnote_bugfix,normalize key casing
Patchnote_diagnostic,patchnote_diagnostic,normalize key casing
Patchnote_gameplay-aifix,patchnote_gameplay-aifix,normalize key casing
Patchnote_perfom-fix,patchnote_perfom-fix,normalize key casing
Patchnote_stability,patchnote_stability,normalize key casing
Patchnote_stability-diagnostic,patchnote_stability-diagnostic,normalize key casing
PhysicalBuy_confirm_0,physicalbuy_confirm_0,normalize key casing
PhysicalBuy_confirm_buyer,physicalbuy_confirm_buyer,normalize key casing
PhysicalBuy_confirm_storage_1,physicalbuy_confirm_storage_1,normalize key casing
PhysicalBuy_confirm_storage_2,physicalbuy_confirm_storage_2,normalize key casing
PhysicalBuy_confirm_storage_3,physicalbuy_confirm_storage_3,normalize key casing
PhysicalBuy_confirm_title,physicalbuy_confirm_title,normalize key casing
PhysicalBuy_confirm_yn,physicalbuy_confirm_yn,normalize key casing
PhysicalBuy_input_2,physicalbuy_input_2,normalize key casing
PhysicalBuy_notice_0,physicalbuy_notice_0,normalize key casing
PhysicalBuy_notice_1,physicalbuy_notice_1,normalize key casing
PhysicalSell_confirm_sold,physicalsell_confirm_sold,normalize key casing
PhysicalSell_confirm_title,physicalsell_confirm_title,normalize key casing
PhysicalSell_input_1,physicalsell_input_1,normalize key casing
PhysicalSell_modal_title,physicalsell_modal_title,normalize key casing
PopUp_management_Fire,popup_management_fire,normalize key casing
Popup_Repaid,popup_repaid,normalize key casing
Popup_Wallstreet_rise,popup_wallstreet_rise,normalize key casing
Popup_fund_advanced,popup_fund_advanced,normalize key casing
Popup_lastquart_earning1,popup_lastquart_earning1,normalize key casing
Popup_lastquart_earning2,popup_lastquart_earning2,normalize key casing
Popup_lastquart_earning3,popup_lastquart_earning3,normalize key casing
Popup_player_run1,popup_player_run1,normalize key casing
Popup_player_run2,popup_player_run2,normalize key casing
Popup_quotes_Clean,popup_quotes_clean,normalize key casing
Popup_quotes_Clean_title,popup_quotes_clean_title,normalize key casing
Popup_quotes_autofill,popup_quotes_autofill,normalize key casing
Popup_rateup_lineofcredit_tighten,popup_rateup_lineofcredit_tighten,normalize key casing
Prefix_Ind_info,prefix_ind_info,normalize key casing
Prefix_eco_market,prefix_eco_market,normalize key casing
PrivateOffering_uw_fail_after_private,privateoffering_uw_fail_after_private,normalize key casing
PrivateOffering_uw_fail_after_public,privateoffering_uw_fail_after_public,normalize key casing
Private_stock_offer_related_1,private_stock_offer_related_1,normalize key casing
Private_stock_offer_related_title,private_stock_offer_related_title,normalize key casing
PublicOffering_etf_result,publicoffering_etf_result,normalize key casing
PublicOffering_uw_fail_too_soon,publicoffering_uw_fail_too_soon,normalize key casing
Public_stock_Offer_1,public_stock_offer_1,normalize key casing
Public_stock_Offer_Title,public_stock_offer_title,normalize key casing
Public_stock_Offer_result,public_stock_offer_result,normalize key casing
Public_stock_offer_notyet_title,public_stock_offer_notyet_title,normalize key casing
PutBuyBack_closeout,putbuyback_closeout,normalize key casing
PutBuyBack_input_title,putbuyback_input_title,normalize key casing
PutBuyBack_loss,putbuyback_loss,normalize key casing
PutBuyBack_notice_1,putbuyback_notice_1,normalize key casing
PutBuyBack_total_cost,putbuyback_total_cost,normalize key casing
PutBuy_executed_1,putbuy_executed_1,normalize key casing
PutBuy_input_1,putbuy_input_1,normalize key casing
PutBuy_input_company,putbuy_input_company,normalize key casing
PutBuy_notice_2,putbuy_notice_2,normalize key casing
PutBuy_notice_3,putbuy_notice_3,normalize key casing
PutBuy_notice_4,putbuy_notice_4,normalize key casing
PutBuy_price_label,putbuy_price_label,normalize key casing
PutBuy_title,putbuy_title,normalize key casing
PutSell_confirm_pending,putsell_confirm_pending,normalize key casing
PutSell_executed_1,putsell_executed_1,normalize key casing
PutSell_executed_closeout,putsell_executed_closeout,normalize key casing
PutSell_executed_loss,putsell_executed_loss,normalize key casing
PutSell_input_1,putsell_input_1,normalize key casing
PutSell_input_2,putsell_input_2,normalize key casing
PutSell_input_company,putsell_input_company,normalize key casing
PutSell_input_title,putsell_input_title,normalize key casing
PutSell_notice_1,putsell_notice_1,normalize key casing
PutSell_notice_2,putsell_notice_2,normalize key casing
PutSell_notice_3,putsell_notice_3,normalize key casing
PutSell_notice_4,putsell_notice_4,normalize key casing
PutSell_price_notice,putsell_price_notice,normalize key casing
PutSell_stock_label,putsell_stock_label,normalize key casing
PutSell_title,putsell_title,normalize key casing
Quarter_Report_title,quarter_report_title,normalize key casing
Reconstructure_notpermit,reconstructure_notpermit,normalize key casing
Repay_1,repay_1,normalize key casing
Repay_2,repay_2,normalize key casing
Repay_comfirm,repay_comfirm,normalize key casing
Repay_no,repay_no,normalize key casing
ResearchReport_Analstproject,researchreport_analstproject,normalize key casing
ResearchReport_AnalystTarget,researchreport_analysttarget,normalize key casing
ResearchReport_Antitrust,researchreport_antitrust,normalize key casing
ResearchReport_BackGInfo,researchreport_backginfo,normalize key casing
ResearchReport_Bank_Swap_Loss,researchreport_bank_swap_loss,normalize key casing
ResearchReport_Bank_Swap_profit,researchreport_bank_swap_profit,normalize key casing
ResearchReport_BothControlled,researchreport_bothcontrolled,normalize key casing
ResearchReport_CorpManagement_Competent,researchreport_corpmanagement_competent,normalize key casing
ResearchReport_CorpManagement_Excellent,researchreport_corpmanagement_excellent,normalize key casing
ResearchReport_CorpManagement_Failing,researchreport_corpmanagement_failing,normalize key casing
ResearchReport_CorpManagement_LEAD1,researchreport_corpmanagement_lead1,normalize key casing
ResearchReport_CorpManagement_LEAD2,researchreport_corpmanagement_lead2,normalize key casing
ResearchReport_CorpManagement_Mediocre,researchreport_corpmanagement_mediocre,normalize key casing
ResearchReport_CorpManagement_Poor,researchreport_corpmanagement_poor,normalize key casing
ResearchReport_ETF_SECTOR,researchreport_etf_sector,normalize key casing
ResearchReport_ETF_noasset,researchreport_etf_noasset,normalize key casing
ResearchReport_Fcondition_solid,researchreport_fcondition_solid,normalize key casing
ResearchReport_FundFeePercent,researchreport_fundfeepercent,normalize key casing
ResearchReport_Rating,researchreport_rating,normalize key casing
ResearchReport_Stockoutstanding,researchreport_stockoutstanding,normalize key casing
ResearchReport_Summary,researchreport_summary,normalize key casing
ResearchReport_Title,researchreport_title,normalize key casing
ResearchReport_ValuePerShare,researchreport_valuepershare,normalize key casing
ResearchReport_YEARS_netloss,researchreport_years_netloss,normalize key casing
ResearchReport_adviser,researchreport_adviser,normalize key casing
ResearchReport_bondissue,researchreport_bondissue,normalize key casing
ResearchReport_bondtrade_faceV,researchreport_bondtrade_facev,normalize key casing
ResearchReport_corpfull,researchreport_corpfull,normalize key casing
ResearchReport_holdingscompany,researchreport_holdingscompany,normalize key casing
ResearchReport_incorporated,researchreport_incorporated,normalize key casing
ResearchReport_insurance_profit_Growth,researchreport_insurance_profit_growth,normalize key casing
ResearchReport_insurance_unprofit_Neg,researchreport_insurance_unprofit_neg,normalize key casing
ResearchReport_insurance_unprofit_growth,researchreport_insurance_unprofit_growth,normalize key casing
ResearchReport_largest,researchreport_largest,normalize key casing
ResearchReport_loss_quarter,researchreport_loss_quarter,normalize key casing
ResearchReport_losscarryover_Tax,researchreport_losscarryover_tax,normalize key casing
ResearchReport_losscarryover_capital,researchreport_losscarryover_capital,normalize key casing
ResearchReport_notpublicly,researchreport_notpublicly,normalize key casing
ResearchReport_recommandation,researchreport_recommandation,normalize key casing
ResearchReport_subsidiary_contribution,researchreport_subsidiary_contribution,normalize key casing
ResearchReport_subsidiary_lead1,researchreport_subsidiary_lead1,normalize key casing
ResearchReport_subsidiary_lead2,researchreport_subsidiary_lead2,normalize key casing
ResearchReport_subsidiary_lead3,researchreport_subsidiary_lead3,normalize key casing
ResearchReport_subsidiary_tail_losses,researchreport_subsidiary_tail_losses,normalize key casing
ResearchReport_whollySub,researchreport_whollysub,normalize key casing
Research_report_extraord_income,research_report_extraord_income,normalize key casing
Researchreport_AnalystProject_this,researchreport_analystproject_this,normalize key casing
Save_nofile,save_nofile,normalize key casing
SearchUI_Analyst,searchui_analyst,normalize key casing
SearchUI_AnalystFavorite,searchui_analystfavorite,normalize key casing
SearchUI_AnalystFavorite_desc,searchui_analystfavorite_desc,normalize key casing
SearchUI_Analystrating,searchui_analystrating,normalize key casing
SearchUI_Any,searchui_any,normalize key casing
SearchUI_Bluechips_Desc,searchui_bluechips_desc,normalize key casing
SearchUI_Bond,searchui_bond,normalize key casing
SearchUI_BondYTM,searchui_bondytm,normalize key casing
SearchUI_Bondopportunity,searchui_bondopportunity,normalize key casing
SearchUI_Bondopportunity_desc,searchui_bondopportunity_desc,normalize key casing
SearchUI_Bondprice,searchui_bondprice,normalize key casing
SearchUI_BookValue,searchui_bookvalue,normalize key casing
SearchUI_ConvPremium,searchui_convpremium,normalize key casing
SearchUI_Convertibles,searchui_convertibles,normalize key casing
SearchUI_CreditRating,searchui_creditrating,normalize key casing
SearchUI_CreditRating_exact,searchui_creditrating_exact,normalize key casing
SearchUI_DividendP,searchui_dividendp,normalize key casing
SearchUI_Growthstock,searchui_growthstock,normalize key casing
SearchUI_Growthstock_desc,searchui_growthstock_desc,normalize key casing
SearchUI_IncomeStocks,searchui_incomestocks,normalize key casing
SearchUI_IncomeStocks_desc,searchui_incomestocks_desc,normalize key casing
SearchUI_MAXPBR,searchui_maxpbr,normalize key casing
SearchUI_MAXPER,searchui_maxper,normalize key casing
SearchUI_Management,searchui_management,normalize key casing
SearchUI_Management_exact,searchui_management_exact,normalize key casing
SearchUI_Maturity,searchui_maturity,normalize key casing
SearchUI_Maxcap,searchui_maxcap,normalize key casing
SearchUI_Maxconv,searchui_maxconv,normalize key casing
SearchUI_MinCap,searchui_mincap,normalize key casing
SearchUI_MinDiv,searchui_mindiv,normalize key casing
SearchUI_MinRoe,searchui_minroe,normalize key casing
SearchUI_Nofinancial,searchui_nofinancial,normalize key casing
SearchUI_Noholdings,searchui_noholdings,normalize key casing
SearchUI_PublicShare,searchui_publicshare,normalize key casing
SearchUI_ShortScore,searchui_shortscore,normalize key casing
SearchUI_ValuePlays,searchui_valueplays,normalize key casing
SearchUI_ValuePlays_desc,searchui_valueplays_desc,normalize key casing
SearchUI_bluechips,searchui_bluechips,normalize key casing
SearchUI_convertible,searchui_convertible,normalize key casing
SearchUI_convertible_desc,searchui_convertible_desc,normalize key casing
SearchUI_haveBonds,searchui_havebonds,normalize key casing
SearchUI_noETF,searchui_noetf,normalize key casing
SearchUI_shortcandidate,searchui_shortcandidate,normalize key casing
SearchUI_shortcandidate_desc,searchui_shortcandidate_desc,normalize key casing
SearchUI_showingCompanies,searchui_showingcompanies,normalize key casing
SearchUI_smallcap,searchui_smallcap,normalize key casing
SearchUI_smallcap_Desc,searchui_smallcap_desc,normalize key casing
SearchUI_takeoverTarget,searchui_takeovertarget,normalize key casing
SearchUI_takeoverTarget_desc,searchui_takeovertarget_desc,normalize key casing
Setting_Exerciseoption,setting_exerciseoption,normalize key casing
Setting_Makedelivery,setting_makedelivery,normalize key casing
Setting_Makedelivery_off_1,setting_makedelivery_off_1,normalize key casing
Setting_Makedelivery_off_2,setting_makedelivery_off_2,normalize key casing
Setting_Makedelivery_on_1,setting_makedelivery_on_1,normalize key casing
Setting_Makedelivery_on_2,setting_makedelivery_on_2,normalize key casing
Setting_Makedelivery_on_3,setting_makedelivery_on_3,normalize key casing
Setting_Sweep_desc,setting_sweep_desc,normalize key casing
Setting_Sweep_off,setting_sweep_off,normalize key casing
Setting_Sweep_on,setting_sweep_on,normalize key casing
Setting_Theme,setting_theme,normalize key casing
Setting_Theme_1,setting_theme_1,normalize key casing
Setting_autoadd,setting_autoadd,normalize key casing
Setting_autoadd_on,setting_autoadd_on,normalize key casing
Setting_autosave,setting_autosave,normalize key casing
Setting_display,setting_display,normalize key casing
Setting_growthThrottle,setting_growththrottle,normalize key casing
Setting_growthThrottle_1,setting_growththrottle_1,normalize key casing
Setting_growthThrottle_2,setting_growththrottle_2,normalize key casing
Setting_growthThrottle_3,setting_growththrottle_3,normalize key casing
Setting_growthThrottle_4,setting_growththrottle_4,normalize key casing
Setting_growthThrottle_confirm_1,setting_growththrottle_confirm_1,normalize key casing
Setting_growthThrottle_confirm_2,setting_growththrottle_confirm_2,normalize key casing
Setting_growthThrottle_immediateChange_1,setting_growththrottle_immediatechange_1,normalize key casing
Setting_growthThrottle_immediateChange_title,setting_growththrottle_immediatechange_title,normalize key casing
Setting_growthThrottle_input_1,setting_growththrottle_input_1,normalize key casing
Setting_growthThrottle_input_title,setting_growththrottle_input_title,normalize key casing
Setting_growthThrottle_title,setting_growththrottle_title,normalize key casing
Setting_lock_Denomination,setting_lock_denomination,normalize key casing
Setting_sendCrashreport,setting_sendcrashreport,normalize key casing
Setting_shareholderGraph,setting_shareholdergraph,normalize key casing
Setting_supp_earning,setting_supp_earning,normalize key casing
Setting_supp_earning_off,setting_supp_earning_off,normalize key casing
Setting_supp_earning_on,setting_supp_earning_on,normalize key casing
Setting_supp_popup,setting_supp_popup,normalize key casing
Setting_supp_popup_OFF,setting_supp_popup_off,normalize key casing
Setting_supp_popup_on,setting_supp_popup_on,normalize key casing
Setting_supp_popup_on1,setting_supp_popup_on1,normalize key casing
Setting_supp_warning,setting_supp_warning,normalize key casing
Setting_supp_warning_off,setting_supp_warning_off,normalize key casing
Setting_supp_warning_on,setting_supp_warning_on,normalize key casing
Setting_sweep,setting_sweep,normalize key casing
Setting_systemBrowser,setting_systembrowser,normalize key casing
Setting_takedelivery,setting_takedelivery,normalize key casing
Setting_takedelivery_OFF_1,setting_takedelivery_off_1,normalize key casing
Setting_takedelivery_ON,setting_takedelivery_on,normalize key casing
Setting_takedelivery_ON_1,setting_takedelivery_on_1,normalize key casing
Setting_takedelivery_ON_3,setting_takedelivery_on_3,normalize key casing
Setting_takedelivery_ON_4,setting_takedelivery_on_4,normalize key casing
Setting_takedelivery_Off_2,setting_takedelivery_off_2,normalize key casing
Shareholder_ShowGraph,shareholder_showgraph,normalize key casing
Shareholder_TextReport,shareholder_textreport,normalize key casing
Shareholder_list,shareholder_list,normalize key casing
Shareholder_public,shareholder_public,normalize key casing
Shareholder_reset,shareholder_reset,normalize key casing
ShortCover_confirm_bought,shortcover_confirm_bought,normalize key casing
ShortCover_confirm_title,shortcover_confirm_title,normalize key casing
ShortCover_input_1,shortcover_input_1,normalize key casing
ShortCover_modal_title,shortcover_modal_title,normalize key casing
ShortCover_price_info,shortcover_price_info,normalize key casing
StartCompany_Namesymbol_1,startcompany_namesymbol_1,normalize key casing
StartCompany_Namesymbol_2_1,startcompany_namesymbol_2_1,normalize key casing
StartCompany_Namesymbol_2_title,startcompany_namesymbol_2_title,normalize key casing
StartCompany_bank_notice,startcompany_bank_notice,normalize key casing
StartCompany_cost_caps,startcompany_cost_caps,normalize key casing
StartCompany_country_notice,startcompany_country_notice,normalize key casing
StartCompany_industry_notice,startcompany_industry_notice,normalize key casing
StartCompany_name_title,startcompany_name_title,normalize key casing
StartCompany_name_yn,startcompany_name_yn,normalize key casing
StartCompany_nationality_1,startcompany_nationality_1,normalize key casing
StartCompany_nationality_2,startcompany_nationality_2,normalize key casing
StartCompany_nationality_3_title,startcompany_nationality_3_title,normalize key casing
StartCompany_nationality_title,startcompany_nationality_title,normalize key casing
StartCompany_result_name,startcompany_result_name,normalize key casing
StartCompany_result_title,startcompany_result_title,normalize key casing
StartCompany_success_country,startcompany_success_country,normalize key casing
Startup_1_1,startup_1_1,normalize key casing
Startup_1_2,startup_1_2,normalize key casing
Startup_1_3,startup_1_3,normalize key casing
Startup_1_4,startup_1_4,normalize key casing
Startup_1_title,startup_1_title,normalize key casing
Startup_2_1,startup_2_1,normalize key casing
Startup_2_title,startup_2_title,normalize key casing
Startup_3_1,startup_3_1,normalize key casing
Startup_3_1_variant2,startup_3_1_variant2,normalize key casing
Startup_3_2_variant2,startup_3_2_variant2,normalize key casing
Startup_3_3,startup_3_3,normalize key casing
Startup_3_title,startup_3_title,normalize key casing
Startup_Namesymbol_1,startup_namesymbol_1,normalize key casing
Startup_Namesymbol_2,startup_namesymbol_2,normalize key casing
Startup_Namesymbol_title,startup_namesymbol_title,normalize key casing
Startup_result_1,startup_result_1,normalize key casing
Startup_result_2,startup_result_2,normalize key casing
StockAdvisor_vaulted_1,stockadvisor_vaulted_1,normalize key casing
StockBuy_Final_confirm_2,stockbuy_final_confirm_2,normalize key casing
StockBuy_Final_confirm_3,stockbuy_final_confirm_3,normalize key casing
StockBuy_Final_confirm_4,stockbuy_final_confirm_4,normalize key casing
StockBuy_Final_confirm_title,stockbuy_final_confirm_title,normalize key casing
StockBuy_Final_confirm_title_1,stockbuy_final_confirm_title_1,normalize key casing
StockBuy_Openmarket_Totalcost,stockbuy_openmarket_totalcost,normalize key casing
StockBuy_Openmarket_confirm,stockbuy_openmarket_confirm,normalize key casing
StockBuy_Openmarket_estimPrice,stockbuy_openmarket_estimprice,normalize key casing
StockBuy_Openmarket_price,stockbuy_openmarket_price,normalize key casing
StockBuy_Openmarket_price_above,stockbuy_openmarket_price_above,normalize key casing
StockBuy_Openmarket_title,stockbuy_openmarket_title,normalize key casing
StockBuy_Percentage,stockbuy_percentage,normalize key casing
StockBuy_already_review,stockbuy_already_review,normalize key casing
StockBuy_buyout_1,stockbuy_buyout_1,normalize key casing
StockBuy_input_2,stockbuy_input_2,normalize key casing
StockBuy_legal_1,stockbuy_legal_1,normalize key casing
StockBuy_legal_2,stockbuy_legal_2,normalize key casing
StockBuy_offer_1,stockbuy_offer_1,normalize key casing
StockBuy_offer_2,stockbuy_offer_2,normalize key casing
StockBuy_offer_4,stockbuy_offer_4,normalize key casing
StockBuy_result_1,stockbuy_result_1,normalize key casing
StockBuy_tender_2_Public_1,stockbuy_tender_2_public_1,normalize key casing
StockBuy_tender_2_Public_2,stockbuy_tender_2_public_2,normalize key casing
StockBuy_tender_2_Public_3,stockbuy_tender_2_public_3,normalize key casing
StockBuy_tender_4_1,stockbuy_tender_4_1,normalize key casing
StockBuy_tender_4_title,stockbuy_tender_4_title,normalize key casing
StockBuy_tender_5,stockbuy_tender_5,normalize key casing
StockBuy_tender_Confirm,stockbuy_tender_confirm,normalize key casing
StockBuy_tender_Title,stockbuy_tender_title,normalize key casing
StockBuy_tender_cost_1,stockbuy_tender_cost_1,normalize key casing
StockBuy_tender_cost_2,stockbuy_tender_cost_2,normalize key casing
StockBuy_tender_cost_3,stockbuy_tender_cost_3,normalize key casing
StockBuy_tender_toolow1,stockbuy_tender_toolow1,normalize key casing
StockBuy_tender_toolow2,stockbuy_tender_toolow2,normalize key casing
StockBuy_title,stockbuy_title,normalize key casing
StockBuy_warning_1,stockbuy_warning_1,normalize key casing
StockBuy_warning_2,stockbuy_warning_2,normalize key casing
StockIssue_cancel_result,stockissue_cancel_result,normalize key casing
StockIssue_cancel_title,stockissue_cancel_title,normalize key casing
StockIssue_notice_title,stockissue_notice_title,normalize key casing
StockSell_Confirm_Title,stocksell_confirm_title,normalize key casing
StockSell_Tax_title,stocksell_tax_title,normalize key casing
StockSell_Title,stocksell_title,normalize key casing
StockShort_confirm_1,stockshort_confirm_1,normalize key casing
StockShort_confirm_2,stockshort_confirm_2,normalize key casing
StockShort_conflict_1,stockshort_conflict_1,normalize key casing
StockShort_conflict_2,stockshort_conflict_2,normalize key casing
StockShort_conflict_title,stockshort_conflict_title,normalize key casing
StockShort_input_2,stockshort_input_2,normalize key casing
StockShort_input_3,stockshort_input_3,normalize key casing
StockShort_input_4,stockshort_input_4,normalize key casing
StockShort_input_5,stockshort_input_5,normalize key casing
StockShort_notenough,stockshort_notenough,normalize key casing
StockShort_title,stockshort_title,normalize key casing
Stockbuy_Public_3_1,stockbuy_public_3_1,normalize key casing
Stockbuy_Public_3_title,stockbuy_public_3_title,normalize key casing
Stockbuy_RelatedEntity_Selection_list,stockbuy_relatedentity_selection_list,normalize key casing
Stockbuy_RelatedEntity_Selection_title,stockbuy_relatedentity_selection_title,normalize key casing
Stockbuy_RelatedEntity_Title,stockbuy_relatedentity_title,normalize key casing
Stockbuy_RelatedEntity_Title_1,stockbuy_relatedentity_title_1,normalize key casing
Stockbuy_RelatedEntity_Title_2,stockbuy_relatedentity_title_2,normalize key casing
Stockbuy_RelatedEntity_held,stockbuy_relatedentity_held,normalize key casing
Stockbuy_RelatedEntity_held_controled,stockbuy_relatedentity_held_controled,normalize key casing
Stockbuy_RelatedEntity_offered,stockbuy_relatedentity_offered,normalize key casing
Stockbuy_confirm,stockbuy_confirm,normalize key casing
Stockbuy_confirm_1,stockbuy_confirm_1,normalize key casing
Stockbuy_confirm_Fee,stockbuy_confirm_fee,normalize key casing
Stockbuy_confirm_related,stockbuy_confirm_related,normalize key casing
Stockbuy_confirm_tenderoffer,stockbuy_confirm_tenderoffer,normalize key casing
Stockbuy_foreigner,stockbuy_foreigner,normalize key casing
Stockbuy_fundsufficient,stockbuy_fundsufficient,normalize key casing
Stockbuy_offer_limit1,stockbuy_offer_limit1,normalize key casing
Stockbuy_offer_limit2,stockbuy_offer_limit2,normalize key casing
Stockbuy_offer_limit2_variant2,stockbuy_offer_limit2_variant2,normalize key casing
Stockbuy_offer_limit3,stockbuy_offer_limit3,normalize key casing
Stockbuy_offer_limit3_variant2,stockbuy_offer_limit3_variant2,normalize key casing
Stockbuy_offer_limit3_variant3,stockbuy_offer_limit3_variant3,normalize key casing
Stockbuy_offer_result_refuse,stockbuy_offer_result_refuse,normalize key casing
Stockbuy_offer_result_refuse_variant2,stockbuy_offer_result_refuse_variant2,normalize key casing
Stockbuy_price,stockbuy_price,normalize key casing
Stockbuy_relatedentity_Both_1,stockbuy_relatedentity_both_1,normalize key casing
Stockbuy_relatedentity_Both_2,stockbuy_relatedentity_both_2,normalize key casing
Stockbuy_relatedentity_Both_title,stockbuy_relatedentity_both_title,normalize key casing
Stockbuy_tender_3,stockbuy_tender_3,normalize key casing
Stockbuy_tender_4_0,stockbuy_tender_4_0,normalize key casing
Stockbuy_tender_4_holdings,stockbuy_tender_4_holdings,normalize key casing
Stockbuy_tender_6,stockbuy_tender_6,normalize key casing
Stockbuy_tender_Price,stockbuy_tender_price,normalize key casing
Stocksell_Forsale_OfferTerm_1,stocksell_forsale_offerterm_1,normalize key casing
Stocksell_Pct,stocksell_pct,normalize key casing
Stocksell_Tax2,stocksell_tax2,normalize key casing
Stocksell_confirm_1,stocksell_confirm_1,normalize key casing
Stocksell_forsale,stocksell_forsale,normalize key casing
Stocksell_forsale_Extend_1,stocksell_forsale_extend_1,normalize key casing
Stocksell_forsale_Extend_2,stocksell_forsale_extend_2,normalize key casing
Stocksell_forsale_Extend_title,stocksell_forsale_extend_title,normalize key casing
Stocksell_forsale_offerterm_4,stocksell_forsale_offerterm_4,normalize key casing
Stocksell_forsale_offerterm_5,stocksell_forsale_offerterm_5,normalize key casing
Stocksell_tax_1,stocksell_tax_1,normalize key casing
Stocksells_confirm_2,stocksells_confirm_2,normalize key casing
Story_40Jenkins,story_40jenkins,normalize key casing
Swap_create_help,swap_create_help,normalize key casing
Swap_long_pos,swap_long_pos,normalize key casing
Swap_notional_amount_help,swap_notional_amount_help,normalize key casing
Swap_notional_amount_label,swap_notional_amount_label,normalize key casing
Swap_position_label,swap_position_label,normalize key casing
Swap_rate_type_label,swap_rate_type_label,normalize key casing
TaxFree_liquidation,taxfree_liquidation,normalize key casing
Trade_Tbill_title,trade_tbill_title,normalize key casing
Trade_buyer_label,trade_buyer_label,normalize key casing
Trade_gain_realized,trade_gain_realized,normalize key casing
Trade_gain_recognized,trade_gain_recognized,normalize key casing
Trade_loss_realized,trade_loss_realized,normalize key casing
Trade_loss_recognized,trade_loss_recognized,normalize key casing
Trade_seller_label,trade_seller_label,normalize key casing
Trade_tbill_1,trade_tbill_1,normalize key casing
Trade_tbill_2,trade_tbill_2,normalize key casing
Trade_total_proceeds,trade_total_proceeds,normalize key casing
Tutorial_1-10_body,tutorial_1-10_body,normalize key casing
Tutorial_1-10_title,tutorial_1-10_title,normalize key casing
Tutorial_1-11_Title,tutorial_1-11_title,normalize key casing
Tutorial_1-11_body,tutorial_1-11_body,normalize key casing
Tutorial_1-12_body,tutorial_1-12_body,normalize key casing
Tutorial_1-12_title,tutorial_1-12_title,normalize key casing
Tutorial_1-13_body,tutorial_1-13_body,normalize key casing
Tutorial_1-13_title,tutorial_1-13_title,normalize key casing
Tutorial_1-14_Title,tutorial_1-14_title,normalize key casing
Tutorial_1-3_Title,tutorial_1-3_title,normalize key casing
Tutorial_1-3_body,tutorial_1-3_body,normalize key casing
Tutorial_1-4_Title,tutorial_1-4_title,normalize key casing
Tutorial_1-4_body,tutorial_1-4_body,normalize key casing
Tutorial_1-5_body,tutorial_1-5_body,normalize key casing
Tutorial_1-5_title,tutorial_1-5_title,normalize key casing
Tutorial_1-6_body,tutorial_1-6_body,normalize key casing
Tutorial_1-6_title,tutorial_1-6_title,normalize key casing
Tutorial_1-7_body,tutorial_1-7_body,normalize key casing
Tutorial_1-7_title,tutorial_1-7_title,normalize key casing
Tutorial_1-8_body,tutorial_1-8_body,normalize key casing
Tutorial_1-8_title,tutorial_1-8_title,normalize key casing
Tutorial_1-9_body,tutorial_1-9_body,normalize key casing
Tutorial_1-9_title,tutorial_1-9_title,normalize key casing
Tutorial_5_10_body,tutorial_5_10_body,normalize key casing
Tutorial_5_10_title,tutorial_5_10_title,normalize key casing
Tutorial_5_11_body,tutorial_5_11_body,normalize key casing
Tutorial_5_11_title,tutorial_5_11_title,normalize key casing
Tutorial_5_4_body,tutorial_5_4_body,normalize key casing
Tutorial_5_4_title,tutorial_5_4_title,normalize key casing
Tutorial_5_5_body,tutorial_5_5_body,normalize key casing
Tutorial_5_5_title,tutorial_5_5_title,normalize key casing
Tutorial_5_8_body,tutorial_5_8_body,normalize key casing
Tutorial_5_8_title,tutorial_5_8_title,normalize key casing
Tutorial_5_9_body,tutorial_5_9_body,normalize key casing
Tutorial_5_9_title,tutorial_5_9_title,normalize key casing
Tutorial_KeepPlaying,tutorial_keepplaying,normalize key casing
Tutorial_ScenarioComplete,tutorial_scenariocomplete,normalize key casing
Tutorial_anotherTutorial,tutorial_anothertutorial,normalize key casing
Tutorial_step,tutorial_step,normalize key casing
UI-ChangeDividendPayoutDelw,UI-changedividendpayoutdelw,normalize key casing
UI-DividendRateRemainsUnchanged,UI-dividendrateremainsunchanged,normalize key casing
UI-Issue,UI-issue,normalize key casing
UI_transaction_completed,ui_transaction_completed,normalize key casing
Underbar_notification,underbar_notification,normalize key casing
WhiteKnight_modal_body,whiteknight_modal_body,normalize key casing
WhiteKnight_result,whiteknight_result,normalize key casing
WhiteKnight_uw_fail,whiteknight_uw_fail,normalize key casing
WhoAhead_Banklender,whoahead_banklender,normalize key casing
WhoAhead_Infos,whoahead_infos,normalize key casing
WhoAhead_Leader,whoahead_leader,normalize key casing
WhoAhead_Networth,whoahead_networth,normalize key casing
WhoAhead_Players,whoahead_players,normalize key casing
WhoAhead_Summary_title,whoahead_summary_title,normalize key casing
WhoAhead_largest,whoahead_largest,normalize key casing
WhoAhead_leadersNetworth,whoahead_leadersnetworth,normalize key casing
WhoAhead_playerlist,whoahead_playerlist,normalize key casing
WhosAhead_ControlComp,whosahead_controlcomp,normalize key casing
WhosAhead_EmploymentStatus_1,whosahead_employmentstatus_1,normalize key casing
WhosAhead_StockownInclu,whosahead_stockowninclu,normalize key casing
Whosahead_employmentStatus_2,whosahead_employmentstatus_2,normalize key casing
Whosahead_employmentStatus_3,whosahead_employmentstatus_3,normalize key casing
Whosahead_player_computer_1,whosahead_player_computer_1,normalize key casing
advisory_Bankprime_comparaison_1,advisory_bankprime_comparaison_1,normalize key casing
advisory_Bankprime_comparaison_2,advisory_bankprime_comparaison_2,normalize key casing
advisory_Bankprime_comparaison_3,advisory_bankprime_comparaison_3,normalize key casing
advisory_CME_year_UP,advisory_cme_year_up,normalize key casing
advisory_CME_year_UP_spectacul,advisory_cme_year_up_spectacul,normalize key casing
advisory_Commodity_downagain,advisory_commodity_downagain,normalize key casing
advisory_Commodity_upagain,advisory_commodity_upagain,normalize key casing
advisory_CreditRating_bad,advisory_creditrating_bad,normalize key casing
advisory_CreditRating_good,advisory_creditrating_good,normalize key casing
advisory_CreditRating_liquidationWarning,advisory_creditrating_liquidationwarning,normalize key casing
advisory_CreditRating_notbad,advisory_creditrating_notbad,normalize key casing
advisory_Creditrating_verygood,advisory_creditrating_verygood,normalize key casing
advisory_ETF_NO_EARNING,advisory_etf_no_earning,normalize key casing
advisory_Feature_Banking_neutral,advisory_feature_banking_neutral,normalize key casing
advisory_Feature_Carrier_Highfuel,advisory_feature_carrier_highfuel,normalize key casing
advisory_Feature_ETF_sectors,advisory_feature_etf_sectors,normalize key casing
advisory_Feature_chem_EnvLaws,advisory_feature_chem_envlaws,normalize key casing
advisory_Feature_medic_lawsuits,advisory_feature_medic_lawsuits,normalize key casing
advisory_Feature_rail,advisory_feature_rail,normalize key casing
advisory_FuturesCanMargincall,advisory_futurescanmargincall,normalize key casing
advisory_GMO_resist,advisory_gmo_resist,normalize key casing
advisory_General_economy_good,advisory_general_economy_good,normalize key casing
advisory_General_economy_good2,advisory_general_economy_good2,normalize key casing
advisory_General_economy_mediocre,advisory_general_economy_mediocre,normalize key casing
advisory_General_economy_mediocre2,advisory_general_economy_mediocre2,normalize key casing
advisory_General_economy_recovery,advisory_general_economy_recovery,normalize key casing
advisory_Lastmonths_Stead_fallen,advisory_lastmonths_stead_fallen,normalize key casing
advisory_Lastmonths_Stead_rising,advisory_lastmonths_stead_rising,normalize key casing
advisory_Lastmonths_Stead_sinking,advisory_lastmonths_stead_sinking,normalize key casing
advisory_Lastmonths_down,advisory_lastmonths_down,normalize key casing
advisory_Lastmonths_dropp,advisory_lastmonths_dropp,normalize key casing
advisory_Lastmonths_flat,advisory_lastmonths_flat,normalize key casing
advisory_Lastmonths_plunge,advisory_lastmonths_plunge,normalize key casing
advisory_Lastmonths_shoot,advisory_lastmonths_shoot,normalize key casing
advisory_Lastmonths_sinking,advisory_lastmonths_sinking,normalize key casing
advisory_Lastmonths_stead_climb,advisory_lastmonths_stead_climb,normalize key casing
advisory_Lastmonths_up,advisory_lastmonths_up,normalize key casing
advisory_Lastmonths_vault,advisory_lastmonths_vault,normalize key casing
advisory_Lastyear_Metalprice_rocket,advisory_lastyear_metalprice_rocket,normalize key casing
advisory_Player_ownStock1,advisory_player_ownstock1,normalize key casing
advisory_Player_ownStock2,advisory_player_ownstock2,normalize key casing
advisory_Tax_Liability,advisory_tax_liability,normalize key casing
advisory_Tax_liability_holdings,advisory_tax_liability_holdings,normalize key casing
advisory_Tax_notprepayed,advisory_tax_notprepayed,normalize key casing
advisory_YTD_Grainmarket_Lower,advisory_ytd_grainmarket_lower,normalize key casing
advisory_YTD_Grainmarket_Lower2,advisory_ytd_grainmarket_lower2,normalize key casing
advisory_YTD_stockprice_Dec,advisory_ytd_stockprice_dec,normalize key casing
advisory_YTD_stockprice_DecDec,advisory_ytd_stockprice_decdec,normalize key casing
advisory_YTD_stockprice_DecGain,advisory_ytd_stockprice_decgain,normalize key casing
advisory_YTD_stockprice_Risen,advisory_ytd_stockprice_risen,normalize key casing
advisory_YTD_stockprice_risedown,advisory_ytd_stockprice_risedown,normalize key casing
advisory_YTD_stockprice_riserise,advisory_ytd_stockprice_riserise,normalize key casing
advisory_crypto_price_Bitcoin,advisory_crypto_price_bitcoin,normalize key casing
advisory_crypto_price_Bitcoin_1,advisory_crypto_price_bitcoin_1,normalize key casing
advisory_crypto_price_Ethereum,advisory_crypto_price_ethereum,normalize key casing
advisory_earnings_Target1,advisory_earnings_target1,normalize key casing
advisory_earnings_Target2,advisory_earnings_target2,normalize key casing
advisory_earnings_Target3,advisory_earnings_target3,normalize key casing
advisory_earnings_Target4,advisory_earnings_target4,normalize key casing
advisory_earnings_Target5,advisory_earnings_target5,normalize key casing
advisory_earnings_Target6,advisory_earnings_target6,normalize key casing
advisory_earnings_This_Proj1,advisory_earnings_this_proj1,normalize key casing
advisory_earnings_This_Proj2,advisory_earnings_this_proj2,normalize key casing
advisory_earnings_This_Proj3,advisory_earnings_this_proj3,normalize key casing
advisory_earnings_This_Proj5,advisory_earnings_this_proj5,normalize key casing
advisory_earnings_next_Proj,advisory_earnings_next_proj,normalize key casing
advisory_estimateV_decline,advisory_estimatev_decline,normalize key casing
advisory_estimateV_decline1,advisory_estimatev_decline1,normalize key casing
advisory_estimateV_risen,advisory_estimatev_risen,normalize key casing
advisory_estimateV_risen1,advisory_estimatev_risen1,normalize key casing
advisory_estimateV_risenbutdown,advisory_estimatev_risenbutdown,normalize key casing
advisory_exhausted_LineofCredit1,advisory_exhausted_lineofcredit1,normalize key casing
advisory_exhausted_LineofCredit3,advisory_exhausted_lineofcredit3,normalize key casing
advisory_exhausted_LineofCredit_expand1,advisory_exhausted_lineofcredit_expand1,normalize key casing
advisory_exhausted_LineofCredit_expand2,advisory_exhausted_lineofcredit_expand2,normalize key casing
advisory_largeststockhoding_Declined,advisory_largeststockhoding_declined,normalize key casing
advisory_largeststockhoding_Plunged,advisory_largeststockhoding_plunged,normalize key casing
advisory_largeststockhoding_Risen,advisory_largeststockhoding_risen,normalize key casing
advisory_lastYear_eachQ_dec,advisory_lastyear_eachq_dec,normalize key casing
advisory_lastYear_eachQ_up,advisory_lastyear_eachq_up,normalize key casing
advisory_last_months_Commodity_down,advisory_last_months_commodity_down,normalize key casing
advisory_last_months_Commodity_up,advisory_last_months_commodity_up,normalize key casing
advisory_last_year_Grainmarket_down,advisory_last_year_grainmarket_down,normalize key casing
advisory_last_year_Grainmarket_downrecover,advisory_last_year_grainmarket_downrecover,normalize key casing
advisory_last_year_Grainmarket_downup,advisory_last_year_grainmarket_downup,normalize key casing
advisory_last_year_Grainmarket_up,advisory_last_year_grainmarket_up,normalize key casing
advisory_last_year_Grainmarket_updown,advisory_last_year_grainmarket_updown,normalize key casing
advisory_noLineofCredit_liquidate,advisory_nolineofcredit_liquidate,normalize key casing
advisory_player_Taxpay,advisory_player_taxpay,normalize key casing
advisory_player_Taxrefund,advisory_player_taxrefund,normalize key casing
advisory_suggest_HighDD,advisory_suggest_highdd,normalize key casing
bank_allocation_strategy_Cancel,bank_allocation_strategy_cancel,normalize key casing
bank_allocation_strategy_Cash,bank_allocation_strategy_cash,normalize key casing
bank_allocation_strategy_SubprimeMort,bank_allocation_strategy_subprimemort,normalize key casing
bank_allocation_strategy_consumerLoan,bank_allocation_strategy_consumerloan,normalize key casing
bank_allocation_strategy_primeMort,bank_allocation_strategy_primemort,normalize key casing
callOptionBuy_notice_2,calloptionbuy_notice_2,normalize key casing
callOptionBuy_notice_3,calloptionbuy_notice_3_1,resolve case-collision
callOptionBuy_notice_4,calloptionbuy_notice_4,normalize key casing
callOptionBuy_result_2,calloptionbuy_result_2,normalize key casing
callOptionSell_confirm_title,calloptionsell_confirm_title,normalize key casing
cashflow_Annual_CashFlow_Prj,cashflow_annual_cashflow_prj,normalize key casing
cashflow_Govtbond_interest,cashflow_govtbond_interest,normalize key casing
cashflow_Taxowed_now,cashflow_taxowed_now,normalize key casing
cashflow_adjust_Public_Dec,cashflow_adjust_public_dec,normalize key casing
cashflow_adjust_Public_inc,cashflow_adjust_public_inc,normalize key casing
cashflow_adjust_Sub_noncash,cashflow_adjust_sub_noncash,normalize key casing
cashflow_estimated_corpBorrow,cashflow_estimated_corpborrow,normalize key casing
cashflow_estimated_corpRepayment,cashflow_estimated_corprepayment,normalize key casing
cashflow_interest_advances_From_P,cashflow_interest_advances_from_p,normalize key casing
cashflow_less_quart_divid_Payout,cashflow_less_quart_divid_payout,normalize key casing
cashflow_notice_corpBorrow,cashflow_notice_corpborrow,normalize key casing
financialui_AfterDebt,financialui_afterdebt,normalize key casing
financialui_BeforeDebt,financialui_beforedebt,normalize key casing
financialui_OperatingProfit,financialui_operatingprofit,normalize key casing
financialui_QuartCash,financialui_quartcash,normalize key casing
loans_Buisiness_loan,loans_buisiness_loan,normalize key casing
loans_Buisiness_loan_1,loans_buisiness_loan_1,normalize key casing
loans_Buisiness_loan_C,loans_buisiness_loan_c,normalize key casing
loans_Buisiness_loan_H,loans_buisiness_loan_h,normalize key casing
loans_Buisiness_loan_P,loans_buisiness_loan_p,normalize key casing
mainUI_Button_Alerts,mainui_button_alerts,normalize key casing
mainUI_Button_Fill,mainui_button_fill,normalize key casing
mainUI_Button_GovtBond,mainui_button_govtbond,normalize key casing
mainUI_Button_Ownership_Futures,mainui_button_ownership_futures,normalize key casing
mainUI_Button_Ownership_Management,mainui_button_ownership_management,normalize key casing
mainUI_Button_Ownership_Options,mainui_button_ownership_options,normalize key casing
mainUI_Button_Ownership_Stock,mainui_button_ownership_stock,normalize key casing
mainUI_Button_Ownership_Swap,mainui_button_ownership_swap,normalize key casing
mainUI_Button_Physical,mainui_button_physical,normalize key casing
mainUI_Button_shorts,mainui_button_shorts,normalize key casing
mainUI_News,mainui_news,normalize key casing
mainUI_Quotes,mainui_quotes,normalize key casing
mainUI_Search,mainui_search,normalize key casing
news_Asset_Explode,news_asset_explode,normalize key casing
news_Contract_large_infrastructure,news_contract_large_infrastructure,normalize key casing
news_Liquidation_Bondbuyback,news_liquidation_bondbuyback,normalize key casing
news_Maturingbonds_pays_full,news_maturingbonds_pays_full,normalize key casing
news_Maturingbonds_pays_par,news_maturingbonds_pays_par,normalize key casing
news_Player_loseCEO_liquidation,news_player_loseceo_liquidation,normalize key casing
news_Stockbuy,news_stockbuy,normalize key casing
news_annual_CEObonus,news_annual_ceobonus,normalize key casing
news_bankruptcy_SettleFuture,news_bankruptcy_settlefuture,normalize key casing
news_bankruptcy_TransferFuture,news_bankruptcy_transferfuture,normalize key casing
news_bankruptcy_emerge,news_bankruptcy_emerge_2,resolve case-collision
news_commodity_Backwardation,news_commodity_backwardation,normalize key casing
news_corp_merger_cost,news_corp_merger_cost_1,resolve case-collision
news_corp_sellcall,news_corp_sellcall_2,resolve case-collision
private_stock_Offer_1,private_stock_offer_1,normalize key casing
private_stock_Offer_Player_1,private_stock_offer_player_1,normalize key casing
private_stock_Offer_Player_2,private_stock_offer_player_2,normalize key casing
private_stock_Offer_Player_3,private_stock_offer_player_3,normalize key casing
private_stock_Offer_Player_result,private_stock_offer_player_result,normalize key casing
private_stock_Offer_related_result_1,private_stock_offer_related_result_1,normalize key casing
private_stock_Offer_result_2,private_stock_offer_result_2,normalize key casing
private_stock_Offer_title,private_stock_offer_title,normalize key casing
sTARTCOMPAGNY_RESULT_0,startcompagny_result_0,normalize key casing
setting_exerciseOption_Off,setting_exerciseoption_off,normalize key casing
setting_exerciseOption_On,setting_exerciseoption_on,normalize key casing
Advisory_While_lead,Advisory_industry_lead_profitability,문구 역할을 lead/middle/tail/full 키에 명시
Advisory_While_tail,Advisory_industry_tail_supply_demand,문구 역할을 lead/middle/tail/full 키에 명시
CT-120790fb,Advisory_GDP_full_comparison_up,문구 역할을 lead/middle/tail/full 키에 명시
CT-ecd407f3,Advisory_GDP_full_comparison_down,문구 역할을 lead/middle/tail/full 키에 명시
GF-f7d456eb,Advisory_GDP_tail_growth_up,문구 역할을 lead/middle/tail/full 키에 명시
CT-321cde1a,Advisory_GDP_full_growth_down,문구 역할을 lead/middle/tail/full 키에 명시
Advisory_Commodity_head_plain,Advisory_Commodity_lead_plain,문구 역할을 lead/middle/tail/full 키에 명시
Advisory_Commodity_head_market,Advisory_Commodity_lead_market,문구 역할을 lead/middle/tail/full 키에 명시
Advisory_Commodity_head_meanwhile,Advisory_Commodity_lead_meanwhile,문구 역할을 lead/middle/tail/full 키에 명시
Advisory_Commodity_followup_down,Advisory_Commodity_tail_followup_down,문구 역할을 lead/middle/tail/full 키에 명시
Advisory_Commodity_followup_rebound,Advisory_Commodity_tail_followup_rebound,문구 역할을 lead/middle/tail/full 키에 명시
Advisory_prices_year_06,Advisory_Commodity_full_second_year_up,문구 역할을 lead/middle/tail/full 키에 명시
Advisory_cme_year_up,Advisory_Commodity_full_cme_ytd_up,문구 역할을 lead/middle/tail/full 키에 명시
Advisory_ytd_grainmarket_lower2,Advisory_Commodity_full_nymex_ytd_down,문구 역할을 lead/middle/tail/full 키에 명시
CT-f5ee5e53,Advisory_Commodity_full_silver_recent_down,문구 역할을 lead/middle/tail/full 키에 명시
Advisory_Oil_price_up,Advisory_Commodity_full_oil_months_up,문구 역할을 lead/middle/tail/full 키에 명시
Advisory_spot_oil_price_02,Advisory_Commodity_full_oil_year_up,문구 역할을 lead/middle/tail/full 키에 명시
Advisory_stock_year,Advisory_Commodity_full_spot_streak_up,문구 역할을 lead/middle/tail/full 키에 명시
CT-fa298843,Advisory_Commodity_full_spot_streak_down,문구 역할을 lead/middle/tail/full 키에 명시
Advisory_General_economy_moderate_lead,Advisory_world_economy_lead_moderate,문구 역할을 lead/middle/tail/full 키에 명시
Advisory_General_economy_good,Advisory_world_economy_tail_sustainable,문구 역할을 lead/middle/tail/full 키에 명시
Advisory_General_economy_good2,Advisory_world_economy_tail_improvement,문구 역할을 lead/middle/tail/full 키에 명시
Advisory_General_economy_recovery,Advisory_world_economy_tail_recovery,문구 역할을 lead/middle/tail/full 키에 명시
GF-f3b7af51,Advisory_world_economy_lead_rapid_robust,문구 역할을 lead/middle/tail/full 키에 명시
CT-a6e6eb79,Advisory_world_economy_full_slow_growth,문구 역할을 lead/middle/tail/full 키에 명시
CT-5315ac3b,Advisory_world_economy_full_recession,문구 역할을 lead/middle/tail/full 키에 명시
Advisory_industry_rolling_lead,Advisory_world_economy_lead_although_steady,문구 역할을 lead/middle/tail/full 키에 명시
Advisory_earnings_financials_lead,Advisory_world_economy_lead_while_healthy,문구 역할을 lead/middle/tail/full 키에 명시
CT-0eb5e3d0,Advisory_industry_tail_management_underperformance,문구 역할을 lead/middle/tail/full 키에 명시
Advisory_industry_rolling_02,Advisory_industry_tail_excessive_competition,문구 역할을 lead/middle/tail/full 키에 명시
Advisory_industry_rolling_03,Advisory_industry_tail_supply_demand_imbalance,문구 역할을 lead/middle/tail/full 키에 명시
Advisory_industry_rolling,Advisory_industry_tail_growth_lag,문구 역할을 lead/middle/tail/full 키에 명시
Advisory_earnings_financials,Advisory_industry_tail_medical_benefit_cuts,문구 역할을 lead/middle/tail/full 키에 명시
Outlook_lead_high_rates_of_return_on_capital_for_the_ind_industry,Outlook_lead_high_capital_returns,문구 역할을 lead/middle/tail/full 키에 명시
Outlook_lead_continuing_hefty_profits_for_the_ind_industry,Outlook_lead_continuing_hefty_profits,문구 역할을 lead/middle/tail/full 키에 명시
Outlook_lead_very_favorable_for_the_ind_industry,Outlook_lead_very_favorable,문구 역할을 lead/middle/tail/full 키에 명시
Outlook_lead_hefty_profits_for_the_ind_industry,Outlook_lead_hefty_profits,문구 역할을 lead/middle/tail/full 키에 명시
Outlook_tail_as_analysts_expect_demand_to_outstrip_growth_in_capacity_while,Outlook_middle_demand_outstrips_capacity,문구 역할을 lead/middle/tail/full 키에 명시
Outlook_tail_leader_type_shrinking_boost,Outlook_tail_capacity_cut,문구 역할을 lead/middle/tail/full 키에 명시
CT-0c8bc137-most,CT-a7303bc9,단어 단위 중괄호 선택지로 통합
CT-0c8bc137,CT-a7303bc9,단어 단위 중괄호 선택지로 통합
CT-7f368d39,CT-a7303bc9,단어 단위 중괄호 선택지로 통합
CT-1b986fe0,CT-a7303bc9,단어 단위 중괄호 선택지로 통합
CT-59e29a60,CT-a7303bc9,단어 단위 중괄호 선택지로 통합
Advisory_operation_netearning_dec,Advisory_operation_netloss_worse1,단어 단위 중괄호 선택지로 통합
Advisory_operation_netearning_fell,Advisory_operation_netloss_worse1,단어 단위 중괄호 선택지로 통합
Advisory_operation_netearning_improve,Advisory_operation_netloss_worse1,단어 단위 중괄호 선택지로 통합
Advisory_operation_netearning_rose,Advisory_operation_netloss_worse1,단어 단위 중괄호 선택지로 통합
Advisory_operation_netearning_soared,Advisory_operation_netloss_worse1,단어 단위 중괄호 선택지로 통합
Advisory_operation_netloss_less,Advisory_operation_netloss_worse1,단어 단위 중괄호 선택지로 통합
Advisory_operation_netloss_worse2,Advisory_operation_netloss_worse1,단어 단위 중괄호 선택지로 통합
Advisory_bankprime_comparaison_1,Advisory_bankprime_comparaison,번호 접미사 제거/의미 키 이름
News_tax_million_02,News_tax_dispute,번호 접미사 제거/의미 키 이름
News_sells_mil,News_asset_sale_to_corp,번호 접미사 제거/의미 키 이름
News_sells_mil_02,News_asset_sale_to_corp_price,번호 접미사 제거/의미 키 이름
News_rate_interest,News_swap_transfer,번호 접미사 제거/의미 키 이름
News_rate_interest_02,News_swap_result,번호 접미사 제거/의미 키 이름
News_bankruptcy_emerge_1,News_bankruptcy_emerge,merge
News_bankruptcy_emerge_2,News_bankruptcy_emerge,merge
News_gmo_recall_1,News_gmo_recall,merge
News_gmo_recall_2,News_gmo_recall,merge
News_bankruptcy_emerges2,News_bankruptcy_emerge,merge
News_million_sells_06,News_corp_sell_cost,번호 접미사 제거/의미 키 이름
News_asset_sale_to_corp,News_asset_sale,번호 접미사 제거/의미 키 이름
News_asset_sale_to_corp_price,News_asset_sale_to_corp,merge
News_sells_manufacturing_facility,News_asset_sale_to_corp,merge
CT-75a0c55a,News_asset_sale_to_corp,merge
News_tax_dispute,News_law_tax_lose1,merge
CT-2daca02d-wins,News_law_tax_lose1,merge
CT-5448deaf,Cashflow_title,all1 키 이름 반영
CT-623f0142,News_CORP_underfunded,all1 키 이름 반영
CT-75bf78d3,News_corp_settled_PrivateCompany,all1 키 이름 반영
CT-b77a8d75,News_corp_bond_redeemed,all1 키 이름 반영
CT-f808579c,News_corp_reorganized_giveup,all1 키 이름 반영
UI-d7d4d8a2,MainUI_loading_ownership,all1 키 이름 반영
stockbuy_relatedentity_offered,stockbuy_relatedentity_held,merge
CT-66470a01,CT-1863c04a,merge
CT-e176ade0,CT-49cbcfd1,merge
Advisory_sells_mortgage,News_corp_sell_consumerloan,merge
News_playervotingcontrol2,News_player_votingcontrol2,merge
Advisory_earnings_this_proj5,Advisory_earnings_next_proj,merge
EarningReport_title_year,EarningReport_title_quart,merge
General_Borrowing_rate_details,FinancialUI_Borrowrate1,merge
News_settled_gain_02,News_settled_gain,merge
News_expired_short_02,News_expired_short_05,merge
economicstat_incometaxr_cap-gain,economicstat_incometaxr_indiv,번호 접미사 제거/의미 키 이름
CT-db9f7f26,physicalbuy_unit_definition,번호 접미사 제거/의미 키 이름
CT-632f14a9,MainUI_bond_face_value,번호 접미사 제거/의미 키 이름
CT-3a8d9854,Physicalbuy_confirm_crypto_buyer,번호 접미사 제거/의미 키 이름
CT-814407f6,Advisory_CashFlow_3month_positive_bonds,번호 접미사 제거/의미 키 이름
CT-04512655,trade_counterparty_networth_limit,번호 접미사 제거/의미 키 이름
putbuy_executed_1,calloptionbuy_result_1,merge
CT-97712bd2,Commodity_Future_list,merge
Futuresbuy_notice_1_1,Crypto_buy_futures_notice1,merge
economicstat_incometaxr_indiv-ord,economicstat_incometaxr_cap-gain,merge
CT-89723b5c,CT-632f14a9,merge
News_corp_refund2,News_corp_refund1,merge
Advisory_largeststockhoding_plunged,Advisory_largeststockhoding_declined,merge
CashFlow_adjust_change_insurance_reserve,CashFlow_adjust_change_working_capital,merge
CashFlow_proj_expensededuction_bondissue,CashFlow_proj_expensededuction_bankloan,merge
CT-4d9f7a2d,News_expired_short,merge
CT-daf28c2b,News_expired_short_03,merge
CT-035f5866,CT-db9f7f26,merge
trade_gain_recognized,trade_gain_realized,merge
CT-c7702985,merger_voting_2,merge
CT-c5a684a7,CT-04512655,merge
CT-0e7b099a,MainUI_click_select,merge
CT-5f73eb47,CT-3a8d9854,merge
CT-cc057cba,CT-814407f6,merge
CT-96edca99,Advisory_index_months,merge
CT-bb2e8617,MainUI_liquidation_limit_bank,merge
EA-2a3e5b51,EA-c6c18da5,merge
EA-30992483,EA-c6c18da5,merge
EA-b5bfcb77,EA-c6c18da5,merge
EA-d1fa700f,EA-c6c18da5,merge
EA-fef8edae,EA-9b6d9e04,merge
CT-2759e3d3,advisory_feature_bank_lowrate,의미 키 이름
CT-a05a6347,advisory_IntRate_longgovt_movement,의미 키 이름
CT-0ebdf99b,advisory_ETF,의미 키 이름
CT-16ee6327,advisory_ETF_management,의미 키 이름
CT-62fd5cdd,advisory_etf_sector,의미 키 이름
CT-3dd39674,advisory_feature_insurance_LowIntRate,의미 키 이름
CT-2b4d8a8d,Advisory_feature_telecom_thirdworld,의미 키 이름
CT-2bf2e507,advisory_feature_retail_steadygrowth,의미 키 이름
News_militants_blow_03,News_militants_blow_02,merge
CF-0d0e33eb,Advisory_CashFlow_3month_positive_tail4,의미 키 이름 (cashflow tail 접두사 유지 필수)
CT-cf92ba36-global_weakness,advisory_ind_globalweakness,의미 키 이름
UI-32a85ed4,General_key3,General_key 계열로 통일 (키보드 힌트 UI Label)
UI-8429a317,General_key4,General_key 계열로 통일 (키보드 힌트 UI Label)
UI-8986090e,General_key5,General_key 계열로 통일 (키보드 힌트 UI Label)
UI-5e3ddcfc,General_key6,General_key 계열로 통일 (키보드 힌트 UI Label)
UI-1d3f4af9,General_key7,General_key 계열로 통일 (키보드 힌트 UI Label)
UI-297b7e9d,Advisory_feature_retail_activist_protest,의미 키 이름
UI-3bc858d5,MainUI_autopilot_responsibility_notice,의미 키 이름
futures_price,general_currentprice,의미 키 이름 + Category 오탈자 수정(candidate template -> Candidate Template)
CT-0835dab6,news_fined_regulator,의미 키 이름
CT-80c1c16b,news_grainsoften_worldstock,merge
CT-da31bae1,advisory_incometax_warning,의미 키 이름
CT-d5e2d506,bondsell_gov_confirm_2,의미 키 이름
CT-e9afbbf2,Physicalbuy_title,의미 키 이름
CT-606b1eb2,Physicalbuy_confirm_total,의미 키 이름
CT-874e1e78,Physicalbuy_confirm_realized,의미 키 이름
CT-0e3e9423,physicalsell_1,의미 키 이름 + physical 리터럴 보완
repay_comfirm,popup_loanrepayment,오탈자(comfirm) 수정 겸 의미 키 이름
CT-f10d9436,News_corp_Asset_closed,merge
News_deadlycloud,News_asset_closed,merge
News_mill_shut,News_asset_closed,merge
News_other_03,News_asset_closed,merge
News_closed_toxic,News_asset_closed,의미 키 이름 통합
News_sharply_moves,news_marketlow_outlokchanged,merge
UI-02335d5f,Advisory_grain_slide_thirdyear,의미 키 이름 + @COMMODITY 일반화
CT-256b77db,news_madcow,의미 키 이름
NEEDVERIFY-b3963251,MainUI_corporate_raiders,all1 병합 (의미 키 이름)
CT-306119e9,MainUI_Gamewinner,all1 병합 (의미 키 이름)
CT-34a7d4f6,futuresshort_confirm_shortseller,all1 병합 (의미 키 이름)
CT-664007c9,MainUI_player_bankrupt,all1 병합 (의미 키 이름)
CT-c282d9d4,MainUI_gameover_1,all1 병합 (의미 키 이름)
UI-025f4831,Gameover_banklender,all1 병합 (의미 키 이름)
UI-2e3f60c3,Command_issuebonds,all1 병합 (의미 키 이름)
UI-4433c193,Command_merge,all1 병합 (의미 키 이름)
UI-4b5ca570,Command_prepaytax,all1 병합 (의미 키 이름)
UI-5240d7bc,Command_setdividend,all1 병합 (의미 키 이름)
UI-56bf9ab4,Command_spinoff,all1 병합 (의미 키 이름)
UI-59610430,Command_splitstock,all1 병합 (의미 키 이름)
UI-5d43e89b,Command_setbankallocation,all1 병합 (의미 키 이름)
UI-65c5c376,MainUI_gameover_2,all1 병합 (의미 키 이름)
UI-6f905cf8,Command_reversesplit,all1 병합 (의미 키 이름)
UI-74825ec1,MainUI_gameover_networth,all1 병합 (의미 키 이름)
UI-7a02625a,Command_sell_subsidiarystock,all1 병합 (의미 키 이름)
UI-87cd3bb2,Command_ElectCEO,all1 병합 (의미 키 이름)
UI-92aa2f2e,MainUI_gameover_3,all1 병합 (의미 키 이름)
UI-9a5646d5,Command_setadvisoryfee,all1 병합 (의미 키 이름)
UI-a397c63c,Command_changemanagers,all1 병합 (의미 키 이름)
UI-c615ec0b,Command_restructure,all1 병합 (의미 키 이름)
UI-c697e402,Command_publicoffering,all1 병합 (의미 키 이름)
UI-d1c5d8e8,Command_resignCEO,all1 병합 (의미 키 이름)
UI-d9ca54a3,Command_extraordinarydividend,all1 병합 (의미 키 이름)
UI-e0e0c78e,command_privateoffering,all1 병합 (의미 키 이름)
UI-e2d56ae9,Command_sellcorporateassets,all1 병합 (의미 키 이름)
UI-edc5d45a,Command_leveragedbuyout,all1 병합 (의미 키 이름)
UI-fbf1a782,Command_rebrand,all1 병합 (의미 키 이름)
CT-d5c2b4f8,Advisory_year_liability,동일 분류·원문·번역의 확정 중복 제거
UI-e4e1f683,actionbar_accounting_earningdec,ct_ui_merge_candidates duplicate: prefer semantic actionbar key over hash key
UI-035d11de,actionbar_accounting_earninginc,ct_ui_merge_candidates duplicate: prefer semantic actionbar key over hash key
actionbar_bank_consummer_buy,Command_consumerBuy,ct_ui_merge_candidates duplicate: unify with Command_ semantic key family
UI-8f37a54c,Command_consumerBuy,ct_ui_merge_candidates duplicate: prefer semantic key; KO corrected to loan (대출) not bond (채권) per English source
UI-0f610347,actionbar_bank_consummer_sell,ct_ui_merge_candidates duplicate: prefer semantic actionbar key over hash key
UI-eb475223,actionbar_bank_loanlist,ct_ui_merge_candidates duplicate: prefer semantic actionbar key over hash key
UI-381f2007,actionbar_bank_primem_buy,ct_ui_merge_candidates duplicate: prefer semantic actionbar key over hash key
UI-14c4446a,actionbar_bank_primem_sell,ct_ui_merge_candidates duplicate: prefer semantic actionbar key over hash key
UI-557de285,actionbar_bank_subprimem_buy,ct_ui_merge_candidates duplicate: prefer semantic actionbar key over hash key
UI-523f238c,actionbar_bank_subprimem_sell,ct_ui_merge_candidates duplicate: prefer semantic actionbar key over hash key
actionbar_corp_strategy_buycorpasset,command_Buycorpasset,ct_ui_merge_candidates duplicate: unify with command_ semantic key family
UI-ae4d0e38,command_Buycorpasset,ct_ui_merge_candidates duplicate: prefer semantic key over hash key
actionbar_corp_strategy_growth,command_growthrate,ct_ui_merge_candidates duplicate: unify with command_ semantic key family
UI-ea82817f,command_growthrate,ct_ui_merge_candidates duplicate: prefer semantic key over hash key
actionbar_corp_strategy_sellcorpasset,Command_sellcorporateassets,ct_ui_merge_candidates duplicate: unify with Command_ semantic key family (already the target of UI-e2d56ae9)
UI-24d80181,actionbar_finance_capitalcontr,ct_ui_merge_candidates duplicate: prefer semantic actionbar key over hash key
actionbar_finance_debt_borrow,command_borrow,ct_ui_merge_candidates duplicate: unify with command_ semantic key family
UI-6ce59610,command_borrow,ct_ui_merge_candidates duplicate: prefer semantic key over hash key
UI-036a334f,actionbar_finance_debt_reddem,ct_ui_merge_candidates duplicate: prefer semantic actionbar key over hash key
actionbar_finance_debt_repay,Command_repay,ct_ui_merge_candidates duplicate: unify with Command_ semantic key family
UI-b2d27dc9,Command_repay,ct_ui_merge_candidates duplicate: prefer semantic key over hash key
actionbar_finance_return_dividend,Command_setdividend,ct_ui_merge_candidates duplicate: unify with Command_ semantic key family (already the target of UI-5240d7bc)
actionbar_finance_return_extradividend,Command_extraordinarydividend,ct_ui_merge_candidates duplicate: unify with Command_ semantic key family (already the target of UI-d9ca54a3)
actionbar_finance_taxes_prepay,Command_prepaytax,ct_ui_merge_candidates duplicate: unify with Command_ semantic key family (already the target of UI-4b5ca570); KO 세금 중간예납 kept as the more accurate KR tax term for Prepay Taxes
UI-1721b62c,actionbar_hostile_harrassing,ct_ui_merge_candidates duplicate: prefer semantic actionbar key over hash key
actionbar_hostile_lbo,Command_leveragedbuyout,ct_ui_merge_candidates duplicate: unify with Command_ semantic key family (already the target of UI-edc5d45a); KO updated to include (LBO) abbreviation
UI-d00a3a0f,actionbar_hostile_rumors,ct_ui_merge_candidates duplicate: prefer semantic actionbar key over hash key
actionbar_splitstock,Command_splitstock,ct_ui_merge_candidates duplicate: unify with Command_ semantic key family (already the target of UI-59610430)
UI-f4d92784,Assetbuy_player_rule_title,ct_ui_merge_candidates duplicate: prefer semantic key over hash key
bankloanui_freezeall,Command_freezeall,ct_ui_merge_candidates duplicate: unify with Command_ semantic key family
UI-68045658,Command_freezeall,ct_ui_merge_candidates duplicate: prefer semantic key over hash key
UI-7349a30f,command_lBondsell_desc,ct_ui_merge_candidates duplicate: prefer semantic key over hash key
UI-2893e305,command_sBondsell_desc,ct_ui_merge_candidates duplicate: prefer semantic key over hash key
who_swaps_select_item,MainUI_click_select,ct_ui_merge_candidates duplicate: unify with existing {LONG COMPANY|COMPANY|ETF} merged template
who_contracts_select_item,MainUI_click_select,ct_ui_merge_candidates near-pair: ETF variant already covered by existing {LONG COMPANY|COMPANY|ETF} merged template
CT-ca7d9c5c-lowered,advisory_feature_bank_lowrate,"ct_ui_merge_candidates duplicate: case-only variant of CT-2759e3d3, which already migrates here"
CT-e3a54444,CT-4868fa81,ct_ui_merge_candidates duplicate: case-only variant (YOU CONTROL vs You control)
CT-ca7d9c5c-low,CT-ca7d9c5c,ct_ui_merge_candidates duplicate: case-only variant (LOW vs low)
UI-9a5646d5,Command_setadvisoryfee,ct_ui_merge_candidates duplicate: already the recorded target; entry kept for clarity
UI-3331b1cd,Command_setadvisoryfee,ct_ui_merge_candidates duplicate: unify with Command_ semantic key family (already the target of UI-9a5646d5)
UI-4d7d703c,MainUI_totalasset,ct_ui_merge_candidates duplicate: prefer semantic key over hash key
UI-a78db222,MainUI_info_sharesout,ct_ui_merge_candidates duplicate: prefer semantic key over hash key
MainUI_button_public_stock_off,Command_publicoffering,ct_ui_merge_candidates duplicate: unify with Command_ semantic key family (already the target of UI-c697e402)
MainUI_button_private_stock_off,command_privateoffering,ct_ui_merge_candidates duplicate: unify with command_ semantic key family (already the target of UI-e0e0c78e)
UI-fff5a7e2,General_banking,ct_ui_merge_candidates duplicate: prefer semantic key over hash key; KO corrected to 은행업 (industry) not 은행 (institution) per English source Banking
CT-38763e92,advisory_inarow_fallen,merged: STOCK PRICE TREND prefix stripped by PREFIX_STRIP_RULES
CT-e91c9105,Advisory_spotprice_commodity,replace generated key with semantic key
CT-15b34dc4,popup_wallstreet_rise,merged into {|} choice template
CT-edd63b49,popup_wallstreet_fall,merged into {|} choice template
UI-72a1e05b-2,UI-72a1e05b,duplicate of bare-body UI Label; prefix now stripped by lookupExactTranslation
interestinfo_federalpolicy_tightening,interestinfo_federalpolicy,merged into {|} choice template
interestinfo_federalpolicy_variant2,interestinfo_federalpolicy,merged into {|} choice template
interestinfo_federalpolicy_variant3,interestinfo_federalpolicy,merged into {|} choice template
interestinfo_federalpolicy_variant4,interestinfo_federalpolicy,merged into {|} choice template
interestinfo_federalpolicy_variant5,interestinfo_federalpolicy,merged into {|} choice template
stockadvisor_vaulted_1,Advisory_lastmonths_up,duplicate once STOCK PRICE TREND prefix stripped
advisory_shortgovtbond_yield_fallen,advisory_shortgovtbond_yield,merged into {|} choice template
advisory_shortgovtbond_yield_risen,advisory_shortgovtbond_yield,merged into {|} choice template
CT-061dbdd7,advisory_shortgovtbond_yield,merged into {|} choice template
CT-4af50518,advisory_shortgovtbond_yield,merged into {|} choice template
CT-acc0ab01,FinancialsTab_amount_gainlossowed,merged into {|} choice template
CT-ff24aacc,FinancialsTab_amount_gainlossowed,merged into {|} choice template
advisory_outlook_tail_as_companies_continue_to_vie_for_market_share_despite_weak_demand,advisory_outlook_tail_as_companies_continue_to_fight_for_market_share_despite_weak_demand,merged into {|} choice template
bond_publicly_traded_info,Physicalbuy_input,renamed
UI-issue,MainUI_button_Issue,duplicate exact-label key consolidated
General_hostile,MainUI_note_hostileplayer1,duplicate exact-label key consolidated
Advisory_3month_negative,advisory_3month_negative,public history import: normalize key casing
Advisory_CashFlow_3month_negative_liquidity,advisory_cashflow_3month_negative_liquidity,public history import: normalize key casing
Advisory_CashFlow_3month_negative_liquidity_lineofcredit,advisory_cashflow_3month_negative_liquidity_lineofcredit,public history import: normalize key casing
Advisory_CashFlow_3month_negative_liquidity_lineofcredit_1,advisory_cashflow_3month_negative_liquidity_lineofcredit_1,public history import: normalize key casing
Advisory_CashFlow_3month_positive,advisory_cashflow_3month_positive,public history import: normalize key casing
Advisory_CashFlow_3month_positive_bonds,advisory_cashflow_3month_positive_bonds,public history import: normalize key casing
Advisory_CashFlow_3month_positive_lead,advisory_cashflow_3month_positive_lead,public history import: normalize key casing
Advisory_CashFlow_3month_positive_tail1,advisory_cashflow_3month_positive_tail1,public history import: normalize key casing
Advisory_CashFlow_3month_positive_tail2,advisory_cashflow_3month_positive_tail2,public history import: normalize key casing
Advisory_CashFlow_3month_positive_tail3,advisory_cashflow_3month_positive_tail3,public history import: normalize key casing
Advisory_CashFlow_3month_positive_tail4,advisory_cashflow_3month_positive_tail4,public history import: normalize key casing
Advisory_CashFlow_3month_positive_tail4_1,advisory_cashflow_3month_positive_tail4_1,public history import: normalize key casing
Advisory_CashFlow_3month_positive_tail5,advisory_cashflow_3month_positive_tail5,public history import: normalize key casing
Advisory_Commodity_comex_change,advisory_commodity_comex_change,public history import: normalize key casing
Advisory_Commodity_downagain,advisory_commodity_downagain,public history import: normalize key casing
Advisory_Commodity_full_bumper_harvest,advisory_commodity_full_bumper_harvest,public history import: normalize key casing
Advisory_Commodity_full_cme_ytd_up,advisory_commodity_full_cme_ytd_up,public history import: normalize key casing
Advisory_Commodity_full_nymex_ytd_down,advisory_commodity_full_nymex_ytd_down,public history import: normalize key casing
Advisory_Commodity_full_oil_months_up,advisory_commodity_full_oil_months_up,public history import: normalize key casing
Advisory_Commodity_full_oil_year_up,advisory_commodity_full_oil_year_up,public history import: normalize key casing
Advisory_Commodity_full_second_year_up,advisory_commodity_full_second_year_up,public history import: normalize key casing
Advisory_Commodity_full_silver_recent_down,advisory_commodity_full_silver_recent_down,public history import: normalize key casing
Advisory_Commodity_full_spot_streak_down,advisory_commodity_full_spot_streak_down,public history import: normalize key casing
Advisory_Commodity_full_spot_streak_up,advisory_price_streak_each,public history import: normalize key casing
Advisory_Commodity_full_spot_yoy,advisory_commodity_full_spot_yoy,public history import: normalize key casing
Advisory_Commodity_lead_market,advisory_commodity_lead_market,public history import: normalize key casing
Advisory_Commodity_lead_meanwhile,advisory_commodity_lead_meanwhile,public history import: normalize key casing
Advisory_Commodity_lead_plain,advisory_commodity_lead_plain,public history import: normalize key casing
Advisory_Commodity_meanwhile_tumbled,advisory_commodity_meanwhile_tumbled,public history import: normalize key casing
Advisory_Commodity_tail_down,advisory_commodity_tail_down,public history import: normalize key casing
Advisory_Commodity_tail_followup_down,advisory_commodity_tail_followup_down,public history import: normalize key casing
Advisory_Commodity_tail_followup_rebound,advisory_commodity_tail_followup_rebound,public history import: normalize key casing
Advisory_Commodity_tail_up,advisory_commodity_tail_up,public history import: normalize key casing
Advisory_Feature_brew_tax,advisory_feature_brew_tax,public history import: normalize key casing
Advisory_Feature_closely_tied,advisory_feature_closely_tied,public history import: normalize key casing
Advisory_Feature_insurance_good1,advisory_feature_insurance_investment,public history import: normalize key casing
Advisory_Fed_policy,advisory_fed_policy,public history import: normalize key casing
Advisory_GDP_full_comparison_down,advisory_gdp_full_comparison_down,public history import: normalize key casing
Advisory_GDP_full_comparison_up,advisory_gdp_full_comparison_up,public history import: normalize key casing
Advisory_GDP_full_growth_down,advisory_gdp_full_growth_down,public history import: normalize key casing
Advisory_GDP_tail_growth_up,advisory_gdp_tail_growth_up,public history import: normalize key casing
Advisory_General_economy_mediocre,advisory_general_economy_mediocre,public history import: normalize key casing
Advisory_General_economy_mediocre2,advisory_general_economy_mediocre2,public history import: normalize key casing
Advisory_Ind_mature,advisory_ind_mature,public history import: normalize key casing
Advisory_Ind_nogrowth,advisory_demand_not_growing,public history import: normalize key casing
Advisory_LowIntRate_profit,advisory_lowintrate_profit,public history import: normalize key casing
Advisory_Report_insurance_growth,advisory_report_insurance_growth,public history import: normalize key casing
Advisory_acquires_mil,advisory_acquires_mil,public history import: normalize key casing
Advisory_analyst_prediction_1,advisory_analyst_prediction_1,public history import: normalize key casing
Advisory_analyst_prediction_2,advisory_analyst_prediction_2,public history import: normalize key casing
Advisory_analyst_prediction_3,advisory_analyst_prediction_3,public history import: normalize key casing
Advisory_analyst_prediction_4,advisory_analyst_prediction_4,public history import: normalize key casing
Advisory_analyst_prediction_5,advisory_analyst_prediction_5,public history import: normalize key casing
Advisory_analyst_prediction_6,advisory_analyst_prediction_6,public history import: normalize key casing
Advisory_analyst_rating,advisory_analyst_rating,public history import: normalize key casing
Advisory_any_slowing_economic,advisory_any_slowing_economic,public history import: normalize key casing
Advisory_bankprime_comparaison,advisory_bankprime_comparaison,public history import: normalize key casing
Advisory_cash_burning,advisory_cash_burning,public history import: normalize key casing
Advisory_cash_credit_03,advisory_cash_credit_03,public history import: normalize key casing
Advisory_cashflow_positive_reduceborrow,advisory_cashflow_positive_reduceborrow,public history import: normalize key casing
Advisory_cheat_cash,advisory_cheat_cash,public history import: normalize key casing
Advisory_condition_favorable_lead,advisory_condition_favorable_lead,public history import: normalize key casing
Advisory_condition_favorable_low_oil_tax_review,advisory_condition_favorable_low_oil_tax_review,public history import: normalize key casing
Advisory_condition_mix_lead,advisory_condition_mix_lead,public history import: normalize key casing
Advisory_condition_poor_lead,advisory_condition_poor_lead,public history import: normalize key casing
Advisory_condition_tail1,advisory_condition_tail1,public history import: normalize key casing
Advisory_condition_tail2,advisory_condition_tail2,public history import: normalize key casing
Advisory_condition_tail3,advisory_condition_tail3,public history import: normalize key casing
Advisory_condition_tail4,advisory_condition_tail4,public history import: normalize key casing
Advisory_condition_tail5,advisory_condition_tail5,public history import: normalize key casing
Advisory_condition_tail6,advisory_condition_tail6,public history import: normalize key casing
Advisory_condition_tail7,advisory_condition_tail7,public history import: normalize key casing
Advisory_condition_tail8,advisory_condition_tail8,public history import: normalize key casing
Advisory_condition_tail9,advisory_condition_tail9,public history import: normalize key casing
Advisory_control_actively,advisory_control_actively,public history import: normalize key casing
Advisory_control_player_02,advisory_control_player_02,public history import: normalize key casing
Advisory_controlled1,advisory_controlled1,public history import: normalize key casing
Advisory_controlled_none,advisory_controlled_none,public history import: normalize key casing
Advisory_corpindustry,advisory_corpindustry,public history import: normalize key casing
Advisory_creditrating_burningcash,advisory_creditrating_burningcash,public history import: normalize key casing
Advisory_creditrating_liquidationwarning,advisory_creditrating_liquidationwarning,public history import: normalize key casing
Advisory_crudeoil_YTD_down,advisory_crudeoil_ytd_down,public history import: normalize key casing
Advisory_crudeoil_climb,advisory_crudeoil_climb,public history import: normalize key casing
Advisory_crudeoil_depress,advisory_crudeoil_depress,public history import: normalize key casing
Advisory_crudeoil_drop,advisory_crudeoil_drop,public history import: normalize key casing
Advisory_crudeoil_thisyear_down,advisory_crudeoil_thisyear_down,public history import: normalize key casing
Advisory_cryptoPrice,advisory_cryptoprice,public history import: normalize key casing
Advisory_crypto_price,advisory_crypto_price,public history import: normalize key casing
Advisory_crypto_price_bitcoin,advisory_crypto_price_bitcoin,public history import: normalize key casing
Advisory_crypto_price_ethereum,advisory_crypto_price_ethereum,public history import: normalize key casing
Advisory_current_fluctuate,advisory_current_fluctuate,public history import: normalize key casing
Advisory_demand_alcoholic_beverages,advisory_demand_alcoholic_beverages,public history import: normalize key casing
Advisory_demande-supply_unbalanced,advisory_demande-supply_unbalanced,public history import: normalize key casing
Advisory_drilling_activity_rig,advisory_drilling_activity_rig,public history import: normalize key casing
Advisory_drug_business_rapidly,advisory_drug_business_rapidly,public history import: normalize key casing
Advisory_due_constant_innovation,advisory_due_constant_innovation,public history import: normalize key casing
Advisory_earnings_financials_02,advisory_earnings_financials_02,public history import: normalize key casing
Advisory_earnings_next_proj,advisory_earnings_next_proj,public history import: normalize key casing
Advisory_earnings_this_proj1,advisory_earnings_this_proj1,public history import: normalize key casing
Advisory_economic_industry_comment,advisory_economic_industry_comment,public history import: normalize key casing
Advisory_estimatev_decline,advisory_estimatev_decline,public history import: normalize key casing
Advisory_estimatev_decline1,advisory_estimatev_decline1,public history import: normalize key casing
Advisory_estimatev_declinebutgain,advisory_estimatev_declinebutgain,public history import: normalize key casing
Advisory_estimatev_fund_and,advisory_fund_adjprice_trend,public history import: normalize key casing
Advisory_estimatev_risen,advisory_estimatev_decline,public history import: 2026-09-26 병합 declined/risen
Advisory_estimatev_risen1,advisory_estimatev_decline1,public history import: 2026-09-26 병합 declined/risen
Advisory_estimatev_risenbutdown,advisory_estimatev_risenbutdown,public history import: normalize key casing
Advisory_etf_no_earning,advisory_etf_no_earning,public history import: normalize key casing
Advisory_even_booming_rapidly,advisory_even_booming_rapidly,public history import: normalize key casing
Advisory_exhausted_lineofcredit1,advisory_exhausted_lineofcredit1,public history import: normalize key casing
Advisory_exhausted_lineofcredit2,advisory_exhausted_lineofcredit2,public history import: normalize key casing
Advisory_exhausted_lineofcredit3,advisory_exhausted_lineofcredit3,public history import: normalize key casing
Advisory_exhausted_lineofcredit_expand1,advisory_exhausted_lineofcredit_expand1,public history import: normalize key casing
Advisory_exhausted_lineofcredit_expand2,advisory_exhausted_lineofcredit_expand2,public history import: normalize key casing
Advisory_expansion_companies_sector,advisory_expansion_companies_sector,public history import: normalize key casing
Advisory_far_industry_managed,advisory_far_industry_managed,public history import: normalize key casing
Advisory_farm_profits_being,advisory_feature_farm_highoil_weakeconomy,public history import: renamed; merged weak-economy variant
Advisory_feature_Auto_highoil,advisory_feature_auto_highoil_2,"public history import: case-collision split: distinct source, 2026-09-26"
Advisory_feature_EuropeAuto_weakEco,advisory_feature_europeauto_weakeco,public history import: normalize key casing
Advisory_feature_auto_despiteoilhigh,advisory_feature_auto_despiteoilhigh,"public history import: key cleanup (advisory family / case), 2026-09-26"
Advisory_feature_auto_highoil,advisory_feature_auto_highoil,public history import: normalize key casing
Advisory_feature_bank,advisory_feature_bank,public history import: normalize key casing
Advisory_feature_bank_lowIntRate,advisory_feature_bank_lowintrate,public history import: normalize key casing
Advisory_feature_bank_lowrate,advisory_feature_bank_lowrate,public history import: normalize key casing
Advisory_feature_banking_neutral,advisory_feature_banking_neutral,public history import: normalize key casing
Advisory_feature_biotech_govt_reimbursement,advisory_feature_biotech_govt_reimbursement,public history import: normalize key casing
Advisory_feature_cable_weakeco,advisory_feature_cable_weakeco,public history import: normalize key casing
Advisory_feature_career_highenergy,advisory_feature_career_highenergy,public history import: normalize key casing
Advisory_feature_career_highoil1,advisory_feature_career_highoil1,public history import: normalize key casing
Advisory_feature_career_highoil2,advisory_feature_career_highoil1,public history import: 2026-09-26 병합: impacted severely/crushed 2→1
Advisory_feature_carrier_highfuel,advisory_feature_carrier_highfuel,public history import: normalize key casing
Advisory_feature_chem_envlaws,advisory_feature_chem_envlaws,public history import: normalize key casing
Advisory_feature_discount_Badeco-noprofit,advisory_feature_discount_badeco-noprofit,public history import: normalize key casing
Advisory_feature_entertainment_highwage,advisory_feature_entertainment_highwage,public history import: normalize key casing
Advisory_feature_etf_sectors,advisory_feature_etf_sectors,public history import: normalize key casing
Advisory_feature_food_economymaybe,advisory_feature_food_economymaybe,"public history import: key cleanup (advisory family / case), 2026-09-26"
Advisory_feature_food_highgrain1,advisory_feature_food_highgrain1,public history import: normalize key casing
Advisory_feature_food_highgrain2,advisory_feature_food_highgrain2,public history import: normalize key casing
Advisory_feature_health_reimbursement,advisory_feature_health_reimbursement,public history import: normalize key casing
Advisory_feature_holdings1,advisory_feature_holdings1,public history import: normalize key casing
Advisory_feature_holdings2,advisory_feature_holdings2,public history import: normalize key casing
Advisory_feature_insurance_VariableRate,advisory_feature_insurance_variablerate,public history import: normalize key casing
Advisory_feature_lowoil,advisory_feature_lowoil,public history import: normalize key casing
Advisory_feature_medic_lawsuits,advisory_feature_medic_lawsuits,public history import: normalize key casing
Advisory_feature_military_slump,advisory_feature_military_slump,public history import: normalize key casing
Advisory_feature_mine_regulation,advisory_feature_mine_regulation,public history import: normalize key casing
Advisory_feature_oil_highoil,advisory_feature_oil_highoil,public history import: normalize key casing
Advisory_feature_rail,advisory_feature_rail,public history import: normalize key casing
Advisory_feature_retail_activist_protest,advisory_feature_retail_activist_protest,public history import: normalize key casing
Advisory_feature_retail_valdalism,advisory_feature_retail_valdalism,public history import: normalize key casing
Advisory_feature_telecom_thirdworld,advisory_feature_telecom_thirdworld,public history import: normalize key casing
Advisory_focusing_profits_rather,advisory_focusing_profits_rather,public history import: normalize key casing
Advisory_fund_manage,advisory_fund_manage,public history import: normalize key casing
Advisory_futurescanmargincall,advisory_futurescanmargincall,public history import: normalize key casing
Advisory_gasoline_additive_reduces,advisory_gasoline_additive_reduces,public history import: normalize key casing
Advisory_gmo_resist,advisory_gmo_resist,public history import: normalize key casing
Advisory_gold_currently_selling,advisory_gold_currently_selling,public history import: normalize key casing
Advisory_grain_slide_thirdyear,advisory_grain_slide_thirdyear,public history import: normalize key casing
Advisory_grain_uptrend,advisory_grain_uptrend,public history import: normalize key casing
Advisory_growthrate_above,advisory_growthrate_above,public history import: normalize key casing
Advisory_growthrate_below,advisory_growthrate_below,public history import: normalize key casing
Advisory_high_prices_gasoline,advisory_high_prices_gasoline,public history import: normalize key casing
Advisory_however_LOC,advisory_however_loc,public history import: normalize key casing
Advisory_however_Profit_cashflow,advisory_however_profit_cashflow,public history import: normalize key casing
Advisory_however_due_certain,advisory_however_due_certain,public history import: normalize key casing
Advisory_however_hedge_goldsilver,advisory_however_hedge_goldsilver,public history import: normalize key casing
Advisory_however_hedge_oil,advisory_however_hedge_oil,public history import: normalize key casing
Advisory_however_recently,advisory_stock_falling_recently,public history import: normalize key casing
Advisory_however_share_price,advisory_however_share_price,public history import: normalize key casing
Advisory_however_share_value,advisory_stock_falling_recently,public history import: normalize key casing
Advisory_however_share_value_02,advisory_however_share_value_02,public history import: normalize key casing
Advisory_incurs_capital_loss,advisory_incurs_capital_loss,public history import: normalize key casing
Advisory_ind,advisory_ind,public history import: normalize key casing
Advisory_ind_growth_accelerate,advisory_ind_growth_accelerate,public history import: normalize key casing
Advisory_ind_growth_high,advisory_demand_continue,public history import: merged into {|} choice template
Advisory_ind_growth_improve,advisory_demand_continue,public history import: merged into {|} choice template
Advisory_index_months,advisory_index_months,public history import: normalize key casing
Advisory_index_months_02,advisory_index_months_02,public history import: normalize key casing
Advisory_industrial_demand_steel,advisory_industrial_demand_steel,public history import: normalize key casing
Advisory_industry_costs_risen,advisory_industry_costs_risen,public history import: normalize key casing
Advisory_industry_demand_growth_continue,advisory_demand_continue,public history import: renamed; merged expect/look for
Advisory_industry_enters_x01,advisory_industry_enters_x01,public history import: normalize key casing
Advisory_industry_enters_x02,advisory_industry_enters_x02,public history import: normalize key casing
Advisory_industry_faster_growthrate,advisory_industry_faster_growthrate,public history import: normalize key casing
Advisory_industry_flat_growthrate,advisory_industry_flat_growthrate,public history import: normalize key casing
Advisory_industry_government,advisory_industry_government,public history import: normalize key casing
Advisory_industry_lead_profitability,advisory_industry_lead_profitability,public history import: normalize key casing
Advisory_industry_longterm_growthrate,advisory_industry_longterm_growthrate,public history import: normalize key casing
Advisory_industry_mature_growthrate,advisory_industry_mature_growthrate,public history import: normalize key casing
Advisory_industry_rapidly,advisory_industry_rapidly,public history import: normalize key casing
Advisory_industry_share,advisory_industry_share,public history import: normalize key casing
Advisory_industry_share_02,advisory_industry_share_02,public history import: normalize key casing
Advisory_industry_share_03,advisory_industry_share_03,public history import: normalize key casing
Advisory_industry_share_04,advisory_industry_share_03,public history import: 2026-09-26 번호 정렬 (병합으로 생긴 결번 정리)
Advisory_industry_tail_excessive_competition,advisory_industry_tail_excessive_competition,public history import: normalize key casing
Advisory_industry_tail_growth_lag,advisory_industry_tail_growth_lag,public history import: normalize key casing
Advisory_industry_tail_management_underperformance,advisory_industry_tail_management_underperformance,public history import: normalize key casing
Advisory_industry_tail_medical_benefit_cuts,advisory_industry_tail_medical_benefit_cuts,public history import: normalize key casing
Advisory_industry_tail_supply_demand,advisory_industry_tail_supply_demand,public history import: normalize key casing
Advisory_industry_tail_supply_demand_imbalance,advisory_industry_tail_supply_demand_imbalance,public history import: normalize key casing
Advisory_intrate_moderate_neutral,advisory_intrate_moderate_neutral,public history import: normalize key casing
Advisory_largeststockhoding_declined,advisory_largeststockhoding_declined,public history import: normalize key casing
Advisory_largeststockhoding_risen,advisory_largeststockhoding_risen,public history import: normalize key casing
Advisory_last_month_stockup,advisory_last_month_stockup,public history import: normalize key casing
Advisory_last_months_price,advisory_last_months_price,public history import: normalize key casing
Advisory_last_months_stockoff,advisory_last_months_stockoff,public history import: normalize key casing
Advisory_lastmonths_down,advisory_lastmonths_down,public history import: normalize key casing
Advisory_lastmonths_dropp,advisory_lastmonths_dropp,public history import: normalize key casing
Advisory_lastmonths_flat,advisory_lastmonths_flat,public history import: normalize key casing
Advisory_lastmonths_sinking,advisory_lastmonths_sinking,public history import: normalize key casing
Advisory_lastmonths_stead_rising,advisory_lastmonths_stead_rising,public history import: normalize key casing
Advisory_lastmonths_up,advisory_lastmonths_up,public history import: normalize key casing
Advisory_lastyear_eachq_dec,advisory_lastyear_eachq_dec,public history import: normalize key casing
Advisory_lastyear_eachq_up,advisory_lastyear_eachq_dec,public history import: 2026-09-26 병합 4→1
Advisory_lastyear_stockmarket_lead,advisory_lastyear_stockmarket_lead,public history import: normalize key casing
Advisory_lastyear_stockmarket_risen,advisory_lastyear_stockmarket_risen,public history import: normalize key casing
Advisory_lastyear_stockmarket_tail_profittaking,advisory_lastyear_stockmarket_tail_profittaking,public history import: normalize key casing
Advisory_lastyear_stockmarket_tail_rally,advisory_lastyear_stockmarket_tail_rally,public history import: normalize key casing
Advisory_lastyear_stockmarket_tail_rally_as,advisory_lastyear_stockmarket_tail_rally_as,public history import: normalize key casing
Advisory_lastyear_stockmarket_tail_stockpickers,advisory_lastyear_stockmarket_tail_stockpickers,public history import: normalize key casing
Advisory_lead_tail,advisory_lead_tail,public history import: normalize key casing
Advisory_lead_tail_05,advisory_lead_tail_05,public history import: normalize key casing
Advisory_light_sharply,advisory_light_sharply,public history import: normalize key casing
Advisory_low_price_led,advisory_low_price_led,public history import: normalize key casing
Advisory_lowenergy_recover,advisory_lowenergy_recover,public history import: normalize key casing
Advisory_managerep,advisory_managerep,public history import: normalize key casing
Advisory_meanwhile_trading_higher,advisory_meanwhile_trading_higher,public history import: normalize key casing
Advisory_modal_confirmation_ui,advisory_modal_confirmation_ui,public history import: normalize key casing
Advisory_negative_insolvent,advisory_negative_insolvent,public history import: normalize key casing
Advisory_networth_consecutive,advisory_networth_consecutive,public history import: normalize key casing
Advisory_networth_decreased,advisory_networth_decreased,public history import: normalize key casing
Advisory_networth_decreased_recovering,advisory_networth_decreased_recovering,public history import: normalize key casing
Advisory_nexyear_growth_decline,advisory_nexyear_growth_decline,public history import: normalize key casing
Advisory_no_LOC_liquidate,advisory_no_loc_liquidate,public history import: normalize key casing
Advisory_nolineofcredit_liquidate,advisory_nolineofcredit_liquidate,public history import: normalize key casing
Advisory_notpubliccorp,advisory_notpubliccorp,public history import: normalize key casing
Advisory_oil_industry_Outlook_02,advisory_oil_industry_outlook_02,public history import: normalize key casing
Advisory_oil_industry_Outlook_03,advisory_oil_industry_outlook_03,public history import: normalize key casing
Advisory_oil_industry_Outlook_04,advisory_oil_industry_outlook_04,public history import: normalize key casing
Advisory_oil_industry_outlook,advisory_oil_industry_outlook,public history import: normalize key casing
Advisory_operation_netloss_worse1,advisory_operation_netloss_worse1,public history import: normalize key casing
Advisory_over_last_months,advisory_over_last_months,public history import: normalize key casing
Advisory_paid_tax_cashbillcredit,advisory_paid_tax_cashbillcredit,public history import: normalize key casing
Advisory_perform_sector,advisory_perform_sector,public history import: normalize key casing
Advisory_player_ownstock1,advisory_player_ownstock1,public history import: normalize key casing
Advisory_player_ownstock2,advisory_player_ownstock2,public history import: normalize key casing
Advisory_player_receivetax,advisory_player_receivetax,public history import: normalize key casing
Advisory_player_taxpay,advisory_player_taxpay,public history import: normalize key casing
Advisory_precious_metals_commodity,advisory_feature_preciousmetals_precious_metals_commodity_prices,public history import: normalize key casing
Advisory_precious_metals_companies,advisory_feature_preciousmetals_precious_metals_companies_often,public history import: normalize key casing
Advisory_price_fallen,advisory_price_fallen,public history import: normalize key casing
Advisory_profit_remain_stable,advisory_profit_remain_stable,public history import: normalize key casing
Advisory_rapidlygrowing,advisory_rapidlygrowing,public history import: normalize key casing
Advisory_rating_cashflow,advisory_rating_cashflow,public history import: normalize key casing
Advisory_region,advisory_region,public history import: normalize key casing
Advisory_reportdate,advisory_reportdate,public history import: normalize key casing
Advisory_secondlargest,advisory_secondlargest,public history import: normalize key casing
Advisory_share_inarow,advisory_share_inarow,public history import: normalize key casing
Advisory_significant_change_industrys,advisory_significant_change_industrys,public history import: normalize key casing
Advisory_sloweconomy_ind,advisory_sloweconomy_ind,public history import: normalize key casing
Advisory_spot_oil_price_05,advisory_spot_oil_price_05,public history import: normalize key casing
Advisory_spot_oil_price_3,advisory_spot_oil_price_3,public history import: normalize key casing
Advisory_spotprice_commodity,advisory_spotprice_commodity,public history import: normalize key casing
Advisory_stock_falling_recently,advisory_stock_falling_recently,public history import: normalize key casing
Advisory_stock_price_moved,advisory_lastyear_eachq_dec,public history import: 2026-09-26 병합 4→1
Advisory_stock_value_declined,advisory_lastyear_eachq_dec,public history import: 2026-09-26 병합 4→1
Advisory_stockindexFuture_settle,advisory_stockindexfuture_settle,public history import: normalize key casing
Advisory_stockmarket_flat,advisory_stockmarket_flat,public history import: normalize key casing
Advisory_suggest_Future_risky,advisory_suggest_future_risky,public history import: normalize key casing
Advisory_suggest_bond,advisory_suggest_bond,public history import: normalize key casing
Advisory_suggest_highdd,advisory_suggest_highdd,public history import: normalize key casing
Advisory_suggest_intswap,advisory_suggest_intswap,public history import: normalize key casing
Advisory_suggest_notgood,advisory_suggest_notgood,public history import: normalize key casing
Advisory_suggest_underinvest,advisory_suggest_underinvest,public history import: normalize key casing
Advisory_tax_liability,advisory_tax_liability,public history import: normalize key casing
Advisory_tax_liability_holdings,advisory_tax_liability_holdings,public history import: normalize key casing
Advisory_tax_notprepayed,advisory_tax_notprepayed,public history import: normalize key casing
Advisory_those_companies_hedged,advisory_those_companies_hedged,public history import: normalize key casing
Advisory_tire_rubber_industry,advisory_tire_rubber_industry,public history import: normalize key casing
Advisory_transportation_equipment_makers,advisory_transportation_equipment_makers,public history import: normalize key casing
Advisory_travel_being_affected,advisory_feature_hotel_travel_affected_somewhat_high,public history import: normalize key casing
Advisory_truckers_benefiting_relatively,advisory_truckers_benefiting_relatively,public history import: normalize key casing
Advisory_utility_profits_greatly,advisory_feature_utility_profits_not_greatly_affected,public history import: normalize key casing
Advisory_while_consumer_demand,advisory_while_consumer_demand,public history import: normalize key casing
Advisory_world_economy_full_barely_growing,advisory_world_economy_full_barely_growing,public history import: normalize key casing
Advisory_world_economy_full_barely_growing_recession,advisory_world_economy_full_barely_growing_recession,public history import: normalize key casing
Advisory_world_economy_full_recession,advisory_world_economy_full_recession,public history import: normalize key casing
Advisory_world_economy_full_slow_growth,advisory_world_economy_full_slow_growth,public history import: normalize key casing
Advisory_world_economy_lead_although_steady,advisory_world_economy_lead_although_steady,public history import: normalize key casing
Advisory_world_economy_lead_moderate,advisory_world_economy_lead_moderate,public history import: normalize key casing
Advisory_world_economy_lead_rapid_robust,advisory_world_economy_lead_rapid_robust,public history import: normalize key casing
Advisory_world_economy_lead_while_healthy,advisory_world_economy_lead_while_healthy,public history import: normalize key casing
Advisory_world_economy_slow_emerged,advisory_world_economy_slow_emerged,public history import: normalize key casing
Advisory_world_economy_tail_improvement,advisory_world_economy_tail_improvement,public history import: normalize key casing
Advisory_world_economy_tail_recovery,advisory_world_economy_tail_recovery,public history import: normalize key casing
Advisory_world_economy_tail_sustainable,advisory_world_economy_tail_sustainable,public history import: normalize key casing
Advisory_year_liability,advisory_year_liability,public history import: normalize key casing
Advisory_yourfinancial,advisory_yourfinancial,public history import: normalize key casing
Advisory_ytd_earnings_updown,advisory_ytd_earnings_updown,public history import: normalize key casing
Advisory_ytd_stockprice_dec,advisory_ytd_stockprice_dec,public history import: normalize key casing
Advisory_ytd_stockprice_decdec,advisory_ytd_stockprice_decdec,public history import: normalize key casing
Advisory_ytd_stockprice_decgain,advisory_ytd_stockprice_decgain,public history import: normalize key casing
Advisory_ytd_stockprice_risedown,advisory_ytd_stockprice_risedown,public history import: normalize key casing
Advisory_ytd_stockprice_risen,advisory_ytd_stockprice_dec,public history import: 2026-09-26 병합 declined/risen
Advisory_ytd_stockprice_riserise,advisory_ytd_stockprice_decdec,public history import: 2026-09-26 병합 declined/risen
Antitrust_sue_title,antitrust_sue_title,public history import: normalize key casing
Assetbuy_already_depressed,assetbuy_already_depressed,public history import: normalize key casing
Assetbuy_already_depressed_notallow,assetbuy_already_depressed_notallow,public history import: normalize key casing
Assetbuy_board_ban_1,assetbuy_board_ban_1,public history import: normalize key casing
Assetbuy_board_ban_2,assetbuy_board_ban_2,public history import: normalize key casing
Assetbuy_board_limit_1,assetbuy_board_limit_2-1,public history import: renamed (key changed outside the migration log)
Assetbuy_board_limit_2,assetbuy_board_limit_2,public history import: normalize key casing
Assetbuy_board_limit_2-1,assetbuy_board_limit_2-1,public history import: normalize key casing
Assetbuy_board_limit_2_3,assetbuy_board_limit_2_3,public history import: normalize key casing
Assetbuy_board_limit_3,assetbuy_board_limit_3,public history import: normalize key casing
Assetbuy_board_limit_4,assetbuy_board_limit_4,public history import: normalize key casing
Assetbuy_board_limit_5,assetbuy_board_limit_5,public history import: normalize key casing
Assetbuy_board_limit_num,assetbuy_board_limit_num,public history import: normalize key casing
Assetbuy_deppressed_notallow2,assetbuy_deppressed_notallow2,public history import: normalize key casing
Assetbuy_financial_limit,assetbuy_financial_limit,public history import: normalize key casing
Assetbuy_goodwill_notice,assetbuy_goodwill_notice,public history import: normalize key casing
Assetbuy_goodwill_title,assetbuy_goodwill_title,public history import: normalize key casing
Assetbuy_goodwill_yn,assetbuy_goodwill_yn,public history import: normalize key casing
Assetbuy_holdco_rule,assetbuy_holdco_rule,public history import: normalize key casing
Assetbuy_input_1,assetbuy_input_1_max,"public history import: case-collision split: distinct source, 2026-09-26"
Assetbuy_input_title,assetbuy_input_title,public history import: normalize key casing
Assetbuy_new_input,assetbuy_new_input,public history import: normalize key casing
Assetbuy_new_input_1,assetbuy_new_input_1,public history import: normalize key casing
Assetbuy_new_input_2,assetbuy_new_input_2,public history import: normalize key casing
Assetbuy_new_input_authorized,assetbuy_new_input_authorized,public history import: normalize key casing
Assetbuy_new_result,assetbuy_new_result,public history import: normalize key casing
Assetbuy_new_title,assetbuy_new_title,public history import: normalize key casing
Assetbuy_offer_input,assetbuy_offer_input,public history import: normalize key casing
Assetbuy_offer_notice,assetbuy_offer_notice,public history import: normalize key casing
Assetbuy_offer_title,assetbuy_offer_title,public history import: normalize key casing
Assetbuy_player_rule_1,assetbuy_player_rule_1,public history import: normalize key casing
Assetbuy_player_rule_2,assetbuy_player_rule_2,public history import: normalize key casing
Assetbuy_player_rule_3,assetbuy_player_rule_3,public history import: normalize key casing
Assetbuy_player_rule_title,assetbuy_player_rule_title,public history import: normalize key casing
Assetbuy_seller_Nosale,assetbuy_seller_nosale,public history import: normalize key casing
Assetbuy_seller_list,assetbuy_seller_list,public history import: normalize key casing
Assetbuy_seller_list_title,assetbuy_seller_list_title,public history import: normalize key casing
Assetbuy_seller_refuse,assetbuy_seller_refuse,public history import: normalize key casing
Assetbuy_type_no_hint,assetbuy_type_no_hint,public history import: normalize key casing
Assetbuy_type_title,assetbuy_type_title,public history import: normalize key casing
Assetbuy_type_yn,assetbuy_type_yn,public history import: normalize key casing
Autopilot_CEO_1,autopilot_ceo_1,public history import: normalize key casing
Autopilot_CEO_2,autopilot_ceo_2,public history import: normalize key casing
Bondbuy_corp_2-2,bondbuy_corp_2-2,public history import: normalize key casing
Bondbuy_corp_3,bondbuy_corp_3,public history import: normalize key casing
Bondbuy_corp_4,bondbuy_corp_4,public history import: normalize key casing
Bondbuy_corp_5,bondbuy_corp_5,public history import: normalize key casing
Bondbuy_corp_5_variant2,bondbuy_corp_5_variant2,public history import: normalize key casing
Bondbuy_corp_6,bondbuy_corp_6,public history import: normalize key casing
Bondbuy_corp_confirm_1,bondbuy_corp_confirm_1,public history import: normalize key casing
Bondbuy_corp_confirm_2,bondbuy_corp_confirm_2,public history import: normalize key casing
Bondbuy_corp_error_1,bondbuy_corp_error_1,public history import: normalize key casing
Bondbuy_corp_input,bondbuy_corp_input,public history import: normalize key casing
Bondbuy_corp_limit,bondbuy_corp_limit,public history import: normalize key casing
Bondbuy_corp_title,bondbuy_corp_title,public history import: normalize key casing
Bondbuy_gov_confirm_long,bondbuy_gov_confirm_long,public history import: normalize key casing
Bondbuy_gov_confirm_short,bondbuy_gov_confirm_short,public history import: normalize key casing
Bondbuy_gov_long_2,bondbuy_gov_long_2,public history import: normalize key casing
Bondbuy_gov_long_2-2,bondbuy_gov_long_2-2,public history import: normalize key casing
Bondbuy_gov_long_2-3,bondbuy_gov_long_2-3,public history import: normalize key casing
Bondbuy_gov_long_2-4,bondbuy_gov_long_2-4,public history import: normalize key casing
Bondbuy_gov_long_2-5,bondbuy_gov_long_2-5,public history import: normalize key casing
Bondbuy_gov_long_price,bondbuy_gov_long_price,public history import: normalize key casing
Bondbuy_gov_long_price_value,bondbuy_gov_long_price_value,public history import: normalize key casing
Bondbuy_gov_long_title,bondbuy_gov_long_title,public history import: normalize key casing
Bondbuy_gov_short_1,bondbuy_gov_short_1,public history import: normalize key casing
Bondbuy_gov_short_2,bondbuy_gov_short_2,public history import: normalize key casing
Bondbuy_gov_short_2-2,bondbuy_gov_short_2-2,public history import: normalize key casing
Bondbuy_gov_short_2-3,bondbuy_gov_short_2-3,public history import: normalize key casing
Bondbuy_gov_short_result,bondbuy_gov_short_result,public history import: normalize key casing
Bondbuy_gov_short_title,bondbuy_gov_short_title,public history import: normalize key casing
Bondbuy_short_2,bondbuy_short_2,public history import: normalize key casing
Bondsell_corp_confirm_sold,bondsell_corp_confirm_sold,public history import: normalize key casing
Bondsell_corp_confirm_title,bondsell_corp_confirm_title,public history import: normalize key casing
Bondsell_gov_confirm_sold,bondsell_gov_confirm_sold,public history import: normalize key casing
Bondsell_gov_confirm_title,bondsell_gov_confirm_title,public history import: normalize key casing
Bondsell_gov_long_2,bondsell_gov_long_2,public history import: normalize key casing
Bondsell_gov_notice_1,bondsell_gov_notice_1,public history import: normalize key casing
Bondsell_gov_notice_2,bondsell_gov_notice_2,public history import: normalize key casing
Bondsell_gov_short_2,bondsell_gov_short_2,public history import: normalize key casing
Bondsell_gov_short_result,bondsell_gov_short_result,public history import: normalize key casing
Bondsell_gov_short_title,bondsell_gov_short_title,public history import: normalize key casing
Bondsell_input_1,bondsell_input_1,public history import: normalize key casing
Bondsell_notice,bondsell_notice,public history import: normalize key casing
Browse_become_holdings,browse_become_holdings,public history import: normalize key casing
Browse_cheaper_asset_warning_1,browse_cheaper_asset_warning_1,public history import: normalize key casing
Browse_cheaper_asset_warning_2,browse_cheaper_asset_warning_2,public history import: normalize key casing
CT-028891c4,stockshort_player_result,public history import: merged into {|} choice template
CT-098dbe61,advisory_highfuel_despite,public history import: renamed
CT-09d7aa77,futuresshort_result_coin,public history import: 2026-09-26 의미 있는 이름으로
CT-0a21298e,news_corp_tenderoffer,"public history import: duplicate of existing data (same-normalized), 2026-09-26"
CT-0e370d4a,financial_currentprice,public history import: merged into {|} choice template (all.csv merge pass 2026-09-27)
CT-0e81fab4,popup_fed_invest,public history import: 2026-09-26 병합: InterPol/Feds/Government agents + 회사명 유무 3→1
CT-0f408bcc,advisory_feature_bank_highrate1,public history import: merged into {|} choice template (all.csv merge pass 2026-09-27)
CT-100af23d,merger_voting_marketcap,public history import: merged into {|} choice template
CT-1a5176cf,advisory_stockmarket_strong,public history import: renamed
CT-1a7f4292,earningreport_cashflow_quarter,public history import: merged into {|} choice template
CT-1db64edd,assetbuy_type_title,public history import: merged into {|} choice template (all.csv merge pass 2026-09-27)
CT-225beaa6,stockbuy_toolow,public history import: merged into {|} choice template
CT-242a5453,researchreport_hedge_position,"public history import: duplicate of existing data (runtime), 2026-09-26"
CT-2551a3a6,stockbuy_toolow_fatchance,public history import: renamed
CT-29a18fe4,advisory_those_companies_hedged,public history import: merged into {|} choice template (all.csv merge pass 2026-09-27)
CT-2bedbd17,news_corp_plunge_assetsale,public history import: renamed
CT-2f1ffbbb,general_press_ok,public history import: merged into {|} choice template (all.csv merge pass 2026-09-27)
CT-2f94f143,advisory_etf_management,"public history import: duplicate of existing data (same-normalized), 2026-09-26"
CT-310363e8,advisory_feature_oilservice_oil_service_firms_shielded,"public history import: advisory_feature_<industry> naming (WSR.EXE), 2026-09-26"
CT-33077877,news_commodity_short_settle,public history import: truncated capture (leading @CORP lost)
CT-35389be2,searchui_showingcompanies,"public history import: duplicate of existing data (runtime), 2026-09-26"
CT-390be2cd,borrow_lineofcredit_1,"public history import: duplicate of existing data (same-normalized), 2026-09-26"
CT-399014b1,futures_limit_current_rating,"public history import: duplicate of existing data (same-normalized), 2026-09-26"
CT-411c1efe,researchreport_incurringlosses_fiscal,public history import: 2026-09-26 병합: is/still + 이유(마케팅/R&D) 6→1
CT-41d411b1,merger_voting_marketcap,public history import: merged into {|} choice template
CT-43cdd772,researchreport_lowoil_bottomline,public history import: merged into {|} choice template (all.csv merge pass 2026-09-27)
CT-46c6ec01,earningreport_dividend,public history import: merged into {|} choice template (all.csv merge pass 2026-09-27)
CT-46dda4b3,researchreport_offbalance_rateswap,"public history import: duplicate of existing data (same-normalized), 2026-09-26"
CT-4867ba44,ResearchReport_underwriting_loss_warning,public history import: renamed by user (2026-09-27)
CT-497d42ce,bondsell_gov_short_nocash,public history import: T-bill sell prompt no-cash line (user 2026-09-27)
CT-4bf575f6,persprofile_ceo_salary_bonus,public history import: merged into {|} choice template (all.csv merge pass 2026-09-27)
CT-4e4f598d,merger_voting_yn,public history import: renamed
CT-4e63cc8f,news_swap_transfer,public history import: merged into {|} choice template (all.csv merge pass 2026-09-27)
CT-538154f2,advisory_good_condition,public history import: renamed
CT-55930ea8-long,researchreport_etf_3x,public history import: merged into {|} choice template
CT-55930ea8-short,researchreport_etf_3x,public history import: merged into {|} choice template
CT-590c658c,earningreport_sharerose,"public history import: duplicate of existing data (same-normalized), 2026-09-26"
CT-5981dfce,news_corp_rateswap_quarter,public history import: renamed
CT-5a99f657,news_corp_recall_tires,public history import: move into recall news family (user 2026-09-27)
CT-5d28f0fa,news_debtholder_bankruptcy,public history import: merged into {|} choice template (all.csv merge pass 2026-09-27)
CT-5f80ee51,advisory_feature_steel_companies_profit_margins_aided,"public history import: advisory_feature_<industry> naming (WSR.EXE), 2026-09-26"
CT-62a3a56c,general_yearquater_govtbond,public history import: merged into {|} choice template (all.csv merge pass 2026-09-27)
CT-66278d06,News_corp_strike_settle,public history import: merged into {} alternation (user 2026-09-27)
CT-6b170154,Restructuring_toosmall,public history import: renamed
CT-6ff65c22,researchreport_yearly_earnings,public history import: merged into {|} choice template
CT-738dfa08,researchreport_incurringlosses_fiscal,public history import: 2026-09-26 병합: is/still + 이유(마케팅/R&D) 6→1
CT-76fb8aa1,earnings_current_operating_earnings,"public history import: duplicate of existing data (runtime), 2026-09-26"
CT-7cd59890,researchreport_incorporated,"public history import: duplicate of existing data (runtime), 2026-09-26"
CT-7e4ecf72,advisory_feature_brokerage_major_beneficiary_low_interest,"public history import: advisory_feature_<industry> naming (WSR.EXE), 2026-09-26"
CT-7f9c5298,stockbuy_fundsufficient,"public history import: duplicate of existing data (same-normalized), 2026-09-26"
CT-816d7a1f,researchreport_less_carryingvalue,public history import: merged into {|} choice template (all.csv merge pass 2026-09-27)
CT-82737b75,advisory_feature_closely_tied,public history import: merged into {|} choice template (all.csv merge pass 2026-09-27)
CT-8761204e,researchreport_offbalance_rateswap,"public history import: duplicate of existing data (same-normalized), 2026-09-26"
CT-88e8e8ca,researchreport_etf_govbond,public history import: renamed; truncated source completed
CT-89b45293,lawsuit_damages_claim,public history import: merged into {|} choice template (all.csv merge pass 2026-09-27)
CT-8d428b16-unused,researchreport_large_taxcredit,public history import: merged into {|} choice template (all.csv merge pass 2026-09-27)
CT-8dcbccb4,general_price_alert,public history import: merged into {|} choice template (all.csv merge pass 2026-09-27)
CT-945d3fad,advisory_price_streak_each,public history import: merged into {|} choice template
CT-953416e9,futuresshort_confirm_commodity,public history import: renamed (all.csv merge pass 2026-09-27)
CT-9a1ac377,news_asset_seized,public history import: renamed; generalized with tokens
CT-9a84891b,advisory_fund_adjprice_trend,public history import: merged and/but variants into one choice template
CT-9ada97b0,assetbuy_board_limit_2-1,public history import: merged into {|} choice template (all.csv merge pass 2026-09-27)
CT-9be1d8f2,advisory_commodity_tail_followup_down,public history import: merged into {|} choice template
CT-9d20ead2,advisory_stock_falling_recently,public history import: merged into {|} choice template (all.csv merge pass 2026-09-27)
CT-9da7c426,merger_voting_industry,public history import: renamed
CT-9e0d18f7,News_market_plunge,public history import: renamed by user (2026-09-27)
CT-9efa8618,news_new_stock_issue,public history import: 2026-09-26 병합: 신주 발행 사유 3→1
CT-9f32ed58,cryptobuy_limit_total,public history import: renamed; generalized with tokens
CT-9fcb98d6,News_bankrupt_reduceloan,public history import: duplicate of named-key row (removed from all.csv by user)
CT-a37cbace,news_asset_close_envrule,public history import: renamed; generalized with tokens
CT-a38d3ca1,news_adjustingindex,public history import: merged into {|} choice template (all.csv merge pass 2026-09-27)
CT-a458fe98,advisory_commodity_up_then_down,public history import: renamed
CT-a5c9930c,advisory_feature_medic_aging,public history import: merged into {|} choice template
CT-a68eaa10,earnings_quarter_net_profit,public history import: merged into {|} choice template (all.csv merge pass 2026-09-27)
CT-a83326aa,stockshort_player_result,public history import: renamed; generalized with tokens
CT-aaaff08b,lawsuit_damages_claim,public history import: merged into {|} choice template (all.csv merge pass 2026-09-27)
CT-aaf9eee9,advisory_perform_sector,public history import: merged into {|} choice template (all.csv merge pass 2026-09-27)
CT-ab54d6b7,futuresbuy_input_3,public history import: merged into {|} choice template (all.csv merge pass 2026-09-27)
CT-ad018af0,news_bank_acquire_loan,"public history import: duplicate of existing data (same-normalized), 2026-09-26"
CT-b2aba723,Quotes_264,public history import: duplicate of quote row
CT-b4904299,futuresshort_result_coin,public history import: 2026-09-26 병합: 코인 수량 토큰화 3→1
CT-b62906fe,advisory_commodity_prices_inarow,public history import: renamed; generalized
CT-b69d2f30,news_liable_building,"public history import: duplicate of existing data (same-normalized), 2026-09-26"
CT-b8f5425e,advisory_economicboom,public history import: renamed
CT-ba9cc665,news_corp_stocksell2,"public history import: duplicate of existing data (same-normalized), 2026-09-26"
CT-bc1cc032,researchreport_incurringlosses_fiscal,public history import: 2026-09-26 병합: is/still + 이유(마케팅/R&D) 6→1
CT-bc66db6b,financial_ceo_bonus,public history import: merged into {|} choice template (all.csv merge pass 2026-09-27)
CT-bddeb993,researchreport_fed_rate,public history import: merged into {|} choice template
CT-c0c6071f,researchreport_fed_rate,public history import: merged into {|} choice template
CT-c1e80c0d,researchreport_investcompany,public history import: merged into {} alternation (user 2026-09-27)
CT-c30e7b77,researchreport_etf_earningpct,public history import: renamed
CT-c3b7097e,News_bad_credit_rating,public history import: duplicate of named-key row (removed from all.csv by user)
CT-c585bb02,general_price_alert,public history import: merged into {|} choice template (all.csv merge pass 2026-09-27)
CT-c5a800ae,advisory_marketshare_despite_weakdemand,public history import: renamed
CT-c658e497,advisory_commodity_up_then_down,public history import: merged into {|} choice template
CT-c8283dbb,futuresshort_result_coin,public history import: 2026-09-26 병합: 코인 수량 토큰화 3→1
CT-c9cfc794,news_corp_merger_stockreceive,"public history import: duplicate of existing data (same-normalized), 2026-09-26"
CT-ca860238,news_asset_explode,public history import: covered by @ASSET once oil drilling rig was added to VAR_asset_types
CT-cc7b2732,contribution_capital_result_body,"public history import: duplicate of existing data (same-normalized), 2026-09-26"
CT-cdaf0027,advisory_condition_improve_indleader,public history import: renamed
CT-ce10f5d7,whosahead_employmentstatus_1,public history import: merged into {|} choice template (all.csv merge pass 2026-09-27)
CT-ce255648,advisory_price_streak_each,public history import: renamed (all.csv merge pass 2026-09-27)
CT-ceeffe5f,liquidation_tax_disapproved,public history import: renamed; merged bank/insurance variants
CT-controlledby-corpfull,financial_controlledby_player,"public history import: duplicate of existing data (same-normalized), 2026-09-26"
CT-d05ccfb4,researchreport_incurringlosses_fiscal,public history import: 2026-09-26 병합: is/still + 이유(마케팅/R&D) 6→1
CT-d0b135e1,advisory_feature_housing_high_interest_rates_cutting,"public history import: advisory_feature_<industry> naming (WSR.EXE), 2026-09-26"
CT-d2c27026,advisory_player_networth_years,public history import: renamed; generalized
CT-d7e04a65,futuresshort_confirm_commodity,public history import: duplicate once @TOKEN numbering stripped
CT-dcfe43c3,news_corp_mine_nationalized,public history import: 2026-09-26 의미 있는 이름으로
CT-debefaee,merger_offer_ownpct,public history import: duplicate of named-key row (removed from all.csv by user)
CT-df0b084c,news_corp_guidance,"public history import: {} merge into semantic key, 2026-09-26"
CT-e254dada,advisory_however_loc,public history import: merged into {|} choice template
CT-e4f7fcb9,contribution_stock_input,"public history import: {} merge into semantic key, 2026-09-26"
CT-e551ab4a,bondbuy_gov_long_price,"public history import: {} merge into semantic key, 2026-09-26"
CT-e591be01,researchreport_highdivinded_notsuitainable,public history import: merged into {|} choice template
CT-e9f79087,futuresbuy_confirm_title_variant2,public history import: duplicate once @TOKEN numbering stripped
CT-ec5caf41,researchreport_rateswap_profit,"public history import: duplicate of existing data (same-normalized), 2026-09-26"
CT-f09d5106,news_corp_buycorpbond,"public history import: {} merge into semantic key, 2026-09-26"
CT-f52da089,news_corp_futures_short,"public history import: {} merge into semantic key, 2026-09-26"
CT-f873b2da,futuresbuy_confirm_title_variant2,public history import: merged into {|} choice template (all.csv merge pass 2026-09-27)
CT-fc5f7740,advisory_commodity_spot_up_again,public history import: advisory commodity family (user 2026-09-27)
CT-ff3352ae,earningreport_cashflow_quarter,public history import: merged into {|} choice template
Capitalcontr_1_1,capitalcontr_1_1,public history import: normalize key casing
Capitalcontr_1_2,capitalcontr_1_2,public history import: normalize key casing
Capitalcontr_list_list,capitalcontr_list_list,public history import: normalize key casing
Capitalcontr_list_title,capitalcontr_list_title,public history import: normalize key casing
Capitalcontr_no_subdiary,capitalcontr_no_subdiary,public history import: normalize key casing
Capitalcontr_title,capitalcontr_title,public history import: normalize key casing
CashFlow_Less_loan_principal_pay,cashflow_less_loan_principal_pay,public history import: normalize key casing
CashFlow_No_LOC,cashflow_no_loc,public history import: normalize key casing
CashFlow_UsableTaxCredits,cashflow_usabletaxcredits,public history import: normalize key casing
CashFlow_accrues_notpaid,cashflow_accrues_notpaid,public history import: normalize key casing
CashFlow_accrues_unpaid,cashflow_accrues_unpaid,public history import: normalize key casing
CashFlow_adjust_change_add_extra,cashflow_adjust_change_add_extra,public history import: normalize key casing
CashFlow_adjust_change_working_capital,cashflow_adjust_change_working_capital,public history import: normalize key casing
CashFlow_adjust_extraloss,cashflow_adjust_extraloss,public history import: normalize key casing
CashFlow_adjust_public_dec,cashflow_adjust_public_dec,public history import: normalize key casing
CashFlow_adjust_public_inc,cashflow_adjust_public_inc,public history import: normalize key casing
CashFlow_adjust_sub_noncash,cashflow_adjust_sub_noncash,public history import: normalize key casing
CashFlow_amortization_net_bond,cashflow_amortization_net_bond,public history import: normalize key casing
CashFlow_annual_CashFlow_prj,cashflow_annual_cashflow_prj,public history import: normalize key casing
CashFlow_annual_cash_flow,cashflow_annual_cash_flow,public history import: normalize key casing
CashFlow_annual_dividend_income,cashflow_annual_dividend_income,public history import: normalize key casing
CashFlow_bad_debt_reserve,cashflow_bad_debt_reserve,public history import: normalize key casing
CashFlow_bank_overhead_expenses,cashflow_bank_overhead_expenses,public history import: normalize key casing
CashFlow_before_debtpay,cashflow_before_debtpay,public history import: normalize key casing
CashFlow_business_loans_interest,cashflow_business_loans_interest,public history import: normalize key casing
CashFlow_cash_reinvested,cashflow_cash_reinvested,public history import: normalize key casing
CashFlow_ceo_salary,cashflow_ceo_salary,public history import: normalize key casing
CashFlow_ceo_salary_bonus,cashflow_ceo_salary_bonus,public history import: normalize key casing
CashFlow_consumer_loan_interest,cashflow_consumer_loan_interest,public history import: normalize key casing
CashFlow_corporate_bond_interest,cashflow_corporate_bond_interest,public history import: normalize key casing
CashFlow_dividends_received_deduction,cashflow_dividends_received_deduction,public history import: normalize key casing
CashFlow_est.tax_extra_gain,cashflow_est.tax_extra_gain,public history import: normalize key casing
CashFlow_est_tax_extraordinary,cashflow_est_tax_extraordinary,public history import: normalize key casing
CashFlow_est_tax_extraordinary_note,cashflow_est_tax_extraordinary_note,public history import: normalize key casing
CashFlow_estimated_corpborrow,cashflow_estimated_corpborrow,public history import: normalize key casing
CashFlow_estimated_corprepayment,cashflow_estimated_corprepayment,public history import: normalize key casing
CashFlow_extragain_already,cashflow_extragain_already,public history import: normalize key casing
CashFlow_extraloss_already,cashflow_extraloss_already,public history import: normalize key casing
CashFlow_gain_cash_rcvd,cashflow_gain_cash_rcvd,public history import: normalize key casing
CashFlow_govtbond_interest,cashflow_govtbond_interest,public history import: normalize key casing
CashFlow_gross_dividend_income,cashflow_gross_dividend_income,public history import: normalize key casing
CashFlow_interest_advances_from_p,cashflow_interest_advances_from_p,public history import: normalize key casing
CashFlow_interest_exp_interbank,cashflow_interest_exp_interbank,public history import: normalize key casing
CashFlow_interest_expense,cashflow_interest_expense,public history import: normalize key casing
CashFlow_interest_paid_cds,cashflow_interest_paid_cds,public history import: normalize key casing
CashFlow_less_amortization_bond_discount,cashflow_less_amortization_bond_discount,public history import: normalize key casing
CashFlow_less_interest_expense,cashflow_less_interest_expense,public history import: normalize key casing
CashFlow_less_opt_loss_benefit,cashflow_less_opt_loss_benefit,public history import: normalize key casing
CashFlow_less_planned_expenditures,cashflow_less_planned_expenditures,public history import: normalize key casing
CashFlow_less_quart_divid_payout,cashflow_less_quart_divid_payout,public history import: normalize key casing
CashFlow_less_refund_prepaid,cashflow_less_refund_prepaid,public history import: normalize key casing
CashFlow_less_reimb_parent,cashflow_less_reimb_parent,public history import: normalize key casing
CashFlow_less_reimb_subs,cashflow_less_reimb_subs,public history import: normalize key casing
CashFlow_less_your_living,cashflow_less_your_living,public history import: normalize key casing
CashFlow_loan_repayments,cashflow_loan_repayments,public history import: normalize key casing
CashFlow_loansbonds_sold,cashflow_loansbonds_sold,public history import: normalize key casing
CashFlow_minus_reinvested,cashflow_minus_reinvested,public history import: normalize key casing
CashFlow_miscellaneous_adjustments_tax,cashflow_miscellaneous_adjustments_tax,public history import: normalize key casing
CashFlow_months,cashflow_months,public history import: normalize key casing
CashFlow_net_income,cashflow_net_income,public history import: normalize key casing
CashFlow_net_income_income,cashflow_net_income_income,public history import: normalize key casing
CashFlow_net_pretax_cash,cashflow_net_pretax_cash,public history import: normalize key casing
CashFlow_nontax_CashFlow_adjustment,cashflow_nontax_cashflow_adjustment,public history import: normalize key casing
CashFlow_not_takeinto_account,cashflow_not_takeinto_account,public history import: normalize key casing
CashFlow_note_projection_may,cashflow_note_projection_may,public history import: normalize key casing
CashFlow_note_projection_may_02,cashflow_note_projection_may_02,public history import: normalize key casing
CashFlow_notice_corpborrow,cashflow_notice_corpborrow,public history import: normalize key casing
CashFlow_notice_gainloss,cashflow_notice_gainloss,public history import: normalize key casing
CashFlow_ordinary_oper_cash,cashflow_ordinary_oper_cash,public history import: normalize key casing
CashFlow_plus_amortization_bond,cashflow_plus_amortization_bond,public history import: normalize key casing
CashFlow_plus_bad_debt,cashflow_plus_bad_debt,public history import: normalize key casing
CashFlow_plus_capital_disinvested,cashflow_plus_capital_disinvested,public history import: normalize key casing
CashFlow_plus_consumer_loan,cashflow_plus_consumer_loan,public history import: normalize key casing
CashFlow_plus_dividends_received,cashflow_plus_dividends_received,public history import: normalize key casing
CashFlow_plus_subprime_loan,cashflow_plus_subprime_loan,public history import: normalize key casing
CashFlow_prime_mortgage_loan,cashflow_prime_mortgage_loan,public history import: normalize key casing
CashFlow_proj_3month,cashflow_proj_3month,public history import: normalize key casing
CashFlow_proj_3month_equivalent,cashflow_proj_3month_equivalent,public history import: normalize key casing
CashFlow_proj_adjusted_inc_tax,cashflow_proj_adjusted_inc_tax,public history import: normalize key casing
CashFlow_proj_after_tax,cashflow_proj_after_tax,public history import: normalize key casing
CashFlow_proj_before_deptpay,cashflow_proj_before_deptpay,public history import: normalize key casing
CashFlow_proj_equivalent,cashflow_proj_equivalent,public history import: normalize key casing
CashFlow_proj_expensededuction,cashflow_proj_expensededuction,public history import: normalize key casing
CashFlow_proj_expensededuction_bankloan,cashflow_proj_expensededuction_bankloan,public history import: normalize key casing
CashFlow_proj_expensededuction_total,cashflow_proj_expensededuction_total,public history import: normalize key casing
CashFlow_proj_header,cashflow_proj_header,public history import: normalize key casing
CashFlow_proj_plusminus,cashflow_proj_plusminus,public history import: normalize key casing
CashFlow_proj_taxable_income,cashflow_proj_taxable_income,public history import: normalize key casing
CashFlow_proj_taxable_income_tentative,cashflow_proj_taxable_income_tentative,public history import: normalize key casing
CashFlow_proj_taxableincome,cashflow_proj_taxableincome,public history import: normalize key casing
CashFlow_proj_taxableincome_netprofit,cashflow_proj_taxableincome_netprofit,public history import: normalize key casing
CashFlow_proj_taxableincome_rnd,cashflow_proj_taxableincome_rnd,public history import: normalize key casing
CashFlow_proj_taxableincome_tbill,cashflow_proj_taxableincome_tbill,public history import: normalize key casing
CashFlow_proj_taxableincome_total,cashflow_proj_taxableincome_total,public history import: normalize key casing
CashFlow_projected_annual_portfolio,cashflow_projected_annual_portfolio,public history import: normalize key casing
CashFlow_projected_cash_flow_02,cashflow_projected_cash_flow_02,public history import: normalize key casing
CashFlow_projected_salarybonus,cashflow_projected_salarybonus,public history import: normalize key casing
CashFlow_subprime_mortgage_interest,cashflow_subprime_mortgage_interest,public history import: normalize key casing
CashFlow_such_considerable_variance,cashflow_such_considerable_variance,public history import: normalize key casing
CashFlow_taxable_income_subs,cashflow_taxable_income_subs,public history import: normalize key casing
CashFlow_taxowed_now,cashflow_taxowed_now,public history import: normalize key casing
CashFlow_total_cash_income,cashflow_total_cash_income,public history import: normalize key casing
CashFlow_withoutdebt_positive,cashflow_withoutdebt_positive,public history import: normalize key casing
CashFlow_writeoff_noncash_item,cashflow_writeoff_noncash_item,public history import: normalize key casing
CashFlow_xord_gain_note,cashflow_xord_gain_note,public history import: normalize key casing
Cashflow_Annual_proj_netincome,cashflow_annual_proj_netincome,public history import: normalize key casing
Cashflow_ext_gain,cashflow_ext_gain,public history import: normalize key casing
Cashflow_note_taxliability,cashflow_note_taxliability,public history import: normalize key casing
Cashflow_plus_reimburse_sub,cashflow_plus_reimburse_sub,public history import: normalize key casing
Cashflow_tax_Proj_Income,cashflow_tax_proj_income,public history import: normalize key casing
Cashflow_title,cashflow_title,public history import: normalize key casing
Change_Productivity_spending_body,change_productivity_spending_body,public history import: normalize key casing
Change_dividend_input,change_dividend_input,public history import: normalize key casing
Change_dividend_limit,change_dividend_limit,public history import: normalize key casing
Change_dividend_result,change_dividend_result,public history import: normalize key casing
Change_dividend_title,change_dividend_title,public history import: normalize key casing
Change_productivity_body,change_productivity_body,public history import: normalize key casing
Change_productivity_input,change_productivity_input,public history import: normalize key casing
Change_productivity_market_input,change_productivity_market_input,public history import: normalize key casing
Change_productivity_result,change_productivity_result,public history import: normalize key casing
Change_productivity_title,change_productivity_title,public history import: normalize key casing
Cheat_cash_nomore,cheat_cash_nomore,public history import: normalize key casing
Command_ElectCEO,command_electceo,public history import: normalize key casing
Command_changemanagers,command_changemanagers,public history import: normalize key casing
Command_consumerBuy,command_consumerbuy,public history import: normalize key casing
Command_extraordinarydividend,command_extraordinarydividend,public history import: normalize key casing
Command_freezeall,command_freezeall,public history import: normalize key casing
Command_issuebonds,command_issuebonds,public history import: normalize key casing
Command_leveragedbuyout,command_leveragedbuyout,public history import: normalize key casing
Command_merge,command_merge,public history import: normalize key casing
Command_prepaytax,command_prepaytax,public history import: normalize key casing
Command_productivity,command_productivity_set,"public history import: case-collision split: distinct source, 2026-09-26"
Command_publicoffering,command_publicoffering,public history import: normalize key casing
Command_rebrand,command_rebrand,public history import: normalize key casing
Command_resignCEO,command_resignceo,public history import: normalize key casing
Command_restructure,command_restructure_company,"public history import: case-collision split: distinct source, 2026-09-26"
Command_reversesplit,command_reversesplit,public history import: normalize key casing
Command_sell_subsidiarystock,command_sell_subsidiarystock,public history import: normalize key casing
Command_sellcorporateassets,command_sellcorporateassets,public history import: normalize key casing
Command_setadvisoryfee,command_setadvisoryfee,public history import: normalize key casing
Command_setbankallocation,command_setbankallocation,public history import: normalize key casing
Command_setdividend,command_setdividend,public history import: normalize key casing
Command_spinoff,command_spinoff,public history import: normalize key casing
Command_splitstock,command_splitstock,public history import: normalize key casing
Commodity_Future_list,commodity_future_list,public history import: normalize key casing
Crypto_buy_futures,crypto_buy_futures,public history import: normalize key casing
Crypto_buy_futures_notice1,crypto_buy_futures_notice1,public history import: normalize key casing
Crypto_buy_futures_title,crypto_buy_futures_title,public history import: normalize key casing
Cryptobuy_body,cryptobuy_body,public history import: normalize key casing
Cryptobuy_confirm_0,cryptobuy_confirm_0,public history import: normalize key casing
Cryptobuy_confirm_storage_0,cryptobuy_confirm_storage_0,public history import: normalize key casing
Cryptobuy_confirm_title,cryptobuy_confirm_title,public history import: normalize key casing
Cryptobuy_input_2,cryptobuy_input_units,"public history import: case-collision split: distinct source, 2026-09-26"
Cryptobuy_notice_0,cryptobuy_notice_0,public history import: normalize key casing
Cryptobuy_notice_1,cryptobuy_notice_1,public history import: normalize key casing
Cryptobuy_notice_2,cryptobuy_notice_2,public history import: normalize key casing
Cryptobuy_title,cryptobuy_title,public history import: normalize key casing
EA-31996770,earningreport_earnings_tail_vs_estimates,"public history import: fragment key naming (EA/EF), 2026-09-26"
EA-7135ddbe,earningreport_earnings_tail_vs_estimates,"public history import: fragment key naming (EA/EF), 2026-09-26"
EA-9b6d9e04,earningreport_earnings_tail_vs_projected_loss,"public history import: fragment key naming (EA/EF), 2026-09-26"
EA-c6c18da5,earningreport_earnings_tail_exceeded_projected,"public history import: fragment key naming (EA/EF), 2026-09-26"
EA-fcefae09,earningreport_earnings_lead_prior_quarter,"public history import: fragment key naming (EA/EF), 2026-09-26"
EF-b5d6fb73,advisory_condition_turnaround_lead,"public history import: fragment key naming (EA/EF), 2026-09-26"
EarningReport_Borrowed,earningreport_borrowed,public history import: normalize key casing
EarningReport_CashFlow_nodiff,earningreport_cashflow_quarter,public history import: merged into {|} choice template
EarningReport_CashFlow_repayment,earningreport_cashflow_quarter_tail,public history import: merged into {|} choice template
EarningReport_Contingency_added,earningreport_contingency_added,public history import: normalize key casing
EarningReport_ETF_notax,earningreport_etf_notax,public history import: normalize key casing
EarningReport_Earningchanged,earningreport_earnings_lead_prior_quarter,public history import: normalize key casing
EarningReport_Quarterly_title,earningreport_quarterly_title,public history import: normalize key casing
EarningReport_RND_taxcredit,earningreport_rnd_taxcredit,public history import: normalize key casing
EarningReport_asset_sell,earningreport_asset_sell,public history import: normalize key casing
EarningReport_cashflow_nodifficult,earningreport_cashflow_nodifficult,public history import: normalize key casing
EarningReport_contingencyReserve_reduce,earningreport_contingencyreserve_reduce,public history import: normalize key casing
EarningReport_controll,earningreport_controll,public history import: normalize key casing
EarningReport_cut_dividend,earningreport_cut_dividend,public history import: normalize key casing
EarningReport_deal_cashflow,earningreport_deal_cashflow,public history import: normalize key casing
EarningReport_deal_cashshortage_LOC,earningreport_deal_cashshortage_loc,public history import: normalize key casing
EarningReport_differ_from_provision,earningreport_differ_from_provision,public history import: normalize key casing
EarningReport_dividend_debt,earningreport_dividend_debt,public history import: normalize key casing
EarningReport_dividend_raised,earningreport_dividend_raised,public history import: normalize key casing
EarningReport_eliminate_dividend,earningreport_eliminate_dividend,public history import: normalize key casing
EarningReport_exclude_non_recurring2,earningreport_exclude_non_recurring2,public history import: normalize key casing
EarningReport_holidings,earningreport_holidings,public history import: normalize key casing
EarningReport_holidings_now_in,earningreport_holidings_now_in,public history import: normalize key casing
EarningReport_holidings_was,earningreport_holidings_was,public history import: normalize key casing
EarningReport_industrytype,earningreport_industrytype,public history import: normalize key casing
EarningReport_netoperatingloss,earningreport_netoperatingloss,public history import: normalize key casing
EarningReport_nobankloan,earningreport_nobankloan,public history import: normalize key casing
EarningReport_notexiste_before,earningreport_notexiste_before,public history import: normalize key casing
EarningReport_notyet,earningreport_notyet,public history import: normalize key casing
EarningReport_paiddownLOC,earningreport_paiddownloc,public history import: normalize key casing
EarningReport_quarterly_sale_change,earningreport_quarterly_sale_change,public history import: normalize key casing
EarningReport_reduced_taxbenefit,earningreport_reduced_taxbenefit,public history import: normalize key casing
EarningReport_reduction_baddebtr,earningreport_reduction_baddebtr,public history import: normalize key casing
EarningReport_taxcredit_benefit,earningreport_taxcredit_benefit,public history import: normalize key casing
EarningReport_title_quart,earningreport_title_quart,public history import: normalize key casing
EarningReport_underwrting,earningreport_underwrting,public history import: normalize key casing
EarningReport_wrotedown_nonbusiness1,earningreport_wrotedown_nonbusiness1,public history import: normalize key casing
EarningReport_wrotedown_nonbusiness2,earningreport_wrotedown_nonbusiness2,public history import: normalize key casing
EarningReport_wrotedown_nonbusiness3,earningreport_wrotedown_nonbusiness3,public history import: normalize key casing
EarningReport_ytd_earning,earningreport_ytd_earning,public history import: normalize key casing
EarningReport_zero_tax,earningreport_zero_tax,public history import: normalize key casing
Earningreport_ETF_nocapitalgain,earningreport_etf_nocapitalgain,public history import: normalize key casing
Earningreport_Extraordinary_include,earningreport_extraordinary_include,public history import: normalize key casing
Earningreport_Extraordinary_income,earningreport_extraordinary_income,public history import: normalize key casing
Earningreport_no_difficult_repayment,earningreport_cashflow_quarter,public history import: merged into {|} choice template
Earningreport_quarterly_Rateswap,earningreport_quarterly_rateswap,public history import: normalize key casing
Earningreport_reduced_taxrate,earningreport_reduced_taxrate,public history import: normalize key casing
Economicstat_Currency,economicstat_currency,public history import: normalize key casing
Economicstat_comment_9,economicstat_comment_9,public history import: normalize key casing
Economicstat_tbond2,economicstat_tbond2,public history import: normalize key casing
FinancialUI_3month_cash,financial_3month_cash,public history import: 2026-09-26 접두사 정리 (financialstatement_/FinancialUI_ -> financial_footnote_/financial_)
FinancialUI_52Highlow,financial_52highlow,public history import: 2026-09-26 접두사 정리 (financialstatement_/FinancialUI_ -> financial_footnote_/financial_)
FinancialUI_52Highlow_value,financial_52highlow_value,public history import: 2026-09-26 접두사 정리 (financialstatement_/FinancialUI_ -> financial_footnote_/financial_)
FinancialUI_AdvancesToCorporations,financial_advancestocorporations,public history import: 2026-09-26 접두사 정리 (financialstatement_/FinancialUI_ -> financial_footnote_/financial_)
FinancialUI_AdvertisingInterest,financial_advertisinginterest,public history import: 2026-09-26 접두사 정리 (financialstatement_/FinancialUI_ -> financial_footnote_/financial_)
FinancialUI_AnnualLiving,financial_annualliving,public history import: 2026-09-26 접두사 정리 (financialstatement_/FinancialUI_ -> financial_footnote_/financial_)
FinancialUI_BadDebt,financial_baddebt,public history import: 2026-09-26 접두사 정리 (financialstatement_/FinancialUI_ -> financial_footnote_/financial_)
FinancialUI_Bonuses,financial_bonuses,public history import: 2026-09-26 접두사 정리 (financialstatement_/FinancialUI_ -> financial_footnote_/financial_)
FinancialUI_Borrowrate1,financial_borrowrate1,public history import: 2026-09-26 접두사 정리 (financialstatement_/FinancialUI_ -> financial_footnote_/financial_)
FinancialUI_CEO,financial_ceo,public history import: 2026-09-26 접두사 정리 (financialstatement_/FinancialUI_ -> financial_footnote_/financial_)
FinancialUI_CEOSalary,financial_ceosalary,public history import: 2026-09-26 접두사 정리 (financialstatement_/FinancialUI_ -> financial_footnote_/financial_)
FinancialUI_CEOSalary_1,financial_ceosalary_1,public history import: 2026-09-26 접두사 정리 (financialstatement_/FinancialUI_ -> financial_footnote_/financial_)
FinancialUI_CEO_Bonus,financial_ceo_bonus,public history import: 2026-09-26 접두사 정리 (financialstatement_/FinancialUI_ -> financial_footnote_/financial_)
FinancialUI_Corp-player_dd,financial_corp-player_dd,public history import: 2026-09-26 접두사 정리 (financialstatement_/FinancialUI_ -> financial_footnote_/financial_)
FinancialUI_CreditInfo,financial_creditinfo,public history import: 2026-09-26 접두사 정리 (financialstatement_/FinancialUI_ -> financial_footnote_/financial_)
FinancialUI_CreditInfo_Rating,financial_creditinfo_rating,public history import: 2026-09-26 접두사 정리 (financialstatement_/FinancialUI_ -> financial_footnote_/financial_)
FinancialUI_CreditRating,financial_creditrating,public history import: 2026-09-26 접두사 정리 (financialstatement_/FinancialUI_ -> financial_footnote_/financial_)
FinancialUI_CurrentStockPrice,financial_currentstockprice,public history import: 2026-09-26 접두사 정리 (financialstatement_/FinancialUI_ -> financial_footnote_/financial_)
FinancialUI_DividendPayout_value,financial_dividendpayout_value,public history import: 2026-09-26 접두사 정리 (financialstatement_/FinancialUI_ -> financial_footnote_/financial_)
FinancialUI_DivindendYield,financial_divindendyield,public history import: 2026-09-26 접두사 정리 (financialstatement_/FinancialUI_ -> financial_footnote_/financial_)
FinancialUI_Equity_networth,financial_equity_networth,public history import: 2026-09-26 접두사 정리 (financialstatement_/FinancialUI_ -> financial_footnote_/financial_)
FinancialUI_Footnote,financial_footnote,public history import: 2026-09-26 접두사 정리 (financialstatement_/FinancialUI_ -> financial_footnote_/financial_)
FinancialUI_GrowthRate,financial_growthrate,public history import: 2026-09-26 접두사 정리 (financialstatement_/FinancialUI_ -> financial_footnote_/financial_)
FinancialUI_GrowthRate_deposit,financial_growthrate_deposit,public history import: 2026-09-26 접두사 정리 (financialstatement_/FinancialUI_ -> financial_footnote_/financial_)
FinancialUI_INDEXfutures,financial_indexfutures,public history import: 2026-09-26 접두사 정리 (financialstatement_/FinancialUI_ -> financial_footnote_/financial_)
FinancialUI_LoanToDeposit,financial_loantodeposit,public history import: 2026-09-26 접두사 정리 (financialstatement_/FinancialUI_ -> financial_footnote_/financial_)
FinancialUI_MarketingSpend,financial_marketingspend,public history import: 2026-09-26 접두사 정리 (financialstatement_/FinancialUI_ -> financial_footnote_/financial_)
FinancialUI_NetWorth1,financial_networth1,public history import: 2026-09-26 접두사 정리 (financialstatement_/FinancialUI_ -> financial_footnote_/financial_)
FinancialUI_NetWorthPerShare,financial_networthpershare,public history import: 2026-09-26 접두사 정리 (financialstatement_/FinancialUI_ -> financial_footnote_/financial_)
FinancialUI_NetWorthPerShare_value,financial_networthpershare_value,public history import: 2026-09-26 접두사 정리 (financialstatement_/FinancialUI_ -> financial_footnote_/financial_)
FinancialUI_Networth2,financial_networth2,public history import: 2026-09-26 접두사 정리 (financialstatement_/FinancialUI_ -> financial_footnote_/financial_)
FinancialUI_NextEarnings_value,financial_nextearnings_value,public history import: 2026-09-26 접두사 정리 (financialstatement_/FinancialUI_ -> financial_footnote_/financial_)
FinancialUI_OperatingEarnings,financial_operatingearnings,public history import: 2026-09-26 접두사 정리 (financialstatement_/FinancialUI_ -> financial_footnote_/financial_)
FinancialUI_PERx12,financial_perx12,public history import: 2026-09-26 접두사 정리 (financialstatement_/FinancialUI_ -> financial_footnote_/financial_)
FinancialUI_QuarterEPS,financial_quartereps,public history import: 2026-09-26 접두사 정리 (financialstatement_/FinancialUI_ -> financial_footnote_/financial_)
FinancialUI_ROE,financial_roe,public history import: 2026-09-26 접두사 정리 (financialstatement_/FinancialUI_ -> financial_footnote_/financial_)
FinancialUI_Realizedcapital,financial_realizedcapital,public history import: 2026-09-26 접두사 정리 (financialstatement_/FinancialUI_ -> financial_footnote_/financial_)
FinancialUI_ReservesToDeposits,financial_reservestodeposits,public history import: 2026-09-26 접두사 정리 (financialstatement_/FinancialUI_ -> financial_footnote_/financial_)
FinancialUI_StockEarning_data,financial_stockearning_data,public history import: 2026-09-26 접두사 정리 (financialstatement_/FinancialUI_ -> financial_footnote_/financial_)
FinancialUI_StockPrice,financial_stockprice,public history import: 2026-09-26 접두사 정리 (financialstatement_/FinancialUI_ -> financial_footnote_/financial_)
FinancialUI_TodayDate,financial_todaydate,public history import: 2026-09-26 접두사 정리 (financialstatement_/FinancialUI_ -> financial_footnote_/financial_)
FinancialUI_TotalStock,financial_totalstock,public history import: 2026-09-26 접두사 정리 (financialstatement_/FinancialUI_ -> financial_footnote_/financial_)
FinancialUI_US_Dollar,financial_us_dollar,public history import: 2026-09-26 접두사 정리 (financialstatement_/FinancialUI_ -> financial_footnote_/financial_)
FinancialUI_VariousFinancialRatios,financial_variousfinancialratios,public history import: 2026-09-26 접두사 정리 (financialstatement_/FinancialUI_ -> financial_footnote_/financial_)
FinancialUI_VariousFinancialRatios_DebttoEquity,financial_variousfinancialratios_debttoequity,public history import: 2026-09-26 접두사 정리 (financialstatement_/FinancialUI_ -> financial_footnote_/financial_)
FinancialUI_VariousFinancialRatios_Dividend,financial_variousfinancialratios_dividend,public history import: 2026-09-26 접두사 정리 (financialstatement_/FinancialUI_ -> financial_footnote_/financial_)
FinancialUI_VariousFinancialRatios_PER,financial_variousfinancialratios_per,public history import: 2026-09-26 접두사 정리 (financialstatement_/FinancialUI_ -> financial_footnote_/financial_)
FinancialUI_VariousFinancialRatios_ROE,financial_variousfinancialratios_roe,public history import: 2026-09-26 접두사 정리 (financialstatement_/FinancialUI_ -> financial_footnote_/financial_)
FinancialUI_VriableSetting,financial_vriablesetting,public history import: 2026-09-26 접두사 정리 (financialstatement_/FinancialUI_ -> financial_footnote_/financial_)
FinancialUI_Whollyowned,financial_whollyowned,public history import: 2026-09-26 접두사 정리 (financialstatement_/FinancialUI_ -> financial_footnote_/financial_)
FinancialUI_YearEPS_notannounced,financial_yeareps_notannounced,public history import: 2026-09-26 접두사 정리 (financialstatement_/FinancialUI_ -> financial_footnote_/financial_)
FinancialUI_YearToDateTaxableIncome,financial_yeartodatetaxableincome,public history import: 2026-09-26 접두사 정리 (financialstatement_/FinancialUI_ -> financial_footnote_/financial_)
FinancialUI_account_possible1,financial_account_possible1,public history import: 2026-09-26 접두사 정리 (financialstatement_/FinancialUI_ -> financial_footnote_/financial_)
FinancialUI_account_possible2,financial_account_possible2,public history import: 2026-09-26 접두사 정리 (financialstatement_/FinancialUI_ -> financial_footnote_/financial_)
FinancialUI_afterdebt,financial_afterdebt,public history import: 2026-09-26 접두사 정리 (financialstatement_/FinancialUI_ -> financial_footnote_/financial_)
FinancialUI_asset_margin_account,financial_asset_margin_account,public history import: 2026-09-26 접두사 정리 (financialstatement_/FinancialUI_ -> financial_footnote_/financial_)
FinancialUI_assets,financial_assets,public history import: 2026-09-26 접두사 정리 (financialstatement_/FinancialUI_ -> financial_footnote_/financial_)
FinancialUI_assets_advance,financial_assets_advance,public history import: 2026-09-26 접두사 정리 (financialstatement_/FinancialUI_ -> financial_footnote_/financial_)
FinancialUI_assets_advancesto,financial_assets_advancesto,public history import: 2026-09-26 접두사 정리 (financialstatement_/FinancialUI_ -> financial_footnote_/financial_)
FinancialUI_assets_baddebt,financial_assets_baddebt,public history import: 2026-09-26 접두사 정리 (financialstatement_/FinancialUI_ -> financial_footnote_/financial_)
FinancialUI_assets_baddebt_colon,financial_assets_baddebt_colon,public history import: 2026-09-26 접두사 정리 (financialstatement_/FinancialUI_ -> financial_footnote_/financial_)
FinancialUI_assets_buisassetequipment,financial_assets_buisassetequipment,public history import: 2026-09-26 접두사 정리 (financialstatement_/FinancialUI_ -> financial_footnote_/financial_)
FinancialUI_assets_businessloans,financial_assets_businessloans,public history import: 2026-09-26 접두사 정리 (financialstatement_/FinancialUI_ -> financial_footnote_/financial_)
FinancialUI_assets_cash,financial_assets_cash,public history import: 2026-09-26 접두사 정리 (financialstatement_/FinancialUI_ -> financial_footnote_/financial_)
FinancialUI_assets_cash_variant2,financial_assets_cash_variant2,public history import: 2026-09-26 접두사 정리 (financialstatement_/FinancialUI_ -> financial_footnote_/financial_)
FinancialUI_assets_commodacctmargin,financial_assets_commodacctmargin,public history import: 2026-09-26 접두사 정리 (financialstatement_/FinancialUI_ -> financial_footnote_/financial_)
FinancialUI_assets_commodacctmargin_2,financial_assets_commodacctmargin_2,public history import: 2026-09-26 접두사 정리 (financialstatement_/FinancialUI_ -> financial_footnote_/financial_)
FinancialUI_assets_commodities,financial_assets_commodities,public history import: 2026-09-26 접두사 정리 (financialstatement_/FinancialUI_ -> financial_footnote_/financial_)
FinancialUI_assets_commodmargin,financial_assets_commodmargin,public history import: 2026-09-26 접두사 정리 (financialstatement_/FinancialUI_ -> financial_footnote_/financial_)
FinancialUI_assets_consumerloans,financial_assets_consumerloans,public history import: 2026-09-26 접두사 정리 (financialstatement_/FinancialUI_ -> financial_footnote_/financial_)
FinancialUI_assets_corp,financial_assets_corp,public history import: 2026-09-26 접두사 정리 (financialstatement_/FinancialUI_ -> financial_footnote_/financial_)
FinancialUI_assets_corpbond,financial_assets_corpbond,public history import: 2026-09-26 접두사 정리 (financialstatement_/FinancialUI_ -> financial_footnote_/financial_)
FinancialUI_assets_corpbond_mktv,financial_assets_corpbond_mktv,public history import: 2026-09-26 접두사 정리 (financialstatement_/FinancialUI_ -> financial_footnote_/financial_)
FinancialUI_assets_futures_mtm,financial_assets_futures_mtm,public history import: 2026-09-26 접두사 정리 (financialstatement_/FinancialUI_ -> financial_footnote_/financial_)
FinancialUI_assets_govbonds,financial_assets_govbonds,public history import: 2026-09-26 접두사 정리 (financialstatement_/FinancialUI_ -> financial_footnote_/financial_)
FinancialUI_assets_govt,financial_assets_govt,public history import: 2026-09-26 접두사 정리 (financialstatement_/FinancialUI_ -> financial_footnote_/financial_)
FinancialUI_assets_govtbond_mktv,financial_assets_govtbond_mktv,public history import: 2026-09-26 접두사 정리 (financialstatement_/FinancialUI_ -> financial_footnote_/financial_)
FinancialUI_assets_mortgage,financial_assets_mortgage,public history import: 2026-09-26 접두사 정리 (financialstatement_/FinancialUI_ -> financial_footnote_/financial_)
FinancialUI_assets_optionnetvalue,financial_assets_optionnetvalue,public history import: 2026-09-26 접두사 정리 (financialstatement_/FinancialUI_ -> financial_footnote_/financial_)
FinancialUI_assets_optionsnet,financial_assets_optionsnet,public history import: 2026-09-26 접두사 정리 (financialstatement_/FinancialUI_ -> financial_footnote_/financial_)
FinancialUI_assets_physcommodity,financial_assets_physcommodity,public history import: 2026-09-26 접두사 정리 (financialstatement_/FinancialUI_ -> financial_footnote_/financial_)
FinancialUI_assets_primemortage,financial_assets_primemortage,public history import: 2026-09-26 접두사 정리 (financialstatement_/FinancialUI_ -> financial_footnote_/financial_)
FinancialUI_assets_shorttbill,financial_assets_shorttbill,public history import: 2026-09-26 접두사 정리 (financialstatement_/FinancialUI_ -> financial_footnote_/financial_)
FinancialUI_assets_shortterm_spaced,financial_assets_shortterm_spaced,public history import: 2026-09-26 접두사 정리 (financialstatement_/FinancialUI_ -> financial_footnote_/financial_)
FinancialUI_assets_stockportfolio,financial_assets_stockportfolio,public history import: 2026-09-26 접두사 정리 (financialstatement_/FinancialUI_ -> financial_footnote_/financial_)
FinancialUI_assets_subprimemorts,financial_assets_subprimemorts,public history import: 2026-09-26 접두사 정리 (financialstatement_/FinancialUI_ -> financial_footnote_/financial_)
FinancialUI_assets_subsidary_stock,financial_assets_subsidary_stock,public history import: 2026-09-26 접두사 정리 (financialstatement_/FinancialUI_ -> financial_footnote_/financial_)
FinancialUI_assets_tbills,financial_assets_tbills,public history import: 2026-09-26 접두사 정리 (financialstatement_/FinancialUI_ -> financial_footnote_/financial_)
FinancialUI_assets_variant2,financial_assets_variant2,public history import: 2026-09-26 접두사 정리 (financialstatement_/FinancialUI_ -> financial_footnote_/financial_)
FinancialUI_assets_workingcap,financial_assets_workingcap,public history import: 2026-09-26 접두사 정리 (financialstatement_/FinancialUI_ -> financial_footnote_/financial_)
FinancialUI_balancesheet,financial_balancesheet,public history import: 2026-09-26 접두사 정리 (financialstatement_/FinancialUI_ -> financial_footnote_/financial_)
FinancialUI_bank_lineofcredit,financial_bank_lineofcredit,public history import: 2026-09-26 접두사 정리 (financialstatement_/FinancialUI_ -> financial_footnote_/financial_)
FinancialUI_bank_loanportfolio,financial_bank_loanportfolio,public history import: 2026-09-26 접두사 정리 (financialstatement_/FinancialUI_ -> financial_footnote_/financial_)
FinancialUI_bank_totaldeposits,financial_bank_totaldeposits,public history import: 2026-09-26 접두사 정리 (financialstatement_/FinancialUI_ -> financial_footnote_/financial_)
FinancialUI_beforedebt,financial_beforedebt,public history import: 2026-09-26 접두사 정리 (financialstatement_/FinancialUI_ -> financial_footnote_/financial_)
FinancialUI_bond_due,financial_lia-equity_convbond,public history import: merged into {|} choice template
FinancialUI_borrowstat,financial_borrowstat,public history import: 2026-09-26 접두사 정리 (financialstatement_/FinancialUI_ -> financial_footnote_/financial_)
FinancialUI_button_viewfinancial,financial_button_viewfinancial,public history import: 2026-09-26 접두사 정리 (financialstatement_/FinancialUI_ -> financial_footnote_/financial_)
FinancialUI_capital_loss_carryover,financial_capital_loss_carryover,public history import: 2026-09-26 접두사 정리 (financialstatement_/FinancialUI_ -> financial_footnote_/financial_)
FinancialUI_controll_notactive,financial_controll_notactive,public history import: 2026-09-26 접두사 정리 (financialstatement_/FinancialUI_ -> financial_footnote_/financial_)
FinancialUI_controlled_by_noone,financial_controlled_by_noone,public history import: 2026-09-26 접두사 정리 (financialstatement_/FinancialUI_ -> financial_footnote_/financial_)
FinancialUI_creditinfo_annualliv,financial_creditinfo_annualliv,public history import: 2026-09-26 접두사 정리 (financialstatement_/FinancialUI_ -> financial_footnote_/financial_)
FinancialUI_creditinfo_borrowrate,financial_creditinfo_borrowrate,public history import: 2026-09-26 접두사 정리 (financialstatement_/FinancialUI_ -> financial_footnote_/financial_)
FinancialUI_creditinfo_header,financial_creditinfo_header,public history import: 2026-09-26 접두사 정리 (financialstatement_/FinancialUI_ -> financial_footnote_/financial_)
FinancialUI_creditinfo_lendingbank,financial_creditinfo_lendingbank,public history import: 2026-09-26 접두사 정리 (financialstatement_/FinancialUI_ -> financial_footnote_/financial_)
FinancialUI_creditinfo_lineofcredit,financial_creditinfo_lineofcredit,public history import: 2026-09-26 접두사 정리 (financialstatement_/FinancialUI_ -> financial_footnote_/financial_)
FinancialUI_creditinfo_prepaidtax,financial_creditinfo_prepaidtax,public history import: 2026-09-26 접두사 정리 (financialstatement_/FinancialUI_ -> financial_footnote_/financial_)
FinancialUI_creditinfo_realcap,financial_creditinfo_realcap,public history import: 2026-09-26 접두사 정리 (financialstatement_/FinancialUI_ -> financial_footnote_/financial_)
FinancialUI_creditinfo_recentnews,financial_creditinfo_recentnews,public history import: 2026-09-26 접두사 정리 (financialstatement_/FinancialUI_ -> financial_footnote_/financial_)
FinancialUI_creditinfo_today,financial_creditinfo_today,public history import: 2026-09-26 접두사 정리 (financialstatement_/FinancialUI_ -> financial_footnote_/financial_)
FinancialUI_creditinfo_totalgainloss,financial_creditinfo_totalgainloss,public history import: 2026-09-26 접두사 정리 (financialstatement_/FinancialUI_ -> financial_footnote_/financial_)
FinancialUI_creditinfo_unrealgainloss,financial_creditinfo_unrealgainloss,public history import: 2026-09-26 접두사 정리 (financialstatement_/FinancialUI_ -> financial_footnote_/financial_)
FinancialUI_creditinfo_ytdincometax,financial_creditinfo_ytdincometax,public history import: 2026-09-26 접두사 정리 (financialstatement_/FinancialUI_ -> financial_footnote_/financial_)
FinancialUI_creditinfo_ytdincometax_amount,financial_creditinfo_ytdincometax_amount,public history import: 2026-09-26 접두사 정리 (financialstatement_/FinancialUI_ -> financial_footnote_/financial_)
FinancialUI_creditinfo_ytdincometax_none,financial_creditinfo_ytdincometax_none,public history import: 2026-09-26 접두사 정리 (financialstatement_/FinancialUI_ -> financial_footnote_/financial_)
FinancialUI_creditinfo_ytdtaxableincome,financial_creditinfo_ytdtaxableincome,public history import: 2026-09-26 접두사 정리 (financialstatement_/FinancialUI_ -> financial_footnote_/financial_)
FinancialUI_currency,financial_currency,public history import: 2026-09-26 접두사 정리 (financialstatement_/FinancialUI_ -> financial_footnote_/financial_)
FinancialUI_currentprice,financial_currentprice,public history import: 2026-09-26 접두사 정리 (financialstatement_/FinancialUI_ -> financial_footnote_/financial_)
FinancialUI_employment_status,financial_employment_status,public history import: 2026-09-26 접두사 정리 (financialstatement_/FinancialUI_ -> financial_footnote_/financial_)
FinancialUI_employment_unemployed,financial_employment_unemployed,public history import: 2026-09-26 접두사 정리 (financialstatement_/FinancialUI_ -> financial_footnote_/financial_)
FinancialUI_eps,financial_eps,public history import: 2026-09-26 접두사 정리 (financialstatement_/FinancialUI_ -> financial_footnote_/financial_)
FinancialUI_eps_earningreport,financial_eps_earningreport,public history import: 2026-09-26 접두사 정리 (financialstatement_/FinancialUI_ -> financial_footnote_/financial_)
FinancialUI_footnote_RateSwap,financial_footnote_rateswap_counterparty,public history import: 2026-09-26 접두사 정리 (financialstatement_/FinancialUI_ -> financial_footnote_/financial_)
FinancialUI_footnote_RateSwap_contract,financial_footnote_rateswap_counterparty,public history import: 2026-09-26 병합: swap/swap contract 2→1
FinancialUI_footnotes,financial_footnotes,public history import: 2026-09-26 접두사 정리 (financialstatement_/FinancialUI_ -> financial_footnote_/financial_)
FinancialUI_insurance_advertising,financial_insurance_advertising,public history import: 2026-09-26 접두사 정리 (financialstatement_/FinancialUI_ -> financial_footnote_/financial_)
FinancialUI_insurance_growthrate,financial_insurance_growthrate,public history import: 2026-09-26 접두사 정리 (financialstatement_/FinancialUI_ -> financial_footnote_/financial_)
FinancialUI_insurance_underwriting,financial_insurance_underwriting,public history import: 2026-09-26 접두사 정리 (financialstatement_/FinancialUI_ -> financial_footnote_/financial_)
FinancialUI_largest_bondholder,financial_footnote_largest_bondholder,public history import: 2026-09-26 접두사 정리 (financialstatement_/FinancialUI_ -> financial_footnote_/financial_)
FinancialUI_lia-equity2,financial_lia-equity2,public history import: 2026-09-26 접두사 정리 (financialstatement_/FinancialUI_ -> financial_footnote_/financial_)
FinancialUI_lia-equity_Longbond2,financial_lia-equity_longbond2,public history import: 2026-09-26 접두사 정리 (financialstatement_/FinancialUI_ -> financial_footnote_/financial_)
FinancialUI_lia-equity_accruedincometax,financial_lia-equity_accruedincometax,public history import: 2026-09-26 접두사 정리 (financialstatement_/FinancialUI_ -> financial_footnote_/financial_)
FinancialUI_lia-equity_bonds,financial_lia-equity_bonds,public history import: 2026-09-26 접두사 정리 (financialstatement_/FinancialUI_ -> financial_footnote_/financial_)
FinancialUI_lia-equity_borrowingrate,financial_lia-equity_borrowingrate,public history import: 2026-09-26 접두사 정리 (financialstatement_/FinancialUI_ -> financial_footnote_/financial_)
FinancialUI_lia-equity_cd,financial_lia-equity_cd,public history import: 2026-09-26 접두사 정리 (financialstatement_/FinancialUI_ -> financial_footnote_/financial_)
FinancialUI_lia-equity_convbond,financial_lia-equity_convbond,public history import: 2026-09-26 접두사 정리 (financialstatement_/FinancialUI_ -> financial_footnote_/financial_)
FinancialUI_lia-equity_demanddeposits,financial_lia-equity_demanddeposits,public history import: 2026-09-26 접두사 정리 (financialstatement_/FinancialUI_ -> financial_footnote_/financial_)
FinancialUI_lia-equity_equity,financial_lia-equity_equity,public history import: 2026-09-26 접두사 정리 (financialstatement_/FinancialUI_ -> financial_footnote_/financial_)
FinancialUI_lia-equity_inc_taxpayable,financial_lia-equity_inc_taxpayable,public history import: 2026-09-26 접두사 정리 (financialstatement_/FinancialUI_ -> financial_footnote_/financial_)
FinancialUI_lia-equity_inctaxpayable1,financial_lia-equity_inctaxpayable1,public history import: 2026-09-26 접두사 정리 (financialstatement_/FinancialUI_ -> financial_footnote_/financial_)
FinancialUI_lia-equity_insurancereserves,financial_lia-equity_insurancereserves,public history import: 2026-09-26 접두사 정리 (financialstatement_/FinancialUI_ -> financial_footnote_/financial_)
FinancialUI_lia-equity_interbank,financial_lia-equity_interbank,public history import: 2026-09-26 접두사 정리 (financialstatement_/FinancialUI_ -> financial_footnote_/financial_)
FinancialUI_lia-equity_interbankloan,financial_lia-equity_interbankloan,public history import: 2026-09-26 접두사 정리 (financialstatement_/FinancialUI_ -> financial_footnote_/financial_)
FinancialUI_lia-equity_interbankloan_variant2,financial_lia-equity_interbankloan_variant2,public history import: 2026-09-26 접두사 정리 (financialstatement_/FinancialUI_ -> financial_footnote_/financial_)
FinancialUI_lia-equity_lineofcredit,financial_lia-equity_lineofcredit,public history import: 2026-09-26 접두사 정리 (financialstatement_/FinancialUI_ -> financial_footnote_/financial_)
FinancialUI_lia-equity_longbond,financial_lia-equity_longbond,public history import: 2026-09-26 접두사 정리 (financialstatement_/FinancialUI_ -> financial_footnote_/financial_)
FinancialUI_lia-equity_longbond_spaced,financial_lia-equity_longbond_spaced,public history import: 2026-09-26 접두사 정리 (financialstatement_/FinancialUI_ -> financial_footnote_/financial_)
FinancialUI_lia-equity_networth,financial_lia-equity_networth,public history import: 2026-09-26 접두사 정리 (financialstatement_/FinancialUI_ -> financial_footnote_/financial_)
FinancialUI_lia-equity_reservcontingency,financial_lia-equity_reservcontingency,public history import: 2026-09-26 접두사 정리 (financialstatement_/FinancialUI_ -> financial_footnote_/financial_)
FinancialUI_lia-equity_totallia,financial_lia-equity_totallia,public history import: 2026-09-26 접두사 정리 (financialstatement_/FinancialUI_ -> financial_footnote_/financial_)
FinancialUI_miscellaneous,financial_miscellaneous,public history import: 2026-09-26 접두사 정리 (financialstatement_/FinancialUI_ -> financial_footnote_/financial_)
FinancialUI_miscellaneous_IND,financial_miscellaneous_ind,public history import: 2026-09-26 접두사 정리 (financialstatement_/FinancialUI_ -> financial_footnote_/financial_)
FinancialUI_miscellaneous_Publicowns,financial_miscellaneous_publicowns,public history import: 2026-09-26 접두사 정리 (financialstatement_/FinancialUI_ -> financial_footnote_/financial_)
FinancialUI_miscellaneous_RNDTaxCredit,financial_miscellaneous_rndtaxcredit,public history import: 2026-09-26 접두사 정리 (financialstatement_/FinancialUI_ -> financial_footnote_/financial_)
FinancialUI_miscellaneous_controlledby,financial_miscellaneous_controlledby,public history import: 2026-09-26 접두사 정리 (financialstatement_/FinancialUI_ -> financial_footnote_/financial_)
FinancialUI_miscellaneous_incorporated,financial_miscellaneous_incorporated,public history import: 2026-09-26 접두사 정리 (financialstatement_/FinancialUI_ -> financial_footnote_/financial_)
FinancialUI_miscellaneous_lossCarryover,financial_miscellaneous_losscarryover,public history import: 2026-09-26 접두사 정리 (financialstatement_/FinancialUI_ -> financial_footnote_/financial_)
FinancialUI_next_quarterly_report,financial_next_quarterly_report,public history import: 2026-09-26 접두사 정리 (financialstatement_/FinancialUI_ -> financial_footnote_/financial_)
FinancialUI_operatingprofit,financial_operatingprofit,public history import: 2026-09-26 접두사 정리 (financialstatement_/FinancialUI_ -> financial_footnote_/financial_)
FinancialUI_operation,financial_operation,public history import: 2026-09-26 접두사 정리 (financialstatement_/FinancialUI_ -> financial_footnote_/financial_)
FinancialUI_operation_dividend,financial_operation_dividend,public history import: 2026-09-26 접두사 정리 (financialstatement_/FinancialUI_ -> financial_footnote_/financial_)
FinancialUI_operation_extra,financial_operation_extra,public history import: 2026-09-26 접두사 정리 (financialstatement_/FinancialUI_ -> financial_footnote_/financial_)
FinancialUI_operation_growthrate,financial_operation_growthrate,public history import: 2026-09-26 접두사 정리 (financialstatement_/FinancialUI_ -> financial_footnote_/financial_)
FinancialUI_operation_rnd,financial_operation_rnd,public history import: 2026-09-26 접두사 정리 (financialstatement_/FinancialUI_ -> financial_footnote_/financial_)
FinancialUI_quartcash,financial_quartcash,public history import: 2026-09-26 접두사 정리 (financialstatement_/FinancialUI_ -> financial_footnote_/financial_)
FinancialUI_sharesoutstanding,financial_sharesoutstanding,public history import: 2026-09-26 접두사 정리 (financialstatement_/FinancialUI_ -> financial_footnote_/financial_)
FinancialUI_starategy,financial_starategy,public history import: 2026-09-26 접두사 정리 (financialstatement_/FinancialUI_ -> financial_footnote_/financial_)
FinancialUI_totalLiability,financial_totalliability,public history import: 2026-09-26 접두사 정리 (financialstatement_/FinancialUI_ -> financial_footnote_/financial_)
FinancialUI_totalassets,financial_totalassets,public history import: 2026-09-26 접두사 정리 (financialstatement_/FinancialUI_ -> financial_footnote_/financial_)
FinancialUI_yeareps,financial_yeareps,public history import: 2026-09-26 접두사 정리 (financialstatement_/FinancialUI_ -> financial_footnote_/financial_)
FinancialsTab_amount_gainlossowed,financialstab_amount_gainlossowed,public history import: normalize key casing
FinancialsTab_amount_refund,financialstab_amount_refund,public history import: normalize key casing
FinanialUI_RNDPercent,finanialui_rndpercent,public history import: normalize key casing
Firemenagement_result,firemenagement_result,public history import: normalize key casing
Future_futaction_buyback,future_futaction_buyback,public history import: normalize key casing
Future_futaction_short,future_futaction_short,public history import: normalize key casing
Future_notice_spx,future_notice_spx,public history import: normalize key casing
Futurebuy_limit_1,futurebuy_limit_1,public history import: normalize key casing
Futurebuy_limit_2,futurebuy_limit_2,public history import: normalize key casing
Futurebuy_limit_3,futurebuy_limit_3,public history import: normalize key casing
Futurebuy_limit_liquidity,futurebuy_limit_liquidity,public history import: normalize key casing
Futurebuy_limit_raiting,futurebuy_limit_raiting,public history import: normalize key casing
Futurebuy_limit_stockissue,futurebuy_limit_stockissue,public history import: normalize key casing
Futures_contract_nearmonth,futures_contract_nearmonth,public history import: normalize key casing
Futures_contract_unit-price,futures_contract_unit-price,public history import: normalize key casing
Futuresbuy_buyback_confirm,futuresbuy_buyback_confirm,public history import: normalize key casing
Futuresbuy_confirm_0,futuresbuy_confirm_0,public history import: normalize key casing
Futuresbuy_confirm_1,futuresbuy_confirm_1,public history import: normalize key casing
Futuresbuy_confirm_2_unit,futuresbuy_confirm_2_unit,public history import: normalize key casing
Futuresbuy_confirm_3,futuresbuy_confirm_3,public history import: normalize key casing
Futuresbuy_confirm_4,futuresbuy_confirm_4,public history import: normalize key casing
Futuresbuy_confirm_5,futuresbuy_confirm_5,public history import: normalize key casing
Futuresbuy_confirm_short_title,futuresbuy_confirm_short_title,public history import: normalize key casing
Futuresbuy_confirm_title,futuresbuy_confirm_title,public history import: normalize key casing
Futuresbuy_confirm_title_variant2,futuresbuy_confirm_title_variant2,public history import: normalize key casing
Futuresbuy_input_1,futuresbuy_input_1,public history import: normalize key casing
Futuresbuy_input_2,futuresbuy_input_2,public history import: normalize key casing
Futuresbuy_input_3,futuresbuy_input_3,public history import: normalize key casing
Futuresbuy_notice_0,futuresbuy_notice_0,public history import: normalize key casing
Futuresbuy_notice_1,futuresbuy_notice_1,public history import: normalize key casing
Futuresbuy_notice_2,futuresbuy_notice_2,public history import: normalize key casing
Futuresbuy_notice_2-1,futuresbuy_notice_2-1,public history import: normalize key casing
Futuresbuy_notice_3,futuresbuy_notice_3,public history import: normalize key casing
Futuresbuy_seller_1,futuresbuy_seller_1,public history import: normalize key casing
Futuresbuy_seller_2,futuresbuy_seller_1,public history import: 2026-09-26 병합: 티커 유무 2→1
Futuresbuy_shortcover,futuresbuy_shortcover,public history import: normalize key casing
Futuresbuy_title,futuresbuy_title,public history import: normalize key casing
Futuresbuy_trade_confirm,futuresbuy_trade_confirm,public history import: normalize key casing
Futuressell_confirm,futuressell_confirm,public history import: normalize key casing
Futuressell_input_1,futuressell_input_1,public history import: normalize key casing
Futuressell_order_confirm,futuressell_order_confirm,public history import: normalize key casing
Futuressell_order_confirm_crypto,futuressell_order_confirm_crypto,public history import: normalize key casing
Futuresshort_confirm,futuresshort_confirm,public history import: normalize key casing
Futuresshort_input1,futuresshort_input1,public history import: normalize key casing
Futuresshort_input2,futuresshort_input2,public history import: normalize key casing
Futuresshort_sale_confirm,futuresshort_sale_confirm,public history import: normalize key casing
GF-04aead09,advisory_gdp_flow_tail_headwinds,"public history import: key cleanup (advisory family / case), 2026-09-26"
GF-0c32a56b,advisory_gdp_flow_tail_headwinds,"public history import: {} merge, 2026-09-26"
GF-1d379db9,advisory_gdp_flow_tail_boom_oil_rates,"public history import: key cleanup (advisory family / case), 2026-09-26"
GF-4e5b3a79,advisory_gdp_flow_tail_cooling_off,"public history import: key cleanup (advisory family / case), 2026-09-26"
GF-7c1a0b4d,advisory_gdp_flow_tail_gdp_compare,"public history import: key cleanup (advisory family / case), 2026-09-26"
GF-8661b51a,advisory_gdp_flow_tail_gdp_compare,"public history import: {} merge, 2026-09-26"
Gameover_BankLender_no,gameover_banklender_no,public history import: normalize key casing
Gameover_Banklender,gameover_banklender,public history import: normalize key casing
Gameover_CharlesPonzi,gameover_charlesponzi,public history import: normalize key casing
Gamestart_aiplayer3,gamestart_aiplayer3,public history import: normalize key casing
Gamestart_aiplayer4,gamestart_aiplayer4,public history import: normalize key casing
Gamestart_aiplayers,gamestart_aiplayers,public history import: normalize key casing
Gamestart_aiplayers1,gamestart_aiplayers1,public history import: normalize key casing
Gamestart_aiplayers2,gamestart_aiplayers2,public history import: normalize key casing
Gamestart_characterlimit,gamestart_characterlimit,public history import: normalize key casing
Gamestart_computer,gamestart_computer,public history import: normalize key casing
Gamestart_currency,gamestart_currency,public history import: normalize key casing
Gamestart_currency_arg,gamestart_currency_arg,public history import: normalize key casing
Gamestart_currency_aust,gamestart_currency_aust,public history import: normalize key casing
Gamestart_currency_brazil,gamestart_currency_brazil,public history import: normalize key casing
Gamestart_currency_british,gamestart_currency_british,public history import: normalize key casing
Gamestart_currency_canada,gamestart_currency_canada,public history import: normalize key casing
Gamestart_currency_china,gamestart_currency_china,public history import: normalize key casing
Gamestart_currency_denmark,gamestart_currency_denmark,public history import: normalize key casing
Gamestart_currency_euro,gamestart_currency_euro,public history import: normalize key casing
Gamestart_currency_hongkong,gamestart_currency_hongkong,public history import: normalize key casing
Gamestart_currency_iceland,gamestart_currency_iceland,public history import: normalize key casing
Gamestart_currency_india,gamestart_currency_india,public history import: normalize key casing
Gamestart_currency_israel,gamestart_currency_israel,public history import: normalize key casing
Gamestart_currency_japan,gamestart_currency_japan,public history import: normalize key casing
Gamestart_currency_korea,gamestart_currency_korea,public history import: normalize key casing
Gamestart_currency_malaysia,gamestart_currency_malaysia,public history import: normalize key casing
Gamestart_currency_mexico,gamestart_currency_mexico,public history import: normalize key casing
Gamestart_currency_newzealand,gamestart_currency_newzealand,public history import: normalize key casing
Gamestart_currency_norway,gamestart_currency_norway,public history import: normalize key casing
Gamestart_currency_singapore,gamestart_currency_singapore,public history import: normalize key casing
Gamestart_currency_southafrica,gamestart_currency_southafrica,public history import: normalize key casing
Gamestart_currency_sweden,gamestart_currency_sweden,public history import: normalize key casing
Gamestart_currency_swiss,gamestart_currency_swiss,public history import: normalize key casing
Gamestart_currency_us,gamestart_currency_us,public history import: normalize key casing
Gamestart_difficulty,gamestart_difficulty,public history import: normalize key casing
Gamestart_difficulty_level,gamestart_difficulty_level,public history import: normalize key casing
Gamestart_difficulty_level1,gamestart_difficulty_level1,public history import: normalize key casing
Gamestart_difficulty_level1_desc,gamestart_difficulty_level1_desc,public history import: normalize key casing
Gamestart_difficulty_level1_number,gamestart_difficulty_level1_number,public history import: normalize key casing
Gamestart_difficulty_level2,gamestart_difficulty_level2,public history import: normalize key casing
Gamestart_difficulty_level2_desc,gamestart_difficulty_level2_desc,public history import: normalize key casing
Gamestart_difficulty_level2_number,gamestart_difficulty_level2_number,public history import: normalize key casing
Gamestart_difficulty_level3,gamestart_difficulty_level3,public history import: normalize key casing
Gamestart_difficulty_level3_desc,gamestart_difficulty_level3_desc,public history import: normalize key casing
Gamestart_difficulty_level3_number,gamestart_difficulty_level3_number,public history import: normalize key casing
Gamestart_difficulty_level4,gamestart_difficulty_level4,public history import: normalize key casing
Gamestart_difficulty_level4_alert,gamestart_difficulty_level4_alert,public history import: normalize key casing
Gamestart_difficulty_level4_alert_title,gamestart_difficulty_level4_alert_title,public history import: normalize key casing
Gamestart_difficulty_level4_desc,gamestart_difficulty_level4_desc,public history import: normalize key casing
Gamestart_difficulty_level4_number,gamestart_difficulty_level4_number,public history import: normalize key casing
Gamestart_difficulty_numbers,gamestart_difficulty_numbers,public history import: normalize key casing
Gamestart_length,gamestart_length,public history import: normalize key casing
Gamestart_length_desc,gamestart_length_desc,public history import: normalize key casing
Gamestart_pause,gamestart_pause,public history import: normalize key casing
Gamestart_playername,gamestart_playername,public history import: normalize key casing
Gamestart_startingmoney_1,gamestart_startingmoney_1,public history import: normalize key casing
Gamestart_startingmoney_2,gamestart_startingmoney_2,public history import: normalize key casing
Gamestart_startingmoney_desc,gamestart_startingmoney_desc,public history import: normalize key casing
Gamestart_ticker,gamestart_ticker,public history import: normalize key casing
Gamestart_title,gamestart_title,public history import: normalize key casing
Gamestart_totalplayer,gamestart_totalplayer,public history import: normalize key casing
Gamestart_you,gamestart_you,public history import: normalize key casing
General_BondYTM,general_bondytm,public history import: normalize key casing
General_CAPITAL_ASSETS,general_capital_assets,public history import: normalize key casing
General_CARRYOVER,general_carryover,public history import: normalize key casing
General_CAUTION,general_caution,public history import: normalize key casing
General_CashFlow_1,general_cashflow_1,public history import: normalize key casing
General_CashFlow_2,general_cashflow_2,public history import: normalize key casing
General_ETF,general_etf,public history import: normalize key casing
General_Ethereum,general_ethereum,public history import: normalize key casing
General_FIT_TO_VIEW,general_fit_to_view,public history import: normalize key casing
General_NMF,general_nmf,public history import: normalize key casing
General_PUTS,general_puts,public history import: normalize key casing
General_Stable,general_stable,public history import: normalize key casing
General_Strongbuy,general_strongbuy_caps,"public history import: case-collision split: exact lookup is case-sensitive, 2026-09-26"
General_YearQuater_govtbond,general_yearquater_govtbond,public history import: normalize key casing
General_actioncancel,general_actioncancel,public history import: normalize key casing
General_amountb,general_amountb,public history import: normalize key casing
General_analystrating,general_analystrating,public history import: normalize key casing
General_antitrust,general_antitrust,public history import: normalize key casing
General_asset,general_asset,public history import: normalize key casing
General_bank,general_bank,public history import: normalize key casing
General_banking,general_banking,public history import: normalize key casing
General_bookvalue,general_bookvalue,public history import: normalize key casing
General_buy,general_buy,public history import: normalize key casing
General_buyer,general_buyer,public history import: normalize key casing
General_capital_asset,general_capital_asset,public history import: normalize key casing
General_cashdd,general_cashdd,public history import: normalize key casing
General_clickok,general_clickok,public history import: normalize key casing
General_commodities,general_commodities,public history import: normalize key casing
General_competent,general_competent,public history import: normalize key casing
General_contract,general_contract,public history import: normalize key casing
General_contracts,general_contracts,public history import: normalize key casing
General_corp-pct,general_corp-pct,public history import: normalize key casing
General_corpbond,general_corpbond,public history import: normalize key casing
General_corpfull,general_corpfull,public history import: normalize key casing
General_country,general_country,public history import: normalize key casing
General_credit,general_credit,public history import: normalize key casing
General_creditinfo,general_creditinfo,public history import: normalize key casing
General_creditrating1,general_creditrating1,public history import: normalize key casing
General_creditrating2,general_creditrating2,public history import: normalize key casing
General_currencyshow,general_currencyshow,public history import: normalize key casing
General_dollar-milion,general_dollar-milion,public history import: normalize key casing
General_earningsprojection,general_earningsprojection,public history import: normalize key casing
General_earningtrend,general_earningtrend,public history import: normalize key casing
General_eth,general_eth,public history import: normalize key casing
General_euro,general_euro,public history import: normalize key casing
General_excellent,general_excellent,public history import: normalize key casing
General_failing,general_failing,public history import: normalize key casing
General_futures,general_futures,public history import: normalize key casing
General_gdp,general_gdp,public history import: normalize key casing
General_govt_long_intrate,general_govt_long_intrate,public history import: normalize key casing
General_govt_short_intrate,general_govt_short_intrate,public history import: normalize key casing
General_govt_short_intrate_1,general_govt_short_intrate_1,public history import: normalize key casing
General_govtbond,general_govtbond,public history import: normalize key casing
General_growthrate,general_growthrate,public history import: normalize key casing
General_industryGroup,general_industrygroup,public history import: normalize key casing
General_industryoutlook,prefix_industry_outlook,public history import: 2026-09-26 prefix_ 계열로 이동
General_insurance_1,general_insurance_1,public history import: normalize key casing
General_insurance_2,general_insurance_2,public history import: normalize key casing
General_interestrate_CD,general_interestrate_cd,public history import: normalize key casing
General_investadvisor,general_investadvisor,public history import: normalize key casing
General_key3,general_key3,public history import: normalize key casing
General_key4,general_key4,public history import: normalize key casing
General_key5,general_key5,public history import: normalize key casing
General_key6,general_key6,public history import: normalize key casing
General_key7,general_key7,public history import: normalize key casing
General_key8,general_key8,public history import: normalize key casing
General_key9,general_key9,public history import: normalize key casing
General_longbond,general_longbond,public history import: normalize key casing
General_longterm,general_longterm,public history import: normalize key casing
General_marketcap,general_marketcap,public history import: normalize key casing
General_mediocre,general_mediocre,public history import: normalize key casing
General_milion_gainlossowed,general_milion_gainlossowed,public history import: normalize key casing
General_negative,general_negative,public history import: normalize key casing
General_not_trade,general_not_trade,public history import: normalize key casing
General_option,general_option,public history import: normalize key casing
General_per,general_per,public history import: normalize key casing
General_positive,general_positive,public history import: normalize key casing
General_prefix_eco_market,general_prefix_eco_market,public history import: normalize key casing
General_prefix_ind_info,general_prefix_ind_info,public history import: normalize key casing
General_primeintrate,general_primeintrate,public history import: normalize key casing
General_primerate,general_primerate,public history import: normalize key casing
General_profit,general_profit,public history import: normalize key casing
General_proj_annual_cashflow,general_proj_annual_cashflow,public history import: normalize key casing
General_repay,general_repay,public history import: normalize key casing
General_required,general_required,public history import: normalize key casing
General_selection,general_selection,public history import: normalize key casing
General_share,general_share,public history import: normalize key casing
General_short-term_bill,general_short-term_bill,public history import: normalize key casing
General_silver,general_silver,public history import: normalize key casing
General_stock,general_stock,public history import: normalize key casing
General_stockowned,general_stockowned,public history import: normalize key casing
General_stockprice_graph,general_stockprice_graph,public history import: normalize key casing
General_strongsell,general_strongsell,public history import: normalize key casing
General_subprimemort.,general_subprimemort.,public history import: normalize key casing
General_symbol,general_symbol,public history import: normalize key casing
General_transaction_cancled,general_transaction_canceled_title,"public history import: typo fix + case-collision split, 2026-09-26"
General_transaction_cancled_variant2,general_transaction_canceled_variant2,"public history import: typo fix, 2026-09-26"
General_transaction_comp,general_transaction_comp,"public history import: key cleanup (advisory family / case), 2026-09-26"
General_type_corp,general_type_corp,public history import: normalize key casing
General_warning,general_warning,public history import: normalize key casing
General_wheat,general_wheat,public history import: normalize key casing
General_wsr,general_wsr,public history import: normalize key casing
Graph_estvol,graph_estvol,public history import: normalize key casing
Harassing_sue_title,harassing_sue_title,public history import: normalize key casing
IG-57e3e2ed,advisory_industry_growth_tail_slower,"public history import: key cleanup (advisory family / case), 2026-09-26"
IG-bfaf1d6d,advisory_industry_growth_tail_negative,"public history import: key cleanup (advisory family / case), 2026-09-26"
IG-cdfede3c,advisory_industry_growth_tail_faster,"public history import: key cleanup (advisory family / case), 2026-09-26"
IG-eeec408d,advisory_industry_growth_tail_faster,"public history import: {} merge, 2026-09-26"
Issue_corp_bond_poor-rating,issue_corp_bond_poor-rating,public history import: normalize key casing
LBO_Buyback_notpermit,lbo_buyback_notpermit,public history import: normalize key casing
LBO_Transaction_price,lbo_transaction_price,public history import: normalize key casing
LBO_borrow_more,lbo_borrow_more,public history import: normalize key casing
LBO_decision_title,lbo_decision_title,public history import: normalize key casing
LBO_input_1,lbo_input_1,public history import: normalize key casing
LBO_input_2,lbo_input_2,public history import: normalize key casing
LBO_input_title,lbo_input_title,public history import: normalize key casing
LBO_more_networth_limit,lbo_more_networth_limit,public history import: normalize key casing
LBO_result,borrow_payingoff,public history import: 2026-09-26 borrow_ 계열로 이름 정리 (차입으로 부족액 상환)
LBO_trasaction_title,lbo_trasaction_title,public history import: normalize key casing
Liquidate_futures_1,liquidate_futures_1,public history import: normalize key casing
Liquidate_futures_2,liquidate_futures_2,public history import: normalize key casing
Liquidate_futures_3,liquidate_futures_2,public history import: 2026-09-26 번호 정렬 (병합으로 생긴 결번 정리)
Liquidate_futures_cashnegative,liquidate_futures_cashnegative,public history import: normalize key casing
Loadgame_popup1,loadgame_popup1,public history import: normalize key casing
Loadgame_popup2,loadgame_popup2,public history import: normalize key casing
MainUI_6month_projection,mainui_6month_projection,public history import: normalize key casing
MainUI_BusinessWorldnews,mainui_businessworldnews,public history import: normalize key casing
MainUI_BusinessWorldnews_breaking,mainui_businessworldnews_breaking,public history import: normalize key casing
MainUI_Button_offer,mainui_button_offer,public history import: normalize key casing
MainUI_Gamewinner,mainui_gamewinner,public history import: normalize key casing
MainUI_Incorporated,mainui_incorporated,public history import: normalize key casing
MainUI_Marketshare,mainui_marketshare,public history import: normalize key casing
MainUI_NA,mainui_na,public history import: normalize key casing
MainUI_Taxlosses,mainui_taxlosses,public history import: normalize key casing
MainUI_actionbar_limit_control,mainui_actionbar_limit_control,public history import: normalize key casing
MainUI_advance_0,mainui_advance_0,public history import: normalize key casing
MainUI_advisorysummary,mainui_advisorysummary,public history import: normalize key casing
MainUI_alert_confirm_above,mainui_alert_confirm_above,public history import: normalize key casing
MainUI_alert_confirm_above_variant2,mainui_alert_confirm_above_variant2,public history import: normalize key casing
MainUI_alert_confirm_alertyear,mainui_alert_confirm_alertyear,public history import: normalize key casing
MainUI_alert_confirm_title,mainui_alert_confirm_title,public history import: normalize key casing
MainUI_alert_create_search,mainui_alert_create_search,public history import: normalize key casing
MainUI_alert_create_title,mainui_alert_create_title,public history import: normalize key casing
MainUI_alert_noalert,mainui_alert_noalert,public history import: normalize key casing
MainUI_alert_target,mainui_alert_target,public history import: normalize key casing
MainUI_alert_title,mainui_alert_title,public history import: normalize key casing
MainUI_alert_when,mainui_alert_when,public history import: normalize key casing
MainUI_alert_when_above,mainui_alert_when_above,public history import: normalize key casing
MainUI_alert_when_above_variant2,mainui_alert_when_above_variant2,public history import: normalize key casing
MainUI_analyst_summ,mainui_analyst_summ,public history import: normalize key casing
MainUI_analyst_summ_analystrating,mainui_analyst_summ_analystrating,public history import: normalize key casing
MainUI_analyst_summ_book_val,mainui_analyst_summ_book_val,public history import: normalize key casing
MainUI_analyst_summ_dividend,mainui_analyst_summ_dividend,public history import: normalize key casing
MainUI_analyst_summ_per,mainui_analyst_summ_per,public history import: normalize key casing
MainUI_analyst_summ_report,mainui_analyst_summ_report,public history import: normalize key casing
MainUI_autoalert_nomore,mainui_autoalert_nomore,public history import: normalize key casing
MainUI_autopilot_responsibility_notice,mainui_autopilot_responsibility_notice,public history import: normalize key casing
MainUI_bankrupty,mainui_bankrupty,public history import: normalize key casing
MainUI_bond_face_value,mainui_bond_face_value,public history import: normalize key casing
MainUI_borrowing,mainui_borrowing,public history import: normalize key casing
MainUI_borrowing_cap gain,mainui_borrowing_cap gain,public history import: normalize key casing
MainUI_borrowing_ratio,mainui_borrowing_ratio,public history import: normalize key casing
MainUI_button_Issue,mainui_button_issue,public history import: normalize key casing
MainUI_button_advance,mainui_button_advance,public history import: normalize key casing
MainUI_button_advance_1,mainui_button_advance_1,public history import: normalize key casing
MainUI_button_alerts,mainui_button_alerts,public history import: normalize key casing
MainUI_button_all,mainui_button_all,public history import: normalize key casing
MainUI_button_autopilot,mainui_button_autopilot,public history import: normalize key casing
MainUI_button_autopilottoggle,mainui_button_autopilottoggle,public history import: normalize key casing
MainUI_button_back,mainui_button_back,public history import: normalize key casing
MainUI_button_breakdown,mainui_button_breakdown,public history import: normalize key casing
MainUI_button_cancel,mainui_button_cancel,public history import: normalize key casing
MainUI_button_changelaw,mainui_button_changelaw,public history import: normalize key casing
MainUI_button_cheat,mainui_button_cheat,public history import: normalize key casing
MainUI_button_cheat_cash,mainui_button_cheat_cash,public history import: normalize key casing
MainUI_button_cheat_disable,mainui_button_cheat_disable,public history import: normalize key casing
MainUI_button_cheat_disablelawsuits,mainui_button_cheat_disablelawsuits,public history import: normalize key casing
MainUI_button_cheat_insiderinfo_earning,mainui_button_cheat_insiderinfo_earning,public history import: normalize key casing
MainUI_button_cheat_insiderinfo_merge,mainui_button_cheat_insiderinfo_merge,public history import: normalize key casing
MainUI_button_clear,mainui_button_clear,public history import: normalize key casing
MainUI_button_close,mainui_button_close,public history import: normalize key casing
MainUI_button_continue,mainui_button_continue,public history import: normalize key casing
MainUI_button_createswap,mainui_button_createswap,public history import: normalize key casing
MainUI_button_earningalert_off,mainui_button_earningalert_off,public history import: normalize key casing
MainUI_button_earningalert_on,mainui_button_earningalert_on,public history import: normalize key casing
MainUI_button_exit,mainui_button_exit,public history import: normalize key casing
MainUI_button_exitgame,mainui_button_exitgame,public history import: normalize key casing
MainUI_button_fill,mainui_button_fill,public history import: normalize key casing
MainUI_button_fullfinancial,mainui_button_fullfinancial,public history import: normalize key casing
MainUI_button_govtbond,mainui_button_govtbond,public history import: normalize key casing
MainUI_button_issuecorp,mainui_button_issuecorp,public history import: normalize key casing
MainUI_button_lawfirm,mainui_button_lawfirm,public history import: normalize key casing
MainUI_button_mycorp,mainui_button_mycorp,public history import: normalize key casing
MainUI_button_newalert,mainui_button_newalert,public history import: normalize key casing
MainUI_button_no,mainui_button_no,public history import: normalize key casing
MainUI_button_ok,mainui_button_ok,public history import: normalize key casing
MainUI_button_ownership_futures,mainui_button_ownership_futures,public history import: normalize key casing
MainUI_button_ownership_management,mainui_button_ownership_management,public history import: normalize key casing
MainUI_button_ownership_options,mainui_button_ownership_options,public history import: normalize key casing
MainUI_button_ownership_stock,mainui_button_ownership_stock,public history import: normalize key casing
MainUI_button_ownership_swap,mainui_button_ownership_swap,public history import: normalize key casing
MainUI_button_physical,mainui_button_physical,public history import: normalize key casing
MainUI_button_rebrand,mainui_button_rebrand,public history import: normalize key casing
MainUI_button_recall,mainui_button_recall,public history import: normalize key casing
MainUI_button_redeem,mainui_button_redeem,public history import: normalize key casing
MainUI_button_save,mainui_button_save,public history import: normalize key casing
MainUI_button_saveas,mainui_button_saveas,public history import: normalize key casing
MainUI_button_setting,mainui_button_setting,public history import: normalize key casing
MainUI_button_shorts,mainui_button_shorts,public history import: normalize key casing
MainUI_button_switchbank,mainui_button_switchbank,public history import: normalize key casing
MainUI_button_taxable_liquidation,mainui_button_taxable_liquidation,public history import: normalize key casing
MainUI_button_taxfree_liquidation,mainui_button_taxfree_liquidation,public history import: normalize key casing
MainUI_button_yes,mainui_button_yes,public history import: normalize key casing
MainUI_cancle,mainui_cancle,public history import: normalize key casing
MainUI_click_select,mainui_click_select,public history import: normalize key casing
MainUI_company_info,mainui_company_info,public history import: normalize key casing
MainUI_confirmation,mainui_confirmation,public history import: normalize key casing
MainUI_confirmation_1,mainui_confirmation_1,public history import: normalize key casing
MainUI_confirmation_2,mainui_confirmation_2,public history import: normalize key casing
MainUI_corporate_raiders,mainui_corporate_raiders,public history import: normalize key casing
MainUI_economic_data,mainui_economic_data,public history import: normalize key casing
MainUI_entercommand,mainui_entercommand,public history import: normalize key casing
MainUI_fullscreen,mainui_fullscreen,public history import: normalize key casing
MainUI_gameover_1,mainui_gameover_1,public history import: normalize key casing
MainUI_gameover_2,mainui_gameover_2,public history import: normalize key casing
MainUI_gameover_3,mainui_gameover_3,public history import: normalize key casing
MainUI_gameover_networth,mainui_gameover_networth,public history import: normalize key casing
MainUI_heatmap_marketcap,mainui_heatmap_marketcap,public history import: normalize key casing
MainUI_heatmap_outstandshares,mainui_heatmap_outstandshares,public history import: normalize key casing
MainUI_heatmap_stockprice,mainui_heatmap_stockprice,public history import: normalize key casing
MainUI_hitmap_demandg,mainui_hitmap_demandg,public history import: normalize key casing
MainUI_hitmap_desc,mainui_hitmap_desc,public history import: normalize key casing
MainUI_hitmap_longg,mainui_hitmap_longg,public history import: normalize key casing
MainUI_hitmap_totalm,mainui_hitmap_totalm,public history import: normalize key casing
MainUI_holdings_action,mainui_holdings_action,public history import: normalize key casing
MainUI_holdings_action_buymore,mainui_holdings_action_buymore,public history import: normalize key casing
MainUI_holdings_action_cover,mainui_holdings_action_cover,public history import: normalize key casing
MainUI_holdings_action_detail,mainui_holdings_action_detail,public history import: normalize key casing
MainUI_holdings_action_exercise,mainui_holdings_action_exercise,public history import: normalize key casing
MainUI_holdings_action_for sale,mainui_holdings_action_for sale,public history import: normalize key casing
MainUI_holdings_action_spinoff,mainui_holdings_action_spinoff,public history import: normalize key casing
MainUI_holdings_action_terminate,mainui_holdings_action_terminate,public history import: normalize key casing
MainUI_holdings_bond_row,mainui_holdings_bond_row,public history import: normalize key casing
MainUI_holdings_chart,mainui_holdings_chart,public history import: normalize key casing
MainUI_holdings_costbasis,mainui_holdings_costbasis,public history import: normalize key casing
MainUI_holdings_exp,mainui_holdings_exp,public history import: normalize key casing
MainUI_holdings_fut_bitcoin,mainui_holdings_fut_bitcoin,public history import: normalize key casing
MainUI_holdings_fut_corn,mainui_holdings_fut_corn,public history import: normalize key casing
MainUI_holdings_fut_ethereum,mainui_holdings_fut_ethereum,public history import: normalize key casing
MainUI_holdings_fut_gold,mainui_holdings_fut_gold,public history import: normalize key casing
MainUI_holdings_fut_oil,mainui_holdings_fut_oil,public history import: normalize key casing
MainUI_holdings_fut_silver,mainui_holdings_fut_silver,public history import: normalize key casing
MainUI_holdings_fut_wheat,mainui_holdings_fut_wheat,public history import: normalize key casing
MainUI_holdings_lbond,mainui_holdings_lbond,public history import: normalize key casing
MainUI_holdings_mktval,mainui_holdings_mktval,public history import: normalize key casing
MainUI_holdings_owner,mainui_holdings_owner,public history import: normalize key casing
MainUI_holdings_phys_bitcoin,mainui_holdings_phys_bitcoin,public history import: normalize key casing
MainUI_holdings_phys_corn,mainui_holdings_phys_corn,public history import: normalize key casing
MainUI_holdings_phys_ethereum,mainui_holdings_phys_ethereum,public history import: normalize key casing
MainUI_holdings_phys_gold,mainui_holdings_phys_gold,public history import: normalize key casing
MainUI_holdings_phys_oil,mainui_holdings_phys_oil,public history import: normalize key casing
MainUI_holdings_phys_silver,mainui_holdings_phys_silver,public history import: normalize key casing
MainUI_holdings_phys_wheat,mainui_holdings_phys_wheat,public history import: normalize key casing
MainUI_holdings_pl,mainui_holdings_pl,public history import: normalize key casing
MainUI_holdings_plpercent,mainui_holdings_plpercent,public history import: normalize key casing
MainUI_holdings_pos,mainui_holdings_pos,public history import: normalize key casing
MainUI_holdings_pos_long,mainui_holdings_pos_long,public history import: normalize key casing
MainUI_holdings_pos_short,mainui_holdings_pos_short,public history import: normalize key casing
MainUI_holdings_qty,mainui_holdings_qty,public history import: normalize key casing
MainUI_holdings_sbond,mainui_holdings_sbond,public history import: normalize key casing
MainUI_holdings_search,mainui_holdings_search,public history import: normalize key casing
MainUI_holdings_show_subholdings,mainui_holdings_show_subholdings,public history import: normalize key casing
MainUI_holdings_stockindex,mainui_holdings_stockindex,public history import: normalize key casing
MainUI_holdings_swap_longbond,mainui_holdings_swap_longbond,public history import: normalize key casing
MainUI_holdings_type,mainui_holdings_type,public history import: normalize key casing
MainUI_holdings_yieldrate,mainui_holdings_yieldrate,public history import: normalize key casing
MainUI_indicator,mainui_indicator,public history import: normalize key casing
MainUI_indicator_comm-index,mainui_indicator_comm-index,public history import: normalize key casing
MainUI_indicator_comm-index_corn,mainui_indicator_comm-index_corn,public history import: normalize key casing
MainUI_indicator_comm-index_gold,mainui_indicator_comm-index_gold,public history import: normalize key casing
MainUI_indicator_comm-index_index,mainui_indicator_comm-index_index,public history import: normalize key casing
MainUI_indicator_comm-index_oil,mainui_indicator_comm-index_oil,public history import: normalize key casing
MainUI_indicator_comm-index_silver,mainui_indicator_comm-index_silver,public history import: normalize key casing
MainUI_indicator_comm-index_spx,mainui_indicator_comm-index_spx,public history import: normalize key casing
MainUI_indicator_comm-index_wheat,mainui_indicator_comm-index_wheat,public history import: normalize key casing
MainUI_indicator_comm-index_wheat_1,mainui_indicator_comm-index_wheat_1,public history import: normalize key casing
MainUI_indicator_crypto,mainui_indicator_crypto,public history import: normalize key casing
MainUI_indicator_macro,mainui_indicator_macro,public history import: normalize key casing
MainUI_indicator_macro_Lbond,mainui_indicator_macro_lbond,public history import: normalize key casing
MainUI_indicator_macro_Primerate,mainui_indicator_macro_primerate,public history import: normalize key casing
MainUI_indicator_macro_Sbond_variant3,mainui_indicator_macro_sbond_variant3,public history import: normalize key casing
MainUI_indicator_macro_prime,mainui_indicator_macro_prime,public history import: normalize key casing
MainUI_info_controlledby,mainui_info_controlledby,public history import: normalize key casing
MainUI_info_country_unknown,mainui_info_country_unknown,public history import: normalize key casing
MainUI_info_high-low,mainui_info_high-low,public history import: normalize key casing
MainUI_info_nextearnings,mainui_info_nextearnings,public history import: normalize key casing
MainUI_info_player_emplo-status,mainui_info_player_emplo-status,public history import: normalize key casing
MainUI_info_player_emplo-status_indp,mainui_info_player_emplo-status_indp,public history import: normalize key casing
MainUI_info_stockprice,mainui_info_stockprice,public history import: normalize key casing
MainUI_leadership,mainui_leadership,public history import: normalize key casing
MainUI_leadership_ceo,mainui_leadership_ceo,public history import: normalize key casing
MainUI_leadership_electceo,mainui_leadership_electceo,public history import: normalize key casing
MainUI_leadership_fire,mainui_leadership_fire,public history import: normalize key casing
MainUI_leadership_reputation,mainui_leadership_reputation,public history import: normalize key casing
MainUI_liquidation_carryoverloss_1,mainui_liquidation_carryoverloss_1,public history import: normalize key casing
MainUI_liquidation_carryoverloss_2,mainui_liquidation_carryoverloss_2,public history import: normalize key casing
MainUI_liquidation_carryoverloss_3,mainui_liquidation_carryoverloss_3,public history import: normalize key casing
MainUI_liquidation_limit_bank,mainui_liquidation_limit_bank,public history import: normalize key casing
MainUI_liquidation_taxfree_no_1,mainui_liquidation_taxfree_no_1,public history import: normalize key casing
MainUI_liquidation_taxfree_no_2,mainui_liquidation_taxfree_no_2,public history import: normalize key casing
MainUI_loading_ownership,mainui_loading_ownership,public history import: normalize key casing
MainUI_networth,mainui_networth,public history import: normalize key casing
MainUI_networth_history,mainui_networth_history,public history import: normalize key casing
MainUI_news,mainui_news,public history import: normalize key casing
MainUI_nocontract,mainui_nocontract,public history import: normalize key casing
MainUI_nomatch,mainui_nomatch,public history import: normalize key casing
MainUI_noresult,mainui_noresult,public history import: normalize key casing
MainUI_note_bondconvertible,mainui_note_bondconvertible,public history import: normalize key casing
MainUI_note_computercompany,mainui_note_computercompany,public history import: normalize key casing
MainUI_note_hostileplayer1,mainui_note_hostileplayer1,public history import: normalize key casing
MainUI_note_hostileplayer2,mainui_note_hostileplayer2,public history import: normalize key casing
MainUI_note_player,mainui_note_player,public history import: normalize key casing
MainUI_note_playercontrol,mainui_note_playercontrol,public history import: normalize key casing
MainUI_note_pubtradebond,mainui_note_pubtradebond,public history import: normalize key casing
MainUI_ok_for_details,mainui_ok_for_details,public history import: normalize key casing
MainUI_player_balance,mainui_player_balance,public history import: normalize key casing
MainUI_player_balance_cashbill,mainui_player_balance_cashbill,public history import: normalize key casing
MainUI_player_balance_networth,mainui_player_balance_networth,public history import: normalize key casing
MainUI_player_balance_otherasset,mainui_player_balance_otherasset,public history import: normalize key casing
MainUI_player_bankrupt,mainui_player_bankrupt,public history import: normalize key casing
MainUI_projannuCashFlow_excessprepaid,mainui_projannucashflow_excessprepaid,public history import: normalize key casing
MainUI_projannuCashFlow_livingexpenses,mainui_projannucashflow_livingexpenses,public history import: normalize key casing
MainUI_projannuCashFlow_netincome,mainui_projannucashflow_netincome,public history import: normalize key casing
MainUI_projannuCashFlow_noncashexpense,mainui_projannucashflow_noncashexpense,public history import: normalize key casing
MainUI_projannuCashFlow_taxowe,mainui_projannucashflow_taxowe,public history import: normalize key casing
MainUI_projannucashflow,mainui_projannucashflow,public history import: normalize key casing
MainUI_quotes,mainui_quotes,public history import: normalize key casing
MainUI_research_companymost,mainui_research_companymost,public history import: normalize key casing
MainUI_research_econodata,mainui_research_econodata,public history import: normalize key casing
MainUI_research_heatmap,mainui_research_heatmap,public history import: normalize key casing
MainUI_research_heatmap_roe,mainui_research_heatmap_roe,public history import: normalize key casing
MainUI_research_heatmap_summary,mainui_research_heatmap_summary,public history import: normalize key casing
MainUI_research_indgrowth,mainui_research_indgrowth,public history import: normalize key casing
MainUI_research_interestrates,mainui_research_interestrates,public history import: normalize key casing
MainUI_research_whoownswhat,mainui_research_whoownswhat,public history import: normalize key casing
MainUI_research_whosahead,mainui_research_whosahead,public history import: normalize key casing
MainUI_save_notfound,mainui_save_notfound,public history import: normalize key casing
MainUI_savebeforeexit,mainui_savebeforeexit,public history import: normalize key casing
MainUI_search,mainui_search,public history import: normalize key casing
MainUI_stockmarketindex,mainui_stockmarketindex,public history import: normalize key casing
MainUI_stockpricehistory,mainui_stockpricehistory,public history import: normalize key casing
MainUI_taxpos,mainui_taxpos,public history import: normalize key casing
MainUI_taxpos_corpsharetax,mainui_taxpos_corpsharetax,public history import: normalize key casing
MainUI_taxpos_owe-refund,mainui_taxpos_owe-refund,public history import: normalize key casing
MainUI_taxpos_prepaidytd,mainui_taxpos_prepaidytd,public history import: normalize key casing
MainUI_taxpos_realcapgains,mainui_taxpos_realcapgains,public history import: normalize key casing
MainUI_taxpos_wealthtax,mainui_taxpos_wealthtax,public history import: normalize key casing
MainUI_taxpos_ytdord,mainui_taxpos_ytdord,public history import: normalize key casing
MainUI_tickerspeed_1,mainui_tickerspeed_1,public history import: normalize key casing
MainUI_tickerspeed_title,mainui_tickerspeed_title,public history import: normalize key casing
MainUI_top_advances,mainui_top_advances,public history import: normalize key casing
MainUI_top_financial,mainui_top_financial,public history import: normalize key casing
MainUI_top_holdings,mainui_top_holdings,public history import: normalize key casing
MainUI_top_holdings_no,mainui_top_holdings_no,public history import: normalize key casing
MainUI_top_loans,mainui_top_loans,public history import: normalize key casing
MainUI_top_mycorp,mainui_top_mycorp,public history import: normalize key casing
MainUI_top_overview,mainui_top_overview,public history import: normalize key casing
MainUI_top_research,mainui_top_research,public history import: normalize key casing
MainUI_top_search,mainui_top_search,public history import: normalize key casing
MainUI_top_shareholders,mainui_top_shareholders,public history import: normalize key casing
MainUI_totalasset,mainui_totalasset,public history import: normalize key casing
MainUI_totaldebt,mainui_totaldebt,public history import: normalize key casing
MainUI_transac-fin_1,mainui_transac-fin_1,public history import: normalize key casing
MainUI_transac-fin_2,mainui_transac-fin_2,public history import: normalize key casing
MainUI_transac-fin_3,mainui_transac-fin_3,public history import: normalize key casing
MainUI_transac-fin_3_1,mainui_transac-fin_3_1,public history import: normalize key casing
MainUI_transac-fin_4,mainui_transac-fin_4,public history import: normalize key casing
MainUI_transac-fin_4_1,mainui_transac-fin_4_1,public history import: normalize key casing
MainUI_transac-fin_4_corp,mainui_transac-fin_4_corp,public history import: normalize key casing
MainUI_transac-fin_4_corp_noaffect,mainui_transac-fin_4_corp_noaffect,public history import: normalize key casing
MainUI_transac-fin_notaffected,mainui_transac-fin_notaffected,public history import: normalize key casing
MainUI_transac-fin_title,mainui_transac-fin_title,public history import: normalize key casing
MainUI_transc_cancle,mainui_transc_cancle,public history import: normalize key casing
MainUI_typesymbolname,mainui_typesymbolname,public history import: normalize key casing
MainUI_viewing,mainui_viewing,public history import: normalize key casing
Merger_1,merger_1,public history import: normalize key casing
Merger_2,merger_2,public history import: normalize key casing
Merger_3,merger_3,public history import: normalize key casing
Merger_Reject1,merger_reject1,public history import: normalize key casing
Merger_approved_1,merger_approved_1,public history import: normalize key casing
Merger_approved_2,merger_approved_2,public history import: normalize key casing
Merger_approved_3,merger_approved_3,public history import: normalize key casing
Merger_approved_result,merger_approved_result,public history import: normalize key casing
Merger_input,merger_input,public history import: normalize key casing
Merger_input_title,merger_input_title,public history import: normalize key casing
Merger_notapproved,merger_notapproved,public history import: normalize key casing
Merger_voting_marketcap,merger_voting_marketcap,public history import: normalize key casing
Merger_voting_own,merger_voting_own,public history import: normalize key casing
Merger_voting_stockpercent,merger_voting_stockpercent,public history import: normalize key casing
NEEDVERIFY-09c43876,financial_creditinfo,public history import: merged into {|} choice template (all.csv merge pass 2026-09-27)
NEEDVERIFY-1cd91ea9,financial_creditinfo_header,public history import: merged into {|} choice template (all.csv merge pass 2026-09-27)
Nes_sinkinstorm,news_sinkinstorm,"public history import: typo fix, 2026-09-26"
News_CORP_underfunded,news_corp_underfunded,public history import: normalize key casing
News_Commodity_backwardation,news_commodity_backwardation,public history import: normalize key casing
News_Commodity_futures_trading,news_commodity_futures_trading,public history import: normalize key casing
News_Commodity_short_settle,news_commodity_short_settle,public history import: normalize key casing
News_Corp_buyback_playerStockoption,news_corp_buyback_playerstockoption,public history import: normalize key casing
News_Corp_contract,news_corp_contract,public history import: normalize key casing
News_Corp_dismiss_fundmanager,news_corp_dismiss_fundmanager,public history import: normalize key casing
News_Corp_govtbond_portfolio,news_corp_govtbond_portfolio,public history import: normalize key casing
News_Corp_merger_stockreceive,news_corp_merger_stockreceive,public history import: normalize key casing
News_Corp_option_ajusted,news_corp_option_ajusted,public history import: normalize key casing
News_Corp_recall_vegitable,news_corp_recall_vegitable,public history import: normalize key casing
News_Corp_underwritingprofit,news_corp_underwritingprofit,public history import: normalize key casing
News_EnvDamage,news_envdamage,public history import: normalize key casing
News_Player_netcapitalgain,news_player_netcapitalgain,public history import: normalize key casing
News_Player_privatesellstock,news_player_privatesellstock,public history import: normalize key casing
News_adjustingindex,news_adjustingindex,public history import: normalize key casing
News_analyst_impprofit,news_analyst_impprofit,public history import: normalize key casing
News_analyst_undervalue,news_analyst_undervalue,public history import: normalize key casing
News_annual_ceobonus,news_annual_ceobonus,public history import: normalize key casing
News_asset_closed,news_asset_closed,public history import: normalize key casing
News_asset_explode,news_asset_explode,public history import: normalize key casing
News_asset_sale,news_asset_sale,public history import: normalize key casing
News_asset_sale_price,news_asset_sale_price,public history import: normalize key casing
News_assume_liquidatedbond,news_assume_liquidatedbond,public history import: normalize key casing
News_asteroid_mining_operation,news_asteroid_mining_operation,public history import: normalize key casing
News_bank_int_tightenLOC,news_bank_int_tightenloc,public history import: normalize key casing
News_bankruptcy_award,news_bankruptcy_award,public history import: normalize key casing
News_bankruptcy_bank_ownShare,news_bankruptcy_bank_ownshare,public history import: normalize key casing
News_bankruptcy_banklender_stock,news_bankruptcy_banklender_stock,public history import: normalize key casing
News_bankruptcy_settlefuture,news_bankruptcy_settlefuture,public history import: normalize key casing
News_bankruptcy_transferfuture,news_bankruptcy_transferfuture,public history import: normalize key casing
News_bitcoin_ban_fall,news_bitcoin_ban_fall,public history import: normalize key casing
News_bonds_liquidated,news_bonds_liquidated,public history import: normalize key casing
News_casino_skimming,news_casino_skimming,public history import: normalize key casing
News_commodity_price_YTM,news_commodity_price_ytm,public history import: normalize key casing
News_config_m,news_config_m,public history import: normalize key casing
News_config_unit,news_config_unit,public history import: normalize key casing
News_corn_prices_soar,news_corn_prices_soar,public history import: normalize key casing
News_corp_Asset_closed,news_corp_asset_closed,public history import: normalize key casing
News_corp_Commodity_futures_settle,news_corp_commodity_futures_settle,public history import: normalize key casing
News_corp_RND,news_corp_rnd,public history import: normalize key casing
News_corp_asset_seized,news_corp_asset_seized,public history import: normalize key casing
News_corp_bankruptcy_loss,news_corp_bankruptcy_loss,public history import: normalize key casing
News_corp_bankruptcy_loss_player,news_corp_bankruptcy_loss_player,public history import: normalize key casing
News_corp_bond_redeemed,news_corp_bond_redeemed,public history import: normalize key casing
News_corp_bondcall1,news_corp_bondcall1,public history import: normalize key casing
News_corp_bondcall2,news_corp_bondcall2,public history import: normalize key casing
News_corp_bondpay,news_corp_bondpay,public history import: normalize key casing
News_corp_bondpayoff_fail,news_corp_bondpayoff_fail,public history import: normalize key casing
News_corp_breakthrough,news_corp_breakthrough,public history import: normalize key casing
News_corp_buyback_bond,news_corp_buyback_bond,public history import: normalize key casing
News_corp_buyback_commonstock,news_corp_buyback_commonstock,public history import: normalize key casing
News_corp_buycall,news_corp_buycall,public history import: normalize key casing
News_corp_buycorpbond,news_corp_buycorpbond,public history import: normalize key casing
News_corp_buystock_1,news_corp_buystock_1,public history import: normalize key casing
News_corp_buystock_2,news_corp_buystock_2,public history import: normalize key casing
News_corp_buystock_own,news_corp_buystock_own,public history import: normalize key casing
News_corp_buystock_own_02,news_corp_buystock_own_02,public history import: normalize key casing
News_corp_capital_injection,news_corp_capital_injection,public history import: normalize key casing
News_corp_chapter11,news_corp_chapter11,public history import: normalize key casing
News_corp_commodity_hedgepos,news_corp_commodity_hedgepos,public history import: normalize key casing
News_corp_commodity_hedgeprofit,news_corp_commodity_hedgeprofit,public history import: normalize key casing
News_corp_creditrating_liquidatefutures,news_corp_creditrating_liquidatefutures,public history import: normalize key casing
News_corp_deliver_oil,news_corp_deliver_oil,public history import: normalize key casing
News_corp_earning_down,news_corp_earning_down,public history import: normalize key casing
News_corp_earning_improve,news_corp_earning_improve,public history import: normalize key casing
News_corp_earningshock1,news_corp_earningshock1,public history import: normalize key casing
News_corp_exercise_put,news_corp_exercise_put,public history import: normalize key casing
News_corp_expanding,news_corp_expanding,public history import: normalize key casing
News_corp_expect_loss,news_corp_expect_loss,public history import: normalize key casing
News_corp_forced_liquidate_futures,news_corp_forced_liquidate_futures,public history import: normalize key casing
News_corp_foreigncurrency,news_corp_foreigncurrency,public history import: normalize key casing
News_corp_future_settled,news_corp_future_settled,public history import: normalize key casing
News_corp_futures_short,news_corp_futures_short,public history import: normalize key casing
News_corp_govt_regulators,news_corp_govt_regulators,public history import: normalize key casing
News_corp_guidance,news_corp_guidance,public history import: normalize key casing
News_corp_inject,news_corp_inject,public history import: normalize key casing
News_corp_junkbond_default,news_corp_junkbond_default,public history import: normalize key casing
News_corp_liquidation_loss_carryvoer,news_corp_liquidation_loss_carryvoer,public history import: normalize key casing
News_corp_liquidity_dividend,news_corp_liquidity_dividend,public history import: normalize key casing
News_corp_location_asset_sell,news_corp_location_asset_sell,public history import: normalize key casing
News_corp_lower_earning,news_corp_lower_earning,public history import: normalize key casing
News_corp_marketshare_inc,news_corp_marketshare_inc,public history import: normalize key casing
News_corp_merger,news_corp_merger,public history import: normalize key casing
News_corp_merger_cashout,news_corp_merger_cashout,public history import: normalize key casing
News_corp_merger_cost_1,news_corp_merger_cost_1,public history import: normalize key casing
News_corp_merger_reject,news_corp_merger_reject,public history import: normalize key casing
News_corp_merger_result1,news_corp_merger_result1,public history import: normalize key casing
News_corp_merger_voting,news_corp_merger_voting,public history import: normalize key casing
News_corp_merger_voting_price,news_corp_merger_voting_price,public history import: normalize key casing
News_corp_mineral,news_corp_mineral,public history import: normalize key casing
News_corp_new_drug_approval,news_corp_new_drug_approval,public history import: normalize key casing
News_corp_newasset,news_corp_newasset,public history import: normalize key casing
News_corp_newsreject,news_corp_newsreject,public history import: normalize key casing
News_corp_oildiscovery,news_corp_oildiscovery,public history import: normalize key casing
News_corp_option_buy,news_corp_option_buy,public history import: normalize key casing
News_corp_option_short,news_corp_option_short,public history import: normalize key casing
News_corp_outpace_stockoffering,news_corp_outpace_stockoffering,public history import: normalize key casing
News_corp_pension_surplus,news_corp_pension_surplus,public history import: normalize key casing
News_corp_plane_bombed,news_corp_plane_bombed,public history import: normalize key casing
News_corp_raise_dividend_liquidity,news_corp_raise_dividend_liquidity,public history import: normalize key casing
News_corp_rateswap,news_corp_rateswap,public history import: normalize key casing
News_corp_recall_office_equipment,news_corp_recall_office_equipment,public history import: normalize key casing
News_corp_recall_vehicles_brakes,news_corp_recall_vehicles_brakes,public history import: normalize key casing
News_corp_refund1,news_corp_refund1,public history import: normalize key casing
News_corp_reject_buyout,news_corp_reject_buyout,public history import: normalize key casing
News_corp_reorganized_giveup,news_corp_reorganized_giveup,public history import: normalize key casing
News_corp_require_reductionpos,news_corp_require_reductionpos,public history import: normalize key casing
News_corp_reserve,news_corp_reserve,public history import: normalize key casing
News_corp_retire_bond,news_corp_retire_bond,public history import: normalize key casing
News_corp_reverse_split,news_corp_reverse_split,public history import: normalize key casing
News_corp_revoke_player_option,news_corp_revoke_player_option,public history import: normalize key casing
News_corp_rnd_dec,news_corp_rnd_dec,public history import: normalize key casing
News_corp_rnd_dec_7,news_corp_rnd_dec_7,public history import: normalize key casing
News_corp_rnd_inc_1,news_corp_rnd_inc_1,public history import: normalize key casing
News_corp_rnd_inc_2,news_corp_rnd_inc_2,public history import: normalize key casing
News_corp_rnd_inc_7,news_corp_rnd_inc_2,public history import: 2026-09-26 번호 정렬 (병합으로 생긴 결번 정리)
News_corp_sell1_1,news_corp_sell1_1,public history import: normalize key casing
News_corp_sell_cashbind1,news_corp_sell_cashbind1,public history import: normalize key casing
News_corp_sell_commodity,news_corp_sell_commodity,public history import: normalize key casing
News_corp_sell_cost,news_corp_sell_cost,public history import: normalize key casing
News_corp_sell_force1,news_corp_sell_force1,public history import: normalize key casing
News_corp_sell_pressed1,news_corp_sell_pressed1,public history import: normalize key casing
News_corp_sell_raisecash2,news_corp_sell_raisecash2,public history import: normalize key casing
News_corp_sell_shortcash,news_corp_sell_shortcash,public history import: normalize key casing
News_corp_sellcall_1,news_corp_sellcall_1,public history import: normalize key casing
News_corp_sellcall_naked,news_corp_sellcall_naked,public history import: normalize key casing
News_corp_sellshare,news_corp_sellshare,public history import: normalize key casing
News_corp_settled_PrivateCompany,news_corp_settled_privatecompany,public history import: normalize key casing
News_corp_stockbuy_private,news_corp_stockbuy_private,public history import: normalize key casing
News_corp_stocksell1,news_corp_stocksell1,public history import: normalize key casing
News_corp_stocksell2,news_corp_stocksell2,public history import: normalize key casing
News_corp_store_bombed,news_corp_store_bombed,public history import: normalize key casing
News_corp_strugg_inc_rnd,news_corp_strugg_inc_rnd,public history import: normalize key casing
News_corp_superfund,news_corp_superfund,public history import: normalize key casing
News_corp_swap_default,news_corp_swap_default,public history import: normalize key casing
News_corp_tenderoffer,news_corp_tenderoffer,public history import: normalize key casing
News_corp_warning_losscontinue,news_corp_warning_losscontinue,public history import: normalize key casing
News_corp_withdraws,news_corp_withdraws,public history import: normalize key casing
News_crop_latest,news_crop_latest,public history import: normalize key casing
News_currencyswap_losses,news_currencyswap_losses,public history import: normalize key casing
News_deny_asbestos,news_deny_asbestos,public history import: normalize key casing
News_disaster_accident,news_disaster_accident,public history import: normalize key casing
News_disaster_accident_02,news_disaster_accident_02,public history import: normalize key casing
News_disaster_accident_03,news_disaster_accident_03,public history import: normalize key casing
News_dividend_slash,news_dividend_slash,public history import: normalize key casing
News_earnings_financials,news_earnings_financials,public history import: normalize key casing
News_earnings_financials_02,news_earnings_financials_02,public history import: normalize key casing
News_ecoli,news_ecoli,public history import: normalize key casing
News_economic_industry_commentary,news_economic_industry_commentary,public history import: normalize key casing
News_economic_loss_taxable,news_economic_loss_taxable,public history import: normalize key casing
News_ecoterrorist,news_ecoterrorist,public history import: normalize key casing
News_enter_buy_03,news_enter_buy_03,public history import: normalize key casing
News_env_cleanup,news_env_cleanup,public history import: normalize key casing
News_etf_cash_to_stocks,news_etf_cash_to_stocks,public history import: normalize key casing
News_etf_devastating,news_etf_devastating,public history import: normalize key casing
News_excess_losses_recaptured,news_excess_losses_recaptured,public history import: normalize key casing
News_exchange_fund,news_exchange_fund,public history import: normalize key casing
News_faces_massive_claims,news_faces_massive_claims,public history import: normalize key casing
News_feature_airline_goodec,advisory_feature_airline_goodec,public history import: news_feature -> advisory_feature (user 2026-09-27)
News_feature_biotech_innovation,advisory_feature_biotech_innovation,public history import: news_feature -> advisory_feature (user 2026-09-27)
News_feature_broker_automate,advisory_feature_broker_automate,public history import: normalize key casing
News_feature_entertainment_strongeco,advisory_feature_entertainment_strongeco,public history import: news_feature -> advisory_feature (user 2026-09-27)
News_feature_food_grainhigh,advisory_feature_food_grainhigh,public history import: news_feature -> advisory_feature (user 2026-09-27)
News_feature_food_unaffected_strife,advisory_feature_food_unaffected_strife,public history import: news_feature -> advisory_feature (user 2026-09-27)
News_feature_oilservice_oilhigh,advisory_feature_oilservice_oilhigh,"public history import: key cleanup (advisory family / case), 2026-09-26"
News_feature_restaurant_consumer_confidence,advisory_feature_restaurant_consumer_confidence,public history import: news_feature -> advisory_feature (user 2026-09-27)
News_feature_telecom_global,advisory_feature_telecom_global,"public history import: key cleanup (advisory family / case), 2026-09-26"
News_federal_reserve,news_federal_reserve,public history import: normalize key casing
News_federal_reserve_allows,news_federal_reserve_allows,public history import: normalize key casing
News_financial_fraud,news_financial_fraud,public history import: normalize key casing
News_fired_management_1,news_fired_management_1,public history import: normalize key casing
News_fired_management_2,news_fired_management_1,public history import: 2026-09-26 병합: Management/President 2→1
News_forcesell1,news_forcesell1,public history import: normalize key casing
News_gmo_recall,news_gmo_recall,public history import: normalize key casing
News_government_bond,news_government_bond,public history import: normalize key casing
News_govt_conbination_antitrust,news_govt_conbination_antitrust,public history import: normalize key casing
News_hacking1,news_hacking1,public history import: normalize key casing
News_hacking2,news_hacking1,public history import: 2026-09-26 병합: 2→1
News_hacking3,news_hacking3,public history import: normalize key casing
News_headlessbody,news_headlessbody,"public history import: key cleanup (advisory family / case), 2026-09-26"
News_heavyselling,news_heavyselling,public history import: normalize key casing
News_hit_rate_rollbacks,news_hit_rate_rollbacks,public history import: normalize key casing
News_homocide_screen,news_homocide_screen,public history import: normalize key casing
News_incurs_huge_losses,news_incurs_huge_losses,public history import: normalize key casing
News_ind_growthproj_sharplylow,news_ind_growthproj_sharplylow,public history import: normalize key casing
News_ind_growthproj_up,news_ind_growthproj_up,public history import: normalize key casing
News_industry_enters,news_industry_enters,public history import: normalize key casing
News_industry_enters_1,news_industry_enters_1,public history import: normalize key casing
News_industry_expanding,news_industry_expanding,public history import: normalize key casing
News_industry_growth_imp,news_industry_growth_imp,public history import: normalize key casing
News_insurance_disaster,news_insurance_disaster,public history import: normalize key casing
News_junkbonds_sell,news_junkbonds_sell,public history import: normalize key casing
News_key_product_found,news_key_product_found,public history import: normalize key casing
News_lastyear_stockmarket_dispite,news_lastyear_stockmarket_dispite,public history import: normalize key casing
News_law_antitrust_10,news_law_antitrust_10,public history import: normalize key casing
News_law_antitrust_annonce-settle,news_law_antitrust_annonce-settle,public history import: normalize key casing
News_law_antitrust_annonce1,news_corp_antitrsut_against,public history import: normalize key casing
News_law_antitrust_annonce3,news_law_antitrust_annonce3,public history import: normalize key casing
News_law_antitrust_annonce5,lawsuit_harassing_result,public history import: normalize key casing
News_law_antitrust_defendant,news_law_antitrust_defendant,public history import: normalize key casing
News_law_antitrust_lose,news_law_antitrust_lose,public history import: normalize key casing
News_law_antitrust_nowinner,news_law_antitrust_nowinner,public history import: normalize key casing
News_law_antitrust_pay,news_law_antitrust_pay,public history import: normalize key casing
News_law_antitrust_possible,news_law_antitrust_possible,public history import: normalize key casing
News_law_antitrust_threatened,news_law_antitrust_threatened,public history import: normalize key casing
News_law_antitrust_win,news_law_antitrust_win,public history import: normalize key casing
News_law_asbestos_jury_award,news_law_asbestos_jury_award,public history import: normalize key casing
News_law_copyright_lose,news_law_copyright_lose,public history import: normalize key casing
News_law_countersuit_annonce,news_law_countersuit_annonce,public history import: normalize key casing
News_law_defamation_liable,news_law_defamation_liable,public history import: normalize key casing
News_law_defendant_cost,news_law_defendant_cost,public history import: normalize key casing
News_law_dismiss_antitrust,news_law_dismiss_antitrust,public history import: normalize key casing
News_law_headline_asbestos,news_law_headline_asbestos,public history import: normalize key casing
News_law_headline_bottler,news_law_headline_bottler,public history import: normalize key casing
News_law_headline_cancer,news_law_headline_cancer,public history import: normalize key casing
News_law_headline_defectiveconst,news_law_headline_defectiveconst,public history import: normalize key casing
News_law_headline_gas,news_law_headline_gas,public history import: normalize key casing
News_law_headline_ink,news_law_headline_ink,public history import: normalize key casing
News_law_headline_patients,news_law_headline_patients,public history import: normalize key casing
News_law_headline_recall,news_law_headline_recall,public history import: normalize key casing
News_law_litigation,news_law_litigation,public history import: normalize key casing
News_law_settlement,news_law_settlement,public history import: normalize key casing
News_law_tax_lose1,news_law_tax_lose1,public history import: normalize key casing
News_law_win,news_law_win,public history import: normalize key casing
News_law_withdrawn_antitrust,news_law_withdrawn_antitrust,public history import: normalize key casing
News_liable_building,news_liable_building,public history import: normalize key casing
News_liquidation_Bondbuyback,news_liquidation_bondbuyback,public history import: normalize key casing
News_liquidation_taxable,news_liquidation_taxable,public history import: normalize key casing
News_long_futures_contract,news_commodity_short_settle,public history import: 2026-09-26 병합 short/long
News_loser_copyright_infringement,news_loser_copyright_infringement,public history import: normalize key casing
News_loses_major,news_loses_major,public history import: normalize key casing
News_loss_endorsement,news_loss_endorsement,public history import: normalize key casing
News_loss_largest_client,news_loss_largest_client,public history import: normalize key casing
News_loss_loan,news_loss_loan,public history import: normalize key casing
News_losses_mil,news_losses_mil,public history import: normalize key casing
News_losses_mil_02,news_losses_mil_02,public history import: normalize key casing
News_madcow,news_madcow_sued,"public history import: case-collision split: distinct source, 2026-09-26"
News_management_new,news_management_new,public history import: normalize key casing
News_management_new_03,news_management_new_03,public history import: normalize key casing
News_management_personnel,news_management_personnel,public history import: normalize key casing
News_management_personnel_02,news_management_personnel_02,public history import: normalize key casing
News_management_shuffle,news_management_shuffle,public history import: normalize key casing
News_management_terminated_extreme,news_management_terminated_extreme,public history import: normalize key casing
News_market_sharplyhigh,news_market_sharplyhigh,public history import: normalize key casing
News_marketing_excellent,news_marketing_excellent,public history import: normalize key casing
News_merger_option_settled,news_merger_option_settled,public history import: normalize key casing
News_mil_losses,news_mil_losses,public history import: normalize key casing
News_mil_stock,news_mil_stock,public history import: normalize key casing
News_militants_blow_02,news_militants_blow_02,public history import: normalize key casing
News_mineral_found,news_mineral_found,public history import: normalize key casing
News_moves_part_operations,news_moves_part_operations,public history import: normalize key casing
News_oilspill,news_oilspill,public history import: normalize key casing
News_option_buy,news_option_buy,public history import: normalize key casing
News_option_buyback,news_option_buyback,public history import: normalize key casing
News_option_settled,news_option_settled,public history import: normalize key casing
News_option_short,news_option_short,public history import: normalize key casing
News_options_granted_since,news_options_granted_since,public history import: normalize key casing
News_organized_loot,news_organized_loot,public history import: normalize key casing
News_other_04,news_other_04,public history import: normalize key casing
News_other_05,news_other_05,public history import: normalize key casing
News_overvaluedMarket,news_overvaluedmarket,public history import: normalize key casing
News_ozone_damage,news_ozone_damage,public history import: normalize key casing
News_penalized_fraud,news_penalized_fraud,public history import: normalize key casing
News_penalized_fraud_02,news_penalized_fraud_02,public history import: normalize key casing
News_plant_torched_striking,news_plant_torched_striking,public history import: normalize key casing
News_player_TaxableIncome,news_player_taxableincome,public history import: normalize key casing
News_player_advance_call,news_player_advance_call,public history import: normalize key casing
News_player_ceoelect,news_player_ceoelect,public history import: normalize key casing
News_player_control_loss,news_player_control_loss,public history import: normalize key casing
News_player_cryptosell,news_player_cryptosell,public history import: normalize key casing
News_player_finalpaycheck,news_player_finalpaycheck,"public history import: key cleanup (advisory family / case), 2026-09-26"
News_player_fire,news_player_fire,public history import: normalize key casing
News_player_futures_settled,news_player_futures_settled,public history import: normalize key casing
News_player_gain_commodity,news_player_gain_commodity,public history import: normalize key casing
News_player_loseceo_liquidation,news_player_loseceo_liquidation,public history import: normalize key casing
News_player_margincall,news_player_margincall,public history import: normalize key casing
News_player_purchases_calloptions,news_player_purchases_calloptions,public history import: normalize key casing
News_player_sells_calloptions_loss,news_player_sells_calloptions_loss,public history import: normalize key casing
News_player_setup,news_player_setup,public history import: normalize key casing
News_player_stock_options_granted,news_player_stock_options_granted,public history import: normalize key casing
News_player_stocksell,news_player_stocksell,public history import: normalize key casing
News_player_taxpayment_no,news_player_taxpayment_no,public history import: normalize key casing
News_player_total_income_tax,news_player_total_income_tax,public history import: normalize key casing
News_rapidly_growing,news_rapidly_growing,public history import: normalize key casing
News_raptor,news_raptor,public history import: normalize key casing
News_rate_prime,news_rate_prime,public history import: normalize key casing
News_rating_agencies_list,news_rating_agencies_list,public history import: normalize key casing
News_recaptures_excess_loss,news_recaptures_excess_loss,public history import: normalize key casing
News_recentnews,news_recentnews,public history import: normalize key casing
News_recentsummary,news_recentsummary,public history import: normalize key casing
News_reports_earnings_well2,news_reports_earnings_well2,public history import: normalize key casing
News_restaurant_fire,news_restaurant_fire,public history import: normalize key casing
News_restructuring_writeoff,news_restructuring_writeoff,public history import: normalize key casing
News_riotloot,news_riotloot,public history import: normalize key casing
News_roadkill,news_roadkill,public history import: normalize key casing
News_say_analysts,news_say_analysts,public history import: normalize key casing
News_say_analysts_02,news_say_analysts_02,public history import: normalize key casing
News_securitycode,news_securitycode,public history import: normalize key casing
News_settle_faude_newdrug,news_settle_faude_newdrug,public history import: normalize key casing
News_settled_gain,news_settled_gain,public history import: normalize key casing
News_ship_sinks_storm,news_ship_sinks_storm,public history import: normalize key casing
News_spacebase_cost,news_spacebase_cost,public history import: normalize key casing
News_stock_bank,news_stock_bank,public history import: normalize key casing
News_stock_options,news_stock_options,public history import: normalize key casing
News_stock_split,news_stock_split,public history import: normalize key casing
News_stockrise_govtbond_auction,news_stockrise_govtbond_auction,public history import: normalize key casing
News_swap_result,news_swap_result,public history import: normalize key casing
News_swap_transfer,news_swap_transfer,public history import: normalize key casing
News_tax_income,news_tax_income,public history import: normalize key casing
News_taxcredit_eliminated,news_taxcredit_eliminated,public history import: normalize key casing
News_terrorist_nuclearplant,news_terrorist_nuclearplant,public history import: normalize key casing
News_traincrash,news_traincrash,public history import: normalize key casing
News_trend_upturn,news_trend_upturn,public history import: normalize key casing
News_voting_control,news_player_seize_player,public history import: renamed; @CORP2 -> @PLAYER1
News_wheat_crop_devastated,news_wheat_crop_devastated,public history import: normalize key casing
News_workers_riot,news_workers_riot,public history import: normalize key casing
News_workers_strike,news_workers_strike,public history import: normalize key casing
Newstemplate,newstemplate,public history import: normalize key casing
Overdraft_margincall_1,overdraft_margincall_1,public history import: normalize key casing
Overdraft_margincall_2,overdraft_margincall_2,public history import: normalize key casing
Overdraft_margincall_3,overdraft_margincall_3,public history import: normalize key casing
Overdraft_margincall_title,overdraft_margincall_title,public history import: normalize key casing
PersProfile_ceo_salary_bonus,persprofile_ceo_salary_bonus,public history import: normalize key casing
Physicalbuy_1,physicalbuy_type,public history import: 2026-09-26 이름 정리 (@COMMODITY 종류별 매수 수량 입력문)
Physicalbuy_2,physicalbuy_2,public history import: normalize key casing
Physicalbuy_2_corp,physicalbuy_2_corp,public history import: normalize key casing
Physicalbuy_3,physicalbuy_3,public history import: normalize key casing
Physicalbuy_confirm_2,physicalbuy_confirm_2,public history import: normalize key casing
Physicalbuy_confirm_3,physicalbuy_confirm_3,public history import: normalize key casing
Physicalbuy_confirm_crypto,physicalbuy_confirm_crypto,public history import: normalize key casing
Physicalbuy_confirm_crypto_buyer,physicalbuy_confirm_crypto_buyer,public history import: normalize key casing
Physicalbuy_confirm_realized,physicalbuy_confirm_realized,public history import: normalize key casing
Physicalbuy_confirm_title,physicalbuy_order_confirm_title,"public history import: case-collision split: distinct source, 2026-09-26"
Physicalbuy_confirm_total,physicalbuy_confirm_total,public history import: normalize key casing
Physicalbuy_input,bondbuy_corp_input,public history import: 2026-09-26 회사채 매수 입력문이라 Bondbuy_corp_ 계열로 이동
Physicalbuy_result_price,physicalbuy_result_price,public history import: normalize key casing
Physicalbuy_title,physicalbuy_title,public history import: normalize key casing
Physicalbuy_type,physicalbuy_type,public history import: normalize key casing
Popup_Corp_issue_bond,popup_corp_issue_bond,public history import: normalize key casing
Popup_ETF_futurestrade_stop,news_etf_ceased_futuretrading,public history import: normalize key casing
Popup_bargain_market_dec,popup_bargain_market_dec,public history import: normalize key casing
Popup_commodity_highstay,popup_commodity_highstay,public history import: normalize key casing
Popup_corp_commodity_expire,popup_corp_commodity_expire,public history import: normalize key casing
Popup_divestiture_annonce_body,popup_divestiture_annonce_body,public history import: normalize key casing
Popup_divestiture_annonce_title,popup_divestiture_annonce_title,public history import: normalize key casing
Popup_dividend_rate_unchanged,change_dividend_unchanged,public history import: 2026-09-24 change_dividend_ 계열과 이름 통일
Popup_earning_unchanged,popup_earning_unchanged,public history import: normalize key casing
Popup_event_standby,popup_event_standby,public history import: normalize key casing
Popup_event_standby_approval,popup_event_standby_approval,public history import: normalize key casing
Popup_fed_tightning_end,popup_fed_tightning_end,public history import: normalize key casing
Popup_financailnews,popup_financailnews,public history import: normalize key casing
Popup_financialNews_TAXINC,popup_financialnews_taxinc,public history import: normalize key casing
Popup_futures_expiring,popup_futures_expiring,public history import: normalize key casing
Popup_management_sacked,popup_management_sacked,public history import: normalize key casing
Popup_managementfired,popup_managementfired,public history import: normalize key casing
Popup_nooption_granted,popup_nooption_granted,public history import: normalize key casing
Popup_player_CallAdvance,popup_player_calladvance,public history import: normalize key casing
Popup_player_lost_control,popup_player_lost_control,public history import: normalize key casing
Popup_player_lostcontrol,popup_player_lostcontrol,public history import: normalize key casing
Popup_profit-taking,popup_profit-taking,public history import: normalize key casing
Popup_regulator_interlocking1,popup_regulator_interlocking1,public history import: normalize key casing
Popup_stockmarket_reversal,popup_stockmarket_reversal,public history import: normalize key casing
Popup_stockmarket_strongrally,popup_bargain_market_dec,public history import: 2026-09-26 병합: 저가매수 헤드라인 4→1
Popup_streak_ended,popup_streak_ended,public history import: normalize key casing
Popup_trustee_fire_ETF,popup_trustee_fire_etf,public history import: normalize key casing
Prepay_2,prepay_2,public history import: normalize key casing
Prepay_3,prepay_3,public history import: normalize key casing
Prepay_title,prepay_title,public history import: normalize key casing
ReportReport_unchanged,earningreport_sales_unchanged,"public history import: typo fix, 2026-09-26"
Request_stockbuy_1,request_stockbuy_1,public history import: normalize key casing
Research-report_still_loss,researchreport_incurringlosses_fiscal,public history import: 2026-09-26 병합: is/still + 이유(마케팅/R&D) 6→1
ResearchReport_3xLeverage,researchreport_3xleverage,public history import: normalize key casing
ResearchReport_AnalystPrice,researchreport_analystprice,public history import: normalize key casing
ResearchReport_BadDebtReserves,researchreport_baddebtreserves,public history import: normalize key casing
ResearchReport_CEO,researchreport_ceo,public history import: normalize key casing
ResearchReport_ETF_Excellent,researchreport_etf_excellent,public history import: normalize key casing
ResearchReport_FED_ratelower,researchreport_fed_rate,public history import: merged into {|} choice template
ResearchReport_InsuranceGrowth_Minus,researchreport_insurancegrowth_minus,public history import: normalize key casing
ResearchReport_Largeinvest,researchreport_largeinvest,public history import: normalize key casing
ResearchReport_Last_quarter_Hedging,researchreport_last_quarter_hedging,public history import: normalize key casing
ResearchReport_Lowint_goodEarning,researchreport_lowint_goodearning,public history import: normalize key casing
ResearchReport_NoSeniorDebt,researchreport_noseniordebt,public history import: normalize key casing
ResearchReport_StrongEarningGrowth,researchreport_strongearninggrowth,public history import: normalize key casing
ResearchReport_analstproject,researchreport_analstproject,public history import: normalize key casing
ResearchReport_analysttarget,researchreport_analysttarget,public history import: normalize key casing
ResearchReport_antitrust,researchreport_antitrust,public history import: normalize key casing
ResearchReport_assetshare,researchreport_assetshare,public history import: normalize key casing
ResearchReport_backginfo,researchreport_backginfo,public history import: normalize key casing
ResearchReport_baddebtPCT,researchreport_baddebtpct,public history import: normalize key casing
ResearchReport_badinsuring,researchreport_badinsuring,public history import: normalize key casing
ResearchReport_bank_interestincome_marketing,researchreport_bank_interestincome_marketing,public history import: normalize key casing
ResearchReport_bank_lossReserve,researchreport_bank_lossreserve,public history import: normalize key casing
ResearchReport_bankruptcy,researchreport_bankruptcy,public history import: normalize key casing
ResearchReport_bond_adjustcost,researchreport_bond_adjustcost,public history import: normalize key casing
ResearchReport_bondtrade_facev,researchreport_bondtrade_facev,public history import: normalize key casing
ResearchReport_bothcontrolled,researchreport_bothcontrolled,public history import: normalize key casing
ResearchReport_consistent_earning,researchreport_consistent_earning,public history import: normalize key casing
ResearchReport_control_manage,researchreport_control_manage,public history import: normalize key casing
ResearchReport_controlledby,researchreport_controlledby,public history import: normalize key casing
ResearchReport_convbond_price,researchreport_convbond_price,public history import: normalize key casing
ResearchReport_corpmanagement_competent,researchreport_corpmanagement_competent,public history import: normalize key casing
ResearchReport_corpmanagement_excellent,researchreport_corpmanagement_excellent,public history import: normalize key casing
ResearchReport_corpmanagement_failing,researchreport_corpmanagement_failing,public history import: normalize key casing
ResearchReport_corpmanagement_lead1,researchreport_corpmanagement_lead1,public history import: normalize key casing
ResearchReport_corpmanagement_mediocre,researchreport_corpmanagement_mediocre,public history import: normalize key casing
ResearchReport_corpmanagement_poor,researchreport_corpmanagement_poor,public history import: normalize key casing
ResearchReport_crudeoil_hedges,researchreport_crudeoil_hedges,public history import: normalize key casing
ResearchReport_est.quarterfee,researchreport_est.quarterfee,public history import: normalize key casing
ResearchReport_etf_noasset,researchreport_etf_noasset,public history import: normalize key casing
ResearchReport_etf_sector,researchreport_etf_sector,public history import: normalize key casing
ResearchReport_expanding,researchreport_expanding,public history import: normalize key casing
ResearchReport_expense_lower,researchreport_overhead_higher,public history import: 2026-09-26 병합 higher/lower
ResearchReport_extraord_income,researchreport_extraord_income,public history import: normalize key casing
ResearchReport_fcondition_solid,researchreport_fcondition_solid,public history import: normalize key casing
ResearchReport_fed_ratehigher,researchreport_fed_rate,public history import: merged into {|} choice template
ResearchReport_fund_manager_since,researchreport_fund_manager_since,public history import: normalize key casing
ResearchReport_fundfeepercent,researchreport_fundfeepercent,public history import: normalize key casing
ResearchReport_hedge_position,researchreport_hedge_position,public history import: normalize key casing
ResearchReport_hedge_program,researchreport_hedge_program,public history import: normalize key casing
ResearchReport_highdivinded_notsuitainable,researchreport_highdivinded_notsuitainable,public history import: normalize key casing
ResearchReport_highleverage,researchreport_highleverage,public history import: normalize key casing
ResearchReport_highly_leveraged,researchreport_highly_leveraged,public history import: normalize key casing
ResearchReport_incurringlosses_fiscal,researchreport_incurringlosses_fiscal,public history import: normalize key casing
ResearchReport_insurance_slowpace,researchreport_insurance_slowpace,public history import: normalize key casing
ResearchReport_insurance_underwriting,researchreport_insurance_underwriting,public history import: normalize key casing
ResearchReport_insurance_unprofit_neg,researchreport_insurance_unprofit_neg,public history import: normalize key casing
ResearchReport_intRate_harm,researchreport_intrate_harm,public history import: normalize key casing
ResearchReport_investcompany,researchreport_investcompany,public history import: normalize key casing
ResearchReport_large_taxcredit,researchreport_large_taxcredit,public history import: normalize key casing
ResearchReport_largediscount,researchreport_largediscount,public history import: normalize key casing
ResearchReport_largeoption_unknown,researchreport_largeoption_unknown,public history import: normalize key casing
ResearchReport_largepremium,researchreport_largepremium,public history import: normalize key casing
ResearchReport_limitedCash,researchreport_limitedcash,public history import: normalize key casing
ResearchReport_lowoil_bottomline,researchreport_lowoil_bottomline,public history import: normalize key casing
ResearchReport_marketshare_dominant1,researchreport_marketshare_dominant1,public history import: normalize key casing
ResearchReport_marketshare_dominant2,researchreport_marketshare_dominant2,public history import: normalize key casing
ResearchReport_menagement_fired,researchreport_menagement_fired,public history import: normalize key casing
ResearchReport_minorfactor,researchreport_minorfactor,public history import: normalize key casing
ResearchReport_mountain_debt,researchreport_mountain_debt,public history import: normalize key casing
ResearchReport_new_company,researchreport_new_company,public history import: normalize key casing
ResearchReport_notmanaged_by_Player,researchreport_notmanaged_by_player,public history import: normalize key casing
ResearchReport_offbalance_rateswap,researchreport_offbalance_rateswap,public history import: normalize key casing
ResearchReport_overhead_higher,researchreport_overhead_higher,public history import: normalize key casing
ResearchReport_positive_beforedebtpay,researchreport_positive_beforedebtpay,public history import: normalize key casing
ResearchReport_public_deposit,researchreport_public_deposit,public history import: normalize key casing
ResearchReport_rating,researchreport_rating,public history import: normalize key casing
ResearchReport_reasonable,researchreport_reasonable,public history import: normalize key casing
ResearchReport_reflect_earning,researchreport_reflect_earning,public history import: normalize key casing
ResearchReport_runout_cash,researchreport_runout_cash,public history import: normalize key casing
ResearchReport_sales_spending,researchreport_sales_spending,public history import: normalize key casing
ResearchReport_soleStockholder,researchreport_solestockholder,public history import: normalize key casing
ResearchReport_stady_decline,researchreport_stady_decline,public history import: normalize key casing
ResearchReport_stockoutstanding,researchreport_stockoutstanding,public history import: normalize key casing
ResearchReport_stockrange_Wide,researchreport_stockrange_wide,public history import: normalize key casing
ResearchReport_subsidiary_lead,researchreport_subsidiary_lead,public history import: normalize key casing
ResearchReport_subsidiary_lead_owned,researchreport_subsidiary_lead_owned,public history import: normalize key casing
ResearchReport_subsidiary_tail_contribution,researchreport_subsidiary_tail_contribution,public history import: normalize key casing
ResearchReport_subsidiary_tail_nothing,researchreport_subsidiary_tail_nothing,public history import: normalize key casing
ResearchReport_subsidiary_tail_offset,researchreport_subsidiary_tail_offset,public history import: normalize key casing
ResearchReport_summary,researchreport_summary,public history import: normalize key casing
ResearchReport_title,researchreport_title,public history import: normalize key casing
ResearchReport_valuepershare,researchreport_valuepershare,public history import: normalize key casing
ResearchReport_whollysub,researchreport_whollysub,public history import: normalize key casing
ResearchReport_workingcapital_shortage,researchreport_workingcapital_shortage,public history import: normalize key casing
ResearchReport_wrotedown_mortgagesec,researchreport_wrotedown_mortgagesec,public history import: normalize key casing
ResearchReport_yearly_earnings,researchreport_yearly_earnings,public history import: normalize key casing
ResearchReport_years_netloss,researchreport_years_netloss,public history import: normalize key casing
ResearchRport_Verylow_PER,researchreport_verylow_per,"public history import: typo fix, 2026-09-26"
Research_ETF_Highincome,research_etf_highincome,public history import: normalize key casing
Research_ETF_Performance,research_etf_performance,public history import: normalize key casing
Research_ETF_bluechip,research_etf_bluechip,public history import: normalize key casing
Research_ext.loss,research_ext.loss,public history import: normalize key casing
Restructuring_input,restructuring_input,public history import: normalize key casing
Restructuring_title,restructuring_title,public history import: normalize key casing
SearchUI_analyst,searchui_analyst,public history import: normalize key casing
SearchUI_analystfavorite,searchui_analystfavorite,public history import: normalize key casing
SearchUI_analystfavorite_desc,searchui_analystfavorite_desc,public history import: normalize key casing
SearchUI_analystrating,searchui_analystrating,public history import: normalize key casing
SearchUI_any,searchui_any,public history import: normalize key casing
SearchUI_bluechips_desc,searchui_bluechips_desc,public history import: normalize key casing
SearchUI_bond,searchui_bond,public history import: normalize key casing
SearchUI_bondopportunity,searchui_bondopportunity,public history import: normalize key casing
SearchUI_bondopportunity_desc,searchui_bondopportunity_desc,public history import: normalize key casing
SearchUI_bondprice,searchui_bondprice,public history import: normalize key casing
SearchUI_bondytm,searchui_bondytm,public history import: normalize key casing
SearchUI_bookvalue,searchui_bookvalue,public history import: normalize key casing
SearchUI_convertibles,searchui_convertibles,public history import: normalize key casing
SearchUI_convpremium,searchui_convpremium,public history import: normalize key casing
SearchUI_creditrating,searchui_creditrating,public history import: normalize key casing
SearchUI_creditrating_exact,searchui_creditrating_exact,public history import: normalize key casing
SearchUI_dividendp,searchui_dividendp,public history import: normalize key casing
SearchUI_growthstock,searchui_growthstock,public history import: normalize key casing
SearchUI_growthstock_desc,searchui_growthstock_desc,public history import: normalize key casing
SearchUI_havebonds,searchui_havebonds,public history import: normalize key casing
SearchUI_incomestocks,searchui_incomestocks,public history import: normalize key casing
SearchUI_incomestocks_desc,searchui_incomestocks_desc,public history import: normalize key casing
SearchUI_management,searchui_management,public history import: normalize key casing
SearchUI_management_exact,searchui_management_exact,public history import: normalize key casing
SearchUI_maturity,searchui_maturity,public history import: normalize key casing
SearchUI_maxcap,searchui_maxcap,public history import: normalize key casing
SearchUI_maxconv,searchui_maxconv,public history import: normalize key casing
SearchUI_maxpbr,searchui_maxpbr,public history import: normalize key casing
SearchUI_maxper,searchui_maxper,public history import: normalize key casing
SearchUI_mincap,searchui_mincap,public history import: normalize key casing
SearchUI_mindiv,searchui_mindiv,public history import: normalize key casing
SearchUI_minroe,searchui_minroe,public history import: normalize key casing
SearchUI_noetf,searchui_noetf,public history import: normalize key casing
SearchUI_nofinancial,searchui_nofinancial,public history import: normalize key casing
SearchUI_noholdings,searchui_noholdings,public history import: normalize key casing
SearchUI_publicshare,searchui_publicshare,public history import: normalize key casing
SearchUI_shortscore,searchui_shortscore,public history import: normalize key casing
SearchUI_showingcompanies,searchui_showingcompanies,public history import: normalize key casing
SearchUI_smallcap_desc,searchui_smallcap_desc,public history import: normalize key casing
SearchUI_takeovertarget,searchui_takeovertarget,public history import: normalize key casing
SearchUI_takeovertarget_desc,searchui_takeovertarget_desc,public history import: normalize key casing
SearchUI_valueplays,searchui_valueplays,public history import: normalize key casing
SearchUI_valueplays_desc,searchui_valueplays_desc,public history import: normalize key casing
Setting_autosave_off,setting_autosave_off,public history import: normalize key casing
Setting_autosave_on,setting_autosave_on,public history import: normalize key casing
Setting_externalBrowe_3,setting_externalbrowe_3,public history import: normalize key casing
Special_dividend_input,special_dividend_input,public history import: normalize key casing
Special_dividend_title,special_dividend_title,public history import: normalize key casing
Startup_already_this_year,startup_already_this_year,public history import: normalize key casing
Startup_nomoney1,startup_nomoney1,public history import: normalize key casing
Stocksplit_title,stocksplit_title,public history import: normalize key casing
Swap_title,swap_contract_title,public history import: normalize key casing (swap_title is retired -> swap_terms_title)
Trade_not_enough_LOC,trade_not_enough_loc,public history import: normalize key casing
Tutorial_1-11_title,tutorial_1-11_title,public history import: normalize key casing
Tutorial_1-14_body,tutorial_1-14_body,public history import: normalize key casing
Tutorial_1-14_title,tutorial_1-14_title,public history import: normalize key casing
Tutorial_1-1_body,tutorial_1-1_body,public history import: normalize key casing
Tutorial_1-1_title,tutorial_1-1_title,public history import: normalize key casing
Tutorial_1-2_body,tutorial_1-2_body,public history import: normalize key casing
Tutorial_1-2_title,tutorial_1-2_title,public history import: normalize key casing
Tutorial_1-3_title,tutorial_1-3_title,public history import: normalize key casing
Tutorial_1-4_title,tutorial_1-4_title,public history import: normalize key casing
Tutorial_12_body,tutorial_12_body,public history import: normalize key casing
Tutorial_15_body,tutorial_15_body,public history import: normalize key casing
Tutorial_2_10_body,tutorial_2_10_body,public history import: normalize key casing
Tutorial_2_10_title,tutorial_2_10_title,public history import: normalize key casing
Tutorial_2_11_body,tutorial_2_11_body,public history import: normalize key casing
Tutorial_2_11_title,tutorial_2_11_title,public history import: normalize key casing
Tutorial_2_12_title,tutorial_2_12_title,public history import: normalize key casing
Tutorial_2_13_body,tutorial_2_13_body,public history import: normalize key casing
Tutorial_2_13_title,tutorial_2_13_title,public history import: normalize key casing
Tutorial_2_14_body,tutorial_2_14_body,public history import: normalize key casing
Tutorial_2_14_title,tutorial_2_14_title,public history import: normalize key casing
Tutorial_2_15_title,tutorial_2_15_title,public history import: normalize key casing
Tutorial_2_16_body,tutorial_2_16_body,public history import: normalize key casing
Tutorial_2_16_title,tutorial_2_16_title,public history import: normalize key casing
Tutorial_2_17_body,tutorial_2_17_body,public history import: normalize key casing
Tutorial_2_17_title,tutorial_2_17_title,public history import: normalize key casing
Tutorial_2_18_body,tutorial_2_18_body,public history import: normalize key casing
Tutorial_2_18_title,tutorial_2_18_title,public history import: normalize key casing
Tutorial_2_19_body,tutorial_2_19_body,public history import: normalize key casing
Tutorial_2_19_title,tutorial_2_19_title,public history import: normalize key casing
Tutorial_2_1_body,tutorial_2_1_body,public history import: normalize key casing
Tutorial_2_1_title,tutorial_2_1_title,public history import: normalize key casing
Tutorial_2_2_body,tutorial_2_2_body,public history import: normalize key casing
Tutorial_2_2_title,tutorial_2_2_title,public history import: normalize key casing
Tutorial_2_3_body,tutorial_2_3_body,public history import: normalize key casing
Tutorial_2_3_title,tutorial_2_3_title,public history import: normalize key casing
Tutorial_2_4_body,tutorial_2_4_body,public history import: normalize key casing
Tutorial_2_4_title,tutorial_2_4_title,public history import: normalize key casing
Tutorial_2_5_body,tutorial_2_5_body,public history import: normalize key casing
Tutorial_2_6_title,tutorial_2_6_title,public history import: normalize key casing
Tutorial_2_7_body,tutorial_2_7_body,public history import: normalize key casing
Tutorial_2_7_title,tutorial_2_7_title,public history import: normalize key casing
Tutorial_2_8_body,tutorial_2_8_body,public history import: normalize key casing
Tutorial_3_1_body,tutorial_3_1_body,public history import: normalize key casing
Tutorial_3_1_title,tutorial_3_1_title,public history import: normalize key casing
Tutorial_3_2_body,tutorial_3_2_body,public history import: normalize key casing
Tutorial_3_2_title,tutorial_3_2_title,public history import: normalize key casing
Tutorial_3_3_body,tutorial_3_3_body,public history import: normalize key casing
Tutorial_3_3_title,tutorial_3_3_title,public history import: normalize key casing
Tutorial_3_4_body,tutorial_3_4_body,public history import: normalize key casing
Tutorial_3_4_title,tutorial_3_4_title,public history import: normalize key casing
Tutorial_4_10_body,tutorial_4_10_body,public history import: normalize key casing
Tutorial_4_10_title,tutorial_4_10_title,public history import: normalize key casing
Tutorial_4_11_body,tutorial_4_11_body,public history import: normalize key casing
Tutorial_4_11_title,tutorial_4_11_title,public history import: normalize key casing
Tutorial_4_12_body,tutorial_4_12_body,public history import: normalize key casing
Tutorial_4_13_body,tutorial_4_13_body,public history import: normalize key casing
Tutorial_4_13_title,tutorial_4_13_title,public history import: normalize key casing
Tutorial_4_14_title,tutorial_4_14_title,public history import: normalize key casing
Tutorial_4_15_body,tutorial_4_15_body,public history import: normalize key casing
Tutorial_4_16_body,tutorial_4_16_body,public history import: normalize key casing
Tutorial_4_16_title,tutorial_4_16_title,public history import: normalize key casing
Tutorial_4_17_body,tutorial_4_17_body,public history import: normalize key casing
Tutorial_4_17_title,tutorial_4_17_title,public history import: normalize key casing
Tutorial_4_18_body,tutorial_4_18_body,public history import: normalize key casing
Tutorial_4_18_title,tutorial_4_18_title,public history import: normalize key casing
Tutorial_4_1_body,tutorial_4_1_body,public history import: normalize key casing
Tutorial_4_1_title,tutorial_4_1_title,public history import: normalize key casing
Tutorial_4_20_body,tutorial_4_20_body,public history import: normalize key casing
Tutorial_4_20_title,tutorial_4_20_title,public history import: normalize key casing
Tutorial_4_21_body,tutorial_4_21_body,public history import: normalize key casing
Tutorial_4_21_title,tutorial_4_21_title,public history import: normalize key casing
Tutorial_4_22_body,tutorial_4_22_body,public history import: normalize key casing
Tutorial_4_22_title,tutorial_4_22_title,public history import: normalize key casing
Tutorial_4_2_body,tutorial_4_2_body,public history import: normalize key casing
Tutorial_4_2_title,tutorial_4_2_title,public history import: normalize key casing
Tutorial_4_3_body,tutorial_4_3_body,public history import: normalize key casing
Tutorial_4_3_title,tutorial_4_3_title,public history import: normalize key casing
Tutorial_4_4_body,tutorial_4_4_body,public history import: normalize key casing
Tutorial_4_4_title,tutorial_4_4_title,public history import: normalize key casing
Tutorial_4_5_body,tutorial_4_5_body,public history import: normalize key casing
Tutorial_4_5_title,tutorial_4_5_title,public history import: normalize key casing
Tutorial_4_6_body,tutorial_4_6_body,public history import: normalize key casing
Tutorial_4_6_title,tutorial_4_6_title,public history import: normalize key casing
Tutorial_4_7_body,tutorial_4_7_body,public history import: normalize key casing
Tutorial_4_7_title,tutorial_4_7_title,public history import: normalize key casing
Tutorial_4_8_body,tutorial_4_8_body,public history import: normalize key casing
Tutorial_4_8_title,tutorial_4_8_title,public history import: normalize key casing
Tutorial_4_9_body,tutorial_4_9_body,public history import: normalize key casing
Tutorial_5_1_body,tutorial_5_1_body,public history import: normalize key casing
Tutorial_5_1_title,tutorial_5_1_title,public history import: normalize key casing
Tutorial_5_2_body,tutorial_5_2_body,public history import: normalize key casing
Tutorial_5_2_title,tutorial_5_2_title,public history import: normalize key casing
Tutorial_5_3_body,tutorial_5_3_body,public history import: normalize key casing
Tutorial_5_3_title,tutorial_5_3_title,public history import: normalize key casing
Tutorial_5_6_body,tutorial_5_6_body,public history import: normalize key casing
Tutorial_5_6_title,tutorial_5_6_title,public history import: normalize key casing
Tutorial_6_body,tutorial_6_body,public history import: normalize key casing
Tutorial_anothertutorial,tutorial_anothertutorial,public history import: normalize key casing
Tutorial_introduction_1_desc,tutorial_introduction_1_desc,public history import: normalize key casing
Tutorial_introduction_1_title,tutorial_introduction_1_title,public history import: normalize key casing
Tutorial_introduction_2_desc,tutorial_introduction_2_desc,public history import: normalize key casing
Tutorial_introduction_2_title,tutorial_introduction_2_title,public history import: normalize key casing
Tutorial_introduction_3_desc,tutorial_introduction_3_desc,public history import: normalize key casing
Tutorial_introduction_3_title,tutorial_introduction_3_title,public history import: normalize key casing
Tutorial_introduction_4_desc,tutorial_introduction_4_desc,public history import: normalize key casing
Tutorial_introduction_4_title,tutorial_introduction_4_title,public history import: normalize key casing
Tutorial_introduction_5_desc,tutorial_introduction_5_desc,public history import: normalize key casing
Tutorial_introduction_5_title,tutorial_introduction_5_title,public history import: normalize key casing
Tutorial_keepplaying,tutorial_keepplaying,public history import: normalize key casing
Tutorial_scenariocomplete,tutorial_scenariocomplete,public history import: normalize key casing
UI-109025b4,general_none_in_existence,public history import: merged into {|} choice template (all.csv merge pass 2026-09-27)
UI-2993f0b1,advisory_ind_influenced_growth,public history import: merged into {|} choice template (all.csv merge pass 2026-09-27)
UI-3aa031a7,advisory_feature_broker_tapering,public history import: merged into {|} choice template (all.csv merge pass 2026-09-27)
UI-66e57054,advisory_feature_shiper_ecoact,public history import: renamed
UI-67a17c5d,general_press_ok,public history import: merged into {|} choice template (all.csv merge pass 2026-09-27)
UI-72c1f4c8,futuresbuy_confirm_title_variant2,"public history import: duplicate of existing data (runtime), 2026-09-26"
UI-961d84ab,advisory_commodity_ascent_succession,public history import: merged into {|} choice template
UI-9bc37212,advisory_tail_boost_profits,public history import: merged into {|} choice template (all.csv merge pass 2026-09-27)
UI-9f224a00,advisory_ind_influenced_growth,public history import: merged into {|} choice template (all.csv merge pass 2026-09-27)
UI-a7becd4c,physicalbuy_confirm_yn,public history import: merged into {|} choice template (all.csv merge pass 2026-09-27)
UI-abbd5efe,popup_bargain_market_dec,public history import: 2026-09-26 병합: 저가매수 헤드라인 4→1
UI-b0faae5b,futuresshort_confirm_commodity,public history import: 2026-09-26 병합: @COMMODITY FUTURES SHORT SALE CONFIRMATION: 템플릿이 커버
UI-b30c4b1b,advisory_feature_drink_cornsyrup,public history import: user named News_feature_drink_cornsyrup in all1.csv; news_feature -> advisory_feature rule (2026-09-27)
UI-b4ed2a7f,general_none_in_existence,public history import: merged into {|} choice template (all.csv merge pass 2026-09-27)
UI-c80a4d9b,advisory_tail_boost_profits,public history import: merged into {|} choice template (all.csv merge pass 2026-09-27)
UI-d5bb3973,trade_tbill_3_1,public history import: merged into {|} choice template (all.csv merge pass 2026-09-27)
UI-dcbead31,General_banklender,public history import: renamed by user in all1.csv (2026-09-27)
UI-e1494fb0,advisory_feature_mobile_unit_sales_phones_well,"public history import: advisory_feature_<industry> naming (WSR.EXE), 2026-09-26"
UI-ed1685e1,futuresshort_confirm_commodity,public history import: 2026-09-26 병합: @COMMODITY FUTURES SHORT SALE CONFIRMATION: 템플릿이 커버
UI-ffb08173,futuresbuy_confirm_title_variant2,"public history import: duplicate of existing data (runtime), 2026-09-26"
action_bankchange_1,bankchange_input,public history import: renamed by user (2026-09-27)
actionbar_corp_become_ETF,actionbar_corp_become_etf,public history import: normalize key casing
advanceoption_trade_BS_1,advanceoption_trade_bs_1,public history import: normalize key casing
advanceoption_trade_BS_2,advanceoption_trade_bs_2,public history import: normalize key casing
advisory_BurningCash,advisory_burningcash,public history import: normalize key casing
advisory_Crypto_soared,advisory_crypto_soared,public history import: normalize key casing
advisory_ETF,advisory_etf,public history import: normalize key casing
advisory_ETF_excellent,advisory_etf_excellent,public history import: normalize key casing
advisory_ETF_management,advisory_etf_management,public history import: normalize key casing
advisory_IntRate_longgovt_movement,advisory_intrate_longgovt_movement,public history import: normalize key casing
advisory_auto_highoil,advisory_feature_auto_high_prices_fuel_seen,"public history import: advisory_feature_<industry> naming (WSR.EXE), 2026-09-26"
advisory_bullmarket,advisory_bearmarket,public history import: 2026-09-26 병합 bear/bull
advisory_commodity_full_spot_streak_up,advisory_price_streak_each,public history import: merged spot-price/ETF NAV streak rows
advisory_commodity_spot_fallen_each,advisory_price_streak_each,public history import: merged into {|} choice template
advisory_creditrating_current,researchreport_rating,public history import: duplicate source and translation
advisory_estimatev_fund_and,advisory_fund_adjprice_trend,public history import: merged and/but variants into one choice template
advisory_feature_insurance_LowIntRate,advisory_feature_insurance_lowintrate,public history import: normalize key casing
advisory_feature_insurance_good1,advisory_feature_insurance_investment,"public history import: key cleanup (advisory family / case), 2026-09-26"
advisory_feature_leisure_ReduceDemand,advisory_feature_leisure_reducedemand,public history import: normalize key casing
advisory_feature_medicare_Govt_cutback,advisory_feature_medicare_govt_cutback,public history import: normalize key casing
advisory_features_investment,advisory_feature_insurance_investment,"public history import: {} merge, 2026-09-26"
advisory_fund_price_up,advisory_fund_price_down,public history import: 2026-09-26 병합 declined/risen
advisory_highInt_tightmoney,advisory_highint_tightmoney,public history import: normalize key casing
advisory_highgrain_cost,advisory_feature_farm_high_grain_prices_driven,"public history import: advisory_feature_<industry> naming (WSR.EXE), 2026-09-26"
advisory_however_recently,advisory_stock_falling_recently,public history import: merged into {|} choice template (all.csv merge pass 2026-09-27)
advisory_however_share_value,advisory_stock_falling_recently,public history import: merged into {|} choice template (all.csv merge pass 2026-09-27)
advisory_inarow_fallen,advisory_share_inarow,public history import: merged into {|} choice template
advisory_inarow_succession,advisory_share_inarow,public history import: merged share price/value variants
advisory_ind_nogrowth,advisory_demand_not_growing,public history import: renamed; contracting clause optional
advisory_outlook_lead_acceptable_profit_levels_in_the_ind_industry,advisory_outlook_lead_acceptable_profit,public history import: 2026-09-26 outlook 키 길이 단축
advisory_outlook_lead_bleak_for_the_ind_industry,advisory_outlook_lead_bleak_ind_industry,public history import: 2026-09-26 outlook 키 길이 단축
advisory_outlook_lead_continuing_hefty_profits,advisory_outlook_lead_continuing_hefty,public history import: 2026-09-26 outlook 키 길이 단축
advisory_outlook_lead_decent_profit_levels_in_the_ind_industry,advisory_outlook_lead_decent_profit_levels,public history import: 2026-09-26 outlook 키 길이 단축
advisory_outlook_lead_excellent_for_the_ind_industry,advisory_outlook_lead_excellent_ind_industry,public history import: 2026-09-26 outlook 키 길이 단축
advisory_outlook_lead_high_levels_of_profitability_for_the_ind_industry,advisory_outlook_lead_high_levels,public history import: 2026-09-26 outlook 키 길이 단축
advisory_outlook_lead_near_notexceptionalprofit,advisory_outlook_lead_near,public history import: 2026-09-26 outlook 키 길이 단축
advisory_outlook_lead_satisfactory_profitability_in_the_ind_industry,advisory_outlook_lead_satisfactory,public history import: 2026-09-26 outlook 키 길이 단축
advisory_outlook_lead_severe_pressure_on_profit_margins_in_the_ind_industry,advisory_outlook_lead_severe_pressure_profit,public history import: 2026-09-26 outlook 키 길이 단축
advisory_outlook_lead_very_difficult_conditions_in_the_ind_industry,advisory_outlook_lead_very_difficult,public history import: 2026-09-26 outlook 키 길이 단축
advisory_outlook_lead_very_high_rates_of_return_on_capital_for_the_ind_industry,advisory_outlook_lead_very_high_rates_return,public history import: 2026-09-26 outlook 키 길이 단축
advisory_outlook_lead_widespread_losses_in_the_ind_industry,advisory_outlook_lead_widespread_losses_ind,public history import: 2026-09-26 outlook 키 길이 단축
advisory_outlook_tail_as_analysts_expect_demand_to_outstrip_growth_in_capacity,advisory_outlook_tail_analysts_expect_demand,public history import: 2026-09-26 outlook 키 길이 단축
advisory_outlook_tail_as_companies_continue_to_battle_for_market_share_despite_weak_demand,advisory_outlook_tail_marketshare_weakdemand,public history import: merged into {|} choice template; shorter key
advisory_outlook_tail_as_companies_continue_to_compete_for_market_share_despite_weak_demand,advisory_outlook_tail_marketshare_weakdemand,public history import: merged into {|} choice template; shorter key
advisory_outlook_tail_as_companies_continue_to_fight_for_market_share_despite_weak_demand,advisory_outlook_tail_marketshare_weakdemand,public history import: merged into {|} choice template; shorter key
advisory_outlook_tail_as_companies_continue_to_struggle_for_market_share_despite_weak_demand,advisory_outlook_tail_marketshare_weakdemand,public history import: merged into {|} choice template; shorter key
advisory_outlook_tail_as_demand_is_falling_but_companies_are_expected_to_reduce_capacity_even_faster_which_should,advisory_outlook_tail_demand_falling_but,public history import: 2026-09-26 outlook 키 길이 단축
advisory_outlook_tail_as_demand_is_stagnant_but_companies_are_expected_to_reduce_capacity_which_should_eventuall,advisory_outlook_tail_demand_stagnant_but,public history import: 2026-09-26 outlook 키 길이 단축
advisory_outlook_tail_as_industry_demand_collapses_faster_than_companies_can_cut_back_capacity,advisory_outlook_tail_industry_demand,public history import: 2026-09-26 outlook 키 길이 단축
advisory_outlook_tail_but_demand_continues_to_grow_while_the_major_company_in_the_industry_corpfull_is_scaling_b,advisory_outlook_tail_but_demand_continues,public history import: 2026-09-26 outlook 키 길이 단축
advisory_outlook_tail_but_demand_continues_to_grow_while_the_major_company_in_the_industry_corpfull_is_shutting,advisory_outlook_tail_but_demand_continues_2,public history import: 2026-09-26 outlook 키 길이 단축
advisory_outlook_tail_but_demand_is_growing_while_companies_in_the_industry_are_reducing_capacity,advisory_outlook_tail_but_demand_growing,public history import: 2026-09-26 outlook 키 길이 단축
advisory_outlook_tail_but_with_overexpansion_likely_to_cut_into_the_current_rich_profit_margins_soon,advisory_outlook_tail_but_overexpansion,public history import: 2026-09-26 outlook 키 길이 단축
advisory_outlook_tail_dominant_expand_collapsing_demand,advisory_outlook_tail_dominant_expand,public history import: 2026-09-26 outlook 키 길이 단축
advisory_outlook_tail_improving_from_current_levels,advisory_outlook_tail_improving_current,public history import: 2026-09-26 outlook 키 길이 단축
advisory_outlook_tail_improving_from_current_levels_as_demand_growth_accelerates,advisory_outlook_tail_improving_current_2,public history import: 2026-09-26 outlook 키 길이 단축
advisory_outlook_tail_improving_from_current_levels_as_demand_growth_accelerates_and_capacity_is_reduced,advisory_outlook_tail_improving_current_3,public history import: 2026-09-26 outlook 키 길이 단축
advisory_outlook_tail_improving_from_current_levels_as_demand_growth_accelerates_and_the_number_of_storefronts_i,advisory_outlook_tail_improving_current_4,public history import: 2026-09-26 outlook 키 길이 단축
advisory_outlook_tail_improving_from_current_levels_as_demand_growth_picks_up,advisory_outlook_tail_improving_current_5,public history import: 2026-09-26 outlook 키 길이 단축
advisory_outlook_tail_improving_from_current_levels_as_demand_growth_picks_up_and_capacity_is_reduced,advisory_outlook_tail_improving_current_6,public history import: 2026-09-26 outlook 키 길이 단축
advisory_outlook_tail_industry_giant_corpfull_is_aggressively_raising_prices_rather_than_seeking_greater_market,advisory_outlook_tail_industry_giant,public history import: 2026-09-26 outlook 키 길이 단축
advisory_outlook_tail_industry_giant_corpfull_is_aggressively_raising_prices_rather_than_seeking_to_grow_market,advisory_outlook_tail_industry_giant_2,public history import: 2026-09-26 outlook 키 길이 단축
advisory_outlook_tail_industry_giant_corpfull_is_focusing_on_profits_rather_than_seeking_greater_market_share,advisory_outlook_tail_industry_giant_3,public history import: 2026-09-26 outlook 키 길이 단축
advisory_outlook_tail_industry_giant_corpfull_is_focusing_on_profits_rather_than_seeking_to_grow_market_share,advisory_outlook_tail_industry_giant_4,public history import: 2026-09-26 outlook 키 길이 단축
advisory_outlook_tail_industry_leader_corpfull_is_aggressively_raising_prices_rather_than_seeking_greater_market,advisory_outlook_tail_industry_leader,public history import: 2026-09-26 outlook 키 길이 단축
advisory_outlook_tail_industry_leader_corpfull_is_aggressively_raising_prices_rather_than_seeking_to_grow_market,advisory_outlook_tail_industry_leader_2,public history import: 2026-09-26 outlook 키 길이 단축
advisory_outlook_tail_industry_leader_corpfull_is_aggressively_raising_rates_rather_than_seeking_greater_market,advisory_outlook_tail_industry_leader_3,public history import: 2026-09-26 outlook 키 길이 단축
advisory_outlook_tail_industry_leader_corpfull_is_aggressively_raising_rates_rather_than_seeking_to_grow_market,advisory_outlook_tail_industry_leader_4,public history import: 2026-09-26 outlook 키 길이 단축
advisory_outlook_tail_industry_leader_corpfull_is_focusing_on_profitability_rather_than_gaining_market_share,advisory_outlook_tail_industry_leader_5,public history import: 2026-09-26 outlook 키 길이 단축
advisory_outlook_tail_industry_leader_corpfull_is_focusing_on_profits_rather_than_seeking_greater_market_share,advisory_outlook_tail_industry_leader_6,public history import: 2026-09-26 outlook 키 길이 단축
advisory_outlook_tail_industry_leader_corpfull_is_focusing_on_profits_rather_than_seeking_to_grow_market_share,advisory_outlook_tail_industry_leader_7,public history import: 2026-09-26 outlook 키 길이 단축
advisory_outlook_tail_leader_type_closing_boost,advisory_outlook_tail_leader_type_closing,public history import: 2026-09-26 outlook 키 길이 단축
advisory_outlook_tail_oversupply_finished_products,advisory_outlook_tail_oversupply_finished,public history import: 2026-09-26 outlook 키 길이 단축
advisory_outlook_tail_supply_demand_imbalance_2,advisory_outlook_tail_supply_demand,public history import: 2026-09-26 outlook 키 길이 단축
advisory_outlook_tail_the_current_lucrative_profit_environment_for_the_industry_is_likely_to_remain_stable_in_th,advisory_outlook_tail_current_lucrative,public history import: 2026-09-26 outlook 키 길이 단축
advisory_outlook_tail_the_current_mediocre_level_of_industry_profitability_is_projected_to_remain_relatively_sta,advisory_outlook_tail_current_mediocre_level,public history import: 2026-09-26 outlook 키 길이 단축
advisory_outlook_tail_with_companies_laying_off_staff_to_increase_profit_levels,advisory_outlook_tail_companies_laying_off,public history import: 2026-09-26 outlook 키 길이 단축
advisory_outlook_tail_with_companies_reducing_capacity_to_increase_profitability,advisory_outlook_tail_companies_reducing,public history import: 2026-09-26 outlook 키 길이 단축
advisory_outlook_tail_with_companies_reducing_production_to_increase_profit_levels,advisory_outlook_tail_companies_reducing_2,public history import: 2026-09-26 outlook 키 길이 단축
advisory_outlook_tail_with_companies_shutting_down_less_profitable_stores_to_increase_profitability,advisory_outlook_tail_companies_shutting,public history import: 2026-09-26 outlook 키 길이 단축
advisory_outlook_tail_with_excess_capacity_continuing_as_there_is_no_indication_of_any_significant_change_in_dep,advisory_outlook_tail_excess_capacity,public history import: 2026-09-26 outlook 키 길이 단축
advisory_outlook_tail_with_excess_capacity_continuing_as_there_is_no_indication_of_any_significant_change_in_dep_2,advisory_outlook_tail_excess_capacity_2,public history import: 2026-09-26 outlook 키 길이 단축
advisory_outlook_tail_with_excess_capacity_continuing_but_with_some_improvement_expected,advisory_outlook_tail_excess_capacity_3,public history import: 2026-09-26 outlook 키 길이 단축
advisory_outlook_tail_with_excessive_brutal_competition_continuing_as_there_is_no_indication_of_any_significant,advisory_outlook_tail_excessive_brutal,public history import: 2026-09-26 outlook 키 길이 단축
advisory_outlook_tail_with_excessive_brutal_competition_continuing_as_there_is_no_indication_of_any_significant_2,advisory_outlook_tail_excessive_brutal_2,public history import: 2026-09-26 outlook 키 길이 단축
advisory_outlook_tail_with_excessive_competition_continuing_but_with_some_improvement_expected,advisory_outlook_tail_excessive_competition,public history import: 2026-09-26 outlook 키 길이 단축
advisory_player_networthIncDec,advisory_player_networthincdec,public history import: normalize key casing
advisory_precious_metals_commodity,advisory_feature_preciousmetals_precious_metals_commodity_prices,"public history import: advisory_feature_<industry> naming (WSR.EXE), 2026-09-26"
advisory_precious_metals_companies,advisory_feature_preciousmetals_precious_metals_companies_often,"public history import: advisory_feature_<industry> naming (WSR.EXE), 2026-09-26"
advisory_succession,advisory_share_inarow,public history import: merged into {|} choice template
advisory_travel_being_affected,advisory_feature_hotel_travel_affected_somewhat_high,"public history import: advisory_feature_<industry> naming (WSR.EXE), 2026-09-26"
advisory_utility_profits_greatly,advisory_feature_utility_profits_not_greatly_affected,"public history import: advisory_feature_<industry> naming (WSR.EXE), 2026-09-26"
assetsell_offer_assets_input2,assetsell_offer_input2,public history import: renamed
bank_corploan_buy_list_selected1,news_bank_acquire_loan,public history import: renamed
bank_corploan_buy_list_selected2,news_bank_acquire_loan,public history import: merged into {|} choice template
bondsell_input_caution,warning_thinlytrade,public history import: 2026-09-26 이름 정리
buyphysicalCommodity_1,buyphysicalcommodity_1,public history import: normalize key casing
buyphysicalCommodity_title,buyphysicalcommodity_title,public history import: normalize key casing
calloptionbuy_notice_3_2,optionbuy_input_2,public history import: duplicate source and translation
cheat_disablelawsuits_govtanti_3,cheat_disablelawsuits_govtanti_2,public history import: 2026-09-26 번호 정렬 (병합으로 생긴 결번 정리)
command_Buycorpasset,command_buycorpasset,public history import: normalize key casing
command_cBondbuy_desc,command_cbondbuy_desc,public history import: normalize key casing
command_cBondsell_desc,command_cbondsell_desc,public history import: normalize key casing
command_commFuturesbuy_desc,command_commfuturesbuy_desc,public history import: normalize key casing
command_lBondbuy_desc,command_lbondbuy_desc,public history import: normalize key casing
command_lBondsell_desc,command_lbondsell_desc,public history import: normalize key casing
command_sBondbuy_desc,command_sbondbuy_desc,public history import: normalize key casing
command_sBondsell,command_sbondsell,public history import: normalize key casing
command_sBondsell_desc,command_sbondsell_desc,public history import: normalize key casing
dividend,general_dividend_yield,"public history import: key cleanup (routing prefix), 2026-09-26"
earning_report_margin_buisiness1,earning_report_margin_buisiness2,public history import: 2026-09-26 병합: pre - tax/pre-tax 2→1
earningreport_earningchanged,earningreport_earnings_lead_prior_quarter,"public history import: covered by earnings lead/tail fragments, 2026-09-26"
earningreport_earnings_tail_losses_worse_pct,earningreport_earnings_tail_vs_estimates,"public history import: covered by earnings lead/tail fragments, 2026-09-26"
earningreport_quarter_net_operating,earningreport_netoperatingloss,public history import: 2026-09-26 병합 loss/profit
earnings_cash_flow,earningreport_cashflow_quarter_tail,public history import: merged into {|} choice template
financial_52Highlow,financial_52highlow,public history import: normalize key casing
financial_52Highlow_value,financial_52highlow_value,public history import: normalize key casing
financial_AdvancesToCorporations,financial_advancestocorporations,public history import: normalize key casing
financial_AdvertisingInterest,financial_advertisinginterest,public history import: normalize key casing
financial_AnnualLiving,financial_annualliving,public history import: normalize key casing
financial_BadDebt,financial_baddebt,public history import: normalize key casing
financial_Bonuses,financial_bonuses,public history import: normalize key casing
financial_Borrowrate1,financial_borrowrate1,public history import: normalize key casing
financial_CEO,financial_ceo,public history import: normalize key casing
financial_CEOSalary,financial_ceosalary,public history import: normalize key casing
financial_CEOSalary_1,financial_ceosalary_1,public history import: normalize key casing
financial_CEO_Bonus,financial_ceo_bonus,public history import: normalize key casing
financial_Corp-player_dd,financial_corp-player_dd,public history import: normalize key casing
financial_CreditInfo,financial_creditinfo,public history import: normalize key casing
financial_CreditInfo_Rating,financial_creditinfo_rating,public history import: normalize key casing
financial_CreditRating,financial_creditrating,public history import: normalize key casing
financial_CurrentStockPrice,financial_currentstockprice,public history import: normalize key casing
financial_DividendPayout_value,financial_dividendpayout_value,public history import: normalize key casing
financial_DivindendYield,financial_divindendyield,public history import: normalize key casing
financial_Equity_networth,financial_equity_networth,public history import: normalize key casing
financial_Footnote,financial_footnote,public history import: normalize key casing
financial_GrowthRate,financial_growthrate,public history import: normalize key casing
financial_GrowthRate_deposit,financial_growthrate_deposit,public history import: normalize key casing
financial_INDEXfutures,financial_indexfutures,public history import: normalize key casing
financial_LoanToDeposit,financial_loantodeposit,public history import: normalize key casing
financial_MarketingSpend,financial_marketingspend,public history import: normalize key casing
financial_NetWorth1,financial_networth1,public history import: normalize key casing
financial_NetWorthPerShare,financial_networthpershare,public history import: normalize key casing
financial_NetWorthPerShare_value,financial_networthpershare_value,public history import: normalize key casing
financial_Networth2,financial_networth2,public history import: normalize key casing
financial_NextEarnings_value,financial_nextearnings_value,public history import: normalize key casing
financial_OperatingEarnings,financial_operatingearnings,public history import: normalize key casing
financial_PERx12,financial_perx12,public history import: normalize key casing
financial_QuarterEPS,financial_quartereps,public history import: normalize key casing
financial_ROE,financial_roe,public history import: normalize key casing
financial_Realizedcapital,financial_realizedcapital,public history import: normalize key casing
financial_ReservesToDeposits,financial_reservestodeposits,public history import: normalize key casing
financial_StockEarning_data,financial_stockearning_data,public history import: normalize key casing
financial_StockPrice,financial_stockprice,public history import: normalize key casing
financial_TodayDate,financial_todaydate,public history import: normalize key casing
financial_TotalStock,financial_totalstock,public history import: normalize key casing
financial_US_Dollar,financial_us_dollar,public history import: normalize key casing
financial_VariousFinancialRatios,financial_variousfinancialratios,public history import: normalize key casing
financial_VariousFinancialRatios_DebttoEquity,financial_variousfinancialratios_debttoequity,public history import: normalize key casing
financial_VariousFinancialRatios_Dividend,financial_variousfinancialratios_dividend,public history import: normalize key casing
financial_VariousFinancialRatios_PER,financial_variousfinancialratios_per,public history import: normalize key casing
financial_VariousFinancialRatios_ROE,financial_variousfinancialratios_roe,public history import: normalize key casing
financial_VriableSetting,financial_vriablesetting,public history import: normalize key casing
financial_Whollyowned,financial_whollyowned,public history import: normalize key casing
financial_YearEPS_notannounced,financial_yeareps_notannounced,public history import: normalize key casing
financial_YearToDateTaxableIncome,financial_yeartodatetaxableincome,public history import: normalize key casing
financial_largest_bondholder,financial_footnote_largest_bondholder,public history import: 2026-09-26 footnote 계열로 이동
financial_lia-equity_Longbond2,financial_lia-equity_longbond2,public history import: normalize key casing
financial_miscellaneous_IND,financial_miscellaneous_ind,public history import: normalize key casing
financial_miscellaneous_Publicowns,financial_miscellaneous_publicowns,public history import: normalize key casing
financial_miscellaneous_RNDTaxCredit,financial_miscellaneous_rndtaxcredit,public history import: normalize key casing
financial_miscellaneous_lossCarryover,financial_miscellaneous_losscarryover,public history import: normalize key casing
financial_oper_CashFlow,financial_oper_cashflow,public history import: normalize key casing
financial_totalLiability,financial_totalliability,public history import: normalize key casing
financialstatement_bondcallable_review,financial_footnote_bondcallable_review,public history import: 2026-09-26 접두사 정리 (financialstatement_/FinancialUI_ -> financial_footnote_/financial_)
financialstatement_bonddetails_review,financial_footnote_convertiblebond_1,public history import: merged into {|} choice template
financialstatement_bonddetails_review_detail,financial_footnote_bonddetails_review_detail,public history import: 2026-09-26 접두사 정리 (financialstatement_/FinancialUI_ -> financial_footnote_/financial_)
financialstatement_bondface_review,financial_footnote_bondface_review,public history import: 2026-09-26 접두사 정리 (financialstatement_/FinancialUI_ -> financial_footnote_/financial_)
financialstatement_bondytm_review,financial_footnote_bondytm_review,public history import: 2026-09-26 접두사 정리 (financialstatement_/FinancialUI_ -> financial_footnote_/financial_)
financialstatement_convertiblebond_1,financial_footnote_convertiblebond_1,public history import: 2026-09-26 접두사 정리 (financialstatement_/FinancialUI_ -> financial_footnote_/financial_)
financialstatement_convertiblebond_2,financial_footnote_convertiblebond_2,public history import: 2026-09-26 접두사 정리 (financialstatement_/FinancialUI_ -> financial_footnote_/financial_)
financialstatement_convertiblebond_2_premium,financial_footnote_convertiblebond_2_premium,public history import: 2026-09-26 접두사 정리 (financialstatement_/FinancialUI_ -> financial_footnote_/financial_)
financialstatement_fund_no_rateswap,financial_footnote_fund_no_rateswap,public history import: 2026-09-26 접두사 정리 (financialstatement_/FinancialUI_ -> financial_footnote_/financial_)
financialui_button_adjust,financial_button_adjust,public history import: 2026-09-26 접두사 정리 (financialstatement_/FinancialUI_ -> financial_footnote_/financial_)
financialui_controlledby_noone_caps,financial_controlledby_noone_caps,public history import: 2026-09-26 접두사 정리 (financialstatement_/FinancialUI_ -> financial_footnote_/financial_)
financialui_controlledby_player,financial_controlledby_player,public history import: 2026-09-26 접두사 정리 (financialstatement_/FinancialUI_ -> financial_footnote_/financial_)
financialui_dividendpayout,financial_dividendpayout,public history import: 2026-09-26 접두사 정리 (financialstatement_/FinancialUI_ -> financial_footnote_/financial_)
financialui_footnote_noswap_nooffliability,financial_footnote_fund_no_rateswap,public history import: merged company/fund variants
financialui_lia-equity,financial_lia-equity,public history import: 2026-09-26 접두사 정리 (financialstatement_/FinancialUI_ -> financial_footnote_/financial_)
financialui_lia-equity_lendingbank,financial_lia-equity_lendingbank,public history import: 2026-09-26 접두사 정리 (financialstatement_/FinancialUI_ -> financial_footnote_/financial_)
financialui_lia-equity_loan,financial_lia-equity_loan,public history import: 2026-09-26 접두사 정리 (financialstatement_/FinancialUI_ -> financial_footnote_/financial_)
financialui_nextearnings,financial_nextearnings,public history import: 2026-09-26 접두사 정리 (financialstatement_/FinancialUI_ -> financial_footnote_/financial_)
financialui_player_title,financial_player_title,public history import: 2026-09-26 접두사 정리 (financialstatement_/FinancialUI_ -> financial_footnote_/financial_)
financialui_stockcapitalization,financial_stockcapitalization,public history import: 2026-09-26 접두사 정리 (financialstatement_/FinancialUI_ -> financial_footnote_/financial_)
financialui_stockoutstanding,financial_stockoutstanding,public history import: 2026-09-26 접두사 정리 (financialstatement_/FinancialUI_ -> financial_footnote_/financial_)
financialui_subsidiary_since,financial_subsidiary_since,public history import: 2026-09-26 접두사 정리 (financialstatement_/FinancialUI_ -> financial_footnote_/financial_)
firemanagement_6-2,firemanagement_6-1,public history import: 2026-09-26 병합: turkeys/white-collar criminals/retreads/castoffs 등 5→1
firemanagement_6-3,firemanagement_6-1,public history import: 2026-09-26 병합: turkeys/white-collar criminals/retreads/castoffs 등 5→1
firemanagement_6-4,firemanagement_6-1,public history import: 2026-09-26 병합: turkeys/white-collar criminals/retreads/castoffs 등 5→1
firemanagement_6-5,firemanagement_6-1,public history import: 2026-09-26 병합: turkeys/white-collar criminals/retreads/castoffs 등 5→1
fund_desc_3xleverage_trading,researchreport_etf_3x,public history import: renamed (key changed outside the migration log)
futuresshort_buyer_2,futuresshort_buyer_1,public history import: 2026-09-26 병합: 티커 유무 2→1
futuresshort_notice_3,futuresshort_notice_1,public history import: 2026-09-26 번호 정렬 (병합으로 생긴 결번 정리)
futuresshort_notice_4,futuresshort_notice_2,public history import: 2026-09-26 번호 정렬 (병합으로 생긴 결번 정리)
general owned,general_owned,"public history import: key cleanup (routing prefix), 2026-09-26"
general_transaction_cancled,general_transaction_canceled,"public history import: typo fix, 2026-09-26"
global_autopilot_changed_CEO,global_autopilot_changed_ceo,public history import: normalize key casing
loan_denied_noLOC,loan_denied_noloc,public history import: normalize key casing
mainUI_cheat_disabled,mainui_cheat_disabled,public history import: normalize key casing
mainUI_cheat_needmoremoney,mainui_cheat_needmoremoney,public history import: normalize key casing
mainmenu_Tutorial_tutorial,mainmenu_tutorial_tutorial,public history import: normalize key casing
merger_voting_3,merger_voting_marketcap,public history import: merged into {|} choice template
mkt_cap_player_computer,mainui_note_hostileplayer_number,public history import: renamed; _H number tokenized
news_Corp_straightpositive_stockissue,news_corp_straightpositive_stockissue,public history import: normalize key casing
news_feature_broker_automate,advisory_feature_broker_automate,"public history import: key cleanup (advisory family / case), 2026-09-26"
news_feature_industry_homeconstruction,advisory_feature_homeconstruction_lowrate,"public history import: key cleanup (advisory family / case), 2026-09-26"
news_law_antitrust_annonce1,news_corp_antitrsut_against,public history import: renamed; preparing variant added
news_law_antitrust_annonce5,lawsuit_harassing_result,public history import: renamed (key changed outside the migration log)
news_player_votingcontrol2,news_player_votingcontrol1,public history import: 2026-09-26 병합: obtained/taken over/now held 2→1
news_profit_for_usetaxloss2,news_profit_for_usetaxloss1,public history import: 2026-09-26 병합: 2→1
no11,advisory_commodity_full_second_year_up,public history import: 2026-09-26 병합: higher/down + second/third 2→1
nontaxable_liquidation_not_own_1,mainui_liquidation_taxfree_no_1,public history import: merged into {|} choice template (all.csv merge pass 2026-09-27)
nontaxable_liquidation_not_own_2,mainui_liquidation_taxfree_no_2,public history import: merged into {|} choice template (all.csv merge pass 2026-09-27)
popup_Commodity_highprice_end,popup_commodity_highprice_end,public history import: normalize key casing
popup_ETC_disqualified,popup_etc_disqualified,public history import: normalize key casing
popup_etf_futurestrade_stop,news_etf_ceased_futuretrading,public history import: renamed
popup_player_sellCbond,popup_player_sellcbond,public history import: normalize key casing
profitmargin_lead_fragment,advisory_profitmargin_lead,"public history import: key cleanup (advisory family / case), 2026-09-26"
profitmargin_tail_decline_from_current_levels,advisory_profitmargin_tail,"public history import: key cleanup (advisory family / case), 2026-09-26"
profitmargin_tail_decline_from_current_levels_as_demand_continues_to_weaken,advisory_profitmargin_tail,"public history import: {} merge, 2026-09-26"
profitmargin_tail_erode_from_current_levels,advisory_profitmargin_tail,"public history import: {} merge, 2026-09-26"
profitmargin_tail_erode_from_current_levels_as_demand_continues_to_weaken,advisory_profitmargin_tail,"public history import: {} merge, 2026-09-26"
profitmargin_tail_slip_from_current_levels,advisory_profitmargin_tail,"public history import: {} merge, 2026-09-26"
putsell_notice_4,putsell_notice_3,public history import: 2026-09-26 번호 정렬 (병합으로 생긴 결번 정리)
researchReport_industrygroup,researchreport_industrygroup,public history import: normalize key casing
researchReport_stockholder_largest,researchreport_stockholder_largest,public history import: normalize key casing
researchreport_performance_up,researchreport_etf_excellent,public history import: merged very good/excellent variants
resignCEO_1,resignceo_1,public history import: normalize key casing
resignCEO_2,resignceo_2,public history import: normalize key casing
resignCEO_3,resignceo_3,public history import: normalize key casing
resignCEO_4,resignceo_4,public history import: normalize key casing
resignCEO_5,resignceo_5,public history import: normalize key casing
resignCEO_6,resignceo_6,public history import: normalize key casing
resignCEO_title,resignceo_title,public history import: normalize key casing
resignCEO_title2,resignceo_title2,public history import: normalize key casing
stockReversesplit_impossible,stockreversesplit_impossible,public history import: normalize key casing
stockbuy_final_confirm_4,stockbuy_final_confirm_3,public history import: 2026-09-26 번호 정렬 (병합으로 생긴 결번 정리)
stockbuy_offer_4,stockbuy_offer_3,public history import: 2026-09-26 번호 정렬 (병합으로 생긴 결번 정리)
stockbuy_toolow_offer,stockbuy_toolow,public history import: merged into {|} choice template
stockshort_input_5,stockshort_input_pct,public history import: renamed; generalized
swap_title,swap_terms_title,public history import: 2026-09-24 Swap_title과 대소문자만 다른 키 충돌 해소
taxfree_liquidation_result,popup_liquidation_complete,public history import: renamed
trade_tbill_YN,trade_tbill_yn,public history import: normalize key casing
tutorrial_4_14_body,tutorial_4_14_body,"public history import: typo fix, 2026-09-26"
ui_transaction_completed,general_transaction_comp,"public history import: manual rename in CSV (via General_transaction_comp), 2026-09-26"
law_firm_change_average_description,law_firm_change_description,renamed with pipeline.py rename-key
CT-a6572a88,Mainmenu_delete_save_title,renamed with pipeline.py rename-key
CT-43576b19,Mainmenu_delete_save_1,renamed with pipeline.py rename-key
CT-951f495b,Mainmenu_delete_save_2,renamed with pipeline.py rename-key
law_firm_change_actual,lawfirm_change,renamed with pipeline.py rename-key
law_firm_change_1,lawfirm_change_1,renamed with pipeline.py rename-key
law_firm_change_title,lawfirm_change_title,renamed with pipeline.py rename-key
law_firm_change_header,lawfirm_change_header,renamed with pipeline.py rename-key
law_firm_change_description,lawfirm_change_description,renamed with pipeline.py rename-key
law_firm_change_price,lawfirm_change_price,renamed with pipeline.py rename-key
law_firm_change_low,lawfirm_change_low_title,renamed with pipeline.py rename-key
law_firm_chnage_low_description,lawfirm_change_low_description,renamed with pipeline.py rename-key
law_firm_change_average,lawfirm_change_average_title,renamed with pipeline.py rename-key
law_firm_change_expansive,lawfirm_change_expensive_title,renamed with pipeline.py rename-key
law_firm_change_expansive_description,lawfirm_change_expensive_description,renamed with pipeline.py rename-key
Advisory_largest_second,advisory_largest_second,normalize named keys to lowercase underscores; preserve distinct entries
Advisory_resonablelevel,advisory_resonablelevel,normalize named keys to lowercase underscores; preserve distinct entries
Antitrust_cancled,antitrust_cancled,normalize named keys to lowercase underscores; preserve distinct entries
Gameover_1933,gameover_1933,normalize named keys to lowercase underscores; preserve distinct entries
Gameover_1933_1,gameover_1933_1,normalize named keys to lowercase underscores; preserve distinct entries
General_CEOofCORP,general_ceo_of_corp,normalize named keys to lowercase underscores; preserve distinct entries
General_banklender,general_banklender,normalize named keys to lowercase underscores; preserve distinct entries
Lawsuit_filed,lawsuit_filed,normalize named keys to lowercase underscores; preserve distinct entries
Mainmenu_delete_save_1,mainmenu_delete_save_1,normalize named keys to lowercase underscores; preserve distinct entries
Mainmenu_delete_save_2,mainmenu_delete_save_2,normalize named keys to lowercase underscores; preserve distinct entries
Mainmenu_delete_save_title,mainmenu_delete_save_title,normalize named keys to lowercase underscores; preserve distinct entries
Mainui_button_openhelp,mainui_button_openhelp,normalize named keys to lowercase underscores; preserve distinct entries
News_ETF_no_invest_company,news_etf_no_invest_company,normalize named keys to lowercase underscores; preserve distinct entries
News_FBI,news_fbi,normalize named keys to lowercase underscores; preserve distinct entries
News_airliner_crash,news_airliner_crash,normalize named keys to lowercase underscores; preserve distinct entries
News_bad_credit_rating,news_bad_credit_rating,normalize named keys to lowercase underscores; preserve distinct entries
News_bank_new_management_allocation,news_bank_new_management_allocation,normalize named keys to lowercase underscores; preserve distinct entries
News_bankrupt_reduceloan,news_bankrupt_reduceloan,normalize named keys to lowercase underscores; preserve distinct entries
News_contract_overrun,news_contract_overrun,normalize named keys to lowercase underscores; preserve distinct entries
News_corp_divest_antitrust,news_corp_divest_antitrust,normalize named keys to lowercase underscores; preserve distinct entries
News_corp_layoff,news_corp_layoff,normalize named keys to lowercase underscores; preserve distinct entries
News_corp_netprofit,news_corp_netprofit,normalize named keys to lowercase underscores; preserve distinct entries
News_corp_strike_settle,news_corp_strike_settle,normalize named keys to lowercase underscores; preserve distinct entries
News_corp_tobacco_agree,news_corp_tobacco_agree,normalize named keys to lowercase underscores; preserve distinct entries
News_corp_withdraws_ad,news_corp_withdraws_ad,normalize named keys to lowercase underscores; preserve distinct entries
News_dumping_estuary,news_dumping_estuary,normalize named keys to lowercase underscores; preserve distinct entries
News_economy_growing_rapidly,news_economy_growing_rapidly,normalize named keys to lowercase underscores; preserve distinct entries
News_homes_fire,news_homes_fire,normalize named keys to lowercase underscores; preserve distinct entries
News_illgal_dumping,news_illgal_dumping,normalize named keys to lowercase underscores; preserve distinct entries
News_laundering_drug,news_laundering_drug,normalize named keys to lowercase underscores; preserve distinct entries
News_market_plunge,news_market_plunge,normalize named keys to lowercase underscores; preserve distinct entries
News_superfungus,news_superfungus,normalize named keys to lowercase underscores; preserve distinct entries
Quotes_1,quotes_1,normalize named keys to lowercase underscores; preserve distinct entries
Quotes_10,quotes_10,normalize named keys to lowercase underscores; preserve distinct entries
Quotes_100,quotes_100,normalize named keys to lowercase underscores; preserve distinct entries
Quotes_101,quotes_101,normalize named keys to lowercase underscores; preserve distinct entries
Quotes_102,quotes_102,normalize named keys to lowercase underscores; preserve distinct entries
Quotes_103,quotes_103,normalize named keys to lowercase underscores; preserve distinct entries
Quotes_104,quotes_104,normalize named keys to lowercase underscores; preserve distinct entries
Quotes_105,quotes_105,normalize named keys to lowercase underscores; preserve distinct entries
Quotes_106,quotes_106,normalize named keys to lowercase underscores; preserve distinct entries
Quotes_107,quotes_107,normalize named keys to lowercase underscores; preserve distinct entries
Quotes_108,quotes_108,normalize named keys to lowercase underscores; preserve distinct entries
Quotes_109,quotes_109,normalize named keys to lowercase underscores; preserve distinct entries
Quotes_11,quotes_11,normalize named keys to lowercase underscores; preserve distinct entries
Quotes_110,quotes_110,normalize named keys to lowercase underscores; preserve distinct entries
Quotes_111,quotes_111,normalize named keys to lowercase underscores; preserve distinct entries
Quotes_112,quotes_112,normalize named keys to lowercase underscores; preserve distinct entries
Quotes_113,quotes_113,normalize named keys to lowercase underscores; preserve distinct entries
Quotes_114,quotes_114,normalize named keys to lowercase underscores; preserve distinct entries
Quotes_115,quotes_115,normalize named keys to lowercase underscores; preserve distinct entries
Quotes_116,quotes_116,normalize named keys to lowercase underscores; preserve distinct entries
Quotes_117,quotes_117,normalize named keys to lowercase underscores; preserve distinct entries
Quotes_118,quotes_118,normalize named keys to lowercase underscores; preserve distinct entries
Quotes_119,quotes_119,normalize named keys to lowercase underscores; preserve distinct entries
Quotes_12,quotes_12,normalize named keys to lowercase underscores; preserve distinct entries
Quotes_120,quotes_120,normalize named keys to lowercase underscores; preserve distinct entries
Quotes_121,quotes_121,normalize named keys to lowercase underscores; preserve distinct entries
Quotes_122,quotes_122,normalize named keys to lowercase underscores; preserve distinct entries
Quotes_123,quotes_123,normalize named keys to lowercase underscores; preserve distinct entries
Quotes_124,quotes_124,normalize named keys to lowercase underscores; preserve distinct entries
Quotes_125,quotes_125,normalize named keys to lowercase underscores; preserve distinct entries
Quotes_126,quotes_126,normalize named keys to lowercase underscores; preserve distinct entries
Quotes_127,quotes_127,normalize named keys to lowercase underscores; preserve distinct entries
Quotes_128,quotes_128,normalize named keys to lowercase underscores; preserve distinct entries
Quotes_129,quotes_129,normalize named keys to lowercase underscores; preserve distinct entries
Quotes_13,quotes_13,normalize named keys to lowercase underscores; preserve distinct entries
Quotes_130,quotes_130,normalize named keys to lowercase underscores; preserve distinct entries
Quotes_131,quotes_131,normalize named keys to lowercase underscores; preserve distinct entries
Quotes_132,quotes_132,normalize named keys to lowercase underscores; preserve distinct entries
Quotes_133,quotes_133,normalize named keys to lowercase underscores; preserve distinct entries
Quotes_134,quotes_134,normalize named keys to lowercase underscores; preserve distinct entries
Quotes_135,quotes_135,normalize named keys to lowercase underscores; preserve distinct entries
Quotes_136,quotes_136,normalize named keys to lowercase underscores; preserve distinct entries
Quotes_137,quotes_137,normalize named keys to lowercase underscores; preserve distinct entries
Quotes_138,quotes_138,normalize named keys to lowercase underscores; preserve distinct entries
Quotes_139,quotes_139,normalize named keys to lowercase underscores; preserve distinct entries
Quotes_14,quotes_14,normalize named keys to lowercase underscores; preserve distinct entries
Quotes_140,quotes_140,normalize named keys to lowercase underscores; preserve distinct entries
Quotes_141,quotes_141,normalize named keys to lowercase underscores; preserve distinct entries
Quotes_142,quotes_142,normalize named keys to lowercase underscores; preserve distinct entries
Quotes_143,quotes_143,normalize named keys to lowercase underscores; preserve distinct entries
Quotes_144,quotes_144,normalize named keys to lowercase underscores; preserve distinct entries
Quotes_145,quotes_145,normalize named keys to lowercase underscores; preserve distinct entries
Quotes_146,quotes_146,normalize named keys to lowercase underscores; preserve distinct entries
Quotes_147,quotes_147,normalize named keys to lowercase underscores; preserve distinct entries
Quotes_148,quotes_148,normalize named keys to lowercase underscores; preserve distinct entries
Quotes_149,quotes_149,normalize named keys to lowercase underscores; preserve distinct entries
Quotes_15,quotes_15,normalize named keys to lowercase underscores; preserve distinct entries
Quotes_150,quotes_150,normalize named keys to lowercase underscores; preserve distinct entries
Quotes_151,quotes_151,normalize named keys to lowercase underscores; preserve distinct entries
Quotes_152,quotes_152,normalize named keys to lowercase underscores; preserve distinct entries
Quotes_153,quotes_153,normalize named keys to lowercase underscores; preserve distinct entries
Quotes_154,quotes_154,normalize named keys to lowercase underscores; preserve distinct entries
Quotes_155,quotes_155,normalize named keys to lowercase underscores; preserve distinct entries
Quotes_156,quotes_156,normalize named keys to lowercase underscores; preserve distinct entries
Quotes_157,quotes_157,normalize named keys to lowercase underscores; preserve distinct entries
Quotes_158,quotes_158,normalize named keys to lowercase underscores; preserve distinct entries
Quotes_159,quotes_159,normalize named keys to lowercase underscores; preserve distinct entries
Quotes_16,quotes_16,normalize named keys to lowercase underscores; preserve distinct entries
Quotes_160,quotes_160,normalize named keys to lowercase underscores; preserve distinct entries
Quotes_161,quotes_161,normalize named keys to lowercase underscores; preserve distinct entries
Quotes_162,quotes_162,normalize named keys to lowercase underscores; preserve distinct entries
Quotes_163,quotes_163,normalize named keys to lowercase underscores; preserve distinct entries
Quotes_164,quotes_164,normalize named keys to lowercase underscores; preserve distinct entries
Quotes_165,quotes_165,normalize named keys to lowercase underscores; preserve distinct entries
Quotes_166,quotes_166,normalize named keys to lowercase underscores; preserve distinct entries
Quotes_167,quotes_167,normalize named keys to lowercase underscores; preserve distinct entries
Quotes_168,quotes_168,normalize named keys to lowercase underscores; preserve distinct entries
Quotes_169,quotes_169,normalize named keys to lowercase underscores; preserve distinct entries
Quotes_17,quotes_17,normalize named keys to lowercase underscores; preserve distinct entries
Quotes_170,quotes_170,normalize named keys to lowercase underscores; preserve distinct entries
Quotes_171,quotes_171,normalize named keys to lowercase underscores; preserve distinct entries
Quotes_172,quotes_172,normalize named keys to lowercase underscores; preserve distinct entries
Quotes_173,quotes_173,normalize named keys to lowercase underscores; preserve distinct entries
Quotes_174,quotes_174,normalize named keys to lowercase underscores; preserve distinct entries
Quotes_175,quotes_175,normalize named keys to lowercase underscores; preserve distinct entries
Quotes_176,quotes_176,normalize named keys to lowercase underscores; preserve distinct entries
Quotes_177,quotes_177,normalize named keys to lowercase underscores; preserve distinct entries
Quotes_178,quotes_178,normalize named keys to lowercase underscores; preserve distinct entries
Quotes_179,quotes_179,normalize named keys to lowercase underscores; preserve distinct entries
Quotes_18,quotes_18,normalize named keys to lowercase underscores; preserve distinct entries
Quotes_180,quotes_180,normalize named keys to lowercase underscores; preserve distinct entries
Quotes_181,quotes_181,normalize named keys to lowercase underscores; preserve distinct entries
Quotes_182,quotes_182,normalize named keys to lowercase underscores; preserve distinct entries
Quotes_183,quotes_183,normalize named keys to lowercase underscores; preserve distinct entries
Quotes_184,quotes_184,normalize named keys to lowercase underscores; preserve distinct entries
Quotes_185,quotes_185,normalize named keys to lowercase underscores; preserve distinct entries
Quotes_186,quotes_186,normalize named keys to lowercase underscores; preserve distinct entries
Quotes_187,quotes_187,normalize named keys to lowercase underscores; preserve distinct entries
Quotes_188,quotes_188,normalize named keys to lowercase underscores; preserve distinct entries
Quotes_189,quotes_189,normalize named keys to lowercase underscores; preserve distinct entries
Quotes_19,quotes_19,normalize named keys to lowercase underscores; preserve distinct entries
Quotes_190,quotes_190,normalize named keys to lowercase underscores; preserve distinct entries
Quotes_191,quotes_191,normalize named keys to lowercase underscores; preserve distinct entries
Quotes_192,quotes_192,normalize named keys to lowercase underscores; preserve distinct entries
Quotes_193,quotes_193,normalize named keys to lowercase underscores; preserve distinct entries
Quotes_194,quotes_194,normalize named keys to lowercase underscores; preserve distinct entries
Quotes_195,quotes_195,normalize named keys to lowercase underscores; preserve distinct entries
Quotes_196,quotes_196,normalize named keys to lowercase underscores; preserve distinct entries
Quotes_197,quotes_197,normalize named keys to lowercase underscores; preserve distinct entries
Quotes_198,quotes_198,normalize named keys to lowercase underscores; preserve distinct entries
Quotes_199,quotes_199,normalize named keys to lowercase underscores; preserve distinct entries
Quotes_2,quotes_2,normalize named keys to lowercase underscores; preserve distinct entries
Quotes_20,quotes_20,normalize named keys to lowercase underscores; preserve distinct entries
Quotes_200,quotes_200,normalize named keys to lowercase underscores; preserve distinct entries
Quotes_201,quotes_201,normalize named keys to lowercase underscores; preserve distinct entries
Quotes_202,quotes_202,normalize named keys to lowercase underscores; preserve distinct entries
Quotes_203,quotes_203,normalize named keys to lowercase underscores; preserve distinct entries
Quotes_204,quotes_204,normalize named keys to lowercase underscores; preserve distinct entries
Quotes_205,quotes_205,normalize named keys to lowercase underscores; preserve distinct entries
Quotes_206,quotes_206,normalize named keys to lowercase underscores; preserve distinct entries
Quotes_207,quotes_207,normalize named keys to lowercase underscores; preserve distinct entries
Quotes_208,quotes_208,normalize named keys to lowercase underscores; preserve distinct entries
Quotes_209,quotes_209,normalize named keys to lowercase underscores; preserve distinct entries
Quotes_21,quotes_21,normalize named keys to lowercase underscores; preserve distinct entries
Quotes_210,quotes_210,normalize named keys to lowercase underscores; preserve distinct entries
Quotes_211,quotes_211,normalize named keys to lowercase underscores; preserve distinct entries
Quotes_212,quotes_212,normalize named keys to lowercase underscores; preserve distinct entries
Quotes_213,quotes_213,normalize named keys to lowercase underscores; preserve distinct entries
Quotes_214,quotes_214,normalize named keys to lowercase underscores; preserve distinct entries
Quotes_215,quotes_215,normalize named keys to lowercase underscores; preserve distinct entries
Quotes_216,quotes_216,normalize named keys to lowercase underscores; preserve distinct entries
Quotes_217,quotes_217,normalize named keys to lowercase underscores; preserve distinct entries
Quotes_218,quotes_218,normalize named keys to lowercase underscores; preserve distinct entries
Quotes_219,quotes_219,normalize named keys to lowercase underscores; preserve distinct entries
Quotes_22,quotes_22,normalize named keys to lowercase underscores; preserve distinct entries
Quotes_220,quotes_220,normalize named keys to lowercase underscores; preserve distinct entries
Quotes_221,quotes_221,normalize named keys to lowercase underscores; preserve distinct entries
Quotes_222,quotes_222,normalize named keys to lowercase underscores; preserve distinct entries
Quotes_223,quotes_223,normalize named keys to lowercase underscores; preserve distinct entries
Quotes_224,quotes_224,normalize named keys to lowercase underscores; preserve distinct entries
Quotes_225,quotes_225,normalize named keys to lowercase underscores; preserve distinct entries
Quotes_226,quotes_226,normalize named keys to lowercase underscores; preserve distinct entries
Quotes_227,quotes_227,normalize named keys to lowercase underscores; preserve distinct entries
Quotes_228,quotes_228,normalize named keys to lowercase underscores; preserve distinct entries
Quotes_229,quotes_229,normalize named keys to lowercase underscores; preserve distinct entries
Quotes_23,quotes_23,normalize named keys to lowercase underscores; preserve distinct entries
Quotes_230,quotes_230,normalize named keys to lowercase underscores; preserve distinct entries
Quotes_231,quotes_231,normalize named keys to lowercase underscores; preserve distinct entries
Quotes_232,quotes_232,normalize named keys to lowercase underscores; preserve distinct entries
Quotes_233,quotes_233,normalize named keys to lowercase underscores; preserve distinct entries
Quotes_234,quotes_234,normalize named keys to lowercase underscores; preserve distinct entries
Quotes_235,quotes_235,normalize named keys to lowercase underscores; preserve distinct entries
Quotes_236,quotes_236,normalize named keys to lowercase underscores; preserve distinct entries
Quotes_237,quotes_237,normalize named keys to lowercase underscores; preserve distinct entries
Quotes_238,quotes_238,normalize named keys to lowercase underscores; preserve distinct entries
Quotes_239,quotes_239,normalize named keys to lowercase underscores; preserve distinct entries
Quotes_24,quotes_24,normalize named keys to lowercase underscores; preserve distinct entries
Quotes_240,quotes_240,normalize named keys to lowercase underscores; preserve distinct entries
Quotes_241,quotes_241,normalize named keys to lowercase underscores; preserve distinct entries
Quotes_242,quotes_242,normalize named keys to lowercase underscores; preserve distinct entries
Quotes_243,quotes_243,normalize named keys to lowercase underscores; preserve distinct entries
Quotes_244,quotes_244,normalize named keys to lowercase underscores; preserve distinct entries
Quotes_245,quotes_245,normalize named keys to lowercase underscores; preserve distinct entries
Quotes_246,quotes_246,normalize named keys to lowercase underscores; preserve distinct entries
Quotes_247,quotes_247,normalize named keys to lowercase underscores; preserve distinct entries
Quotes_248,quotes_248,normalize named keys to lowercase underscores; preserve distinct entries
Quotes_249,quotes_249,normalize named keys to lowercase underscores; preserve distinct entries
Quotes_25,quotes_25,normalize named keys to lowercase underscores; preserve distinct entries
Quotes_250,quotes_250,normalize named keys to lowercase underscores; preserve distinct entries
Quotes_251,quotes_251,normalize named keys to lowercase underscores; preserve distinct entries
Quotes_252,quotes_252,normalize named keys to lowercase underscores; preserve distinct entries
Quotes_253,quotes_253,normalize named keys to lowercase underscores; preserve distinct entries
Quotes_254,quotes_254,normalize named keys to lowercase underscores; preserve distinct entries
Quotes_255,quotes_255,normalize named keys to lowercase underscores; preserve distinct entries
Quotes_256,quotes_256,normalize named keys to lowercase underscores; preserve distinct entries
Quotes_257,quotes_257,normalize named keys to lowercase underscores; preserve distinct entries
Quotes_258,quotes_258,normalize named keys to lowercase underscores; preserve distinct entries
Quotes_259,quotes_259,normalize named keys to lowercase underscores; preserve distinct entries
Quotes_26,quotes_26,normalize named keys to lowercase underscores; preserve distinct entries
Quotes_260,quotes_260,normalize named keys to lowercase underscores; preserve distinct entries
Quotes_261,quotes_261,normalize named keys to lowercase underscores; preserve distinct entries
Quotes_262,quotes_262,normalize named keys to lowercase underscores; preserve distinct entries
Quotes_263,quotes_263,normalize named keys to lowercase underscores; preserve distinct entries
Quotes_264,quotes_264,normalize named keys to lowercase underscores; preserve distinct entries
Quotes_265,quotes_265,normalize named keys to lowercase underscores; preserve distinct entries
Quotes_266,quotes_266,normalize named keys to lowercase underscores; preserve distinct entries
Quotes_267,quotes_267,normalize named keys to lowercase underscores; preserve distinct entries
Quotes_268,quotes_268,normalize named keys to lowercase underscores; preserve distinct entries
Quotes_269,quotes_269,normalize named keys to lowercase underscores; preserve distinct entries
Quotes_27,quotes_27,normalize named keys to lowercase underscores; preserve distinct entries
Quotes_270,quotes_270,normalize named keys to lowercase underscores; preserve distinct entries
Quotes_271,quotes_271,normalize named keys to lowercase underscores; preserve distinct entries
Quotes_272,quotes_272,normalize named keys to lowercase underscores; preserve distinct entries
Quotes_273,quotes_273,normalize named keys to lowercase underscores; preserve distinct entries
Quotes_274,quotes_274,normalize named keys to lowercase underscores; preserve distinct entries
Quotes_275,quotes_275,normalize named keys to lowercase underscores; preserve distinct entries
Quotes_276,quotes_276,normalize named keys to lowercase underscores; preserve distinct entries
Quotes_277,quotes_277,normalize named keys to lowercase underscores; preserve distinct entries
Quotes_278,quotes_278,normalize named keys to lowercase underscores; preserve distinct entries
Quotes_279,quotes_279,normalize named keys to lowercase underscores; preserve distinct entries
Quotes_28,quotes_28,normalize named keys to lowercase underscores; preserve distinct entries
Quotes_280,quotes_280,normalize named keys to lowercase underscores; preserve distinct entries
Quotes_281,quotes_281,normalize named keys to lowercase underscores; preserve distinct entries
Quotes_282,quotes_282,normalize named keys to lowercase underscores; preserve distinct entries
Quotes_283,quotes_283,normalize named keys to lowercase underscores; preserve distinct entries
Quotes_284,quotes_284,normalize named keys to lowercase underscores; preserve distinct entries
Quotes_285,quotes_285,normalize named keys to lowercase underscores; preserve distinct entries
Quotes_286,quotes_286,normalize named keys to lowercase underscores; preserve distinct entries
Quotes_287,quotes_287,normalize named keys to lowercase underscores; preserve distinct entries
Quotes_288,quotes_288,normalize named keys to lowercase underscores; preserve distinct entries
Quotes_289,quotes_289,normalize named keys to lowercase underscores; preserve distinct entries
Quotes_29,quotes_29,normalize named keys to lowercase underscores; preserve distinct entries
Quotes_290,quotes_290,normalize named keys to lowercase underscores; preserve distinct entries
Quotes_291,quotes_291,normalize named keys to lowercase underscores; preserve distinct entries
Quotes_292,quotes_292,normalize named keys to lowercase underscores; preserve distinct entries
Quotes_293,quotes_293,normalize named keys to lowercase underscores; preserve distinct entries
Quotes_294,quotes_294,normalize named keys to lowercase underscores; preserve distinct entries
Quotes_295,quotes_295,normalize named keys to lowercase underscores; preserve distinct entries
Quotes_296,quotes_296,normalize named keys to lowercase underscores; preserve distinct entries
Quotes_297,quotes_297,normalize named keys to lowercase underscores; preserve distinct entries
Quotes_298,quotes_298,normalize named keys to lowercase underscores; preserve distinct entries
Quotes_299,quotes_299,normalize named keys to lowercase underscores; preserve distinct entries
Quotes_3,quotes_3,normalize named keys to lowercase underscores; preserve distinct entries
Quotes_30,quotes_30,normalize named keys to lowercase underscores; preserve distinct entries
Quotes_300,quotes_300,normalize named keys to lowercase underscores; preserve distinct entries
Quotes_301,quotes_301,normalize named keys to lowercase underscores; preserve distinct entries
Quotes_302,quotes_302,normalize named keys to lowercase underscores; preserve distinct entries
Quotes_303,quotes_303,normalize named keys to lowercase underscores; preserve distinct entries
Quotes_304,quotes_304,normalize named keys to lowercase underscores; preserve distinct entries
Quotes_305,quotes_305,normalize named keys to lowercase underscores; preserve distinct entries
Quotes_306,quotes_306,normalize named keys to lowercase underscores; preserve distinct entries
Quotes_307,quotes_307,normalize named keys to lowercase underscores; preserve distinct entries
Quotes_308,quotes_308,normalize named keys to lowercase underscores; preserve distinct entries
Quotes_309,quotes_309,normalize named keys to lowercase underscores; preserve distinct entries
Quotes_31,quotes_31,normalize named keys to lowercase underscores; preserve distinct entries
Quotes_310,quotes_310,normalize named keys to lowercase underscores; preserve distinct entries
Quotes_311,quotes_311,normalize named keys to lowercase underscores; preserve distinct entries
Quotes_312,quotes_312,normalize named keys to lowercase underscores; preserve distinct entries
Quotes_313,quotes_313,normalize named keys to lowercase underscores; preserve distinct entries
Quotes_314,quotes_314,normalize named keys to lowercase underscores; preserve distinct entries
Quotes_315,quotes_315,normalize named keys to lowercase underscores; preserve distinct entries
Quotes_316,quotes_316,normalize named keys to lowercase underscores; preserve distinct entries
Quotes_317,quotes_317,normalize named keys to lowercase underscores; preserve distinct entries
Quotes_318,quotes_318,normalize named keys to lowercase underscores; preserve distinct entries
Quotes_319,quotes_319,normalize named keys to lowercase underscores; preserve distinct entries
Quotes_32,quotes_32,normalize named keys to lowercase underscores; preserve distinct entries
Quotes_320,quotes_320,normalize named keys to lowercase underscores; preserve distinct entries
Quotes_321,quotes_321,normalize named keys to lowercase underscores; preserve distinct entries
Quotes_322,quotes_322,normalize named keys to lowercase underscores; preserve distinct entries
Quotes_323,quotes_323,normalize named keys to lowercase underscores; preserve distinct entries
Quotes_324,quotes_324,normalize named keys to lowercase underscores; preserve distinct entries
Quotes_325,quotes_325,normalize named keys to lowercase underscores; preserve distinct entries
Quotes_326,quotes_326,normalize named keys to lowercase underscores; preserve distinct entries
Quotes_327,quotes_327,normalize named keys to lowercase underscores; preserve distinct entries
Quotes_328,quotes_328,normalize named keys to lowercase underscores; preserve distinct entries
Quotes_329,quotes_329,normalize named keys to lowercase underscores; preserve distinct entries
Quotes_33,quotes_33,normalize named keys to lowercase underscores; preserve distinct entries
Quotes_330,quotes_330,normalize named keys to lowercase underscores; preserve distinct entries
Quotes_331,quotes_331,normalize named keys to lowercase underscores; preserve distinct entries
Quotes_332,quotes_332,normalize named keys to lowercase underscores; preserve distinct entries
Quotes_333,quotes_333,normalize named keys to lowercase underscores; preserve distinct entries
Quotes_334,quotes_334,normalize named keys to lowercase underscores; preserve distinct entries
Quotes_335,quotes_335,normalize named keys to lowercase underscores; preserve distinct entries
Quotes_336,quotes_336,normalize named keys to lowercase underscores; preserve distinct entries
Quotes_337,quotes_337,normalize named keys to lowercase underscores; preserve distinct entries
Quotes_338,quotes_338,normalize named keys to lowercase underscores; preserve distinct entries
Quotes_339,quotes_339,normalize named keys to lowercase underscores; preserve distinct entries
Quotes_34,quotes_34,normalize named keys to lowercase underscores; preserve distinct entries
Quotes_340,quotes_340,normalize named keys to lowercase underscores; preserve distinct entries
Quotes_341,quotes_341,normalize named keys to lowercase underscores; preserve distinct entries
Quotes_342,quotes_342,normalize named keys to lowercase underscores; preserve distinct entries
Quotes_343,quotes_343,normalize named keys to lowercase underscores; preserve distinct entries
Quotes_344,quotes_344,normalize named keys to lowercase underscores; preserve distinct entries
Quotes_345,quotes_345,normalize named keys to lowercase underscores; preserve distinct entries
Quotes_346,quotes_346,normalize named keys to lowercase underscores; preserve distinct entries
Quotes_347,quotes_347,normalize named keys to lowercase underscores; preserve distinct entries
Quotes_348,quotes_348,normalize named keys to lowercase underscores; preserve distinct entries
Quotes_349,quotes_349,normalize named keys to lowercase underscores; preserve distinct entries
Quotes_35,quotes_35,normalize named keys to lowercase underscores; preserve distinct entries
Quotes_350,quotes_350,normalize named keys to lowercase underscores; preserve distinct entries
Quotes_351,quotes_351,normalize named keys to lowercase underscores; preserve distinct entries
Quotes_352,quotes_352,normalize named keys to lowercase underscores; preserve distinct entries
Quotes_353,quotes_353,normalize named keys to lowercase underscores; preserve distinct entries
Quotes_354,quotes_354,normalize named keys to lowercase underscores; preserve distinct entries
Quotes_355,quotes_355,normalize named keys to lowercase underscores; preserve distinct entries
Quotes_356,quotes_356,normalize named keys to lowercase underscores; preserve distinct entries
Quotes_357,quotes_357,normalize named keys to lowercase underscores; preserve distinct entries
Quotes_358,quotes_358,normalize named keys to lowercase underscores; preserve distinct entries
Quotes_359,quotes_359,normalize named keys to lowercase underscores; preserve distinct entries
Quotes_36,quotes_36,normalize named keys to lowercase underscores; preserve distinct entries
Quotes_360,quotes_360,normalize named keys to lowercase underscores; preserve distinct entries
Quotes_361,quotes_361,normalize named keys to lowercase underscores; preserve distinct entries
Quotes_362,quotes_362,normalize named keys to lowercase underscores; preserve distinct entries
Quotes_363,quotes_363,normalize named keys to lowercase underscores; preserve distinct entries
Quotes_364,quotes_364,normalize named keys to lowercase underscores; preserve distinct entries
Quotes_365,quotes_365,normalize named keys to lowercase underscores; preserve distinct entries
Quotes_366,quotes_366,normalize named keys to lowercase underscores; preserve distinct entries
Quotes_367,quotes_367,normalize named keys to lowercase underscores; preserve distinct entries
Quotes_368,quotes_368,normalize named keys to lowercase underscores; preserve distinct entries
Quotes_369,quotes_369,normalize named keys to lowercase underscores; preserve distinct entries
Quotes_37,quotes_37,normalize named keys to lowercase underscores; preserve distinct entries
Quotes_370,quotes_370,normalize named keys to lowercase underscores; preserve distinct entries
Quotes_371,quotes_371,normalize named keys to lowercase underscores; preserve distinct entries
Quotes_372,quotes_372,normalize named keys to lowercase underscores; preserve distinct entries
Quotes_373,quotes_373,normalize named keys to lowercase underscores; preserve distinct entries
Quotes_374,quotes_374,normalize named keys to lowercase underscores; preserve distinct entries
Quotes_375,quotes_375,normalize named keys to lowercase underscores; preserve distinct entries
Quotes_376,quotes_376,normalize named keys to lowercase underscores; preserve distinct entries
Quotes_377,quotes_377,normalize named keys to lowercase underscores; preserve distinct entries
Quotes_378,quotes_378,normalize named keys to lowercase underscores; preserve distinct entries
Quotes_379,quotes_379,normalize named keys to lowercase underscores; preserve distinct entries
Quotes_38,quotes_38,normalize named keys to lowercase underscores; preserve distinct entries
Quotes_380,quotes_380,normalize named keys to lowercase underscores; preserve distinct entries
Quotes_381,quotes_381,normalize named keys to lowercase underscores; preserve distinct entries
Quotes_382,quotes_382,normalize named keys to lowercase underscores; preserve distinct entries
Quotes_383,quotes_383,normalize named keys to lowercase underscores; preserve distinct entries
Quotes_384,quotes_384,normalize named keys to lowercase underscores; preserve distinct entries
Quotes_385,quotes_385,normalize named keys to lowercase underscores; preserve distinct entries
Quotes_386,quotes_386,normalize named keys to lowercase underscores; preserve distinct entries
Quotes_387,quotes_387,normalize named keys to lowercase underscores; preserve distinct entries
Quotes_388,quotes_388,normalize named keys to lowercase underscores; preserve distinct entries
Quotes_389,quotes_389,normalize named keys to lowercase underscores; preserve distinct entries
Quotes_39,quotes_39,normalize named keys to lowercase underscores; preserve distinct entries
Quotes_390,quotes_390,normalize named keys to lowercase underscores; preserve distinct entries
Quotes_391,quotes_391,normalize named keys to lowercase underscores; preserve distinct entries
Quotes_392,quotes_392,normalize named keys to lowercase underscores; preserve distinct entries
Quotes_393,quotes_393,normalize named keys to lowercase underscores; preserve distinct entries
Quotes_394,quotes_394,normalize named keys to lowercase underscores; preserve distinct entries
Quotes_395,quotes_395,normalize named keys to lowercase underscores; preserve distinct entries
Quotes_396,quotes_396,normalize named keys to lowercase underscores; preserve distinct entries
Quotes_397,quotes_397,normalize named keys to lowercase underscores; preserve distinct entries
Quotes_398,quotes_398,normalize named keys to lowercase underscores; preserve distinct entries
Quotes_399,quotes_399,normalize named keys to lowercase underscores; preserve distinct entries
Quotes_4,quotes_4,normalize named keys to lowercase underscores; preserve distinct entries
Quotes_40,quotes_40,normalize named keys to lowercase underscores; preserve distinct entries
Quotes_400,quotes_400,normalize named keys to lowercase underscores; preserve distinct entries
Quotes_401,quotes_401,normalize named keys to lowercase underscores; preserve distinct entries
Quotes_402,quotes_402,normalize named keys to lowercase underscores; preserve distinct entries
Quotes_403,quotes_403,normalize named keys to lowercase underscores; preserve distinct entries
Quotes_404,quotes_404,normalize named keys to lowercase underscores; preserve distinct entries
Quotes_405,quotes_405,normalize named keys to lowercase underscores; preserve distinct entries
Quotes_406,quotes_406,normalize named keys to lowercase underscores; preserve distinct entries
Quotes_407,quotes_407,normalize named keys to lowercase underscores; preserve distinct entries
Quotes_408,quotes_408,normalize named keys to lowercase underscores; preserve distinct entries
Quotes_409,quotes_409,normalize named keys to lowercase underscores; preserve distinct entries
Quotes_41,quotes_41,normalize named keys to lowercase underscores; preserve distinct entries
Quotes_410,quotes_410,normalize named keys to lowercase underscores; preserve distinct entries
Quotes_411,quotes_411,normalize named keys to lowercase underscores; preserve distinct entries
Quotes_412,quotes_412,normalize named keys to lowercase underscores; preserve distinct entries
Quotes_413,quotes_413,normalize named keys to lowercase underscores; preserve distinct entries
Quotes_414,quotes_414,normalize named keys to lowercase underscores; preserve distinct entries
Quotes_415,quotes_415,normalize named keys to lowercase underscores; preserve distinct entries
Quotes_416,quotes_416,normalize named keys to lowercase underscores; preserve distinct entries
Quotes_417,quotes_417,normalize named keys to lowercase underscores; preserve distinct entries
Quotes_418,quotes_418,normalize named keys to lowercase underscores; preserve distinct entries
Quotes_419,quotes_419,normalize named keys to lowercase underscores; preserve distinct entries
Quotes_42,quotes_42,normalize named keys to lowercase underscores; preserve distinct entries
Quotes_420,quotes_420,normalize named keys to lowercase underscores; preserve distinct entries
Quotes_421,quotes_421,normalize named keys to lowercase underscores; preserve distinct entries
Quotes_422,quotes_422,normalize named keys to lowercase underscores; preserve distinct entries
Quotes_423,quotes_423,normalize named keys to lowercase underscores; preserve distinct entries
Quotes_424,quotes_424,normalize named keys to lowercase underscores; preserve distinct entries
Quotes_425,quotes_425,normalize named keys to lowercase underscores; preserve distinct entries
Quotes_426,quotes_426,normalize named keys to lowercase underscores; preserve distinct entries
Quotes_427,quotes_427,normalize named keys to lowercase underscores; preserve distinct entries
Quotes_428,quotes_428,normalize named keys to lowercase underscores; preserve distinct entries
Quotes_429,quotes_429,normalize named keys to lowercase underscores; preserve distinct entries
Quotes_43,quotes_43,normalize named keys to lowercase underscores; preserve distinct entries
Quotes_430,quotes_430,normalize named keys to lowercase underscores; preserve distinct entries
Quotes_431,quotes_431,normalize named keys to lowercase underscores; preserve distinct entries
Quotes_432,quotes_432,normalize named keys to lowercase underscores; preserve distinct entries
Quotes_433,quotes_433,normalize named keys to lowercase underscores; preserve distinct entries
Quotes_434,quotes_434,normalize named keys to lowercase underscores; preserve distinct entries
Quotes_435,quotes_435,normalize named keys to lowercase underscores; preserve distinct entries
Quotes_436,quotes_436,normalize named keys to lowercase underscores; preserve distinct entries
Quotes_437,quotes_437,normalize named keys to lowercase underscores; preserve distinct entries
Quotes_438,quotes_438,normalize named keys to lowercase underscores; preserve distinct entries
Quotes_439,quotes_439,normalize named keys to lowercase underscores; preserve distinct entries
Quotes_44,quotes_44,normalize named keys to lowercase underscores; preserve distinct entries
Quotes_440,quotes_440,normalize named keys to lowercase underscores; preserve distinct entries
Quotes_45,quotes_45,normalize named keys to lowercase underscores; preserve distinct entries
Quotes_46,quotes_46,normalize named keys to lowercase underscores; preserve distinct entries
Quotes_47,quotes_47,normalize named keys to lowercase underscores; preserve distinct entries
Quotes_48,quotes_48,normalize named keys to lowercase underscores; preserve distinct entries
Quotes_49,quotes_49,normalize named keys to lowercase underscores; preserve distinct entries
Quotes_5,quotes_5,normalize named keys to lowercase underscores; preserve distinct entries
Quotes_50,quotes_50,normalize named keys to lowercase underscores; preserve distinct entries
Quotes_51,quotes_51,normalize named keys to lowercase underscores; preserve distinct entries
Quotes_52,quotes_52,normalize named keys to lowercase underscores; preserve distinct entries
Quotes_53,quotes_53,normalize named keys to lowercase underscores; preserve distinct entries
Quotes_54,quotes_54,normalize named keys to lowercase underscores; preserve distinct entries
Quotes_55,quotes_55,normalize named keys to lowercase underscores; preserve distinct entries
Quotes_56,quotes_56,normalize named keys to lowercase underscores; preserve distinct entries
Quotes_57,quotes_57,normalize named keys to lowercase underscores; preserve distinct entries
Quotes_58,quotes_58,normalize named keys to lowercase underscores; preserve distinct entries
Quotes_59,quotes_59,normalize named keys to lowercase underscores; preserve distinct entries
Quotes_6,quotes_6,normalize named keys to lowercase underscores; preserve distinct entries
Quotes_60,quotes_60,normalize named keys to lowercase underscores; preserve distinct entries
Quotes_61,quotes_61,normalize named keys to lowercase underscores; preserve distinct entries
Quotes_62,quotes_62,normalize named keys to lowercase underscores; preserve distinct entries
Quotes_63,quotes_63,normalize named keys to lowercase underscores; preserve distinct entries
Quotes_64,quotes_64,normalize named keys to lowercase underscores; preserve distinct entries
Quotes_65,quotes_65,normalize named keys to lowercase underscores; preserve distinct entries
Quotes_66,quotes_66,normalize named keys to lowercase underscores; preserve distinct entries
Quotes_67,quotes_67,normalize named keys to lowercase underscores; preserve distinct entries
Quotes_68,quotes_68,normalize named keys to lowercase underscores; preserve distinct entries
Quotes_69,quotes_69,normalize named keys to lowercase underscores; preserve distinct entries
Quotes_7,quotes_7,normalize named keys to lowercase underscores; preserve distinct entries
Quotes_70,quotes_70,normalize named keys to lowercase underscores; preserve distinct entries
Quotes_71,quotes_71,normalize named keys to lowercase underscores; preserve distinct entries
Quotes_72,quotes_72,normalize named keys to lowercase underscores; preserve distinct entries
Quotes_73,quotes_73,normalize named keys to lowercase underscores; preserve distinct entries
Quotes_74,quotes_74,normalize named keys to lowercase underscores; preserve distinct entries
Quotes_75,quotes_75,normalize named keys to lowercase underscores; preserve distinct entries
Quotes_76,quotes_76,normalize named keys to lowercase underscores; preserve distinct entries
Quotes_77,quotes_77,normalize named keys to lowercase underscores; preserve distinct entries
Quotes_78,quotes_78,normalize named keys to lowercase underscores; preserve distinct entries
Quotes_79,quotes_79,normalize named keys to lowercase underscores; preserve distinct entries
Quotes_8,quotes_8,normalize named keys to lowercase underscores; preserve distinct entries
Quotes_80,quotes_80,normalize named keys to lowercase underscores; preserve distinct entries
Quotes_81,quotes_81,normalize named keys to lowercase underscores; preserve distinct entries
Quotes_82,quotes_82,normalize named keys to lowercase underscores; preserve distinct entries
Quotes_83,quotes_83,normalize named keys to lowercase underscores; preserve distinct entries
Quotes_84,quotes_84,normalize named keys to lowercase underscores; preserve distinct entries
Quotes_85,quotes_85,normalize named keys to lowercase underscores; preserve distinct entries
Quotes_86,quotes_86,normalize named keys to lowercase underscores; preserve distinct entries
Quotes_87,quotes_87,normalize named keys to lowercase underscores; preserve distinct entries
Quotes_88,quotes_88,normalize named keys to lowercase underscores; preserve distinct entries
Quotes_89,quotes_89,normalize named keys to lowercase underscores; preserve distinct entries
Quotes_9,quotes_9,normalize named keys to lowercase underscores; preserve distinct entries
Quotes_90,quotes_90,normalize named keys to lowercase underscores; preserve distinct entries
Quotes_91,quotes_91,normalize named keys to lowercase underscores; preserve distinct entries
Quotes_92,quotes_92,normalize named keys to lowercase underscores; preserve distinct entries
Quotes_93,quotes_93,normalize named keys to lowercase underscores; preserve distinct entries
Quotes_94,quotes_94,normalize named keys to lowercase underscores; preserve distinct entries
Quotes_95,quotes_95,normalize named keys to lowercase underscores; preserve distinct entries
Quotes_96,quotes_96,normalize named keys to lowercase underscores; preserve distinct entries
Quotes_97,quotes_97,normalize named keys to lowercase underscores; preserve distinct entries
Quotes_98,quotes_98,normalize named keys to lowercase underscores; preserve distinct entries
Quotes_99,quotes_99,normalize named keys to lowercase underscores; preserve distinct entries
ResearchReport_afilliate,researchreport_afilliate,normalize named keys to lowercase underscores; preserve distinct entries
ResearchReport_underwriting_loss_warning,researchreport_underwriting_loss_warning,normalize named keys to lowercase underscores; preserve distinct entries
Restructuring_toosmall,restructuring_toosmall,normalize named keys to lowercase underscores; preserve distinct entries
Taxable_liquidation_1,taxable_liquidation_1,normalize named keys to lowercase underscores; preserve distinct entries
Taxable_liquidation_2,taxable_liquidation_2,normalize named keys to lowercase underscores; preserve distinct entries
Taxable_liquidation_3,taxable_liquidation_3,normalize named keys to lowercase underscores; preserve distinct entries
Taxable_liquidation_4,taxable_liquidation_4,normalize named keys to lowercase underscores; preserve distinct entries
Taxable_liquidation_capasset,taxable_liquidation_capasset,normalize named keys to lowercase underscores; preserve distinct entries
Taxable_liquidation_title,taxable_liquidation_title,normalize named keys to lowercase underscores; preserve distinct entries
UI-bonds-subtitle,financial_bonds_tax_cost_note,normalize named keys to lowercase underscores; preserve distinct entries
advisory_demande-supply_unbalanced,advisory_demande_supply_unbalanced,normalize named keys to lowercase underscores; preserve distinct entries
advisory_feature_discount_badeco-noprofit,advisory_feature_discount_badeco_noprofit,normalize named keys to lowercase underscores; preserve distinct entries
assetbuy_board_limit_2-1,assetbuy_board_limit_2_1,normalize named keys to lowercase underscores; preserve distinct entries
bondbuy_corp_2-2,bondbuy_corp_2_2,normalize named keys to lowercase underscores; preserve distinct entries
bondbuy_gov_long_2-2,bondbuy_gov_long_2_2,normalize named keys to lowercase underscores; preserve distinct entries
bondbuy_gov_long_2-3,bondbuy_gov_long_2_3,normalize named keys to lowercase underscores; preserve distinct entries
bondbuy_gov_long_2-4,bondbuy_gov_long_2_4,normalize named keys to lowercase underscores; preserve distinct entries
bondbuy_gov_long_2-5,bondbuy_gov_long_2_5,normalize named keys to lowercase underscores; preserve distinct entries
bondbuy_gov_short_2-2,bondbuy_gov_short_2_2,normalize named keys to lowercase underscores; preserve distinct entries
bondbuy_gov_short_2-3,bondbuy_gov_short_2_3,normalize named keys to lowercase underscores; preserve distinct entries
cashflow_ETF_base_fee,cashflow_etf_base_fee,normalize named keys to lowercase underscores; preserve distinct entries
cashflow_ETF_incomeitems,cashflow_etf_incomeitems,normalize named keys to lowercase underscores; preserve distinct entries
cashflow_est.tax_extra_gain,cashflow_est_tax_extra_gain,normalize named keys to lowercase underscores; preserve distinct entries
fianancialui_debtequity,financialui_debtequity,normalize named keys to lowercase underscores; preserve distinct entries
financial_corp-player_dd,financial_corp_player_dd,normalize named keys to lowercase underscores; preserve distinct entries
financial_lia-equity,financial_lia_equity,normalize named keys to lowercase underscores; preserve distinct entries
financial_lia-equity2,financial_lia_equity2,normalize named keys to lowercase underscores; preserve distinct entries
financial_lia-equity_accruedincometax,financial_lia_equity_accruedincometax,normalize named keys to lowercase underscores; preserve distinct entries
financial_lia-equity_bonds,financial_lia_equity_bonds,normalize named keys to lowercase underscores; preserve distinct entries
financial_lia-equity_borrowingrate,financial_lia_equity_borrowingrate,normalize named keys to lowercase underscores; preserve distinct entries
financial_lia-equity_cd,financial_lia_equity_cd,normalize named keys to lowercase underscores; preserve distinct entries
financial_lia-equity_convbond,financial_lia_equity_convbond,normalize named keys to lowercase underscores; preserve distinct entries
financial_lia-equity_demanddeposits,financial_lia_equity_demanddeposits,normalize named keys to lowercase underscores; preserve distinct entries
financial_lia-equity_equity,financial_lia_equity_equity,normalize named keys to lowercase underscores; preserve distinct entries
financial_lia-equity_inc_taxpayable,financial_lia_equity_inc_taxpayable,normalize named keys to lowercase underscores; preserve distinct entries
financial_lia-equity_inctaxpayable1,financial_lia_equity_inctaxpayable1,normalize named keys to lowercase underscores; preserve distinct entries
financial_lia-equity_insurancereserves,financial_lia_equity_insurancereserves,normalize named keys to lowercase underscores; preserve distinct entries
financial_lia-equity_interbank,financial_lia_equity_interbank,normalize named keys to lowercase underscores; preserve distinct entries
financial_lia-equity_interbankloan,financial_lia_equity_interbankloan,normalize named keys to lowercase underscores; preserve distinct entries
financial_lia-equity_interbankloan_variant2,financial_lia_equity_interbankloan_variant2,normalize named keys to lowercase underscores; preserve distinct entries
financial_lia-equity_lendingbank,financial_lia_equity_lendingbank,normalize named keys to lowercase underscores; preserve distinct entries
financial_lia-equity_lineofcredit,financial_lia_equity_lineofcredit,normalize named keys to lowercase underscores; preserve distinct entries
financial_lia-equity_loan,financial_lia_equity_loan,normalize named keys to lowercase underscores; preserve distinct entries
financial_lia-equity_longbond,financial_lia_equity_longbond,normalize named keys to lowercase underscores; preserve distinct entries
financial_lia-equity_longbond2,financial_lia_equity_longbond2,normalize named keys to lowercase underscores; preserve distinct entries
financial_lia-equity_longbond_spaced,financial_lia_equity_longbond_spaced,normalize named keys to lowercase underscores; preserve distinct entries
financial_lia-equity_networth,financial_lia_equity_networth,normalize named keys to lowercase underscores; preserve distinct entries
financial_lia-equity_reservcontingency,financial_lia_equity_reservcontingency,normalize named keys to lowercase underscores; preserve distinct entries
financial_lia-equity_totallia,financial_lia_equity_totallia,normalize named keys to lowercase underscores; preserve distinct entries
finanialui_rndpercent,financialui_rndpercent,normalize named keys to lowercase underscores; preserve distinct entries
firemanagement_2-1,firemanagement_2_1,normalize named keys to lowercase underscores; preserve distinct entries
firemanagement_2-2,firemanagement_2_2,normalize named keys to lowercase underscores; preserve distinct entries
firemanagement_6-1,firemanagement_6_1,normalize named keys to lowercase underscores; preserve distinct entries
firemenagement_result,firemanagement_result_pink_slips,normalize named keys to lowercase underscores; preserve distinct entries
futures_contract_unit-price,futures_contract_unit_price,normalize named keys to lowercase underscores; preserve distinct entries
futuresbuy_notice_2-1,futuresbuy_notice_2_1,normalize named keys to lowercase underscores; preserve distinct entries
general_corp-pct,general_corp_pct,normalize named keys to lowercase underscores; preserve distinct entries
general_dollar-milion,general_dollar_milion,normalize named keys to lowercase underscores; preserve distinct entries
general_short-term_bill,general_short_term_bill,normalize named keys to lowercase underscores; preserve distinct entries
general_subprimemort.,general_subprimemort,normalize named keys to lowercase underscores; preserve distinct entries
general_taxable liquidation,general_taxable_liquidation,normalize named keys to lowercase underscores; preserve distinct entries
genereal_swap,general_swap,normalize named keys to lowercase underscores; preserve distinct entries
issue_corp_bond_poor-rating,issue_corp_bond_poor_rating,normalize named keys to lowercase underscores; preserve distinct entries
issue_corp_bond_small-limit,issue_corp_bond_small_limit,normalize named keys to lowercase underscores; preserve distinct entries
mainUI_saveas_input,mainui_saveas_input,normalize named keys to lowercase underscores; preserve distinct entries
mainmenu_text-catchprise,mainmenu_text_catchprise,normalize named keys to lowercase underscores; preserve distinct entries
mainui_borrowing_cap gain,mainui_borrowing_cap_gain,normalize named keys to lowercase underscores; preserve distinct entries
mainui_holdings_action_for sale,mainui_holdings_action_for_sale,normalize named keys to lowercase underscores; preserve distinct entries
mainui_indicator_comm-index,mainui_indicator_comm_index,normalize named keys to lowercase underscores; preserve distinct entries
mainui_indicator_comm-index_corn,mainui_indicator_comm_index_corn,normalize named keys to lowercase underscores; preserve distinct entries
mainui_indicator_comm-index_gold,mainui_indicator_comm_index_gold,normalize named keys to lowercase underscores; preserve distinct entries
mainui_indicator_comm-index_index,mainui_indicator_comm_index_index,normalize named keys to lowercase underscores; preserve distinct entries
mainui_indicator_comm-index_oil,mainui_indicator_comm_index_oil,normalize named keys to lowercase underscores; preserve distinct entries
mainui_indicator_comm-index_silver,mainui_indicator_comm_index_silver,normalize named keys to lowercase underscores; preserve distinct entries
mainui_indicator_comm-index_spx,mainui_indicator_comm_index_spx,normalize named keys to lowercase underscores; preserve distinct entries
mainui_indicator_comm-index_wheat,mainui_indicator_comm_index_wheat,normalize named keys to lowercase underscores; preserve distinct entries
mainui_indicator_comm-index_wheat_1,mainui_indicator_comm_index_wheat_1,normalize named keys to lowercase underscores; preserve distinct entries
mainui_info_high-low,mainui_info_high_low,normalize named keys to lowercase underscores; preserve distinct entries
mainui_info_player_emplo-status,mainui_info_player_emplo_status,normalize named keys to lowercase underscores; preserve distinct entries
mainui_info_player_emplo-status_indp,mainui_info_player_emplo_status_indp,normalize named keys to lowercase underscores; preserve distinct entries
mainui_taxpos_owe-refund,mainui_taxpos_owe_refund,normalize named keys to lowercase underscores; preserve distinct entries
mainui_transac-fin_1,mainui_transac_fin_1,normalize named keys to lowercase underscores; preserve distinct entries
mainui_transac-fin_2,mainui_transac_fin_2,normalize named keys to lowercase underscores; preserve distinct entries
mainui_transac-fin_3,mainui_transac_fin_3,normalize named keys to lowercase underscores; preserve distinct entries
mainui_transac-fin_3_1,mainui_transac_fin_3_1,normalize named keys to lowercase underscores; preserve distinct entries
mainui_transac-fin_4,mainui_transac_fin_4,normalize named keys to lowercase underscores; preserve distinct entries
mainui_transac-fin_4_1,mainui_transac_fin_4_1,normalize named keys to lowercase underscores; preserve distinct entries
mainui_transac-fin_4_corp,mainui_transac_fin_4_corp,normalize named keys to lowercase underscores; preserve distinct entries
mainui_transac-fin_4_corp_noaffect,mainui_transac_fin_4_corp_noaffect,normalize named keys to lowercase underscores; preserve distinct entries
mainui_transac-fin_notaffected,mainui_transac_fin_notaffected,normalize named keys to lowercase underscores; preserve distinct entries
mainui_transac-fin_title,mainui_transac_fin_title,normalize named keys to lowercase underscores; preserve distinct entries
merger_unanimously-against,merger_unanimously_against,normalize named keys to lowercase underscores; preserve distinct entries
news_law_antitrust_annonce-settle,news_law_antitrust_annonce_settle,normalize named keys to lowercase underscores; preserve distinct entries
patchnote_gameplay-aifix,patchnote_gameplay_aifix,normalize named keys to lowercase underscores; preserve distinct entries
patchnote_perfom-fix,patchnote_perfom_fix,normalize named keys to lowercase underscores; preserve distinct entries
patchnote_stability-diagnostic,patchnote_stability_diagnostic,normalize named keys to lowercase underscores; preserve distinct entries
popup_profit-taking,popup_profit_taking,normalize named keys to lowercase underscores; preserve distinct entries
research_ext.loss,research_ext_loss,normalize named keys to lowercase underscores; preserve distinct entries
researchreport_est.quarterfee,researchreport_est_quarterfee,normalize named keys to lowercase underscores; preserve distinct entries
startcompagny_result_0,startcompany_result_0,normalize named keys to lowercase underscores; preserve distinct entries
stockbuy_ETF_desc,stockbuy_etf_desc,normalize named keys to lowercase underscores; preserve distinct entries
stockbuy_ETF_input_1,stockbuy_etf_input_1,normalize named keys to lowercase underscores; preserve distinct entries
stockbuy_ETF_input_2,stockbuy_etf_input_2,normalize named keys to lowercase underscores; preserve distinct entries
stockbuy_ETF_input_title,stockbuy_etf_input_title,normalize named keys to lowercase underscores; preserve distinct entries
stockbuy_ETF_manager_fired,stockbuy_etf_manager_fired,normalize named keys to lowercase underscores; preserve distinct entries
stockbuy_ETF_share,stockbuy_etf_share,normalize named keys to lowercase underscores; preserve distinct entries
stockbuy_ETF_warning,stockbuy_etf_warning,normalize named keys to lowercase underscores; preserve distinct entries
tutorial_1-10_body,tutorial_1_10_body,normalize named keys to lowercase underscores; preserve distinct entries
tutorial_1-10_title,tutorial_1_10_title,normalize named keys to lowercase underscores; preserve distinct entries
tutorial_1-11_body,tutorial_1_11_body,normalize named keys to lowercase underscores; preserve distinct entries
tutorial_1-11_title,tutorial_1_11_title,normalize named keys to lowercase underscores; preserve distinct entries
tutorial_1-12_body,tutorial_1_12_body,normalize named keys to lowercase underscores; preserve distinct entries
tutorial_1-12_title,tutorial_1_12_title,normalize named keys to lowercase underscores; preserve distinct entries
tutorial_1-13_body,tutorial_1_13_body,normalize named keys to lowercase underscores; preserve distinct entries
tutorial_1-13_title,tutorial_1_13_title,normalize named keys to lowercase underscores; preserve distinct entries
tutorial_1-14_body,tutorial_1_14_body,normalize named keys to lowercase underscores; preserve distinct entries
tutorial_1-14_title,tutorial_1_14_title,normalize named keys to lowercase underscores; preserve distinct entries
tutorial_1-1_body,tutorial_1_1_body,normalize named keys to lowercase underscores; preserve distinct entries
tutorial_1-1_title,tutorial_1_1_title,normalize named keys to lowercase underscores; preserve distinct entries
tutorial_1-2_body,tutorial_1_2_body,normalize named keys to lowercase underscores; preserve distinct entries
tutorial_1-2_title,tutorial_1_2_title,normalize named keys to lowercase underscores; preserve distinct entries
tutorial_1-3_body,tutorial_1_3_body,normalize named keys to lowercase underscores; preserve distinct entries
tutorial_1-3_title,tutorial_1_3_title,normalize named keys to lowercase underscores; preserve distinct entries
tutorial_1-4_body,tutorial_1_4_body,normalize named keys to lowercase underscores; preserve distinct entries
tutorial_1-4_title,tutorial_1_4_title,normalize named keys to lowercase underscores; preserve distinct entries
tutorial_1-5_body,tutorial_1_5_body,normalize named keys to lowercase underscores; preserve distinct entries
tutorial_1-5_title,tutorial_1_5_title,normalize named keys to lowercase underscores; preserve distinct entries
tutorial_1-6_body,tutorial_1_6_body,normalize named keys to lowercase underscores; preserve distinct entries
tutorial_1-6_title,tutorial_1_6_title,normalize named keys to lowercase underscores; preserve distinct entries
tutorial_1-7_body,tutorial_1_7_body,normalize named keys to lowercase underscores; preserve distinct entries
tutorial_1-7_title,tutorial_1_7_title,normalize named keys to lowercase underscores; preserve distinct entries
tutorial_1-8_body,tutorial_1_8_body,normalize named keys to lowercase underscores; preserve distinct entries
tutorial_1-8_title,tutorial_1_8_title,normalize named keys to lowercase underscores; preserve distinct entries
tutorial_1-9_body,tutorial_1_9_body,normalize named keys to lowercase underscores; preserve distinct entries
tutorial_1-9_title,tutorial_1_9_title,normalize named keys to lowercase underscores; preserve distinct entries
