Key,Source (EN),Target (JA),Context
event_auto1,"FBI REPORTS THAT CAR-JACKING IS NOW THE SECOND MOST COMMON CRIME IN AMERICA

Official FBI crime statistics for@YEAR indicate that carjacking, a crime where armed toughs drag motorists out of their cars, often at gunpoint or knifepoint, before taking their cars, has reached epidemic proportions.  It is now one of the most common crimes reported in the U.S., second only to random sniper shootings. Also, there is said to be an increasing overlap between these two crimes recently in urban areas, now that street gangs regularly spray any Mercedes automobile they spot with automatic weapons fire, often just to take the hood ornament as a trophy.

An FBI spokesperson told CNN today that ""...In a few years, we expect that all free-roaming Mercedes automobiles will be bereft of hood ornaments... for the same reason that all living rhinos in Africa now have their horns surgically removed by gamekeepers... just as the only surviving giraffes in the wild are now without tails -- since their tails are highly prized as whisk brooms, they would quite naturally be killed off by poachers if the gamekeepers didn't cut off their tails first... Same principle here....""

In related business news, Daimler-Chrysler, the large German auto maker and defense manufacturer, reported a 72% drop in sales of its Mercedes automobiles into the U.S. for the latest three-month period, and is reportedly considering either abandoning the U.S. market altogether, or creating an American version of its automobiles that has no hood ornament or other distinguishing insignia....

Crime has become THE big business in America, along with the construction and operation of prisons, and provision of security services.",,
event_auto2,"SUBJECT:  DESIGN PROBLEMS WITH OUR 'TERMINATOR' SPORTS CAR LINE

Engineering has informed the Finance Division that we have a problem with the new ""Terminator"" model of the sports car line we introduced last year. Due to a design defect in the ventilation system, a small percentage (about 10%, we estimate) of the Terminators leak carbon monoxide into the passenger compartment with lethal effects, unless drivers keep their windows open (not an option in places like Minnesota).

We have to make a decision quickly -- we're getting anecdotal evidence from our dealers of a number of unexplained crashes, running off mountain roads, etc., by new customers who were driving Terminators. Probably from people passing out at the wheel before they suffocated.  This could be a serious P.R. problem if the press gets a whiff of this.

If we do a recall of the @YEAR Terminator to fix the problem, we are not only facing a @AMOUNT million direct cost, but lots of bad press and lawsuits from surviving family members of the victims to date.  We recommend, instead, that we just fix the problem in this year's model, and ""stonewall it"" about the defect in the @YEAR model.  It's your call, Chief....

SELECT ""YES"" TO ""STONEWALL IT"", ""NO"" TO DO A PRODUCT RECALL

 @CORPFULL'S LOSSES FROM LAWSUITS OVER DESIGN DEFECT IN ITS @FACT TERMINATOR MODEL GROW TO @AMOUNT MIL.

Losses continue to mount for the embattled car company, as a result of a decision by its Engineering Department not to inform top management of a design defect in the @FACT model of its popular Terminator automobile, which resulted in over 3,000 deaths from carbon monoxide poisoning of passengers in that vehicle. Apparently, the company's Engineering Dept. discovered the problem the following year, but rather than risk the wrath of top management, covered up the problem and quietly corrected the design flaw in subsequent models of the flashy sports sedan.

As soon as a consumer group blew the whistle on the Terminator, the company's CEO took firm action by firing the former head of Engineering, who is now in prison awaiting trial on federal charges of criminal conspiracy to cover up the safety hazard. The top management of the company has cooperated fully with @MISC officials, providing documents that will likely result in the engineer's conviction and incarceration for up to 50 years.

Even so, a large number of successful lawsuits filed against @CORPFULL have devastated its earnings.",,
event_auto3,"FROM:  LABOR RELATIONS/PERSONNEL DEPARTMENT SUBJ:  STAFFING DURING UPCOMING RUBBER WORKERS' STRIKE AGAINST @CORPFULL

As you know, the Rubber Workers Union has made demands we cannot afford to meet, and will be going out on strike next Tuesday, unless we give in, which you have indicated we will not do.  Thus, our real choice is whether to try and keep our tire manufacturing operations going, using ""scabs"" and a skeleton crew of management personnel. Union members have warned us they will sabotage our operations when they return to work if we use ""scabs,"" so that carries certain risks.

Of course, if we try to operate with management people only, we will have to skip certain safety procedures, and that could also cause some quality control problems. Therefore, we will be facing some serious problems of product safety either way, unless we shut down production, which will cost us a fortune in lost sales, not to mention continuing overhead expenses.

Thus, the main question is whether we ignore the union's threats and either hire ""scabs"" (non-union workers) or we operate with management personnel, or both -- or else do we shut down our plants and halt production.

DECISION:  DO WE CONTINUE PRODUCTION, USING ""SCAB"" LABOR AND/OR MANAGEMENT PERSONNEL?",,
event_auto4,"FROM:     OPERATIONS AND COST ACCOUNTING DIVISIONS SUBJECT:  INCREASING THE PRODUCTIVITY OF OUR EQUIPMENT

We are still not getting the kind of productivity out of our truck fleet that we need. We have enormous amounts of capital tied up in equipment that is being underutilized. The business is there, but hiring more drivers is extremely costly to us, because the union requires us to provide an expensive benefits package for every new employee we hire.

The solution, as we see it, is to get more hours per day of work out of existing truck drivers. We have run the numbers, and the payoff is huge if we can just extract another 2 hours a day on the road from our drivers.  They will have to get by with very little sleep on long hauls that way, but we are certain that, with the easy availability of illegal stimulants, the drivers will find a way to do it, if we apply enough pressure. If need be, we can even provide them with stimulants for free. Anyone who doesn't go along with the program will be blamed for the longer hours we're demanding the other drivers must work.

QUESTION:  DO WE PUSH DRIVERS TO INCREASE THEIR HOURS?",,
event_auto5,"FROM:  @CORPFULL LEGAL DEPARTMENT SUBJ:  PRODUCT LIABILITY -- AIRBAGS

We are saving great deals of money by having our airbags, which we supply to several automakers, manufactured for us, at a very low cost, by a government-owned company in @FACT.

However, three of the largest auto manufacturers to whom we sell the airbags have quietly passed on some data to us they have collected, indicating there may be some quality control problems with the airbags, which have a tendency to deploy at inopportune times, and NOT to deploy at critical times, such as during severe collisions.

In short, the airbags are resulting in a considerable number of injuries and fatalities, and we need to stop selling them, immediately, and find a more reputable manufacturer for that item, or we could find ourselves up to our armpits in product liability lawsuits. To that end, we have already signed a contract with a reliable @MISC firm, which will make all our airbags for us in the future, and have canceled our subcontract with the @FACTn company.

The question now is whether we disclose that the 350,000 airbags we have sold to date, made by the @FACTn firm, are dangerous, and recall them, to prevent more accidents from occurring. That, of course, would be very expensive, and would also probably lead to a deluge of personal injury lawsuits from families of the people who have already died in auto accidents, caused by the unexpected deployment of our airbags, once their lawyers get wind of the fact that our airbags are deadly, and more likely to blow your arms off than save you, in an auto accident. It's a tough call.

DO WE KEEP QUIET ABOUT THE DANGEROUS AIRBAGS?",,
event_auto6,"FROM:  ENGINEERING AND MARKETING DEPARTMENTS

SUBJ:  SAFETY PROBLEMS WITH OUR NEW 'LIGHTNING' MODEL

Our radical new ""Lightning"" muscle car, which achieves speeds of up to 300 kph (when possible on crowded Asian highways), is already a big seller, after only 10 months of sales. However, it seems to have a few design defects that we failed to remedy in our rush to get it to market last year, which could be costly to @CORPFULL.

We have been getting reports from the field about leaking fuel tanks, ABS brakes that lock up unexpectedly, faulty airbags that fail to deploy, and doors that frequently come unlocked on bumpy roads and routinely fly open in rollovers or other serious auto accidents. There have also been a few anecdotal reports suggesting that the front wheels may come off during high-speed turns, but no one has survived those accidents, so we are not certain whether the wheels detached before or after the accidents. However, it seems likely that the problems we noted with the upper ball joint coming apart can cause the vehicle's suspension to collapse and the wheel to fall off, which is a critical safety problem.

It seems that, with its big 800-hp engine, users are pushing the ""Lightning"" beyond its limits, since we only designed it to operate safely at speeds up to 250 kph. The Engineering Department is of the opinion that we should stop producing the Lightning until we can correct all the design defects, and should recall all the 245,000 units we have sold so far, and either repair the defects or refund the purchase price to the buyers.

Marketing has a very different viewpoint. Since lawsuits from unhappy consumers (or their widows) are not generally a major problem in the Asian markets where we predominantly sell the Lightning at present, Marketing feels we should just keep our mouths shut about the alleged safety problems, and work on fixing the design defects on future models, at which time we can begin introducing the Lightning into the more litigious North American and European markets, as well as Latin America. Any buyers of the current defective models would simply have to take their chances, as it is far too costly for us to do a recall, and our company would badly lose face by doing so.

QUESTION:  DO WE KEEP QUIET ABOUT THE DESIGN DEFECTS IN OUR 'LIGHTNING' MUSCLE CAR?",,
event_auto7,"FROM:     MARKETING DEPARTMENT

SUBJECT:  DEVELOPMENT OF AUTONOMOUS ROBOTS FOR THE MILITARY

We have good information from military procurement contacts in the government, quietly letting us know that the military would pay top dollar if we were able to develop autonomous killer robots that could be released in terrorist strongholds or behind enemy lines in various conflicts around the world. (Our project would be funded out of the secret ""black budget"" that made possible projects like mind control, time travel, and reverse engineering of technology from UFOs the military and CIA have shot down.)

The military has only given us very general specifications, such as the ability of the robots to detect and destroy any humans or moving vehicles they encounter while operating in hostile territory. The bots must also be heavily armored and durable, well-shielded against any EMP weapons, must possess plenty of firepower, and need to be able to run on battery and/or solar energy for days, or preferably weeks, at a time. Each unit will need to be programmable to only operate within specified (hostile) areas, using GPS input to maintain their location awareness.

The other key feature that is needed is autonomy, so that they can be remotely activated, but once turned on will continue to wreak havoc until knocked out of action or they run out of power. There must be no ""off"" switch once the killer robots are activated, so that enemy tech people (or our people) can't remotely turn them off. The idea is that the robots will ""die"" fighting and killing every enemy in sight and should be impossible to disable with anything less than anti-tank guns.

It just so happens that our ""blue-sky projects"" research team has been doing some lightly funded work on developing autonomous killer robots, and they have built several highly functional prototypes (unarmed for now), which have most of the features the military wants. They tell us that all that is needed is to select the armaments and to add the required EMP shields, and we could provide the military with working units almost immediately, to be parachuted into one or more trouble spots around the world like Syria, Venezuela, Libya, Gaza, etc., to test how effective they are. If the results are as desired, we should see some gigantic orders from the military ""black projects"" funds, which are nearly infinite.

This type of lethal, uncontrolled weapon would, of course, present some ethical issues, since such murderous machines will not be able to distinguish between enemy soldiers and civilians. However, our legal department says there is no legal problem and that we need not concern ourselves with the morality of unleashing such weapons, which is not a legal question.

There is a certain amount of urgency if we are to proceed.

Modifications to the Geneva Convention have been proposed by several countries at the U.N. that would outlaw such weapons. If we are going to go ahead with full-fledged development of the robots, we need to have some ready and deployed before any such changes are made to the Geneva Convention that would turn our efforts into war crimes.

DECISION: DO WE PROCEED WITH DEVELOPMENT OF THE AUTONOMOUS KILLER ROBOTS, BEFORE THEY ARE OUTLAWED?",,
event_auto8,"FROM:  MARKETING DEPARTMENT--BRONTO DIVISION SUBJ:  PROPOSAL FOR INCREASING PRODUCTION LEVELS

Our ""Bronto"" (saurus) sport utility vehicle is now our hottest selling vehicle. As you know, its large size, giant, 4-mpg. engine and our excellent marketing campaign is generating a demand for the Bronto that has swamped our dealers, and because of new parts shortages, we are unable to produce this hot seller fast enough to satisfy half the orders we are getting. As a result, Bronto is now the most frequently stolen vehicle in North America, a statistic of which we can justly be proud.

One of our plants has even resorted to buying used parts from junked Brontos, from junkyards around the country. With a full repainting, these used parts are good as new, but the supply of them is also very limited. However, we have been approached by a car parts group in the Southwest that claims they can provide us with used Bronto parts from their San Diego, El Paso, and Laredo operations, in mass quantities, at less than we are currently paying the junkyards. We won't ask where they get them.

DO WE BEGIN BUYING USED PARTS FOR OUR BRONTO PLANTS?  [Y / N]",,
event_auto9,"FROM:  ENGINEERING AND MARKETING DEPARTMENTS

SUBJ:  ISSUES WITH OUR NEW SELF-DRIVING TRUCKS

Our new self-driving heavy trucks look like they will be a huge success, as trucking companies have already put in orders for all of our production of these beauties through the year @YEAR, based on the performance of our prototypes.

The trucking companies expect to be able to pension off or lay off tens of thousands of costly truck drivers, who will no longer be needed once the companies replace their existing truck fleets with our state-of-the-art SDTs. The top trade magazines have given us glowing reviews, and say the new SDTs will, in a few years, become like a constantly moving conveyor belt, carrying goods in an endless flow to their intended locations, with no stops for coffee breaks, restroom breaks, or sleep. In short, we have a product that will be incredibly successful and profitable for many years for @CORPFULL.

We are slightly ahead of any competition at this point, but we know that automakers and even software companies and other tech giants have crash development programs going, to try to develop SDTs and other self-driving vehicles to compete with us. However, we believe they are all at least a year away from production.

Accordingly, it is urgent that we go into production of the new SDTs as soon as possible, to establish ours as the dominant force in the self-driving truck market. However, while our testing has generally gone well, we have had a couple of recent incidents in Brussels and Milan, both of which, fortunately, occurred in our test facilities. In both cases, something apparently went badly wrong with our technology. No one was hurt, and all our employees who witnessed the crashes have now executed non-disclosure agreements, but if either of those accidents had been on public streets, it would have made the front-page news on all the media scandal sheets.

At the Brussels facility, a test truck started up on its own, and smashed through more than a dozen vehicles in the employee parking lot before it was brought to a stop by a steep embankment. In the Milan case, one of the trucks that was returning from a successful test run to Turin and back, with our observers aboard, failed to stop as it returned to our facility, smashing through the brick walls of the building and still going, until the software belatedly responded to the frantic efforts of the riders to apply the brakes.

We were lucky that no one outside of the company found out about these two events, and while our SDTs have logged thousands of miles on test runs with a perfect safety record until lately, it is obvious that there are still some major bugs in the navigation software and obstacle detection and avoidance systems, or else some kind of mechanical glitches -- we are not sure which, yet.

In light of the possible consequences of such bugs popping up in the field, after we have sold thousands of these vehicles, we in the Engineering Department feel that we should not go into production until we can find these elusive software or mechanical bugs, which we have been unable to do so far. Of course, we realize that Wall Street will probably crucify our stock if we go public now with the problems we have encountered and we delay production and sales of the new self-driving trucks on account of these risks.

However, that is not a decision for us to make, but is up to you. If we proceed with production, we MAY be able to find the cause(s) of the problems and correct them before many of the trucks hit the road, in which case we could then just do a minor recall under some pretext....

It's your call.

QUESTION: Do we assume the problems we encountered were freak malfunctions and go ahead with production and sales of the self-driving trucks?",,
event_auto10,"@CORPFULL TRUCKS CAUSING HAVOC ON THE HIGHWAYS OF EUROPE -- GOVERNMENTS REQUIRING THE COMPANY TO DO MASSIVE RECALLS, REFUNDS

After the ninth serious accident in barely a month since heavy self-driving trucks went into mass production and began operating on the highways of Europe, it is obvious that the new trucks are a deadly hazard, and transport authorities have ordered that all such trucks be recalled by the maker, @CORPFULL.

In the latest accident, one of the self-driving trucks, lightly loaded on a return trip from a delivery to Madrid, suddenly accelerated to high speed in a congested area of Barcelona and sped through a red traffic light at a school crossing, running over five children, three of whom were fatally injured. The cause of the accident, as in previous serious but non-fatal accidents, is believed to be faulty software that operates the trucks. The 8 earlier accidents involving these trucks were all non-fatal, although the event last week, where one of the trucks left the road and crashed into a monastery in Croatia, severely injuring several nuns, was already cause for public outrage. That followed on the heels of an accident several days before, when a self-driving @CORP truck loaded with bricks was in the wrong lane near Manchester and crashed head-on into an oncoming school bus that luckily was only carrying three children and the driver, all of whom escaped with no more harm than some broken bones.

An angry member of the British House of Commons described the release of these unmanned vehicles on the public roads as being ""open season on pedestrians,"" and said he will personally be loath to drive or ride any place "" ...as long as these killer machines are running amok on our roads!""

The transportation authorities in the EU have now banned the vehicles from all public roads, until further notice. As a consequence, several major trucking companies have already canceled their orders for the self-driving trucks made by @CORPFULL, orders worth billions of Euros.

Instead, the trucking companies are placing orders with American, Japanese, and Korean companies, all of which are nearing the mass production stage for their own selfdriving vehicles. Hopefully, they will be less deadly....

Rumors are circulating that the company was well aware of the problems with the guidance software for the trucks, but chose to plow ahead, hoping they could identify the cause of the problems and remedy it before too many of the SDTs were sold and put in service.

Lawsuits are sure to follow.",,
event_auto11,"@CORPFULL SETTLES LAWSUIT FOR @AMOUNT MILLION, AFTER DISCLOSURE THAT COMPANY FORCED DRIVERS TO TAKE ILLEGAL STIMULANTS TO STAY AWAKE AT THE WHEEL

Attorneys for plaintiffs in a class action lawsuit against trucking company @CORPFULL announced today that their clients have agreed to accept a settlement of @AMOUNT. from the company, growing out of a wrongful death lawsuit in which 37 children were killed when a school bus was hit headon by one of the company's trucks. The operator of the truck had gone to sleep at the wheel after driving at least 44 of the last 48 hours, according to a driver's log found at the scene of the accident.

Plaintiffs' attorneys said that their discovery of an internal company memo, urging that drivers be pressured to drive longer hours, and proof that the company had routinely begun distributing free narcotics to its drivers to help them stay awake for days at a time, were decisive factors in the case, which was only one of dozens now pending against the company....",,
event_auto12,"@CORPFULL DISCONTINUES PRODUCTION OF ITS ""LIGHTNING"" CAR, WHICH PROVED TO BE A ""LEMON""

Auto maker @CORPFULL announced today that it is permanently ceasing production of its revolutionary new ""muscle car,"" capable of speeds up to 300 kph, following a spate of increasingly negative publicity from several major newpapers in @COUNTRY.

According to newspaper accounts, the Lightning, while blazing fast and sleekly designed, had a number of severe design defects, including leaky fuel tanks that exploded, wheels that fell off in turns, and doors that flew open in accidents. Word had rapidly spread throughout Asian markets that the Lightning was a ""death trap,"" and sales had fallen off to almost zero. The Lightning fiasco will result in huge financial losses for @CORPFULL.",,
event_auto13,"@CORPFULL FORCED TO RECALL MILLIONS OF TIRES

Tire maker @CORPFULL is facing the costly recall of millions of tires it sold to auto manufacturers or directly to consumers, as a result of safety concerns. Dozens of lawsuits in the U.S. and several more in other countries have established that the company's tires have a disturbing tendency to disintegrate at speeds of over 50 mph (80 kph) after only a few months of wear, due to serious manufacturing defects. The cost of the recalls and various lawsuits is estimated to be at least @AMOUNT.

Investigators hired by the company have concluded that the safety defects were caused by sabotage by angry union workers, after they returned from a short strike during which the company continued to maintain tire production, while using @MISC.

Union officials deny that they ever threatened to sabotage the safety of the company's tires, or that any union workers were responsible for such sabotage. Instead, they blame the safety defects on the use of @MISC.",,
event_auto14,"AUTO COMPANIES SUE @CORPFULL FOR SUPPLYING FAULTY AIRBAGS; NUMEROUS ACCIDENTS AND DEATHS ATTRIBUTED TO THE AIRBAGS MADE IN @MISC

Several large U.S., European and Japanese automobile makers settled a lawsuit today which they had brought against auto parts company @CORPFULL, for @AMOUNT.

Neither side would comment on the settlement, other than to note the amount @CORPFULL had agreed to pay the auto manufacturers, but court documents previously filed in the case indicated that @CORPFULL had, for over a year, supplied the automakers with dangerously defective airbags made by a government-owned company in @FACT. The auto companies have already paid out large sums in legal damages to their customers injured, killed or dismembered by the dangerously defective airbags, and sued the parts supplier, @CORPFULL, for recompense.

According to the complaint that was filed last month against the parts maker, the airbags @CORPFULL supplied to the auto companies had a number of defects, including a tendency to unexpectedly deploy, with explosive force that sometimes injured or decapitated passengers, and often FAILED to deploy during crashes, or did so, but exploded with deadly force in many instances, or only deployed several seconds after the crash had occurred, adding to any injuries already sustained by the passengers. In many of the cases where the bags deployed, passengers were also injured by shrapnel from the bags, even if not otherwise harmed.

@CORPFULL, it was alleged, knew about the safety problems and terminated its contract with the company in @FACT, but chose not to do a product recall of some 350,000 airbags it had sold, due to the costs of doing a recall, and the bad publicity and legal liability that would have resulted from such action. Instead, the company apparently chose the ""stonewall"" option, hoping that the deadly airbag problem would go away.  It did not.

@CORPFULL is now likely to be hit by hundreds of personal injury and wrongful death lawsuits, now that both the airbag problem and the attempted coverup by the company have become public knowledge.",,
event_auto15,"@CORPFULL TARGETED IN CLASS ACTION LAWSUITS FOR SELLING USED PARTS AS NEW, IN ITS POPULAR BRONTO SPORT UTILITY VEHICLES

The ""Bronto,"" a hot-selling new sport utility vehicle, has until now been a major money maker for @CORPFULL.

Today, however, massive class action lawsuits were filed against the car maker in U.S. courts, after a Georgia plaintiff won a case proving that the company has been buying used Bronto parts and putting them in their vehicles, selling them as new--apparently because the car maker has been unable to expand production fast enough to keep up with demand.

It is alleged that most of the parts have been obtained from a chain of ""chop shops"" operated by a Mexican cartel in a number of border cities. The gang members engaged in a vast scheme of stealing Brontos off the streets, chopping them up into parts, and selling those used parts to @CORPFULL for its factories.

The U.S. Federal Trade Commission has ordered a halt to all sales of Brontos, pending an investigation.",,
event_aviation1,"COURT CASE HOLDS AIRLINES LIABLE FOR PASSENGERS' HEALTH PROBLEMS

A major airline, @CORP, must compensate its former passengers for circulatory problems they have suffered, possibly due to their to sitting for many hours without moving, in crowded ""cattle car class"" seats on long flights operated by the company. Apparently, many passengers on such long flights ignored the flight attendants' attempts to get them to get up and walk about the cabin or stretch their legs every few hours. As a result of such long periods of inactivity and from settling of blood in their feet and lower legs, the passengers claim they incurred severe circulatory problems of various types.

Damages were assessed at @TEXTSTRING

Similar suits may now be filed against other airlines, in the wake of this successful legal action.

Lawyers representing passengers say their next line of attack will be to sue the airlines for recirculating unhealthy air in the cabins, which the airlines now do for reasons of economy, since considerable additional fuel would have to be expended if the planes took in fresh air, which is very cold at high altitudes, and heated it to a comfortable temperature, rather than simply recycling the same air over and over -- dirty air that often spreads influenza, tuberculosis, plague, or other diseases of any one passenger to all of the other passengers onboard the flight.",,
event_aviation2,"FROM:  COST ACCOUNTING DEPARTMENT SUBJ:  GETTING AROUND GOVT. AIRCRAFT MAINTENANCE SCHEDULES

The C.F.O. tells us we have to find a way to somehow spend less than our competitors do on aircraft maintenance. It's a cutthroat business, and otherwise there is no way we can survive, given our inefficiency and the high executive pay cost structure at @CORPFULL.

However, we have found a way to cut costs, legally!

@MISC regulations require us to do a major overhaul of jet engines used on long-haul aircraft at frequent intervals.

We can save $500K U.S. per aircraft per year if, instead of doing the maintenance when required, we shift our ""tired"" planes over to lower stress short-haul routes, so we gain lots of extra time until we have to do full overhauls. It's a questionable loophole, but with our tight connections within the aviation agency, our good relations with the @YEAR and a few free first-class tickets for the safety inspectors, we should be able to implement this cost-cutting program with minimal regulatory risk.

QUESTION:  DO WE CUT BACK OUR MAINTENANCE BUDGET?",,
event_aviation3,"FROM:     SOFTWARE ENGINEERING DEPARTMENT SUBJECT:  BUGS IN NEW ""RAPTOR"" SOFTWARE STILL NOT FOUND

We have been working day and night, fly-specking several million lines of source code, in an attempt to find the ""bug"" that popped up several months ago in simulation testing of our Raptor Global Air Traffic Control System software.  As you will recall, something appeared to go haywire a couple of times in testing, within the Chicago-O'Hare program module. After several months of searching, we haven't been able to find the bug or cause it to recur. Maybe we've fixed it with our new error-trapping routines. In any case, we still can't pinpoint the problem, so we don't think the company should take the risk of letting Raptor go on-line next month at all U.S. airports, as currently planned.  On the other hand, we don't get paid for our @AMOUNT million of development costs, much less our expected profit of @AMOUNT million on the software, if we don't eventually release Raptor.

DECISION:  DO WE RELEASE THE ""RAPTOR"" GLOBAL AIR TRAFFIC CONTROL SOFTWARE, AND ASSUME IT'S O.K.?",,
event_aviation4,"SIXTH AIR CRASH OF @CORPFULL PLANES IN THE LAST MONTH; CONGRESS INQUIRING INTO BRIBERY OF FAA INSPECTORS

Another Boeing 767 airliner, carrying 287 passengers and crew, crashed in flames last night into a wealthy residential area of Long Island, New York, just moments after taking off from Kennedy International.  No one on board the craft appears to have survived. It was the sixth such fatal accident involving aircraft flown by @CORPFULL in the last month.

In response, a special Senate Select Committee will begin hearings next week to determine if alleged cutbacks in aircraft maintenance to levels far below those required for safety may have been the cause of some or all of the devastating crashes, which involved three 737s, a 767, an Airbus A-320, and one 757, all operated by @CORPFULL.

Meanwhile, negative publicity from the series of spectacular crashes has taken a heavy toll on @CORPFULL.

Business has all but dried up at ticket counters for the company, throughout its entire route system.",,
event_aviation5,"@CORPFULL'S GLOBAL AIR TRAFFIC CONTROL SOFTWARE CRASHES; SO DO A DOZEN AIRCRAFT AT O'HARE INTERNATIONAL

@CORPFULL's new ""Raptor"" software program finally went online at all major U.S. and Canadian airports today, with catastrophic results. The massive computer program apparently contained major flaws, at least in the portion of the program that was in charge of air traffic control at Chicago's O'Hare International, which today was the scene of 6 mid-air collisions, involving 12 passenger aircraft.

Over 1,400 persons died in the series of deadly crashes, all of which occurred within 3 hours after the sophisticated new computer-controlled air traffic system went on-line this morning. FAA and NTSA crash site investigators are said to be tracking down a report that the software company was aware of an obscure bug in its software, but released it anyway, in order to get paid. In any case, legal damage claims against @CORPFULL are expected to be ruinous.",,
event_construction1,"BUILDING MATERIALS COMPANY LIABLE FOR ""SICK BUILDINGS""

Lawyers for victims of ""sick building syndrome"" have won an important court victory against the building materials maker @CORP, in the amount of @TEXTSTRING

The company was found liable, in a class action lawsuit, for illness and mental anguish of thousands of individuals who have suffered from ""sick building syndrome,"" which is thought to be caused by exposure to toxic chemicals used in the company's building material products. The class of plaintiffs allowed to recover include anyone who certifies that he or she has ever entered into a building containing building products manufactured by @CORP.",,
event_construction2,"SUBJECT:  OBTAINING STRUCTURAL STEEL CONTRACT FOR THE PROPOSED NEW BRIDGE ACROSS SAN FRANCISCO BAY

We have good intelligence from our paid spies in the city governments of San Francisco and Hayward that some very low (supposedly secret) bids for steel are coming in, for the planned new bridge across San Francisco Bay.  We could bid lower, and get the contract, but only at a price so low that we would incur a large loss on the project, since our production costs for this type of high quality steel are quite high.

However, there is one other possibility.  Our trading partners in the former Soviet republic of @FACT can provide us with their structural steel at an absurdly low price. If we were to import the product from @FACT, and substitute it for the high grade steel required under the bridge contract, we could be low bidder and still make an enormous profit on the project. Of course, this steel made in the old Soviet Union is pretty low grade stuff, but who'll ever know?

QUESTION:  DO WE GO FOR LOW BID AND IMPORT THE STEEL?",,
event_construction3,"SUBJECT:  HOW @CORPFULL CAN OBTAIN CONSTRUCTION CONTRACT FOR THE NEW GRAND CANYON DAM IN ARIZONA

The job of building the new mile-high Arizona Water Project Dam across the deepest part of the Grand Canyon will be one of the largest engineering projects of this century. Quite naturally, we would like to be the lead contractor for this prestigious project, but we could easily go broke if we bid it low enough to be able to get the job, unless we cut corners and control our costs in a significant way.

While we have broad and extensive construction experience, and while we did the government feasibility study on converting the Grand Canyon into the world's large sanitary landfill site, dam-building is something new for us, and somewhat outside our areas of expertise.

But the Marketing Dept. suggests we can submit an extremely low bid, one that will ensure we get the contract, if only we take a few shortcuts, like secretly substituting cheap imported (low-grade) concrete from @FACT, in place of the expensive, high-quality concrete that is called for by the dam contract.

Naturally, the concrete from @FACT is of very poor quality, so we do run a risk that someone will discover the substitution, which could be rather bad for our image.

QUESTION:  DO WE GO FOR LOW BID AND IMPORT THE CONCRETE?",,
event_construction4,"NEW GRAND CANYON DAM COLLAPSES BEFORE BEING FILLED TO MORE THAN HALF CAPACITY; @CORPFULL BEING SUED BY ARIZONA WATER PROJECT AND CITIES OF PHOENIX, TUCSON

With a thunderous roar, the huge new Grand Canyon Dam, which was to have provided massive amounts of electrical power to Phoenix and Tucson, collapsed today like an enormous house of cards, sending a massive wall of water 800 feet high surging down the Canyon, to the considerable detriment of the hundreds of unlucky rafters, boaters and hikers who were in Grand Canyon downstream of the dam at the time.

The cause of the collapse was evidently faulty construction or inferior construction materials, as the new dam collapsed before it was even half-filled. The Arizona Water Project and the cities of Phoenix and Tucson immediately filed multibillion dollar lawsuits against the prime contractor on the dam, @CORPFULL, alleging gross negligence and fraud. Each of the complaints filed in Arizona state court in Phoenix alleges that the defendant, the low bidder on the project, secretly used cheap, low-grade, defective concrete from @FACT.",,
event_corporate1,"SUBJ:  REDUCTION OF UNNECESSARY MAINTENANCE AND SAFETY COSTS

Almost all of our rail competitors are gaining a cost advantage on us, by laying off maintenance personnel and slashing their track safety programs to the bone.  If we don't do the same, we aren't going to remain in the railroad business long. The accounting staff has run some preliminary numbers, and it's clear we can save approximately @AMOUNT. annually, pretax, through an across-the-board program of reducing maintenance on tracks, roadbeds, bridges, overpasses and tunnels.

The maintenance chief, an old-time railroader, resists these changes. He argues that the additional derailments, bridge collapses and other accidents will cost us more in the long run than we will save by cutting back on our maintenance and safety programs. He is NOT a team player, and the accounting department suggests that the first place we can save is by terminating the maintenance chief.

He could be right about the costs in the long run, but in the short run we will all be turning in our LearJets, firing our au pairs and nannies, selling our Ferraris, and looking for employment elsewhere if we don't give the stockholders some better numbers. Soon....

QUESTION:  DO WE SLASH OUR MAINTENANCE/SAFETY BUDGET?",,
event_corporate2,"SPECIAL NEWS ANNOUNCEMENT FROM TOKYO

Tokyo television networks have announced that a bizarre and tragic event has transpired over the weekend. According to initial TV reports, it appears that almost all of the top management team of a Japanese company, @CORPFULL, @FACT committed mass ""seppuku,"" or ritual suicide, by falling on their swords. The apparent reason for this tragedy was the fact that the managers felt they had irreparably lost face by allowing their company to fall under the control of a foreign corporate takeover artist, @MISC.

Reportedly, much company property was burned or destroyed first. The televised reports explained that to sell or lose control of one's company in Japan is considered a disgrace, in the same way an ancient warlord or daimyo would kill himself before surrendering his castle. Thus, in accordance with the Bushido Code, almost all of top management, faced with the choice of submitting to foreign executives who took charge of their company, or resigning to become unemployed ""ronin,"" chose, like true Samurai, ""death before dishonor.""

Understandably, no official of the company was available for comment on this unfolding tragedy.",,
event_crime1,"URGENT!

SUBJECT:  EXTORTION DEMANDS FROM (?) TERRORIST

A self-styled terrorist, perhaps no more than a madman or a crank, has sent us a letter in which he threatens to lace some of our over-the-counter @FACT with cyanide, unless we meet his extortion demands for @AMOUNT million in cash. He signed the letter, ""Hussein al-Zahedi, Dictator, World Jihad Liberation Front,"" and has given us only 24 hours to respond, before he puts cyanide in our products.

We have no way of knowing if this guy is for real, or just some wacko hoping to make a quick buck at our expense. We have consulted our security experts, and they say they've never heard of the ""World Jihad Liberation Front,"" so this may all just be a bad joke, which we maybe, just maybe, should totally ignore. It is your decision, of course.

QUESTION:  DO WE IGNORE THE THREAT FROM THIS KOOK?",,
event_crime2,"FROM:     @CORPFULL NEW BUSINESS DEPARTMENT SUBJECT:  SALE OF CUSTOMER INFORMATION

We have been offered a lucrative proposition, involving the sale of customer information. As a security firm, we are of course privy to a lot of highly important information that our customers and clients entrust to us, to enable us to do our job properly, such as passwords and entry codes for customers' facilities, plus detailed technical information on safes and other equipment our customers have installed to maintain the security of their assets.

The offer is one we may not be able to refuse. A sinister organization based in St. Petersburg, Russia, which appears to be an arm of the Russian Mafia, has offered to buy, in bulk quantity, all of our customers' confidential codes and technical information, which will allow that criminal organization or other malefactors to bypass all the security procedures and systems that we have helped establish for our many clients.

This, of course, is an outlandish and outrageous proposal, which would require us to join a criminal conspiracy, and is something we, as an honorable and reputable company, should immediately report to @MISC. However, these are not people to be trifled with, as they have made threats of a very personal nature, of dismemberment or worse, against all of us in the top tier of management and our families, as well as against you, as our controlling shareholder, if we dare to reject their offer or attempt to notify law enforcement.

They say they offer us a choice between lead and silver -- lead, as in the form of bullets, if we refuse their offer, or silver, in the form of non-traceable BitCoin payments of VERY substantial amounts. This has placed our lives and our company in a severe predicament -- refuse their offer and suffer the brutal consequences, or accept it, and sell them the information they want on all of our clients, which would likely be traced back to us, destroying the company, if it becomes known that we have betrayed completely the trust placed in us by our clients.

Fortunately, we made them a counter-offer, to only provide the information they want on 200 of our customers, whom they can specify, and they have agreed, but reduced their BitCoin offer by half, to @AMOUNT.

The Russian gentlemen in question are awaiting our decision as to whether we will accept their reduced offer. They made it clear that they will not wait long. What do we do?

DO WE SELL OUR CUSTOMERS' INFORMATION TO THE MOB?",,
event_crime3,"@CORPFULL IS VICTIM OF HUGE SCAM--IT PAID OVER @AMOUNT MILLION FOR MINING RIGHTS TO A PHONY COPPER MINE IN THE RAINFORESTS OF IRIAN JAYA

@CORPFULL, a major mining and smelting company in the non-ferrous metals industry, has been hoodwinked out of @AMOUNT. it paid for the mining rights to a supposed ""mountain of copper"" at a remote rainforest location in Indonesia's Irian Jaya. The company, upon beginning mining operations in the area, after several pitched battles with local headhunters (which cost the lives of 20 miners), quickly discovered that the ""mountain of copper"" they had bought had been heavily ""salted"" with high-grade copper ore by a group of brilliant con men who claimed they had made the greatest copper discovery in the world.

The company took strong precautions against fraud, by sending in several experts to assay the property before purchasing the mining rights, but it turns out that the con men offered the experts a 20% cut in the @AMOUNT million they were asking for the sale of the mining rights, to buy their cooperation with the scam. Apparently, that was far too much money to resist, so @CORPFULL's experts went along with the con men, facilitating what is now being described as one of the biggest mining frauds in history, in an industry long known for such dubious practices.

In addition to paying the scamsters @AMOUNT. for the rights to the bogus copper mine, the company spent considerable additional sums to pay bribes to units of the Indonesian Army, which was finally brought in to protect the miners from local headhunters. The locals had fiercely resisted, as the company built a highway from the coast through their villages, to the mine development site on what the natives call the ""Sacred Mountain of the Dark God."" The military was only able to pacify the natives by use of airstrikes, heavy artillery bombardments and by sending in an armored division, which leveled all the native villages in the area and left few, if any survivors.

The company's stock price plunged on the news, as the losses incurred in writing off the worthless mining rights may prove to be financially crippling to @CORPFULL.",,
event_crime4,"URGENT!

SUBJECT:  EXTORTION DEMANDS FROM SUPPOSED TERRORIST

Our ""terrorist,"" Hussein al-Zahedi, has upped the ante. After we failed to respond to his extortion demands, he says he went out and put poison (cyanide) in our products in some 20 store locations across the country. He also claims that he did it without any obvious tampering with the ""tamper-proof"" seals in our packaging, and he even told us of one store to check out. He says now we'll have to recall all of the product nationwide. We checked the store in question, and just as he said, we found 3 bottles of our @FACT on the shelf that contained lethal doses of cyanide. Two of them had tiny perforation marks, but we don't know how he contaminated the third bottle; the seal on it appeared to be completely intact. This guy may be a pro....  In any case, if we do a product recall, it will be expensive, likely to cost us at least a cool @AMOUNT million.

On the other hand, if we keep this quiet, a few civilians may suffer collateral damage from this fray, but it won't necessarily be traced to us; if it is, we plead ignorance in the matter.

DECISION:    DO WE KEEP THIS QUIET?",,
event_crime5,"HANFORD NUCLEAR RESERVATION CLEANUP TO GO FORWARD, AFTER INVESTIGATIVE JOURNALIST EXPOSES BRIBERY OF KEY CONGRESSMEN BY @CORPFULL

A brilliant piece of investigative journalism by a reporter at a small newspaper--no major daily would touch the story-- has defeated a cynical effort by a major corporation to block passage of the environmental cleanup of nuclear wastes on the Hanford Reservation in the state of Washington. Reportedly, millions of dollars in bribes were paid to key members of Congress to bottle up the bill in their committee for months, all of which bribes were paid by @CORPFULL.

Following the disclosure of the payments, and a threat by the reporter to release the names of the recipients, the bill was unanimously approved in committee, and quickly passed by a 433 to 2 vote on the floor of the House of Representatives. Federal criminal charges against the company are being considered by the Justice Department and Federal funding for company plans to develop a Grand Canyon site as ""the ultimate landfill"" are now thought to be in serious jeopardy, as a result of this scandal.",,
event_crime6,"@CORPFULL SLAPPED WITH MASSIVE FINES, CRIMINAL PENALTIES FOR ""STRIP MINING"" OF @YEAR FORESTS

@CORPFULL, a company that has always been known for its strong political pull in Washington, D.C., has finally overstepped itself. Without government approval, and in violation of the Endangered Species Act and some 129 other environmental laws and regulations, the building materials company went into pristine old growth National Forest lands in @FACT and, almost overnight, clear cut huge areas, before environmentalists or anyone else knew what was happening or could take legal action to block the cutting.  Strangely, Forest Service officials seemed to have helped the company keep its illegal acts secret, by barring hikers, hunters and environmentalists from the affected areas while the cutting was in progress.  Likewise, last gasp appeals to the Government to stop the cutting of the last few stands of old growth were simply ignored in Washington.  However, after a maror TV network showed aerial scenes of the man-made devastation, the Administration quickly dropped its initial support of the company, under a tidal wave of media and political pressure.",,
event_crime7,"TOP EXECUTIVES OF @CORPFULL ARRESTED; SECURITY FIRM SOLD ITS CLIENTS' CONFIDENTIAL PASSCODES AND OTHER SECRETS TO THE RUSSIAN MAFIA

After a rash of well over 100 security breaches by criminals with inside information at major corporations, including combinations to safes and bank vaults, @MISC investigators realized that there was an unmistakable pattern --- almost all of the victimized organizations were clients of one leading security firm, @CORPFULL.

The most damaging example was the code to the safe at the headquarters of the Coca-Cola company in Atlanta, which enabled the thieves to obtain one of the commercial world's best-kept trade secrets for over a century -- the secret formula for Coca-Cola, known until now to only a handful of top Coke executives, and never patented, since the beverage company knew that they would have to divulge the formula to obtain a patent, and that patents eventually expire. Now the formula is for sale on the Dark Web, following the recent break-in at the company's headquarters, according to a Coca-Cola spokesperson.

Investigators soon discovered that the company's management, who claim their lives were threatened by the Russian Mafia, agreed to compromise the security of 200 of their clients by providing crucial secret client information to the mobsters, in exchange for a large payment of an undisclosed amount to @CORPFULL, as well as BitCoin payments to the individual members of top management.

@CHEATER, the person who ultimately controls the security firm, claims to have had no knowledge of this outrageous breach of business ethics, and has strongly condemned the actions of his management team that he put in place at @CORPFULL.

Most of the company's top management have been led from the @CORPFULL headquarters in handcuffs.

Meanwhile, a phalanx of victimized clients of the company, including the Coca-Cola company, have already filed massive lawsuits against the embattled company, seeking damages.",,
event_crime8,"@CORPFULL IMPLICATED IN MONEY LAUNDERING SCHEME; COMPANY OFFICIALS INDICTED, CORPORATE ASSETS CONFISCATED

@YEAR officials announced that they have arrested and brought criminal charges against several mid-level officials of @CORPFULL, for illegal money-laundering.

The indictments are based on allegations that the defendants used their positions at the corporation to launder vast sums of illegal drug money for the @FACT.

According to a government spokesman, top officials of the corporation were not aware that the firm's legitimate business operations were being used by the renegade employees to launder funds for an organized crime syndicate. However, officials have seized some @AMOUNT. of company funds that they have traced to Cayman Islands bank accounts, with the cooperation of Cayman authorities--over strong objections from company officials, who claim the confiscated funds belonged to @CORPFULL, rather than to the @FACT.",,
event_disaster1,"FLORIDA SLIPPING BENEATH THE WAVES AFTER HURRICANE HITS

West Palm Beach is under a foot of water today, in the wake of yesterday's hurricane that breached the dikes that protect this Florida city from the Atlantic Ocean. Like much of Florida, West Palm Beach has been protected from flooding in recent years by a vastly expensive and ever-expanding system of dikes and sea walls, all designed to keep out the rising ocean waters. But sea levels have risen several feet in the last two years, as a result of the rapid melting of the Ross Ice Shelf in Antarctica, and the sea finally overwhelmed the city's defenses yesterday, with the help of Hurricane Zoe, the 26th hurricane to hit Florida this season.

Government climatologists describe the increased number of hurricanes and rising sea levels as ""normal fluctuations in weather cycles,"" not caused by any alleged ""greenhouse effect.""

Meanwhile, in Washington, auto company officials warned the House Commerce Committee that the economy would be harmed if the government re-established fuel efficiency requirements for autos, which were repealed in recent years. With unemployment approaching 20%, and Detroit's ""Big 2"" auto firms threatening to move all of their remaining U.S. production offshore, Washington insiders say it is unlikely that Congress will attempt to crack down on ""gas-guzzlers"" again....",,
event_disaster2,"FLOOD OF ASIAN, MEXICAN IMPORTS INTO U.S. MARKET TRIGGERS CALLS FOR PROTECTIONISM BY U.S. LAWMAKERS, INDUSTRY AND LABOR

A massive rally was held on the steps of the U.S. capitol today, by unemployed workers and others demanding that the U.S. restrict imports of foreign-made goods, as the U.S. continues to be flooded by imports of low-priced goods from China, Korea, Vietnam, Japan and Mexico.  Frenzied speakers at the rally, which was organized by members of Congress and a number of labor union leaders, plus several former executives of various American companies that have gone out of business due to foreign competition, urged the thousands in attendance to put pressure on President @TEXTSTRING, and to demand that he impose tariffs and other restrictions on imported goods.

So far, a coalition of labor unions, corporations and various anti-globalist socialist groups have been unable to push their tariff legislation through Congress, and thus are hoping to instead persuade President @TEXTSTRING to act unilaterally to limit imports by Executive Order, and thus do an ""end run"" around Congress, if Congress continues to be hesitant in acting to restrict trade.",,
event_disaster3,"GREENLAND ICE DAM COLLAPSES; VAST FLOOD OF COLD, FRESH WATER HAS HALTED FLOW OF THE GULFSTREAM, PUTTING MUCH OF EUROPE INTO A DEEP FREEZE!

For several years, the rapidly melting Greenland ice sheet has been forming a vast glacial lake in the center of the Greenland land mass, contained on all sides by the remaining ice, which formed a dam over 300 meters high. Recently, the ice that had held back the waters on the eastern side of the huge lake suddenly collapsed, causing a colossal flood, of epic proportions, unprecedented in recorded history.

While the flood caused very little damage to humans in the very sparsely populated area where the ice dam ruptured, the enormous volume of cold, fresh water that was dumped into the North Atlantic will have long-lasting effects on the climate of Europe.

The vast and sudden influx of cold, non-saline water, which is lighter and tends to float on top of the salty ocean water below it, has caused the flow of the Gulfstream current to come to a sudden halt. The Gulfstream, which until now had always brought a steady flow of warm, highly saline, water from the tropics to the North Atlantic, keeping much of Europe temperate, has been disrupted and this conveyor belt of warm waters has stopped flowing, perhaps for thousands of years to come, due to the sudden influx of the waters of the glacial lake.

As a result, temperatures in Britain and on the continent are already as much as 8 degrees (Celsius) colder than normal, and the climate of most of northern and western Europe is likely to soon become much like that of interior portions of northern Canada, which is at the same latitude, but has never been warmed by the Gulfstream, unlike Europe.

Snow has already begun accumulating in London and the economic repercussions on European economies are expected to be huge, as the climate steadily grows colder in areas formerly warmed by the Gulfstream.",,
event_disaster4,"VOLCANIC ERUPTION IN CANARY ISLANDS POSES TSUNAMI THREAT

Geologists and U.S. and Canadian government officials are keeping a wary eye on the rumblings of the Cumbre Vieja volcano, on the island of La Palma, in the Canary Islands, off the coast of Africa.

The volcano has been dormant since 1949, but is now showing signs of becoming active again, which has scientists and other officials worried, on the other side of the Atlantic. During its last eruption in the mid-20th century, at one point the whole west side of the mountain slipped several feet toward the ocean, but then stopped. If it had continued to slip, the entire mountainside, some half a trillion tons of rock, would have crashed into the ocean and sent a tidal wave, or tsunami, up to a kilometer high across the Atlantic, devastating the whole East Coast of the United States, and much of the coasts of Canada, Mexico, Central America, and Brazil, as well.

Since the 1949 eruption, geologists have studied the Cumbre Vieja volcano and discovered that it has vertical columns or tubes throughout, which capture rainwater, so that the whole mountain has been filling these columns since the volcano last erupted. Recent earth tremors and releases of steam indicate that magma is rising under the mountain, and is beginning to heat the trapped water columns.  Geologists fear that a volcanic eruption of Cumbre Vieja would superheat the water columns, turning the water to steam, potentially tearing the peak apart, causing much of it to collapse into the Atlantic, as almost occurred in 1949.

Meanwhile, trading was lighter than normal on Wall Street, where investors seemed to shrug off the news that New York City could be inundated by a series of half-mile high megatsunamis within a matter of hours, if the far away volcano in the sleepy Canary Islands awakens and goes jackpot.",,
event_disaster5,"EAST COAST OF NORTH AMERICA AND BRAZIL DEVASTATED BY MEGA-TSUNAMI, TRIGGERED BY CANARY ISLANDS VOLCANO

A monster tidal wave, estimated to be nearly 200 feet (60 meters) high when it reached the coasts of North and South America, has inflicted catastrophic damage on the United States and Brazil, and left a million dead and many millions more homeless.

The gigantic tsunami was caused by a massive landslide when the Cumbre Vieja volcano in the Canary Islands began to erupt, causing a large portion of the ancient volcano, perhaps as much as a half a trillion tons of rock, to suddenly plunge into the Atlantic Ocean on the western side of the island of La Palma, sending a series of massive waves all the way across the ocean.

Residents of the east coasts of the Americas had only about eight hours to flee to higher ground, and vast numbers of U.S. and Brazilian residents were trapped on crowded roads, seeking to escape inland, when the first of a series of giant waves crashed on top of them, destroying everyone and everything in its path. While casualties were fairly light on the sparsely populated Canadian coast, and on the coasts of Mexico and Central America, which were much further from the collapsed volcano, the brunt of the disaster was felt by large cities on the east coasts of the United States and Brazil.

The cities of Boston, New York, Norfolk, Savannah, Miami and Jacksonville were almost completely destroyed by the series of 20 or more enormous waves spawned by the Cumbre Vieja landslide. In Brazil, the heavily populated megalopolises of Sao Paolo and Rio de Janeiro were also largely destroyed by the tsunamis, with countless casualties and incalculable economic losses in both the U.S. and Brazil.

Stock and bond markets around the world collapsed on the news of the catastrophic event, which is expected to throw the economies of the entire world into a tailspin.",,
event_disaster6,"FROM:  CORPORATE FINANCE DEPARTMENT -- @CORPFULL SUBJ:  IMPROVEMENT OF UNDERWRITING RATIOS FOR CASUALTY INSURANCE

(FOR YOUR EYES ONLY -- DESTROY AFTER READING)

As requested, we have done some spade work on the concept you suggested, whereby the Company would begin selling huge numbers of targeted insurance policies--hurricane insurance in Florida, earthquake insurance in California, and flood insurance in the Mississippi Valley--at rock-bottom prices no competitor can possibly match, with minimal downside exposure in case of claims. Our analysis indicates the best way to do this will be to set up a thinly-capitalized Bahamian insurance company, with a name very similar to @CORPFULL.

We can sell this cut-rate insurance through our existing network of agents, then pull all of the money out of the Bahamian shell at the first sign of a natural disaster, launder it by running it through Panama and the Cayman Islands, and finally back through @MISC and to the Company. If a quake or storm hits, the ""shell"" company will quickly file bankruptcy, while we plead ignorance of the whole affair. It's a slam dunk.

We only need your approval to proceed -- Yes or No?",,
event_disaster7,"NEW SAN FRANCISCO-HAYWARD BRIDGE COLLAPSES ON OPENING DAY; MAYOR AND THOUSANDS OF OTHERS FEARED DEAD AFTER SMALL EARTH TREMOR CAUSES NEW BAY BRIDGE TO COLLAPSE INTO BAY

Today was the day the gleaming new 16-lane bridge across San Francisco Bay, from San Francisco to Alameda County, was to officially open. The festive event, which was being celebrated by thousands of dignitaries and ordinary citizens who walked, ran or biked out to the middle of the span for the opening ceremonies, turned into a major disaster when a minor (3.7) earthquake, barely noticed by anyone in the area but seismologists, struck at 11:33 a.m., just 27 minutes before Mayor Siciliano of San Francisco was to have cut the ribbon. The new bridge would have been the first to directly connect San Francisco to Hayward, a city to the south of Oakland.

Despite the very small magnitude of the earth tremor, the new bridge was unable to withstand it, and several sections in the center span of the bridge, loaded with thousands of pedestrians and cyclists, collapsed into the frigid waters of San Francisco Bay far below. Investigators of this tragic event suspect that the collapse was caused by flaws in steel support beams, made from cheap low-grade imported steel supplied by @CORPFULL.",,
event_economy1,"WORLD POPULATION PASSES 9 BILLION MARK

U.N. officials reported today that the world's human population passed the 9 billion mark in the year@TEXTSTRING, several years ahead of schedule. In a related story, the Humpback whale has been declared extinct.  A Japanese whaling ship reports having bagged the last 5 known remaining humpback whales, during a recent ""research"" voyage. The voyage proved to be immensely profitable, as frantic Tokyo bidders paid up to $500 per pound for the precious whale meat, a greatly prized delicacy in Japan -- particularly since this will be the last of it ever to come from Humpbacks.  Japan's whalers will next focus their research efforts on the endangered gray whale, which is down to less than 250 specimens at latest count.

Meat from marine mammals has become increasingly hard to find in Tokyo seafood markets, at any price, due to intense competition from Norwegian and Icelandic whalers and the fact that dolphins, killer whales, walruses, and most whale species are now as extinct as the woolly mammoth or the elephant.

Meanwhile, U.S. food companies, jealous of the exorbitant Japanese profits from whaling, are mounting a major lobbying effort to get Congress to approve whaling by American vessels. Several large food companies, sensing an opportunity, are reported to have already acquired and fitted out whaling vessels, indicating their confidence that Congress can be persuaded (with adequate campaign largess) to rescind the U.S. ban.",,
event_economy2,"COMMODITY PRICE PANIC!  GOLD AND SILVER PRICES SOAR

Gold, silver, and several other key commodities all had limit upmoves today in the commodity trading pits in Chicago and New York, as the latest reports indicated inflation is running at rates of over 20%. New Federal Reserve Chairperson Alexandria Ocasio-Cortez, speaking at a rally in Harlem, warned that ""We are going to have to print more money and Congress needs to spend it to halt inflation in this economy, even if it means we will have to live with interest rates like no one has seen since 1980. Whatever it takes, including imposition of price controls on profiteering corporations that have begun raising prices, we will do it. This kind of inflation has GOT to end! We are not going to take any prisoners!""",,
event_economy3,"DEFLATION AND RECESSION FEARS GROW, AS COMMODITY PRICES CONTINUE TO PLUNGE

Gold prices on London and NyMex exchanges fell sharply today, for the first time since the 2011 collapse, as central banks in Europe and Australia continue to dump the rapidly depreciating precious metal, in the wake of the continuing subprime mortgage loan crisis, which has undermined confidence in the safety of banks and other financial institutions throughout the world.

Rumors abounded that the U.S. might join in the selling, by dumping some of its hoard of gold that is (supposedly) stored at Fort Knox, Kentucky, before the yellow metal becomes nearly worthless. However, U.S. government officials have vehemently denied the rumor.

Nervous commodity traders, fearing worldwide deflation and anticipating a nasty economic contraction, also sold silver and other commodities in panic selling on futures exchanges, while bidding up government bond prices, as they sought a safe haven for the expected hard times that may lie ahead in the coming years.",,
event_economy4,"RAMPANT INFLATION PROMPTS FED CRACKDOWN ON INTEREST RATES

Expressing concerns that monetary policy has been too loose in recent years, U.S. Federal Reserve Board Chair @TEXTSTRING said that the time has come to rein in an ""irrationally exuberant"" economy (to use the terminology of a former Fed Chairman), by raising interest rates ""to the sky, if necessary.""

The newly-appointed Fed chairperson, in testimony before the U.S. Congress, dismissed suggestions that a sudden tightening of money supply and raising of interest rates might plunge the U.S. and world economy into a serious recession, stating that, ""Our data show the economy is very strong and resilient at this point, and while a rise in interest rates will clearly cause some slowing in growth, there is no danger of plunging the economy into anything that remotely resembles a recession.""",,
event_economy5,"U.S. TRADE DEFICIT SOARS OUT OF CONTROL, BUT ECONOMY STRONG

The U.S. trade deficit has continued to mount while the U.S. dollar, inexplicably, remains strong, even as foreigners continue to pile up U.S. dollars from their bulging trade surpluses with the U.S.  This trend has gone on for years, however, and no one seems to be the loser, as the strong U.S. economy and import buying has kept most of the rest of the world's economies afloat in recent years.  However, no one likes to think about the consequences, if the U.S. economy should weaken to a point where American imports drop off significantly.

Meanwhile, economists predict U.S. economic growth will be in the range of @TEXTSTRING% for the coming year. As one leading economist put it, ""The U.S. economy is like a very large ship, with a great deal of momentum.  It takes a lot to change that momentum, and even the massive trade deficits we have been seeing have had little effect on the health of the U.S. economy.  So far....""",,
event_economy6,"INFLATION SPIRALLING OUT OF CONTROL, AS GLOBAL TRADE GRINDS TO A HALT, AND ECONOMIES STAGNATE

Economies from Alaska to New Zealand, from Tadzhikistan to Peru, continue to falter, as the global trade war quietly sputters away to a low-level conflict. Despite some recent regional trade agreements that have removed some of the most egregious trade barriers that were erected in recent years, inflation has now replaced depression as the predominant form of global economic malaise, and interest rates are continuing to rise, as investors in fixed-income investments (bonds, bank deposits, etc.) demand higher and higher interest rates, in order to protect themselves from the shrinking value of their investments, whether they be in dollars, pounds, Euros, yen, or other currencies.

The inflation problem has become particularly acute in the United States, as it seeks ways to keep its government's promises of Social Security pensions for the elderly, which it has been doing, as government deficits grew in recent years, mainly by printing money, thus devaluing the currency.

Efforts years earlier to allow U.S. taxpayers to keep part of their high Social Security taxes and invest them in their own private retirement accounts were invariably beaten back by massive propaganda campaigns, which convinced older citizens that they should instead rely on the Social Security Trust Fund surpluses that the U.S. Government was accumulating on their behalf, over several decades, from excess tax revenues.

Unfortunately, the surpluses were all spent on various other social programs over the years, and the Trust Fund merely consisted of hundreds of billions of ""IOU's"" to the government, from itself, all stored in large warehouses near Washington, D.C..

Now that all the trillions of surpluses have all been spent on re-electing the incumbent politicians, and it has become evident to everyone that the ""Trust Fund"" consists of nothing but worthless IOU's, the realization has at last set in that the U.S. government is nearing financial, as well as moral, bankruptcy, and will only be able to pay its Social Security pension obligations by printing vast quantities of increasingly worthless money, a process euphemistically referred to as ""quantitative easing.""

Even the few who were able to save for retirement are now seeing those savings evaporate, as inflation erodes the value of the U.S. dollar and most other national currencies. Hard times seem here to stay, as the U.S. dollar is now comparable in buying power to the Turkish Lira or the Colombian Peso. The U.S. seems headed down the same road as the nation of Zimbabwe, where inflation rates reached trillions of percent per day as the once thriving country sank in an abyss of inflation and poverty, for all but the Marxist ruling class.",,
event_economy7,"FEDERAL RESERVE HELICOPTERS FAN OUT OVER U.S., SEEKING TO INCREASE MONEY IN CIRCULATION AND STIMULATE THE FLAGGING ECONOMY OF THE UNITED STATES

The skies over most major U.S. cities were filled with military helicopters today, but they were performing an economic duty, not military maneuvers. After months of constantly lowering interest rates and pumping up the money supply, in a vain attempt to jumpstart a flatlined American economy, the U.S. Federal Reserve Bank has made it clear today that it will stop at nothing to revive U.S. economic activity. The Fed has just announced that it has today borrowed several dozen helicopters from the U.S. Air Force, filled them with newly printed $100 bills, and the crews of the whirlybirds have been busy all day, dropping money out of the 'copters from altitudes of 500 to 1000 feet above most major U.S. cities.

Former Federal Reserve Bank Chairman Ben Bernanke, who personally flew in one of the helicopters over Wall Street, explained the extraordinary action this way: ""Today, we are making economic history. The traditional measures of fighting deflation and low or negative rates of economic growth, such as increasing bank credit, lowering interest rates, and expanding the money supply, have all proven ineffective in combating the current economic malaise. We are quite confident that by printing up some $6.5 trillion of new currency and distributing it from the air to citizens of major urban areas, we will finally be able to move the economy back onto a solid growth track, by convincing consumers to loosen their purse strings and resume traditional and normal American spending patterns; that is, to resume spending lavishly and well beyond their means.""",,
event_economy8,"GOVERNMENTS SEIZE GOLD HOLDINGS OF PRIVATE CITIZENS!

As part of an aggressive new coordinated economic policy, the world's major governments have announced today that they are seizing all physical gold holdings of individuals and corporations, except such metal held by gold mining firms, banks, or insurance companies, or wholly-owned subsidiaries of banks or insurance companies.

Those whose gold is subject to confiscation will receive cash payments of newly printed money equal to roughly half the current market value of gold. Holders of gold futures or other forms of ""paper gold"" will not be affected.

The new policy is designed to prevent citizens from escaping from the central banks' inflationary policies, which are designed to revive the global economy, by ""quantitative easing"" (printing of new money, either paper money or money created digitally). Thus far, the main effects of this economic strategy have been to drive the price of gold well above $2,000 an ounce and keep the economy in the doldrums, however. This move should discourage cynical investors from trying to protect themselves by investing in gold, rather than in productive assets or government bonds.

The chairperson of the Bank for International Settlements, which orchestrated this worldwide seizure of real assets, announced that this is not a permanent ban on ownership of gold and that investors will be free to buy gold again, but warned that there can be no assurance that such seizures will not be necessary again in the future.

In a related policy announcement, those whose gold is being forcibly sold to the government will not be required to pay income tax on their gains (if any), and to prevent a loss of tax revenue, no tax loss deductions will be allowed either, according to the @TEXTSTRING.

Meanwhile, the U.S. Federal Reserve, in Washington, D.C., says that it will honor former Fed Chairman, Alan Greenspan, by putting his picture on the new $500,000 bill, and will honor his successor, ""Helicopter Ben"" Bernanke, by engraving his picture on the new $1,000,000 bill, which the Federal Reserve Bank will soon begin printing. The $1.00 Federal Reserve Note will no longer be issued, as it is no longer worth the paper and ink needed to print it. All coins have already been taken out of circulation in the United States.",,
event_economy9,"SUBJECT: DIVERSIFICATION OF BUSINESS RISKS; POTENTIAL HIGH PROFIT IMPORT-EXPORT OPPORTUNITIES IN SOUTHEAST ASIA

As a major shipping company, we occupy a position of unusual trust with U.S. authorities with regard to the legality of our shipping operations. In short, a major corporation like ours is practically above suspicion with regard to any importation of illegal items or substances in our vessels.

A certain group operating out of Korea has suggested that this credibility is an enormous asset, and one they can help us exploit, if we are willing to work with them in transporting certain controlled substances into the U.S. in some of our containerships engaged in the trans-Pacific trade. While this is admittedly somewhat risky, our shipping operations at this time are not generating the kind of bottom-line return that would be possible if we agreed to let this Korean group utilize our equipment for importing some of the white stuff into the U.S.  (Or, we could turn them in, to the FBI or the DEA, which would at least give us some good P.R.)

DECISION: DO WE GO INTO BUSINESS WITH THE KOREAN GROUP?",,
event_energy1,"CRUDE OIL PRICES TUMBLE, AS NEW PIPELINES FROM THE PERSIAN GULF OPEN, REDUCING THE IRANIAN THREAT TO GLOBAL OIL SUPPLIES

The oil ministers of Saudi Arabia and Abu Dhabi announced today that major new pipelines have been completed from Saudi Arabia's oilfields to the Red Sea and from Abu Dhabi to the port of Fujairah on the Indian Ocean, both bypassing the oil shipping lanes through the Strait of Hormuz, the narrow strait in the Persian Gulf that Iran has frequently threatened to close. The new pipelines will significantly reduce Tehran's power to influence global oil markets by limiting its ability to block oil exports from the Persian Gulf.

As tensions have grown between Iran and the U.S. and its European allies, the Iranian mullahs have on numerous occasions threatened to close the strait. Closing off the Strait of Hormuz, until now, would have pinched off much of the world's oil supply, which must pass through that narrow bottleneck in the Persian Gulf. At some places, the shipping lanes through the strait are only two miles wide, making it possible to cut off all shipping traffic in and out of the Gulf by simply laying a few mines, if Iran had chosen to do so.

In London, the spot crude price for Brent fell sharply in active trading, as much of the ""fear premium"" in crude prices has been eliminated by these new and more secure routes for exporting most of the oil from the Persian Gulf region.",,
event_energy2,"COLD FUSION BREAKTHROUGH AT MIT: FOSSIL FUELS TO GO THE WAY OF THE DINOSAURS?

Scientists at MIT have announced a major breakthrough in cold fusion technology, which they say will provide abundant, nearly free energy for the entire world, with virtually no pollution. This long-awaited development is expected to make fossil-fueled electric generating plants obsolete in a very few years, and the almost limitless new supply of electricity will finally make fuel cell technology for automobiles, which is already very nearly price-competitive with gasoline or petrol, dramatically cheaper than any hydrocarbon fuels, as well as pollution-free, since fuel cells combine oxygen and hydrogen to generate power, producing water as their only ""emission.""

Several top executives of major international oil companies, seeing a bleak future for the fossil fuel energy business, are reported to have leaped to their deaths from their skyscraper offices in London, New York, Houston and Amsterdam.",,
event_energy3,"NEW CONFLICT ERUPTS AMONG MIDDLE EAST OIL PRODUCERS

The ongoing war between Iran and Saudi Arabia, which had been a stalemate in recent months, has taken a turn for the worse, with a major escalation, apparently by Iran, in this oil-rich area of South Asia. As a result, oil and other energy prices have risen in dramatic fashion on world commodity exchanges, reacting to a Moscow television report today, which disclosed that a Russian satellite has detected a huge mushroom cloud towering over the Saudi holy city of Medina, which appears to have been leveled by an Iranian nuclear device, probably delivered by a North Korean Long Dong missile, launched from just outside the borders of Saudi Arabia, possibly from within Iranian-occupied Iraq.

Frantic trading of oil futures sent prices spiralling up to levels not seen in many years, as a major disruption of petroleum supplies from Iran and Saudi Arabia now appears inevitable. It is widely suspected that the Saudis now also possess several nuclear bombs, developed with the covert assistance of Israel, and they are now much more likely to be willing to unleash them on the Iranians, after the devastating attack on Medina.

In Tehran, the mullahs denied that Iran was behind the nuclear attack, claiming that their agreement with the U.S. prohibits Iran from developing nuclear weapons, while the Iranian News Agency blamed the attack on the ""Great Satan,"" the U.S., with the connivance of Israel.",,
event_energy4,"NEW OIL CRISIS ERUPTS, AS MIDDLE EAST SITUATION DETERIORATES

Wire service reports out of Cairo report a major new escalation of the level of conflict in the oil-rich regions of the Middle East. As a result, oil is trading at higher prices on all major commodity exchanges, in response to the reported @TEXTSTRING.",,
event_energy5,"OPEC OIL CARTEL, UNABLE TO AGREE ON PRODUCTION QUOTAS, COLLAPSES -- IT'S EVERY NATION FOR ITSELF NOW

Meeting in Caracas, Venezuela for one last time, in an effort to patch up the badly fragmented oil cartel, OPEC members' arguments grew so heated that several members from Venezuela and Iran resorted to head-butting and fisticuffs, as the conference, and OPEC itself, dissolved.

Cheating on quotas has become so commonplace of late, that only Saudi Arabia was believed to have been pumping oil at the agreed-upon rate.  Meanwhile, most of the other key OPEC states, including Venezuela, Kuwait, Iran and Iraq, have all been demanding that THEIR quotas be increased, at the expense of the Saudis or other major producers.

The OPEC Chairman, a Kuwaiti prince and Oil Minister of Kuwait, finally declared the conference adjourned, and the cartel dissolved, telling the other oil members that they were a bunch of rude, uncouth savages, and that from now on, Kuwait would pump and sell all the oil it desires to sell.

In London, meanwhile, spot oil prices for Brent North Sea Crude traded at prices not seen in years, and traders said it is probably headed much lower, with the breakup of the cartel.",,
event_energy6,"UTILITY COMPANY HELD LIABLE FOR ELECTRICAL FIELDS CREATED BY HIGH-VOLTAGE POWER LINES

In a class action lawsuit, plaintiffs have won a damage award of @TEXTSTRING against utility company @CORP, based upon claims that non-measurable emanations from high voltage electric lines near homes and schools may eventually cause an increased incidence of cancer and other ailments among the claimants. As in certain asbestos liability cases, the presiding judge, a former personal injury lawyer and activist himself, ruled that it was not necessary to show that any of the persons suing had actually suffered any physical harm yet; their mental anguish from fears that they might later become ill from having lived near high voltage transmission lines was adequate to establish liability of the utility company, @CORP.

Similar lawsuits are expected to be filed against other utility companies in the near future, since plaintiffs' lawyers will receive 50% of the damages awarded in this case. Their fees will finance similar lawsuits against other utility companies, and will aid efforts to influence the political process in order to increase the number of ""friendly"" judges on the bench, many of whom are likely to be former personal injury lawyers, such as the judge in the instant case, who can be expected to look with favor upon such lawsuits.",,
event_energy7,"OIL PRODUCTION NO LONGER ABLE TO KEEP UP WITH DEMAND; DIFFICULT TIMES AHEAD FOR WORLD ECONOMY AS WORLD OIL PRODUCTION REACHES ""HUBBERT'S PEAK""

Economists and representatives of OPEC held a joint news conference to announce to the world the bad news that global oil production has begun to decline and is no longer able to meet demand, at anywhere near current crude oil prices. As the world's population and demand for energy continues to grow, and OPEC and other oil-producers have reached and passed their maximum levels of production at 95 million barrels of oil per day, the future looks grim indeed. Energy prices are certain to soar, as the gap between demand and available supply continues to grow.

This ""peak oil"" scenario, sometimes referred to in recent years as ""Hubbert's Peak,"" was predicted back in 1956 by a brilliant oil geologist, M. King Hubbert, who correctly predicted that U.S. oil production would peak and begin to decline by 1970 (which it did, in 1971). He also predicted that world oil production would reach its peak in 1995, and that probably would have occurred had it not been for the (political) oil shocks of the 1970s, which slowed consumption, and thus delayed the inevitable for a considerable number of years, until now, in@YEAR.

To compound the day's bad news, the oil minister of the new government of Saudi Arabia announced at the same press conference that remaining Saudi oil reserves are actually less than a third of what the previous Saudi government has been telling the world since the late 1980s, when the Saudi oil ministry arbitrarily decided their reserves were twice what they had been reporting prior to that time.

For a few years, thanks to the fracking revolution, which greatly increased oil production, it appeared that ""peak oil"" would not be a problem in the foreseeable future. However, due to an unexpectedly rapid decline curve in production from ""fracked"" oil fields, the huge oil surpluses during the early days of fracking were only a temporary phenomenon, and only delayed the inevitable shortage of petroleum for a short period of time and encouraged wasteful use of the cheap oil.

Similarly, in the 2020's, a massive crash program of developing wind and solar energy to take the place of fossil fuels began, with high hopes, but reality soon set in, that the massive inputs of energy for mining increasingly scarce materials to build and replace windmills and solar panels were nearly equal to, or perhaps greater than the energy that could be produced during the useful life of such projects. In addition, in a few years, most of the good locations for windfarms or solar farms that were anywhere near major population centers had all been developed, and new locations required longer and longer transmission lines, requiring much more environmentally damaging mining for copper and aluminum. That mining has torn up much of the earth's surface and remaining wild places, while many bird species have become extinct due to bird kills from the proliferation of wind turbines. Thus, the world has grown increasingly short of energy.

This crisis is not news to the powers-that-be, but almost no planning has been done to delay or mitigate the problems that lay ahead, now that Peak Oil has finally reached the summit. The CIA studied the peak oil situation as far back as 1977, and a report by the U.S. Energy Department back in 2005 stated:

...the world has never faced a problem like this. Without massive mitigation more than a decade before the fact, the problem will be pervasive and will not be temporary. Previous energy transitions were gradual and evolutionary. Oil peaking will be abrupt and revolutionary....

As Jay Lundberg, founder of the respected Lundberg Survey said in 2004, the consequences of reaching peak oil are likely to be dire:

...The trucks will no longer pull into Wal-Mart. Or Safeway or other food stores. The freighters bringing packaged techno-toys and whatnot from China will have no fuel. There will be fuel in many places, but hoarding and uncertainty will trigger outages, violence and chaos. For only a short time will the police and the military be able to maintain order, if at all....",,
event_energy8,"""PEAK OIL"" CRISIS SPINNING OUT OF CONTROL

The government of the United States has declared a state of emergency and martial law, suspending all constitutional rights and privileges, in an attempt to restore order, as civil society continues to break down, starting with the massive food riots that began a month ago in the States. The U.S. government joins the governments of China, Russia, India, Britain, France, Germany, Italy and most other major nations which have previously moved to impose martial law, as the energy crisis has grown to lethal proportions.

Only a few nations are still functioning normally, such as Iceland, which has developed a total hydrogen economy, using its vast geothermal and hydro-electric resources to create hydrogen and supply all of the energy needs of its small and homogeneous population.

Initially, the ""peak oil"" shortages began showing up as long lines at gasoline (petrol) stations in most parts of the world, soon followed by frequent power outages, for days or weeks at a time in many areas. In recent months, the problems have grown more ominous, as heavily mechanized farms in the western countries, dependent on fuel supplies that have become almost non-existent, led many farmers to either not plant crops or to be unable to harvest more than a small fraction of what grains and other staple crops they had planted, during the last growing season.

The effects of the resulting food shortages have now reached famine proportions and are being felt most severely in cities around the world. The result has been increased lawlessness, rioting, looting and mayhem, as hungry and angry mobs roam the streets and march into the countryside, looking for food or fuel that they can trade for food.

On Wall Street, New York Stock Exchange officials say they are unsure how much longer they can keep the securities and commodity markets open, as chaos and civil disorder spread, and even the wealthy and wellconnected Wall Street firms and stock exchanges are finding it difficult to buy fuel at any price, to keep their generators and computers running. In the mean time, stock prices continue to plummet as havoc reigns and anarchy grows, with no end in sight.

Even oil stocks have begun to slide, as it has become increasingly difficult for oil companies to get their products to market, as mobs attack and seize gasoline trucks before they can reach distribution points. Only heavily guarded convoys are able to get through.

Curfews have been imposed in U.S. cities, along with restrictions on any public gatherings of more than four people. Marines and National Guard troops in New York and around the U.S. capital in Washington, D.C. have been given strict orders to shoot on sight looters or any violators of the new curfew and public gathering laws.

Reports out of China and India, despite total censorship of their television and radio media, have indicated that hundreds of thousands, if not millions, have already starved to death and the the situation continues to worsen, as there is not nearly enough food to continue to support those huge populations.",,
event_energy9,"PEAK OIL CRISIS APPEARS TO BE OVER -- LIFE BEGINNING TO RETURN TO NORMAL, AFTER CIVILIZATION NEARLY COLLAPSES, DEVASTATED BY LONG ENERGY CRISIS

The worst of the long ""peak oil"" energy crisis seems to be over, at least for now, as wars, famine, and civil chaos have wound down, after reducing the earth's population from an unsustainable 9 billion when ""Hubbert's Peak"" (peak oil production) was reached and surpassed by global energy demand several years ago, to the current world population of only 400-500 million, according to the best estimates by the newly-reconstituted United Nations.

This reduced level of population, approximately the number which global elites had failed to achieve through wars, virus epidemics, forced sterilizations, eugenics, and other harsh measures for nearly a century, ironically came about without their intervention, simply due to overpopulation and lack of adequate energy supplies.

Because of the the enormous die-back of most of the planet's population, the world's oil supplies are now seen as sufficient to support the remaining human population for at least another 200 years, unless the population begins growing uncontrollably again. By that time, scientists believe the human race will have developed new sources of energy to replace fossil fuels, and people may have learned the hard lesson that unlimited growth of the population can only lead to another disaster.

While most nations came very close to reverting to a new ""Dark Age"" of savagery during the chaos of recent years, a few countries and regions that were self-reliant and relatively self-sufficient in energy, as well as lightly populated, have come through the crisis virtually unscathed -- Canada, Iceland, Norway, Sweden, New Zealand, South Africa, parts of U.S. southwest and eastern Siberia -- and they are likely to be the leaders of the new world order that will replace the old, now defunct, unsustainable model of global civilization, which has failed so dismally in most parts of the globe.",,
event_energy10,"NEW TAX TO BE IMPOSED ON ""WINDFALL"" PROFITS OF BIG OIL

Taking advantage of public resentment over rising oil prices that have largely been the due to government prohibitions on drilling or coal mining, and the resulting energy shortage and massive oil company profits, the government has adopted a new tax on ""excess"" or ""windfall"" profits of oil companies, as well as on the related oil service industry and the engineering and construction industry, the latter of which is known to benefit from oil refinery and infrastructure spending when oil prices are at high levels, as at present.

As lawmaker Vivian Nettlesome, the author of the new tax bill, pointed out, the tax is not a tax on the incomes of the targeted companies, but is intended to punish them when oil prices rise too high, as an incentive to invest more to increase supplies and thus drive down the crude oil price. As the law is structured, the maximum tax rate of @HUMOR% does not apply except when oil prices exceed 2 times a ""benchmark price"" of @TEXTSTRING per @UNIT. The tax rate will be proportionately lower, as low as 40% of the maximum rate, if oil drops to 80% of the benchmark price, and no tax is imposed when the price is below 80% of the benchmark.

Whether the company being taxed has any actual profits is not relevant, as the Windfall Profits Tax is applied to capital assets as long as crude oil prices remain high. As the lawmaker observed, ""It's not our problem if Big Oil and their buddies aren't making a profit. If they can't earn an obscene profit at these oil prices, they must be doing something wrong. They have my sympathy.""

Some critics questioned her inclusion of oil service and engineering & construction companies in the targeted group of industries, due to their supposedly benefiting from the building of more oil refineries when crude prices are high, since the government hasn't allowed any refineries to be built in several decades, but an amendment to the tax bill that would have limited its imposition to Big Oil companies (producers) was voted down.",,
event_energy11,"@CORPFULL @FACT WINDFARM PROJECT MUST SHUT DOWN IMMEDIATELY, GOVERNMENT SAYS; ALL BECAUSE OF ONE DEAD BIRD!

The federal government has revoked its certification of the @YEAR windfarm project of @CORP, which only recently had begun generating electricity.

The reason? A single California condor, whose range has been expanding out from the Grand Canyon in recent years, flew into the blade of one of the giant wind turbines on the windfarm and instantly was killed. No one was aware until then that the California condors had begun to venture that far from their home territory around the Grand Canyon. It proved to be a very costly oversight.

Major environmental groups that had supported the project have since turned against it, saying ""The slaughter must stop!"" and politicians in D.C. have quickly responded, instructing the EPA to shut down the project, permanently. Some of the smaller, more extreme green groups that initially opposed the project because of its effect on birds had finally changed their minds and supported it, but they, too, have now turned against it, following the death of the iconic California condor and the public outcry that arose in its wake.

The utility company will have to write off the entire cost of the project, less whatever salvage value they can obtain for the used wind turbines. Total losses are expected to be near @LOSS, according to a @CORPFULL spokesman.

The shutdown of the windfarm, which was located on an Indian reservation in @YEAR, also will be a major financial blow to impoverished members of the tribe, who expected to receive large royalty payments from the utility for use of tribal lands.",,
event_environment1,"MASS TRIALS DELAYED FOR GLOBAL WARMING HERETICS

Efforts continue in the drive to ferret out Unbelievers who deny the science of Anthropogenic Global Warming in the U.S., one of the last remaining hotbeds of heretical beliefs. Unlike Europe, which has dealt firmly with its heretics by bringing back the ancient European tradition of the auto-da-fe, in mass burnings at the stake, the United States has been regularly castigated by the U.N. for its ""coddling"" and ""soft treatment"" of such nonconformists, by simply imprisoning a few hundred thousand of its recalcitrant citizens, and in some cases even placing guilty scientists and academics in comfortable FEMA re-education camps that were completely devoid of dogs, whips, or other effective instruments of persuasion and rehabilitation.

""Only by using the harshest possible methods,"" a U.N. official argues, ""can doubters be cured of their thought crimes and prevented from spreading erroneous beliefs. While Europe has finally eradicated its more outspoken elements, stamping out the last of these enemies of society, strong measures must now be taken to also cleanse the United States of all remaining vestiges of scientific heresy.""

U.N. officials say that now that America has repealed its antiquated First Amendment (""free speech"" and ""freedom of the press""), in compliance with U.N. Human Rights mandates, the world can no longer sit idly by, while many heretics in America continue to be allowed, without suffering dire consequences, to make false claims, such as stating that Greenland was once warm enough for the Vikings to raise cattle and sheep on green pastures, or that wine grapes were grown in the north of England in the Middle Ages. Some heretics have even tried to argue that, because the Mediterranean was 3.6 degrees warmer in Roman times, that meant the world was warmer then than it is today, an example of fallacious thinking and clearly a thought crime.

At long last, to demonstrate its new ""Get Tough on Doubters"" policy, America's Chief Inquisitor was planning to hold mass outdoor show trials in the Orange Bowl in Miami, Florida, beginning today. In trials compared by observers to those at Nuremberg, over 170,000 of the nonbelievers were to be displayed on international television, confessing their wrong thoughts and being sentenced en masse to America's newly established re-education camps, which are staffed entirely by no-nonsense guards trained in North Korea and Cuba.

Unfortunately, in light of extremely cold and unseasonable weather, which has persisted for several months in southern Florida, the outdoor show trials have now been postponed indefinitely.

Arrangements will need to be made to ship the criminals to a city with a covered dome sports arena large enough to hold all 170,000 miscreants and their captors. This may prove to be problematic, as all of Florida's airports and train stations are currently closed by snow and ice, with no relief in sight from the bitter cold (caused, all political scientists agree, by the unprecedented global warming).",,
event_environment2,"DEATH COUNT RISES TO 150,000 IN MEXICO CITY AS DEADLY TEMPERATURE INVERSION CONTINUES

Mexico City has long been a city where migrating birds fell dead out of the sky and must be swept off the streets, as a result of almost unimaginable levels of air pollution. But over the last three days, lethal air pollution that has built up as a result of a ""blocking high"" pressure system centered over the Mexican metropolis has finally begun to kill off the city's human population as well, in equally vast numbers. Deaths are estimated by the Mexican government to be roughly 150,000 thus far, with no relief from the mass asphyxiations in sight. Foreign reporters in Mexico report a nightmare scene, where the dead lie uncollected in the streets, from sidewalk to sidewalk, and where the only people able to escape the city are those few with electricpowered vehicles. No one else is able to start their cars, because there is insufficient ambient oxygen in the stagnant air basin to operate internal combustion engines, or to even light a match.

The authorities have told citizens that there is no cause for alarm, insisting that conditions will return to ""normal"" as soon as the weather changes. A government spokesman has vehemently denied that the city's lax enforcement of air pollution laws has had anything to do with the growing catastrophe, and described the crisis as ""...a temporary thing, quite manageable, just part of the price we must occasionally pay for economic progress and for our quest to become a First World industrial nation....""

....Meanwhile, in a related story, General Motors, which recently built the world's largest automobile assembly plant in Mexico City after closing its last remaining U.S. plant, announced that this year, for the first time ever, it sold more automobiles in that city than in the entire U.S market....",,
event_environment3,"ISLANDS SINK, AS DEBATE OVER GREENHOUSE EFFECT CONTINUES

The Maldive Islands, once a virtual paradise in the Indian Ocean, have officially ceased to exist, according to French geologists. The last residents evacuated the Maldives over a year ago, as rising sea levels (caused by the alleged ""greenhouse effect,"" according to some environmental groups) gradually inundated the once-beautiful island group. Most of the islands in the chain were no more than 3 feet above sea level before the rise, with the highest point only 6 feet above sea level, so that the Maldives are the first major group of islands to disappear beneath the waves, due to the rising oceans. Most of the islands are now above sea level only at low tides.

In Washington, an Energy Department public relations specialist reiterated the current administration's position that the rising sea levels are a result of unusually high rainfall on the Indian subcontinent and that there is ""no credible scientific evidence"" to support the view that the increasing use of carbon-based fuels is causing, or ever will cause, a greenhouse effect.

A spokesman for the U.S. Department of Commerce stated at a news conference that U.S. investments in the Maldives were minimal, and that the disappearance of the small island nation will have little, if any, effect on U.S. economic interests.

....Meanwhile, in related business news, a spokesman for the American Petroleum Institute says that the future has never looked brighter for the energy industry, since the opening of the Alaska Wildlife Reserve to oil drilling and for strip mining of coal. Referring to the recent warm winters and almost tropical summers in Alaska, he noted that ""...Even Mother Nature herself seems to be aiding our exploration and development activities in Alaska....""",,
event_environment4,"EPA WARNS PUBLIC TO PROTECT AGAINST SUN'S STRONGER RAYS

An official of the Environmental Protection Agency (EPA) today warned all U.S. citizens living in northerly latitudes to exercise extreme care when going out of doors. Residents of all areas north of Orlando, Florida are advised to wear long-sleeved garments, a hat (preferably a pith helmet) and U-V protective goggles before venturing outdoors. In areas north of Columbia, South Carolina, it is strongly suggested that foil-lined clothing be worn, when possible, due to the intense U-V radiation, according to EPA spokesperson Mendacio Calderon. Calderon attributed the lethal levels of solar radiation to the ""...normal sunspot cycle...."" and he discounted any possibility that the ozone layer is disappearing. Calderon, a former chief of public relations for a major chemical company, also insisted that there is no cause for alarm, and emphasized that anyone who follows the EPA's recommended precautions should have no concerns about going outdoors, for periods of up to fifteen minutes a day.

When asked how animals in the wild will protect themselves, since they don't generally wear pith helmets or foil-lined clothing, Calderon said he had no further comments, and declared the press conference adjourned.

...Meanwhile, in a related business story, Reynolds Metals reports record sales of its aluminum foil products. According to the company, large orders from a new source, the apparel industry, are fueling a banner year for the crinkly stuff....",,
event_environment5,"OZONE HOLES CONTINUE TO WIDEN

The UN Environmental Czar reported today that most of South Africa, southern Australia and the lower halves of Chile and Argentina, now known as the ""Zona de los muertos,"" have been rendered devoid of most living organisms.  The intense solar radiation has sterilized nearly all living things on those southern continental areas and in the Antarctic Ocean. The last of millions of cattle and sheep in the affected areas died over a year ago, and the only surviving creatures south of the 35th parallel appear to be humans, most of whom are now blind or suffering from hideous cancerous growths.

Stock prices plunged to near zero on the Buenos Aires bolsa, on news that the ""Zona de los Muertos"" or ""dead zone"" is now within 100 miles of that city.

...In a related development, major Western chemical companies continue to argue vehemently that the HCFCs they produce are not a major threat to the ozone layer, and that the entire matter of the alleged ""ozone holes"" needs to be studied further. On a similar note, China's U.N. ambassador told the Security Council today that China does not concede that there IS an ozone problem, and that, if there is, it is a problem of the rich Western countries, and that, in any case, China intends to continue to increase its production of HCFCs and CFCs.

Meanwhile, Canadian scientists confirm that Hudson Bay has become a dead sea, scorched by the ultraviolet rays pouring in through the north polar ozone hole. Several major hospital supply companies have previously announced that they are studying the feasibility of setting up facilities on Hudson Bay, and to begin tapping this nearly endless supply of sterilized saline solution for medical uses....",,
event_environment6,"RADIATION CLOUDS DUE OVER U.S. BY END OF WEEK

Huge clouds of radioactive dust from last week's nuclear clash between Libya and Syria are being carried away from Asia and Africa by the prevailing westerlies, and should reach the U.S. mainland by the end of the week. All U.S. residents are advised to store as much food and water as possible before the radioactive cloud arrives, as it may be difficult to obtain uncontaminated food or water for several years, even if you are willing to venture above ground, out of your fallout shelter.

Reports are still sketchy as to who ""won"" the Libyan-Syrian nuclear battle, as all contact with both nations has been lost since the brief, 6-hour war. Pentagon officials stated today that they knew for some time that both parties had acquired considerable amounts of weapons-grade plutonium on the black market during the early days after the breakup of the Soviet union in 1992, plus a sophisticated delivery capability, in the form of advanced missiles purchased from India and North Korea.

Apparently the outbreak of the conflict was a result of a serious miscalculation by the Syrians. They launched first, believing that the Libyans, with whom they have been quarreling for several years, lacked a nuclear capability, but were on the verge of acquiring it shortly. Judging by the 60 or more nuclear blasts in Syria, and several more errant Libyan missiles that fell into nearby Jordan and Turkey, the Libyans were far better armed than the Syrians, who apparently fired only 10 nuclear missiles into Libyan population centers.

At the Pentagon in Washington, a spokesperson for the U.S. Military Junta explained that the black market price of nuclear weapons is still quite high, and that Syria lacked the oil earnings to become a major player, unlike Libya, Iran, Iraq, Indonesia, Kuwait, Algeria and other new members of the Nuclear Club. Meanwhile, armored columns from the Sudan, which reportedly has recently acquired at least one crude nuclear device, rolled into neighboring Ethiopia today, apparently seeking to capture the large U.N. food stocks in that country, where U.N. relief agencies have been trying to avert widespread famine.... In Tel Aviv, Israeli military officials expressed their gratitude to the American defense firms who illegally sold the Libyans the highly precise guidance systems that enabled the Libyans to fire 60-odd missiles into Syria without a single missile falling short into Israel.  Any such misfire, had it happened, would doubtless have touched off another, far more serious and more widespread, nuclear conflict....

Several U.S. defense suppliers expressed regret at the loss of two major customers for their guidance systems and nuclear technology, but avowedly were confident that new orders from North Korea, Myanmar (Burma), and the Iranianfinanced Hezbollah group in Lebanon would more than offset any slack in their export business....",,
event_environment7,"AIR NO LONGER FREE IN L.A. -- Los Angeles has become the first American city to charge for air. Since breathable air has become such a rare commodity in the Los Angeles Basin, the County Council recently approved a plan whereby the city has begun importing bottled air from Alaska, which the city is now dispensing at a number of service stations along major freeway routes. Drivers wearing oxygen masks, which have become quite fashionable in Southern California, can now pull into almost any gasoline station, tank up their car, and buy an hour's supply of breathable air for only fourteen dollars.

Many of L.A.'s 40 million residents seem very enthusiastic about the new program. Phoenix, Denver, New York, and a number of other cities are already studying the feasibility of following the lead of Los Angeles.  As always, the world's largest city, L.A., is on the cutting edge, and officials of the city's Air Resources Board are already looking several years ahead, to a time when the air in Los Angeles will be lethal to anyone with exposed skin, at which time Angelenos may be required to wear spacesuits or similar protective clothing, as wealthier residents already do on most days in Third World cities like Bangkok, Sao Paulo, Miami and Shanghai, and as they formerly did in Mexico City before its collapse and abandonment....

In related news, SpillCo Oil announced approval of its plans to build a large new oil refinery in a burned-out area of Santa Monica. No one has chosen to rebuild in large areas of the L.A. Basin, particularly in Santa Monica, in the wake of the last riot and conflagration. Thus, SpillCo says it was able to acquire the land for its refinery at a very reasonable price. While the refinery will be a major source of air and water pollution, there was little opposition to its construction, since no one currently lives within several miles of the chosen site, in any direction, in the burned-out ghost town of Santa Monica....",,
event_environment8,"U.N. ISSUES HEALTH ADVISORY -- The United Nations Health Organization has released an urgent health advisory, strongly urging all people of the world to avoid swimming in ocean waters and banning the eating of fish or plant products from the oceans. The U.N. agency warns that the radioactivity level of sea water in all of the world's oceans makes it extremely hazardous for anyone to come in contact with sea water or to consume any kind of seafood. In recent years, ever-increasing leakage of radioactive wastes into rivers around the world, along with the corrosion and breakup of nuclear reactors dumped at sea over the last 60 years by the Soviet and Western navies, have resulted in this massive radioactive contamination of the oceans.

The U.N.H.O. indicated that this health advisory is expected to remain in effect for at least 250,000 years....

President Kanye West, in an address to the nation from the Oval Room of the White House, told Americans that the radioactive contamination of the oceans was exactly as prophesied in the Old Testament, a punishment and warning of future plagues to come for America. In Tokyo, the new Japanese prime minister assured viewers of his first press conference that the dangerous radiation level in the world's oceans ""...has absolutely nothing to do with the Fukushima reactors..."" that were destroyed by a massive tsunami and earthquake in 2011 and which some dissidents say have been leaking vast amounts of radiation into the Pacific ever since then.

Meanwhile, in Tokyo and Chicago, commodity futures on frozen seafood products soared to record price levels, as alert traders realized that the existing stocks of frozen fish and whale meat could not be replaced in the foreseeable future, in light of the U.N. ban.....",,
event_environment9,"@CORP'S GENETICALLY ENGINEERED FUNGUS ESCAPES FROM LAB, WREAKS HAVOC ON THE ENVIRONMENT

@CORP (@TEXTSTRING) has been developing, for the pollution control industry, a new ""super-fungus,"" designed to be introduced into landfills, which it would attack with a vengeance, hastening the breakdown of otherwise long-lived substances like plastics, aluminum, and stainless steel.

The company was working to develop a weakness in the fungus, that would allow it to be killed off effectively by either chemical or biological means after it had cleaned up a landfill site, but the so-called ""super-fungus"" has escaped from the company's Ventura County laboratories, north of Los Angeles, before a way to control it had been perfected. The fungus has since been wreaking havoc on automobiles, computers, and all types of machinery.  The prolific fungus feeds on, and quickly breaks down, all types of refined metals, including aluminum and stainless steel, as well as nearly every kind of plastic it comes into contact with, except those that are supposedly biodegradable.

Hundreds of lawsuits have already been filed by individuals and companies, seeking damages from @CORP.

@TEXTSTRING is expected to incur losses this quarter of some @AMOUNT, as a result of the escape of the super-fungus.",,
event_environment10,"SCIENTISTS FRET OVER GLOBAL WARMING, BUT ECONOMISTS POINT OUT BENEFITS

A United Nations commission appointed to study global warming has warned that global temperatures have already risen 0.2 degrees since the year 2014, and that the rising sea level, while moderate so far, due to increased precipitation and buildup of icecaps over both polar regions, is likely to accelerate in the near future, flooding many coastal cities on every continent. In addition, a huge lake is building up in the center of Greenland, from the melting of the Greenland icecap, and is held back from emptying all at once only by a steadily shrinking ice dam, nearly 1000 feet (300 meters) high.

However, most economists now agree that the warming that we have experienced so far has been a boon to the global economy, due to warm winters in Canada and Siberia that have resulted in greatly improved crop yields, longer growing seasons, and substantial increases in world food supplies, which in turn has contributed to steady improvements in global economic growth, and rising incomes in some poor nations, with a resulting slowdown in population growth. Some northern areas of Russia are now able to support agriculture for the first time since the Medieval Warming Period. Population experts note that rising levels of prosperity and improved educational opportunities for women almost invariably result in smaller family sizes, and sharp decreases in population growth.

Thus, to date, the recent global warming is seen as somewhat of a mixed blessing, with benefits for many countries, but with unknown long-term consequences, if the warming trend continues at anything like the projected rate.",,
event_environment11,"FUTURES PRICES SOAR, AS FUNGUS THREATENS U.S. WHEAT CROP

A combination of an unusually wet growing season and a spreading fungus that attacks the grain shortly before it becomes ready to harvest is causing havoc in the wheatgrowing regions of the United States, and the presence of the devastating wheat rust in Alberta and Saskatchewan has been confirmed, according to a spokeswoman for the United Nations Food and Agricultural Organization (FAO). According to the FAO, the expected heavy crop losses in the key wheat growing regions of the U.S. and Canada may lead to serious global shortages of the grain, as wheat stocks in many countries are already at near-record low levels.

In Chicago and New York, trading was frantic on the floor of commodity exchanges, as food companies and speculators bid up the price of wheat futures dramatically. Trading was temporarily halted, as the spot price of the grain shot up to $@TEXTSTRING per @UNIT.

In Egypt, large crowds took to the streets, protesting against the Egyptian government's announcement of a hefty increase in the heavily subsidized price of wheat flour. In the Ukraine, the government of Ukrania has ordered a complete halt to all imports or exports of wheat.",,
event_environment12,"WORLD GOVERNMENTS UNITE TO IMPOSE GLOBAL WARMING TAX ON CARBON -- LEVIED ON USERS AND PRODUCERS ALIKE

Meeting in Geneva, the United Nations, in what was a nearly unanimous vote of member states, has finally settled on the terms of a long-awaited global tax on carbon, to be applied to businesses in various industries that are deemed to be major producers or users of hydrocarbons. The tax will be applied at an annual rate of@TEXTSTRING%, to be collected quarterly by all participating governments.

Businesses based in or doing business in China or India are exempted from the new global Carbon Tax Treaty.

There were few dissenting voices as the U.N. General Assembly rushed to enact the sweeping new measure, which will apply to such industries as oil, oil service, steel, auto makers, auto parts makers, base metal and precious metal mining industries, all the transportation industries, chemicals, tire and rubber makers, the paper industry, and electric and gas utilities.

U.N. officials worked with a great sense of urgency to adopt the global tax quickly, taking advantage of the opportunity offered by the current world economic boom, and working against the clock with the knowledge that most parts of the world have now experienced increasingly cold winters and record snowfall for the last three years, including two consecutive ""years without a summer"" as some global warming heretics have dubbed the recent weather patterns, since solar activity has begun to wane from recent high levels.

""It was now or never,"" said the Saudi U.N. representative. ""The nay-sayers were gaining strength by the day, despite the wholehearted cooperation of the media and the schools and universities, but the deniers can't stop us now. It's a done deal....""

Fortunately, arguments of global warming deniers were swept aside as the nations of the world rushed to implement this first international tax on business, the proceeds of which will be used to assist the governments of progressive but needy countries such as Belarus, Venezuela, Cuba, Myanmar, and North Korea.

Meanwhile, in related news, archaeologists from the Danish national museum, digging in Greenland, have unearthed proof that more than a thousand years ago, southern Greenland was so warm at the time that the Vikings living and prospering there were able to grow grain and make beer for hundreds of years. No explanation was offered as to why polar bears did not become extinct during that period, which historical records indicate was considerably warmer than the present. However, the present era has been widely proclaimed by thousands of social scientists to be the warmest in 600,000 years, based on computer temperature models, a theory which is now widely accepted as scientific fact in academia and in the mass media....",,
event_environment13,"FROM:     SUNBELT LAND DEVELOPMENT DIVISION SUBJECT:  POSSIBLE PROBLEM WITH @YEAR PROJECT

We have good news and bad news to report to Corporate, regarding our @FACT housing project in California.

The good news is that we have completed building out Phase One on schedule, and far under budget, thanks to the absurdly low price we paid for the land, and some 450+ homes are now ready for sale. The bad news is that a number of the construction people working on the project have died of odd and unusual forms of cancer and we have just found out that the site was formerly a hazardous waste dump, which would cost us a fortune to clean up -- after we demolished all the houses.

However, no one but us is aware of this little secret, so we still have the option of going ahead with selling the housing units. We're certain to make exceptional profits if we do so. We will take a @AMOUNT. LOSS if we cancel the project now...

DECISION:  DO WE PROCEED WITH SALES OF THE HOUSES?",,
event_environment14,"SUBJECT:  TOXIC WASTE PROBLEMS AT OUR DRILLING SITES

Our outside environmental consultants, whom we hired to give us a clean bill of health, so we can advertise ourselves as a ""green"" company, have unexpectedly discovered some major problems at a large percentage of our drilling sites. They tell us that the chemicals we have been injecting deep into the ground as part of our ""fracking"" process, to fracture shale rock in order to free up oil and gas locked up in the shale deposits, have been leaking out from improperly sealed drill casings near the surface and into the ground water and nearby streams and bayous, putting all higher life forms, (including humans) in the surrounding areas at high risk.

They suggest we disclose the problem, clean up the sites and take steps to prevent such pollution in the future. The problem does not occur where the fracking is actually being done, usually at depths of 5,000 to 10,000 feet, since the water table is never near those depths, but occurs close to the surface where we use the cheapest available pipes and casings, which have been leaking. That problem can easily be remedied, and preventing future occurrences will not be very costly, but cleaning up the ground water and waterways we have already polluted will be considerably more expensive if we admit responsibility.

They estimate costs of clean-up at @AMOUNT million.

Our marketing and accounting departments, on the other hand, argue that we can't afford to clean up all the places we have already contaminated and suggest we simply fire the consultants and continue doing business like we always have.

QUESTION:  DO WE CONTINUE DOING ""BUSINESS AS USUAL""?",,
event_environment15,"SUBJECT:  OFFER TO CONVERT SOME OF @CORPFULL'S IDLE AGRICULTURAL LAND IN THE MIDWEST INTO A PROFIT CENTER BY ACCEPTING WASTE FOR DISPOSAL

We have received a very interesting feeler from a large and powerful family in Chicago (better known for their olive oil importing business) that owns the Ethical Products Corporation (""EPC"") of Cicero, Illinois, a hazardous waste disposal firm.

@CORPFULL owns considerable agricultural land in Illinois, on which EPC would like our permission to dispose of certain industrial toxic wastes that they collect from various industries for a fee, using only one 500-acre portion of one of our parcels.  EPC offers to pay us @AMOUNT mil. up front, plus ongoing ""dumping fees."" The beauty of this deal is that we don't need to spend money on any kind of disposal facilities. The land they want to use is the swampiest portion of our property; all EPC seeks is our permission to drive their trucks through it at night and disperse the materials as they drive around. They describe themselves as a waste disposal business, but are actually engaged in waste dispersal.

They have made threats of a very personal nature, if we don't agree to their offer.

DO WE GO FOR IT?",,
event_environment16,"FROM:     AGRICHEMICALS MARKETING DIVISION SUBJECT:  NEW PRODUCT RELEASE -- POSSIBLE DELAY IN RELEASING OUR NEW ""BIOCIDE X"" AGRICULTURAL CHEMICAL

We may have a problem with our new ""Biocide X"" agrichemical, which is now ready for release, and has a huge market among the nation's (and world's) wheat farmers.  As you probably are aware, ""Biocide X"" is an extremely effective poison (its potency is right up there with weapons-grade plutonium).  It kills any living thing it touches, except, for reasons we do not fully understand, a few grasses like wheat. As such, it's THE perfect herbicide/pesticide for wheat farmers.  However, some environmental crazies, who claim to have done their own testing of trace amounts of Biocide X in water given to test animals, say it is a powerful carcinogen and cause of birth defects if it gets into water supplies, and are worried about farmers dumping thousands of tons of it on their crops from the air.  We could have a big problem, since we have invested a fortune in R & D, and this is a blockbuster product....

DECISION:  DO WE GO AHEAD AND RELEASE ""BIOCIDE X""?",,
event_environment17,"SUBJECT:  WATER POLLUTION AT OUR NEW PAPER MILL

A low-level environmental inspector has discovered dumping (by us) of toxic pollutants into a river that empties into an important wildlife reserve, and he says the toxins are killing everything that walks, crawls, swims or flies, as it spreads through the reserve.  As you know, this new paper plant is proving to be the most profitable we've ever brought on line.

The toxic discharges and the extraordinary operating profits are both the work of our bottom-line oriented plant manager, who seems to have the brilliance of Dr. Einstein and dedication of Dr. Frankenstein. He has found ways to circumvent all of our expensive pollution control safeguards, without the environmental agency being able to find any effluent discharge at the plant site itself with their normal testing. This saves us enormous amounts of money, but is killing the wildlife preserve, which is how it got traced, indirectly, to us by this one government grunt.

The government inspector offers us this choice: Either he discloses all (and we stop dumping and pay fines)--or we pay him $5 million (U.S.) and the problem goes away.

QUESTION:  DO WE PAY THE HUSH MONEY TO THE ENVIRONMENTAL @MISCAGENCY INSPECTOR?",,
event_environment18,"FROM:     @CORPFULL MARKETING DEPARTMENT

SUBJECT:  RELABELING FRUITS AND VEGETABLES TO IMPROVE PRICING AND OVERCOME CONSUMER RESISTANCE TO GENETICALLY MODIFIED PRODUCE

Ever since the big flap over inserting genetic material from swine into grapefruit, which had some nasty repercussions once the secret got out (especially among the Jewish and Muslim communities, and among vegetarians), it has been very difficult for supermarkets to overcome consumer resistance to genetically modified foods. We practically have to give the stuff away, in order to move it off the shelves. The only thing harder to sell is the ""embalmed"" (irradiated) stuff, which doesn't glow in the dark, but is full of all kinds of ""unique"" chemicals caused by the irradiation.

Organic foods, on the other hand, command much higher prices, and practically fly off the shelves, as the public becomes more and more aware of all the poisons and other toxic substances in non-organic produce, and as they have become very fearful of so-called ""FrankenFoods"" (genetically modified foods).

The supermarket business has gotten brutally competitive, and we believe some of our more successful competitors may be relabeling some genetically modified fruits and vegetables as ""organic,"" in order to generate much higher profit margins, since they can buy the ""Frankenfoods"" very cheaply on the wholesale market and sell them at premium prices.

If @CORPFULL is going to meet the competition, we may have to do the same. We propose doing a test marketing of genetically modified tomatoes, which have had a peanut gene inserted in them, which has given them a great deal of resistance to insect pests and funguses, for reasons not wholly understood by the gene-splicing people.

A large tomato producer is now producing the modified tomatoes without need of pesticides or herbicides, and they even grow quite well without use of artificial fertilizers. Hence their tomatoes are almost ""organic,"" in a sense, so it would not be too much of a stretch for us to buy these cheap tomatoes and relabel them as ""organic"" in our stores.

Instead of the usual 25% to 30% markup, we should be able to sell the relabeled tomatoes at about a 350% markup.

DECISION:  DO WE RELABEL THE MODIFIED TOMATOES AS ""ORGANIC""?",,
event_environment19,"FROM:     SPECIAL PROJECTS COMMITTEE

SUBJECT:  IMPORT OPPORTUNITY -- SPECIALTY CHEMICALS

As a specialty chemical company, we usually stick to manufacturing and distributing our own chemical products.

However, as you directed, we have come up with a plan for generating additional sales, by importing chemicals from abroad. We have held secret discussions in @FACT with representatives of a large Asian chemical company, which is offering us what could be an obscenely profitable import opportunity. They are one of the few large companies in the world still manufacturing CFC's (such as freon), which has long since been banned by stringent international treaty provisions, because such CFC's are known to have destructive effects on the earth's protective ozone layer.

However, there remains a thriving black market in CFC's in the U.S., since it is no longer legal to sell CFC's @MISChere to people who need it to recharge their air conditioners or refrigerators.

We have also made contact with the largest ""underground"" distributors of CFC's in the U.S., who will distribute it for us.

DO WE GO INTO THE LUCRATIVE CFC IMPORT/DISTRIBUTION BUSINESS?",,
event_environment20,"FROM:     @CORPFULL COST ACCOUNTING DEPT. SUBJECT:  REDUCING WASTE FOOD AND COSTS

We have been studying the cost structure of our restaurant operations, and one glaring inefficiency we have noted is the huge quantity of uneaten food that is being wasted. Our restaurants send enough wasted food to the landfill every day to feed a small Third World country for a month, most of it wasted by customers who order large meals and hardly take more than a bite of their food.

We think that by retraining our cooks and some other kitchen staff, we can sharply reduce this prolific waste, and begin recycling much of the ""leftovers"" that we have, until now, been dumping in the garbage bins. Because of local health department regulations we will, of course, need to exercise extreme care and discretion in implementing these new cost saving procedures. Also, there is always a risk of surprise visits by health inspectors, which could cause us some embarrassment, if we are unable to buy them off, as we and our competitors generally do when the health department people discover food safety violations at any of our outlets.

We suggest starting this program on a small scale, and if it yields the cost benefits we predict, we can then expand this recycling initiative to all our restaurants.

DECISION:  DO WE IMPLEMENT THE FOOD RECYCLING PROGRAM, IN ORDER TO REDUCE OUR COSTS?",,
event_environment21,"FROM:    NEW CAPITAL PROJECTS DEPARTMENT

SUBJECT: @TEXT1 RECYCLING PLANT IN AFRICA

As a pollution control and environmental engineering company, we are under increasing government restrictions and regulations, particularlly in North America and Western Europe, making it ever more difficult to earn a decent rate of return on capital. A typical example is our recent attempt to clearcut large areas of old forest in @MISC to build solar farms. That costly project had to be abandoned after it met with fierce resistance from local residents and even some environmental groups questioned whether such a project is really ""green."" That cost us dearly!

Thus, we need to pursue new avenues for growth, preferably in Third World countries where governmental oversight and regulations are much less of a problem, particularly if we do effective public relations work and grease a few palms of local politicians where necessary, when undertaking projects in those parts of the world. The Board has asked us to seek out potentially lucrative new projects. We have.

We have come up with an excellent solution with minimal capital investment and potential very large payback -- we will set up a worn @FACT recycling plant in the Democratic Republic of Congo, to process millions of worn @FACTs.

Our P.R. people will heavily promote the fact that we are going to be removing unsightly mountains of discarded @FACTs from U.S. and European cities, to be responsibly recycled in an impoverished Third World nation, where we will be welcomed with open arms, creating badly needed employment for the locals and stimulating their economy, while improving the global environment by recycling such valuable waste materials. After our payments of certain substantial fees, deposited in banks in Zurich, members of the Congolese government have enthusiastically approved our project, and construction can begin immediately.

The recycling will not exactly be what our public relations firm tells the world in the slick brochures they have created. Our construction costs of the incineration facility will be quite minimal, since we will just burn the @FACTs, with no attempt to reclaim the metal reinforcing material in the @FACT, initially. Eventually, there should be enough metal on the burn site that we may be able to sell our lease rights to the site to an iron ore mining company that can mine the ashes and we can then move on, after being profitably cashed out.

The main payoff from this project, however, is that the North American and European governments will pay us large sums to remove vast quantities of the used @FACTs from their countries and ""recycle"" them in a Third World country, thus eliminating the environmental risks from incinerating the @FACTs and fouling the air in America or Europe.

Our original plan for this project was to hire the cheapest labor available, 4- and 5-year-olds, but, as a responsible corporate citizen, we must comply with Congolese child labor laws, which define an adult as anyone age 6 or older. We'll need to bring in our people, of course, to build the piping that will vent the smoke a few kilometers out into the jungle, where it won't kill anything but a few trees, in order to minimize casualties among the human population. The officials to whom we paid the permit fees have assured us that any collateral damage to animals, the forests, or the local indigenous population is ""not a problem.""

Once the construction work is done, we'll only need to hire several ""adults"" (as defined in their laws) to run the forklifts and keep the pyre burning. The towering smoke column will be of biblical proportions, but we don't think anyone but the locals will know where the smoke is coming from. We will, of course, advise all of our headquarters staff against planning any safaris or other vacations in the Democratic Republic of Congo or downwind countries once our ""recycling"" operations have begun, since the conditions downwind will no longer be particularly conducive to any kind of recreation or tourism.

We have found an ideal parcel to lease, in the jungle, far from any major population centers. As for the supply side, New York, Los Angeles, Amsterdam and London are all eager and willing to begin paying us to remove the vast piles of spent @FACTs from their cities, to be disposed of far from prying eyes of their citizens. This is a ""can't lose"" opportunity for us to generate more good publicity as a ""green"" company, while achieving obscene profit margins!

QUESTION:  DO WE PROCEED WITH STARTING UP THE ""WORN @TEXT1 RECYCLING FACILITY"" IN THE DEMOCRATIC REPUBLIC OF CONGO?",,
event_environment22,"FROM:    WASHINGTON POLITICAL LIAISON GROUP

SUBJECT: OUR PUBLIC RELATIONS PROBLEM RE THE COMPLETION OF THE @FACT WINDFARM

As you have probably read in the newspapers or seen on the news, some environmental groups are trying to stop @CORP's latest green power project, our @YEAR windfarm, from going on line next month. In terms of our costs, the project is already about 75% complete, and it can be finished quickly. All that still needs to be done is to take delivery of the giant rotor blades, ship them to the site and install them, and the plant can be up and running, generating a huge new supply of clean and endless energy in short order. Very profitably.

While it is a ""green"" project, and thus it was a slam dunk to get all the necessary approvals, certain minor environmental groups are now claiming the site lies on some major bird migration routes and that once those blades are installed and spinning, our windmills will kill tens of thousands of migrating birds. While none of the birds will be species that are currently on the EPA's ""endangered species"" list, the extremist groups argue that some species will very soon be endangered if their numbers are decimated by the wind turbines twice every year, as they migrate.

It is too late now to relocate the project, as most of the work has been done and money spent, so to shut it down would force us to write off over @AMOUNT. of sunk costs. We can't allow that to happen.

To prevent such a financial calamity, we are going to have to mount an all-out lobbying and P.R. attack on those ""radical fringe"" environmental groups that are trying to kill the @YEAR project. The thrust of our P.R. campaign will have to be threefold, as we see it here from the Beltway and D.C.:

(1) Emphasize that it is a ""green"" project, which will emit zero CO2, thus contributing to saving the planet, which, regrettably, will come at the cost of killing a few thousand precious birds each year;

(2) Point out that the EPA has already approved our environmental impact study and that all the major environmental organizations (to whom we have donated quite liberally, to help assure their backing) are firmly supporting the completion of this very large and important windfarm; and

(3) The project will be a boon to the economy of the Southwestern U.S. and won't dirty up the Southwestern skies and obscure the views with smoke, unlike a coal power plant.

Besides the public relations and lobbying campaigns, it will probably be necessary, or at least advisable, for @CORPFULL to ""grease a few palms.""

A few well-placed donations with some of the fringe environmental groups might also help to smooth over some ruffled feathers, if you'll pardon the metaphor.

Some members of the @CORP board argue that if we should nearly or totally wipe out some bird species, it will be a P.R. disaster, and thus might kill our chances of building our planned Wyoming windfarm. Other board members say we can't afford such a huge write-off and we should go full bore on getting the project completed, up and running; tough luck if it kills a few birds.

Your Political Liaison Group agrees with the latter view and recommends that we be authorized to go into action immediately, doing whatever it takes to win this political battle.

QUESTION: SHOULD WE GO AHEAD WITH THE PROJECT AND MOUNT AN ALL-OUT P.R. AND LOBBYING EFFORT TO GET FINAL APPROVALS?",,
event_environment23,"FROM:     @CORPFULL COST ACCOUNTING DEPARTMENT SUBJECT:  WASTE REDUCTION AND COST CONTAINMENT MEASURES

The Cost Accounting Department, as ever, is constantly in search of innovative ways to reduce our costs of delivering health care services at our U.S. hospital facilities. We have recently identified several sources of unnecessary waste that are costing us enormous sums of money. These all come under the category of one-time use of numerous, costly medical supplies and instruments. We believe this is a major reason why our profitability lags behind that of most of our competitors in the healthcare providers industry.

In studying health care systems in certain other countries where the government provides ""free"" health care, such as Cuba, Russia, Britain, and Venezuela, we have noted that all those countries make a regular practice of reusing medical items such as hypodermic needles, which greatly reduces their costs, although there is an increase in patient mortality as a result of such reuse, since the recycled items often are not cleaned before reuse, or, even if cleaned, are not properly sterilized in most of those countries. Those progressive governments have wisely been willing to accept higher patient mortality rates, thus freeing up resources for other, more pressing societal needs, such as public works, military spending, re-election of incumbent politicians, government propaganda spending, construction of better palaces for the ruling elite, crushing dissenters and secessionists, suppressing minorities, and the like.

The same cost-cutting measures are used in many poor Third World countries in Asia and Africa, as well, where many medical supplies are recycled, due to limited financial resources. In such countries, it is customary to not only reuse hypodermic needles, but also such items as throwaway thermometers (designed for a single use), test strips, and bandages.

We can learn a lot about cost containment from these Third World hospitals and socialist/Communist/fascist government healthcare systems that, unlike our capitalistic healthcare system, don't have to be accountable to their patients and don't have to worry about government oversight, since they ARE the government, in many countries.

Accordingly, Cost Accounting recommends that the company take a full inventory of the types of medical supplies that are currently being discarded after one use in our health care facilities, and begin a program of cleaning and recycling as many such items as possible. Doing so, we believe, will lower our operating costs to such an extent that it will enable @CORPFULL to blow away our competition.

DECISION:  DO WE BEGIN RECYCLING MEDICAL SUPPLIES?",,
event_environment24,"ENVIRONMENTAL ALERT FROM:   LEGISLATIVE OVERSIGHT GROUP

We are facing a serious political problem in the Pacific Northwest, which could have global financial implications. A Congressional committee is on the verge of appropriating billions of dollars to clean up the Hanford Reservation nuclear contamination area. As you know, we stand to generate big revenues for developing an expanded nuclear dumping site at Hanford. It is an ideal site, since existing plutonium contamination there already makes the Columbia River from Hanford to the Pacific Ocean glow at night -- a totally dead river.

We can stand loss of that contract, but passage of this bill could have much more costly ramifications. If the U.S. were somehow able to successfully clean up this highly radioactive section of river, it would set a terrible example in Third World nations, where we want to construct similar waste facilities. If we can stop this cleanup, our rented foreign politicians will be able to point to Hanford when environmentalists try to pressure them into protecting THEIR rivers and lakes.

DECISION:  DO WE BUY OFF THE CONGRESSIONAL COMMITTEE AND NIP THIS DANGEROUS LEGISLATION IN THE BUD?",,
event_environment25,"@CORPFULL FARM LAND IN ILLINOIS IS DECLARED A ""SUPERFUND"" SITE, AFTER EPA DISCOVERY OF ILLEGAL TOXIC WASTE DUMPING BY MAFIA-CONTROLLED HAZARDOUS WASTE FIRM

EPA officials in Chicago announced today the discovery of an ongoing and secret business operation between a major Chicago crime family and @CORPFULL, owner of Illinois farm land. According to the announcement, the Mafia-owned hazardous waste disposal firm, the Ethical Products Corporation (""EPC"") of Cicero, Illinois, paid the company large sums of money, in return for allowing EPC to secretly drive trucks around the property at night, dumping their lethal cargo. EPC and the company took elaborate precautions to avoid discovery. The trucks, stolen from a competitor of EPC, Bhopal Chemical, were all driven by specially selected Muong tribesmen from the hill country of Laos, all of them mutes, chosen for their lack of any knowledge of English, and given identification that would indicate they worked for another competitor, Newark Dumpers, if they were caught. As a final ruse, the trucks were painted with the name and logo of yet another competitor, Toxico Chemical.

@CORPFULL is liable for Superfund cleanup costs.",,
event_environment26,"@CORPFULL SETTLES ENVIRONMENTAL POLLUTION LAWSUIT; AGREES TO PAY @AMOUNT MILLION IN FINES FOR TOXIC DUMPING THAT DESTROYED WILDLIFE RESERVE

@CORPFULL, a major paper company, has settled with the government environmental agency on the fines to be paid for discharge of highly toxic effluents at the company's huge new paper plant. The dumping of the toxins into a nearby river is cited as the cause of the destruction of a major wildlife sanctuary several miles away, into which the river drains.

The government environmental inspector said it appears that the company has @LOSSknowingly been dumping highly toxic chemicals into the stream since the plant opened, almost a year ago, and he took that into account in setting the amount of the fine the environmental agency would agree to accept in settlement of its anti-pollution enforcement action vs. @CORPFULL.

@YEAR @FACT",,
event_environment27,"@CORPFULL ""@TEXT1 RECYCLING FACILITY"" IN AFRICA TURNS OUT TO BE MASSIVE SOURCE OF POLLUTION AND ENVIRONMENTAL DEGRADATION; UNESCO CONDEMNS THE COMPANY IN STRONGEST TERMS

It all began with what sounded like a great idea -- to remove vast numbers of discarded @FACTs from American and European cities, to be recycled in an impoverished African nation, the Democratic Republic of the Congo. This was to be done by a respected pollution control and environmental engineering company, @CORPFULL.

The plan, as described in the company's public relations releases, was for the @FACTs to be safely recycled in a remote location while recovering the metal reinforcing material in them and also creating good jobs for the locals in a nearby small village, located in a jungle area. In reality, all the company was doing, in exchange for massive fees it received from American and European cities, was to incinerate the @FACTs in a huge, constantly burning pyre near the village. No attempt was made by the company to actually recover any metals or to install stack scrubbers to clean the extremely toxic smoke that was generated by the burning. While a whistleblower says that the company initially planned to at least install large pipes to vent most of the smoke into the jungle a few kilometers away, to reduce the toxic effects on the local citizens of the village, the company accountants concluded that it would be too expensive to contruct any type of building or other structure to capture the smoke, so the final decision was made to just conduct open-air burning.

The company apparently expected that the toxic smoke from the massive inferno would only pollute the air and water of parts of the host country and other African countries near the Democratic Republic of Congo. However, a highly unusual change in the prevailing winds caused the towering smoke cloud from the burn site to become visible as far north as Italy. Once the freakish winds pushed vast toxic clouds over much of Europe, the French Foreign Legion quickly dispatched airborne troops to the site and shut down the operation, while terminating the onsite managers of the company with extreme prejudice.

U.N. health inspectors, sent in to supervise clean-up, found that the company had been hiring children ranging from 6 to 11 years of age to operate the forklifts that transferred the spent @FACTs from trucks to the enormous pyre. (However, as it turns out, they were actually in compliance with the country's child labor laws.) The U.N. inspectors also found the local villagers and others living within 300 kilometers downwind from the site were suffering a wide variety of severe health problems, mostly from lung damage, and that the smoke has also had a devastating effect on the nearby jungle and wildlife, killing much of the forest.

This major scandal, for a pollution control company long known for its ""green"" policies, will be devastating for it going forward, as the whole world now knows that its reputation was apparently built on fake public relations campaigns. Company management issued a statement critical of the French Foreign Legion's harsh measures and arguing that ""...the worries over pollution from the @FACT burning were vastly overblown and this will barely dent our bottom-line....""",,
event_environment28,"@CORPFULL'S @YEAR PROJECT TURNS INTO FINANCIAL SWAMP, AS LAND IS DECLARED SUPERFUND SITE

A federal Appeals Court judge in Washington, D.C. today ordered seizure of a large portion of the assets of the land development/housing firm, @CORPFULL.

The company's prized housing development project in the San Fernando Valley near Los Angeles, @FACT, has been declared a ""Superfund"" site by the EPA, in the wake of the discovery that the site had been used by its former owner, a large aerospace firm, as an illegal dumping spot for nuclear and other highly toxic wastes for the past 40 years.

Discovery of the lethal contamination of the land under the large @FACT housing development came to light only after local health authorities noticed an improbably high incidence of rare cancers and deformities among persons recently moved into the new community. The cost of lawsuits and cleaning up the site under the Superfund law is estimated at @AMOUNT., which could bankrupt @CORPFULL.",,
event_environment29,"ENVIRONMENTAL PROTECTION AGENCY BANS USE OF ""BIOCIDE X"" AGRICULTURAL CHEMICAL IN U.S., AS CARCINOGENIC -- BAN IS EXPECTED TO HURT PROFITABILITY OF @CORPFULL

EPA officials today announced that they are ordering a ban on all further U.S. sales of the powerful new agricultural poison ""Biocide X,"" which is manufactured by @CORPFULL.

The ban is based on findings that the poison, which kills or causes cancer in almost every organism exposed to it, is getting into U.S. water and food supplies as farmers dump mass quantities of it by air (it is too deadly to administer except from airplanes) on their wheat fields. In addition, EPA tests indicate that wheat, while not itself harmed by the poison, becomes contaminated and unsafe for human or animal consumption.  @CORPFULL officials expressed shock at the ban. The CEO of the company said, ""This is all vastly overblown--the result of 'enviro-mania' and a few farmers who have ignored our clear instructions to keep the product out of water and food supplies. We'll keep selling it overseas....""",,
event_environment30,"@CORPFULL FARM LAND IN ILLINOIS IS DECLARED A ""SUPERFUND"" SITE BY EPA, AFTER DISCOVERY OF ILLEGAL TOXIC WASTE DUMPING BY MAFIA-CONTROLLED HAZARDOUS WASTE FIRM

EPA officials in Chicago announced today the discovery of an ongoing and secret business operation between a major Chicago crime family and @CORPFULL, owner of Illinois farm land.  According to the announcement, the Mafia-owned hazardous waste disposal firm, the Ethical Products Corporation of Cicero, whose previous board of directors was electrocuted by the State of Illinois 30 years ago, entered into a cozy agreement with the large agribusiness company to use its prime Illinois farm land as a place to covertly dump all manner of untreated toxic industrial wastes, including plutonium from several decommissioned nuclear power plants. An EPA representative stated that the land, including several thousand acres surrounding the dump site, is severely contaminated, and that all crops grown on the company lands in that area will be unsaleable and absolutely lethal for roughly the next 250,000 years.  @CORPFULL is also liable for ""Superfund"" cleanup costs of some @AMOUNT.",,
event_environment31,"E.P.A. HITS @CORPFULL WITH @AMOUNT MILLION FINE FOR SMUGGLING ILLEGAL CFC'S INTO THE UNITED STATES

The Commissar General of the U.S. Environmental Protection Agency announced today at a Washington press conference that @CORPFULL has agreed to pay total fines of @AMOUNT., in exchange for the EPA's dropping capital punishment charges against the company's management. He disclosed that EPA undercover operatives had infiltrated a branch of the Russian Mafia that runs the largest black market distribution organization in the U.S., including black market sales of illegally imported chlorinated fluorocarbons (CFC's), which led the EPA to the importer, or smuggler, of the CFC's, @CORPFULL.

Corporate officials offered no excuses for their illegal importation and resale of the ozone-damaging chemicals, other than to say that the company had been seeking ""...high profit-margin diversification opportunies at home and abroad....""  A Federal (U.S.) prosecutor derided this statement as being nothing more than what Christopher Buckley has referred to as the ""Yuppie Nuremberg Defense"" -- ""Ve vere only doing vat ve had to, to pay ze mortgage....""",,
event_finance1,"BANKING INDUSTRY ROLLS OUT NEW HIGH-TECH TELLER MACHINES

Major U.S. banks have introduced a sophisticated new automatic teller machine, called the ""Grabber,"" which is designed to virtually eliminate ATM theft and fraud losses. The new machines have built-in manacles, into which the user is required to place his or her wrists (or ankles), before undergoing fingerprint I.D. and DNA analysis, while punching in transactions into the ATM.

A bank official explained that, ""If your bank card is invalid or overdrawn, or if you punch in the wrong P.I.N. code number three times in succession, the manacles don't unlock, and a siren sounds until the security people or police arrive."" (Which may be the next morning, in some cases, since it is virtually impossible to escape from the titanium alloy manacles, once they lock in. However, some miscreants, like muskrats caught in a trap, have been known to gnaw off a limb and escape before the gendarmes finally arrived, leaving only an arm or a leg behind as a grisly calling card.)

Bank officials describe the new ATMs as ""...extremely effective....the ultimate answer to ATM thefts and overdrafts, and bad news for deadbeats....""

In an address to the American Bankers Association convention in Putingrad (formerly Moscow), Russia, one enthusiastic speaker hinted that banks are quietly working with international law enforcement agencies, including the FSB and INTERPOL, on further technical enhancements that will enable the ATMs to instantly compare a user's fingerprints and DNA with FBI and other fingerprint and DNA databases, in order to ""grab"" anyone wanted by any government. Targeted individuals would range from escaped serial killers to political dissidents, to individuals with overdue library cards or unpaid parking fines, any of whom would be captured instantly by the machines if they were foolish enough to use an ATM outfitted with the new ""Grabber"" technology....",,
event_finance2,"U.S. DOLLAR WEAKNESS SENDS BOND PRICES PLUNGING IN ALL MAJOR GLOBAL FINANCIAL MARKETS

Bond prices on Wall Street and in London and other major financial markets plunged today, as the U.S. dollar continued its recent nosedive. Fixed income traders are attributing the collapse of the dollar to the huge buildup of U.S. dollar holdings overseas, as the U.S. has continued to run ever-increasing trade deficits.

""Eventually,"" said one veteran Sydney bond trader who spoke anonymously, ""it had to happen, sooner or later. The bloody Yanks can't keep printing dollars and floating them out to the rest of us by the trainload, forever. At some point, it was obvious the wankers weren't going to be able to keep paying their bills except by running the printing presses day and night. The bad checks have finally started to bounce....""

""Let the good times roll!""",,
event_finance3,"STOCKS TUMBLE, IN SYMPATHY WITH FALLING BOND PRICES

Global bourses reeled today, as a weak dollar touched off waves of selling in U.S. bonds in Tokyo, followed a few hours later by a complete rout in both the bond and stock markets in New York and London.

Remarks in a Senate hearing the prior day by the U.S. Secretary of the Treasury, implying that the U.S. would not attempt to support the rapidly depreciating dollar, apparently led a number of major Japanese financial institutions to finally give up any hope that the U.S. would ever get its financial house in order and reduce its massive trade deficits with Japan and China.

As a result, within a few hours after the Secretary's remarks, which were televised globally on CNN, several major Tokyo financial houses began dumping their holdings of U.S. government and corporate bonds. This set off a chain reaction of selling of dollar-denominated financial assets in all major global financial markets, and sent the dollar tumbling further, spiralling down like a kamikaze and belching black smoke all the way. No sane person would hazard a guess, at this point, as to where and when the dollar will bottom out, now that the house of cards has collapsed.

It has been a long time since the Marianas Turkey Shoot, Iwo Jima, Okinawa, and Hiroshima, and since Gen. Douglas MacArthur steamed into Tokyo Bay on the U.S.S. Missouri, and even longer since Commodore Perry's Black Fleet sailed into Tokyo Bay and dictated commercial terms -- opening Japan to the world in 1854 -- but at long last, payback is sweet....",,
event_finance4,"CRASH! STOCK MARKET MELTS DOWN!

Stock prices collapsed today, as massive waves of selling swept through Wall Street and Pacific and European stock exchanges. Some analysts are explaining the sudden loss of nerve by holders of equities as being based on growing fears of a possible coming depression in the U.S. and Western European economies.

However, floor traders in London blamed today's stock crash on @TEXTSTRING.

Contributing to the panic selling were rumors that one of the largest hedge funds, after making a number of disastrous market bets, has been inundated with redemption requests by unhappy fund shareholders, and has had to dump several billion dollars (U.S.) of its holdings at whatever price it could get.  More redemptions are likely to come, as the fund's value continues to dwindle, as its forced sales will further depress the value of its remaining share holdings.",,
event_finance5,"NIGHTMARE ON WALL STREET! STOCK MARKET MELTS DOWN!

Stock prices collapsed like a dropped souffle today, as massive waves of selling swept through Wall Street and other major stock exchanges in Australasia and Europe. Some analysts were quick to suggest that the sudden urge of great numbers of investors to get out of the stock market was brought on by fears of a global recession in the near future.

However, floor traders in Tokyo blamed today's stock crash on @TEXTSTRING.

Contributing to the panic selling were rumors that a major U.S. or Japanese bank (the rumor varies) has incurred some disastrous losses on highly-leveraged bets on Treasury Bond Futures, hedged by short sales of Yen-denominated Japanese Government Bonds, and may have to close unless the Federal Reserve or the Bank of Japan (again, the rumor varies) steps in to inject enough funds to keep the giant bank afloat.",,
event_finance6,"BANKS CLOSE IN @HUMOR, AS FINANCIAL CRISIS WORSENS; MOBS ROAM STREETS, LOOTING AND BURNING, AS AUTHORITIES LOSE CONTROL IN NEAR-TOTAL SOCIETAL BREAKDOWN

Near-anarchy reigns as angry mobs protest brutal tax increases and austerity imposed by the government of @TEXTSTRING, as it seeks to deal with crushing deficits, now that bond markets for the country's D-rated bonds can no longer be used to paper over the financial crisis. Wide areas of @TEXTSTRING are without power or running water for weeks now, and increasingly desperate crowds have taken to the streets, shutting down government offices and looting or setting fire to countless business establishments. Police were authorized to use lethal force against looters and rioters in the capital city last night, as they tried to impose an 8:00 p.m. curfew.

As bank failures in @TEXTSTRING spread now to other parts of Europe, the economic situation is growing increasingly grave, with stocks of most companies in free-fall in the few bourses on the continent that have not yet closed their doors. Elsewhere, stocks in the U.S., U.K., and major Asian markets also fell sharply, but not as severely as the European stock markets.

Bank failures may only grow worse and more widespread, as their government bond portfolios collapse in value and some financial types are warning that bank and insurance company holdings of subprime mortgage loans may be the next shoe to fall. Many of such high-yielding ""securitized"" mortgages appear to be of very poor loan quality, if not outright fraudulent, as they were packaged and sold to the institutions by unscrupulous securities firms and mortgage brokers. As in the Great Recession of 2009, the trigger for the financial panic was mortgage loans made in the U.S.A. to home buyers who had no ability to make payments, and sold to foolish bankers and other institutions, including many European banks.",,
event_finance7,"HISTORY REPEATS ITSELF, WITH BANKS AND INSURANCE COMPANIES AGAIN PLEADING FOR BAIL-OUTS, AS HIGH-YIELD MORTGAGE-BACKED SECURITIES TURN OUT TO BE WORTHLESS

Large financial institutions, from Kuala Lumpur to Wall Street and Dubai are reeling once again, as their investments of many billions in high-yielding but risky mortgage-backed securities go bad. As in the 2008 Wall Street melt-down, greed has gotten the best of the banksters and insurance industry money runners, lured by high-rates of return on securities backed by ""subprime"" mortgages -- home loans made to individuals who had little inclination or ability to make even the first month's payments on such loans.

Most people felt the 2008 financial crisis had taught bankers and government regulators a lesson, but apparently not, as tens of thousands of pages of new banking regulations were directed at everything but the heart of the problem--lenders still being forced by government regulators to lend to unemployed, low- or no-income individuals, with no assets or credit history, but who happened to live in low-income districts where lenders were required to meet government quotas for loan originations.

Knowing full well that these were mostly loans that would never be repaid, lenders quickly packaged the loans as mortgage-backed securities that could be sold to unsuspecting buyers, typically banks, insurance companies, or pension funds that were attracted by the high yields offered to them on these complex investments.

Since many of these securities are already beginning to go bad, the international financial system, as in the first subprime crisis, is once again in danger of ""seizing up,"" as banks and other financial institutions begin to incur huge loan losses and panicked depositors or policyholders are removing their money before the institutions belly up. These withdrawals are causing a rapid contraction of the money supply, as much of the withdrawn cash is simply hidden under mattresses or in safe deposit boxes, rather than being re-deposited in another financial institution.

Many individual depositors fear that this time, unlike before, the losses from bailouts may be too much for the taxpayers to absorb, and the government may instead resort to ""bail-ins,"" where large percentages of deposits or insurance policies are simply canceled, in order to keep large institutions solvent, as was done in a ""test run"" by regulators in Cyprus in 2013. In that liquidity crisis, many depositors saw up to 80% of their bank accounts confiscated by government edict, in order to save the Cyprus banks from collapse.

@HUMOR @TEXTSTRING",,
event_finance8,"CHEMICAL MAKER @CORP TAKES HUGE FINANCIAL HIT IN PRODUCT LIABILITY LAWSUIT

In an important product liability case of first impression, chemical manufacturer @CORP has been found to be liable for making and marketing a number of toxic chemicals, many of which have been widely dispersed in the environment by users of the chemicals.  The chemicals in question, which are now widely found in the air and water throughout the globe, are thought to cause various health problems. Attorneys fo the plaintiffs were able to successfully argue that the chemical manufacturer should not be allowed to ""externalize"" these costs (to society) of its business, which up till now have had to be borne by the members of the public who have become ill from constant low-level exposure to these toxins. The jury agreed that the polluting chemicals made by the company were a ""public nuisance"" and that the company must compensate the public for fouling their air, food, and water.

Damages in the case, of some @TEXTSTRING, are expected to deal a major blow to @CORP's finances and may result in the demise of the company.",,
event_finance9,"MAJOR WORLD GOVERNMENTS, ACTING IN CONCERT, ANNOUNCE COMPLETE BAN ON BITCOIN AND MANY OTHER CRYPTOCURRENCIES

Led by the @TEXTSTRING, most major world governments have fallen in line, finally taking decisive action to crack down on Bitcoin and a number of other cryptocurrencies that have been used extensively by tax dodgers and many criminal enterprises. The problem had become particulary acute in recent months, as hackers, mostly based in Russia, Ukrania, and China, have used ransomware attacks to extort billions of dollars, Euros and British Pounds from businesses, nonprofit organizations, government entities, and wealthy individuals, while using cryptocurrencies, mainly Bitcoin, to successfully conceal the payments made by their victims from law enforcement agencies. A rumor has been floating around for over a week that a major international telecom company was the latest victim of such ransomware extortion, to the tune of over a billion dollars.

China was mainly concerned that the cryptocurrencies were being used to avoid Chinese taxes and to illegally funnel money out of the country to jurisdictions where it could not be seized by the Chinese Communist Party.

The United States, China, Japan, and the European Union announced their coordinated bans within a 24 hour period and as a result the price of Bitcoin has plunged by over 80% as have Ethereum and other affected cryptocurrencies.

Bitcoin and Ethereum will continue to exist, as they have not been banned by other countries, such as India, other Asian countries, or in Africa or Latin America, where they will continue to be in limited use, but will be excluded from the main system of international financial settlements.",,
event_finance10,">>>  BREAKING FINANCIAL NEWS  <<<

@CORP HAS JUST GONE BANKRUPT--ALL STOCK OF THE CURRENT SHAREHOLDERS IS NOW CANCELED, AS THE FUND'S DEBTS EXCEEDED ITS ASSETS. THE ETF HAS NOW BEEN COMPLETELY LIQUIDATED AND GONE OUT OF EXISTENCE. THE DOWNFALL OF THE FUND WAS ITS EXTREME LEVERAGE, WHICH MADE IT IMPOSSIBLE FOR IT TO PERMANENTLY SURVIVE MAJOR OR SUDDEN REVERSES IN THE STOCK INDEX.

A NEW FUND, WHICH WILL OPERATE WITH DIFFERENT ADVISORS, IS BEING FORMED, WHICH WILL PURSUE THE SAME HIGH-RISK, HIGH-REWARD TRADING STRATEGY, ENTIRELY COMPUTER DRIVEN BY AN ALGORITHM THAT PLACES ALL FUTURES TRADES FOR THE FUND, IN ORDER TO MAINTAIN ITS EQUIVALENCE TO A TRIPLE LEVERAGED @TEXTSTRING POSITION IN THE GLOBAL STOCK INDEX.",,
event_finance11,"RASH OF SUICIDES AND DISAPPEARANCES OF FINANCIAL EXECUTIVES CONTINUES; AUTHORITIES MYSTIFIED

This week, the CEO's of two major banks have died unexpectedly. Both men, in their early forties, were thought to be in excellent physical and mental health. One committed suicide by leaping from the 11th floor of a parking structure, leaving no suicide note, while the other was found dead at the wheel of his Lexus, with the engine still running, apparently dead from an unexplained lethal dose of radiation from an unknown source. Previously, some alternative news sources on the Internet had pointed out that over 90 top banking and mortgage executives had either died or been killed, or disappeared, in just the last six months.

These two are yet more examples of the large number of high-ranking financial executives and a Governor of the Federal Reserve Bank of Dallas who have either committed suicide, died under somewhat suspicious circumstances, or simply vanished recently. In the most sensational of these occurrences, the Dallas Fed Governor's half-eaten body was found in the lion enclosure in the Fort Worth zoo. Fort Worth police said foul play was not suspected, however.

Officials at Interpol had no comment on this strange skein of untimely deaths and disappearances of highprofile bank and mortgage company executives. An FBI official told CNN that there was ""... nothing out of the ordinary going on here. **** happens. Anyone who says these events are somehow related to the fact that all these guys are involved in the subprime mortgage securities business, which is booming, is just a lunatic conspiracy theorist....""

Some of the ""conspiracy theorist"" websites have been making outlandish claims lately that the whole subprime mortgage program, where the government is requiring that lenders extend credit to low-income individuals, regardless of their ability to repay, is a fraudulent house of cards, and is about to collapse again, as occurred before in 2009 and @TEXTSTRING.

However, government officials say subprime mortgages are not a problem this time, and that there have been relatively few defaults in the newly liberalized program so far, so there is nothing to worry about.",,
event_finance12,"CORPORATE SHARES TAX STRUCK DOWN BY U.S. SUPREME COURT!

In a strongly worded opinion, the United States Supreme Court, in a 5-to-4 decision, has ruled that the Corporate Shares Tax imposed by a presidential decree is invalid, noting that the U.S. Constitution vests all power to enact taxes in Congress, not the president.

As Chief Justice Cruz noted in the majority's opinion, ""Under our constitution, we elect a president. We do not elect an absolute monarch or dictator. This tax was a huge usurpation of the taxing power that is reserved to the Congress. To decide otherwise would be to set a horrific precedent, unless we wish to become a banana republic.""

In a side note, @TEXTSTRING repealed its very similar corporate shares tax, by legislative action, conceding that the tax was a mistake and was depressing that nation's financial markets and economy.",,
event_finance13,">>>  BREAKING FINANCIAL NEWS  <<<

@TEXTSTRING HAS JUST GONE BANKRUPT--ALL THE STOCKS AND ASSETS OF @TEXTSTRING HAVE BEEN SOLD TO PAY OFF DEBTS--THUS, @TEXTSTRING IS NO LONGER IN THE GAME ---

NICE GOING...!

@TEXTSTRING obviously relied heavily on investment advice from ""investment professionals"" -- which is a bit like asking a starving polar bear to perform open-heart surgery on you....

(According to the latest reports, @CORP @HUMOR.)",,
event_finance14,">>>  BREAKING FINANCIAL NEWS  <<<

@TEXTSTRING HAS JUST GONE BANKRUPT--ALL THE STOCKS AND ASSETS OF @TEXTSTRING HAVE BEEN SOLD TO PAY OFF DEBTS--THUS, @TEXTSTRING IS NO LONGER IN THE GAME ---

WAY TO GO...!

As (the latter day) Adam Smith once put it, ""If you don't know who you are, Wall Street is not a good place to find out....""

(According to the latest reports, @CORP @HUMOR.)",,
event_finance15,">>>  BREAKING FINANCIAL NEWS  <<<

@CORP HAS JUST GONE BANKRUPT--ALL STOCK OF ITS CURRENT SHAREHOLDERS HAS BEEN CANCELED....THE COMPANY HAS GONE OUT OF BUSINESS, AS IT NO LONGER HAS ANY ASSETS.... MOST OF ITS TOP-RANKING EXECUTIVES HAVE FLED TO COUNTRIES WITHOUT EXTRADITION TREATIES....",,
event_finance16,">>>  BREAKING FINANCIAL NEWS  <<<

@CORP HAS JUST GONE BANKRUPT--ALL STOCK OF ITS CURRENT SHAREHOLDERS HAS BEEN CANCELED....THE COMPANY HAS GONE OUT OF BUSINESS, AS IT NO LONGER HAS ANY ASSETS....

HOLDERS OF THE COMPANY'S JUNK BONDS HAVE ALSO LOST THEIR ENTIRE INVESTMENT IN ITS BONDS, WHICH ARE NOW WORTHLESS.",,
event_finance17,">>>  BREAKING FINANCIAL NEWS  <<<

@CORP HAS JUST GONE BANKRUPT--ALL STOCK OF ITS CURRENT SHAREHOLDERS HAS BEEN CANCELED....THE COMPANY HAS GONE OUT OF BUSINESS, AS IT NO LONGER HAS ANY ASSETS....

@TEXTSTRING @AMOUNT MILLION IN CONNECTION WITH THE BANKRUPTCY.",,
event_finance18,">>>  BREAKING FINANCIAL NEWS  <<<

@CORP HAS JUST GONE BANKRUPT--ALL STOCK OF ITS CURRENT SHAREHOLDERS HAS BEEN CANCELED....THE COMPANY HAS GONE OUT OF BUSINESS, AS IT NO LONGER HAS ANY ASSETS....

@TEXTSTRING @AMOUNT MILLION IN CONNECTION WITH THE BANKRUPTCY.

HOLDERS OF THE COMPANY'S JUNK BONDS HAVE ALSO LOST THEIR ENTIRE INVESTMENT IN ITS BONDS, WHICH ARE NOW WORTHLESS.",,
event_finance19,"@CORP ANNOUNCES WITHDRAWAL OF MERGER OFFER FOR PLANNED ACQUISITION OF @TEXTSTRING

In a press conference today, a spokesperson for the acquiring company, @CORP, said, quote:

""We have today exercised our right to cancel our offer to acquire @TEXTSTRING by merger.

""Several months ago, we quietly negotiated a confidential merger and acquisition agreement with that fine company, and one month ago, we announced the terms of our very generous offer to their shareholders. A vote by those shareholders to approve the merger was planned to occur today, but new information has come to our attention, which compels us to terminate the planned acquisition of @TEXTSTRING by @CORP.

""Our cancellation is based on the fact that the existence of the offer we publicly announced a month ago was leaked well in advance to at least one wealthy stock trader, who took advantage of that confidential information to acquire large positions in, and/or options on, the common stock of the other party to the merger; that is, equity positions in @TEXTSTRING.

""The individual who illicitly obtained information about the planned merger was a very well-known and notoriously unethical corporate raider, @HUMOR.

""While our accountants may not have yet found all the ownership positions this individual quietly accumulated, in stock and/or options on the target company's stock, either directly or through various controlled entities, we have found so far that the total positions acquired amounted to a potential controlling interest in the company. That massive, greedy buying spree, based solely on unlawfully acquired information, was sufficient to void our merger agreement with @TEXTSTRING.

""In light of this flagrant violation of the confidentiality clause in the acquisition agreement, and no doubt of the securities laws as well, we have no choice but to exercise our right to withdraw from and cancel the planned merger transaction. This deal is history....

""Needless to say, we have referred this matter to the proper authorities, whom we encourage to prosecute the guilty parties in this case to the full extent of the law, including and especially @HUMOR.",,
event_finance20,"RUMORS OF SHODDY SUBPRIME MORTGAGE LENDING PRACTICES CAUSE SOME TO RAISE QUESTIONS AS TO WHETHER WE MAY BE ABOUT TO REPEAT THE SAME MISTAKES AS IN THE PAST

The Internet is abuzz lately with stories of lax, almost almost non-existent lending standards for home mortgages in the United States, amid claims that there are growing problems with defaults on many such mortgages, which have mostly been packaged as mortgage-backed securities and sold to investors throughout the world. As one investment advisor, well known for his regular predictions of gloom and doom, put it,

""It's looking like deja vu all over again, like 2008 or @TEXTSTRING on steroids this time. We never seem to learn -- that you can't force lenders to lend large amounts of money to people who they know have ZERO ability or intention to pay back the loans, and not expect bad things to happen. The Feds are trying to sweep the problems with subprimes under the rug again, but I have sources at major institutions who tell me that a ton of this crummy paper is turning bad already and that we'll soon be back in another full-blown financial meltdown when the banks finally start to face reality and have to write off trillions of dollars of bad debts that they still call 'assets.'

""Accordingly, I'm past the point of telling my subscribers to stock up on freeze-dried food, gold, and silver coins. The only real currency you'll want soon, when the banks close and the supermarket shelves are emptied, will be ammo. Lots of ammo!""

However, such fears appear to be just another ""end-ofthe-world"" rant by a conspiracy theorist who has been predicting a financial apocalypse for over 20 years.

Bankers and federal officials dismiss all such scary predictions as being nothing more than exaggeration, based on a rise in defaults in a few low-income inner city areas around the U.S. Overall mortgage default rates are still well within a normal range.

""People who make a living selling newsletters have to make a lot sensational claims like this,"" said one vice-president at a large San Francisco bank. ""But there's no evidence to back up what this guy is saying, as most banks are solidly capitalized these days, thanks to government requirements. So believe me, I'm not losing any sleep worrying about another subprime crisis. Every time the economy has a weak spell or a few commodity prices get kind of crazy, some nuts will tell you the sky is falling.""",,
event_finance21,"THE LOAN STRATEGY COMMITTEE HAS MADE THE FOLLOWING RECOMMENDATION TO THE BOARD OF DIRECTORS OF @CORPFULL:

We would like to resume making high-risk, high-yield foreign loans to various Third World governments.  The Committee is aware, however, that most major money center banks had to be bailed out of their last round of foreign loans by the governments of the U.S. and other G-20 countries, and that the industry took a lot of heat in the media about lax lending practices and government bailouts in past banking crises.

The government has changed the laws so that if we make such loans again, they will not bail us out in case of defaults.

Even so, the new law does not say we can't be bailed out if we simply make loan GUARANTEES to the high-risk governments of failed countries.

Thus, despite the risks of guaranteeing loans to ""basket case"" governments, the Committee has looked at the upside and downside potentials with a cold eye and concluded that we can increase our profits by as much as @AMOUNT million this quarter by providing loan guarantees on behalf of a number of governments such as Zimbabwe, Venezuela, Mali, and Somalia, where risks of default are admittedly very high--but where we can charge loan fees that, in all modesty, can only be termed excessive. And in the worst case, our government will probably bail us out again, if we have to make good on the loans to these broken countries....!

IT'S YOUR DECISION:  DO WE GUARANTEE THE FOREIGN LOANS?",,
event_finance22,"FROM:  PRODUCT DEVELOPMENT AND MARKETING DEPARTMENTS SUBJ:  ENHANCING CUSTOMER LOYALTY

While our overseas tobacco products sales are increasing at a satisfactory rate, we are continuing to see a steady erosion in the North American cigarette market. Too many of our longtime customers are kicking the cigarette habit, even with the increased potency of our products in recent years. The everincreasing taxes on cigarettes are beginning to drive away many of our customers, who simply can't afford to smoke any more. Some uninformed members of our Board of Directors have suggested we add more nicotine to our product line, but that is not the answer.

In fact, it apparently came as a real shock to the Harvard researchers a few years ago when they did a large, well-funded animal study on nicotine addiction and found that they were absolutely unable to create any sign of addiction in any of the mammals they tested it on. Thus, they eventually came to our lab people in the tobacco industry to find out how we made cigarettes so addictive. The Harvard researchers also were aware that, second only to tobacco, eggplant has the most nicotine of any plant species on the planet and no one has ever been seen to be addicted to eggplant. Our people pointed out to them that our secret ingredient is pyrazine, which we started adding to our tobacco products in the 1960's to create brand loyalty (addiction).

However, it appears that even strongly loading our cigarettes with pyrazine in our cigarettes will not be the way to slow our loss of customers. Since it is a potent carcinogen, increasing the dosage of pyrazine in our cigarettes would rapidly kill off our customers base, so we don't want to do that. We needed to come up with something else and fortunately, our chemists have recently done so.

We have come up with what we feel will be a much more effective and less deadly process for enhancing long-term customer loyalty to our cigarettes. Subject to approval of the Board of Directors, which will follow your lead, we are prepared to begin shipping, almost immediately, a New, Improved version of all our cigarette brands that will include THC's (tetra-hydrocannabinols), the active chemical ingredients in cannabis sativa. We recognize that this approach entails certain regulatory risks in some states, but we think the increased customer loyalty and attachment to our products offers financial benefits that far outweigh the risks.

Your call....

DO WE ""ENHANCE"" OUR CIGARETTES WITH THC'S?",,
event_finance24,"SUBJECT:  PUBLIC OFFERING OF OUR STOCK IN U.S.

@CORPFULL's public offering has hit a snag.

While the SEC and most of the states have approved this stock offering, a hard-nosed Commissioner of securities in one Southern state stands in the way of going forward with the issuance. He vows that, unless certain specified ""accommodations"" are made by us, the company will NOT be granted a permit to sell any new stock in @FACT.

The ""accommodations"" in question consist of @AMOUNT million to be paid into certain numbered accounts in Zurich, to a favorite ""charity"" of his. He has made it clear that his office will torpedo the offering, unless this ""charitable contribution"" is made by @CORPFULL.

What do we do?

Do you want @CORPFULL to pay this extortion?",,
event_finance25,"SUBJECT:  PROPOSED CASH BONUS (To you, as the Chairman of Board -- You now fully control the Board of Directors of @CORPFULL)

In recognition of this fact, some of the more obsequious members of the Board of Directors, seeking to curry your favor (curs that they are), have suggested that the company company should award you a @AMOUNT million bonus (taxable to you, but deductible by the company), in recognition of your brilliant leadership (and large stockholdings). In return for this award, the other members of the Board expect that you will reciprocate and significantly increase their stipends and perquisites.

Our lawyers say that you can probably get away with it, but... warn that there is always a slight chance that some disgruntled stockholders or creditors of the corporation might sue you for looting the company, since you haven't done anything yet that could conceivably justify your receipt of such munificent additional compensation.

Will you take the bonus payment from @CORPFULL?",,
event_finance26,"SUBJECT:  CORPORATE TAX PLANNING FOR @CORPFULL

It's almost time to file our corporate tax return for @YEAR on behalf of @CORPFULL, and one of our in-house accountants has discovered a major glitch our lawyers made.

It seems that on a certain large @FACT transaction the company entered into last year, we may be subject to about @AMOUNT million of income taxes--IF we report it. At the time we did the transaction, all of our in-house (and outside) tax experts were certain it was tax-free, and presented no problems. However, a low-level drudge in our accounting department (we fired her today), who was working on the tax return, discovered a rather obscure tax regulation yesterday and pointed out that this transaction clearly WAS taxable, under the tax laws of @COUNTRY.

Thus, we have a potential tax problem (if we correct the tax return to show this additional, unanticipated tax liability). It's your call....Do we ""hide"" the gain from the @MISC?

Select ""YES"" to hide the gain, ""NO"" to pay the @AMOUNT. tax",,
event_finance27,"FROM:     CHIEF FINANCIAL OFFICER (""C.F.O."") TO C.E.O. SUBJECT:  ""ADJUSTMENT"" TO @CORPFULL'S REPORTED EARNINGS FOR THIS QUARTER

We need to do something to boost our reported earnings. I have a modest suggestion. We have had several large saleleaseback transactions in this quarter that, under prevailing accounting principles and SEC reporting requirements, are treated as financing transactions, with no gain reportable. The IRS would look at it the same way for tax purposes, as a non-taxable financing arrangement. I propose we treat these transactions as sales, in which case we will report income (gains) of some @AMOUNT., which will boost earnings considerably. Our ""independent"" CPA's wouldn't go along with this ordinarily, of course, but we have offered some very serious inducements to the audit-partner-in-charge for our account and it appears he is willing stick his neck out and go along with our requested interpretation of the GAAP accounting rules.

Do we go for boosting our reported earnings?",,
event_finance28,"SUBJ:  OVERFUNDED @CORPFULL PENSION PLAN

FROM:  EMPLOYEE BENEFITS DEPARTMENT

Our corporate pension plan for employees has done quite well with its stock and bond investments in recent years, and our pension consultants have advised us that the Plan is actually somewhat overfunded now, even with the conservative estimates we use -- that the Plan will only earn 5% a year on its invested funds, until the time when the employees retire and draw their benefits.

We have more good news:  Our actuaries tell us that if we change our actuarial assumptions, to assume that the Plan will earn 9.5% a year on invested assets in the future, then the Pension Plan is not just SLIGHTLY overfunded -- it would be considered overfunded to the tune of about @AMOUNT.

In other words, we could break open the piggy bank and take out that much from the overfunded Pension Plan trust, which would give our earnings a huge immediate boost. In addition, with the annual 9.5% assumed rate of return on its investments, our annual contributions to the Plan in the future will also be reduced, further increasing our profitability.

We will need to fire our stuffy, conservative old investment firm that has managed the pension plan investments up till now, of course, since there is no way the Plan can earn 9.5% a year on the stodgy kinds of things they have been investing in. Our stockbrokers have recommended an aggressive money management firm that has a great track record, and says they can earn AT LEAST 20% a year returns for us if we let them manage the Pension Plan funds.

Of course, the downside is that, if our money managers fail to earn the assumed 9.5% annual return on the pension plan funds, the Plan will become underfunded, and we will have to make up the difference -- or if they actually lose money on the investments, there will no longer be any ""cushion"" to absorb such losses, and if we can't come up with the amount of underfunding.... Well, too bad for employee pensions.... They will have to live on their Social Security.... (But if we go broke, isn't it fair that the employees go down with us?)

DECISION:  DO WE RAID THE PENSION PLAN, AND BOOST EARNINGS?",,
event_finance29,"SUBJ:  IMPROVING REPORTED FINANCIAL RESULTS TO:    @CORPFULL MANAGEMENT TEAM FROM:  INVESTOR RELATIONS DEPARTMENT

As you know from the latest internal audit reports, we are incurring serious losses, which are causing a loss of confidence by investors, with major adverse consequences for the price of @CORP's stock, which will be especially costly to top management, since your compensation packages are closely tied to the price of @CORPFULL's stock.

Our creative outside auditors have come up with a brilliant plan, whereby we can set up a number of offshore partnerships in Bermuda and the Cayman Islands, and ""bury"" our current losses in the partnerships, keeping the red ink off the corporation's books. This will magically transform our losses into profits we can report to our stockholders, before they become too restless and start filing lawsuits against us for mismanagement of the company (or, worse, vote out our current Board of Directors and replace them with new directors, who might fire us all and force us to find REAL jobs elsewhere).

This plan, of course, entails some risk, if anyone should ever find out that we are concealing all our losses in the offshore partnerships. No ""paper trail"" is to be created to show how the losses are being hidden in the partnerships. Instead, we will keep all records and correspondence in this matter in the form of electronic files and e-mails, which can quickly be erased if it appears our operation is about to be uncovered by the government or other suspicious persons. This memo will be the last bit of paper documentation regarding this program, and should be shredded immediately after you have read it.

All subsequent communications must be electronic communication that can be completely erased, when necessary, by using a software product like ""BleachBit"" to wipe hard drives, before taking a sledgehammer to them.

DECISION:  DO WE ""BURY"" OUR LOSSES IN THE OFFSHORE PARTNERSHIPS?",,
event_finance30,"@CORPFULL OPERATING PROFITS TO BE BUOYED BY UNCANNILY GOOD TIMING ON FUTURES MARKET TRADES

Inside sources in Wall Street have broken the news that major futures trading profits, estimated at approximately @LOSS., will aid this quarter's earnings at @CORPFULL.

Reportedly, these speculative profits were earned almost overnight by the company's trading in @YEAR.

The company's CEO is apparently taking full credit for this brilliant financial coup, and is said to have strenuously denied insinuations that the excellent timing of the company's trades was based on any kind of inside information about the futures contracts in question. Allegedly, the bonanza was the result of careful research or good luck, not due to an insider tipoff prior to the highly favorable announcement that was made by the @FACT just hours after the company acquired its massive positions in @YEAR contracts.

While these wildly profitable trades were made in an offshore account and perhaps could have been kept secret, the company said it has, as a good corporate citizen, reported the entire gains for income tax purposes.",,
event_finance31,"@CORPFULL ANNOUNCES BAD LOAN WRITE-OFFS:

Once again, one of the major international banks has gotten badly burned in connection with high-risk loans made to hopeless, ""basket case"" governments in war-torn Third World countries, where there is no reasonable prospect of repayment of the loans, or even of the interest.

This time, the patsy was @CORPFULL.

Today, @CORPFULL reported bad debt losses of @AMOUNT. on loan guarantees it made only a few months ago on various loans made to the governments of the shattered nations of @YEAR and Afghanistan.

A bank spokesperson said that the write-offs would have been made earlier, except that until recently the bank was still expecting a government bailout, which apparently will not be forthcoming this time, since the government @FACTis itself virtually bankrupt now....

In related news, the band of thieves who ruled @YEAR and completely looted the national treasury (after borrowing abroad) have @LOSS.",,
event_finance32,"PROMOTERS OF STOCK SALE IN DEFUNCT GOLD MINE GET PRISON SENTENCES; @CORPFULL LIABLE FOR DAMAGES IN EXCESS OF @AMOUNT MILLION

A group of @FACT stockbrokers were sentenced to lengthy prison terms today by a @YEAR, for committing massive securities fraud, and a major mining corporation, @CORPFULL, was socked for @AMOUNT. in civil damages for its part in the sordid affair. According to the prosecuting attorney in the case, the brokers and a sleazy group of promoters, who have run similar ""penny mining stock"" scams in the past, jointly approached @CORPFULL with a clever plan to ""salt"" its longdefunct El Capitan gold mine in Montana with a few gold nuggets, create a lot of publicity about a possible huge gold strike, and then, with the complicity of the mining company, @CORPFULL, offer to sell interests in the worthless mine to gullible investors. The stockbrokers will all be serving long terms in prison, but, unfortunately, the ""flimflam"" men who devised the scheme are in Costa Rica....",,
event_finance33,"@CORPFULL USED PHONY COMPANY TO DEFRAUD POLICYHOLDERS, MUST PAY DAMAGES OF @AMOUNT MILLION....

Thousands of policyholders were left holding the bag during the recent devastating @FACT, when they learned that the company that had actually issued their low-cost @MISC insurance policies was a phony Bahamian insurance company with zero assets, and not @CORPFULL.

Investigators hired by the law firm representing the victimized policyholders were able to trace the laundered funds that were taken out of the Bahamas company before it went belly-up, despite a convoluted trail that led through layers of phony subsidiaries in Panama, Liechtenstein, Vanuatu and the Cayman Islands.  Ultimately, the money came back into the hands of @CORPFULL, through a secret slush fund.

The final nail in the coffin for the defendant insurance company was a ""For Your Eyes Only"" memo to the CEO of the company, which a disgruntled secretary of the CEO mailed to the plaintiffs when she learned about the investigation....",,
event_finance34,"WALL STREET SHOCKED BY LOOTING OF @CORPFULL: PHONY ACCOUNTING, PHONY ASSETS, CROOKED MANAGERS....

The company's entire management team has apparently fled to Brazil, Panama, and to other countries with no extradition treaties. It seems that most of the company's assets were overstated and liabilities may have been understated. Most of the liquid assets seem to have disappeared, without a trace, into numbered accounts in places like the Cayman Islands, Liechtenstein, Vanuata, and the Bahamas....

What's left is largely an empty shell, with only a fraction of the assets that appeared to be there earlier. The FBI and INTERPOL are investigating, but hold out little hope for the recovery of any of the missing assets. On Wall Street, trading was halted on the company's stock as it plunged towards zero. This thorough plundering of a large, supposedly solid company has to be a severe shock to the shareholders, including the many widows, orphans and pensioners whose savings were invested, directly or indirectly, in @CORPFULL.",,
event_finance35,"@CORPFULL CHARGED WITH BRIBERY IN CONNECTION WITH PUBLIC OFFERING OF ITS STOCK

There's trouble in River City....Or, more precisely, in the state of @FACT. Trouble for @CORPFULL.

It seems that, a while back, a substantial bribe was paid to the (now incarcerated) Commissioner of Securities of the state of @FACT, by @CORPFULL.

This inconvenient, ugly fact came out in the course of an FBI sting operation that put the aforesaid Commissioner to work in a Federal prison, making license plates. This got the SEC, as well as the Justice Department into the act, and officials of the company have now agreed to pay a fine to the Federal government for criminal and civil fraud, violations of RICO statutes, etc., in the amount of @AMOUNT million.

On Wall Street, @CORPFULL shares headed south.

Trading in the company's stock was halted by the stock exchange, and is not expected to resume until tomorrow, at the earliest.",,
event_finance36,"@CORPFULL SUFFERS DISASTROUS LOSSES FROM UNAUTHORIZED SPECULATION IN @LOSS

@CORPFULL's auditors report that the company has incurred losses of @AMOUNT., as a result of speculation on a vast scale by a rogue employee, who acted without authorization or knowledge of corporate officers. The low-level employee, who was being held by the FBI and was facing possible criminal charges, has died under mysterious circumstances while in custody. Thus, it is now uncertain if investigators will ever discover why the employee chose to embark upon his course of reckless speculation in @YEAR with company funds.

What is known is that his trading positions, taken just before a very favorable announcement by the @FACT, were initially very profitable, but that the market then turned sharply against him the next few days, resulting in huge losses as he tried to ""average down"" by increasing his positions in @YEAR contracts. As is true for 98% of speculators in the futures markets, he lost heavily and consistently. While the trading was conducted in a secret offshore account, the existence of this covert operation was discovered by outside auditors who followed up on the large flow of funds into the offshore account to cover the firm's heavy losses.

Top officials of the @MISC expressed shock that one of their employees could have engaged in such reckless speculation, completely without the knowledge or consent of upper-level management. The @MISC's CFO promised that, ""I can assure our stockholders that this kind of thing will never happen again. Not on my watch!""",,
event_finance37,"@CORPFULL AND ITS C.E.O. SUED BY SHAREHOLDERS

Some time back, a whopping bonus of @AMOUNT million was paid by @CORPFULL to its C.E.O., @CHEATER.

Allegedly, the defendant served in the position of C.E.O. and Chairman of the Board for @CORP, but performed poorly, in terms of effectiveness as a manager, and certainly not well well enough by any stretch of the imagination to have earned the huge bonus paid by @CORPFULL.

Reportedly, the noted corporated raider, @CHEATER, rarely showed up at the corporate offices or even for board meetings, according to unnamed sources close to the company. The defendant C.E.O. was apparently more deeply engaged in yacht racing snd hanging out with Hollywood celebrities than devoting time to managing the company, while raking in a large salary and then the enormous bonus.

That bit of corporate largesse has come back to haunt both the company and the recipient, as a horde of hungry securities lawyers have filed shareholder derivative actions against both the @FACT C.E.O. and @CORPFULL.

Today, a federal court awarded the enraged @CORP shareholders a judgment in the amount of @AMOUNT., which includes substantial punitive damages, as well as to recoup the @AMOUNT million paid by the company (with no apparent reason) to its ex-C.E.O. (In a shareholder derivative action, damages that are awarded are paid to the suing shareholders by the corporation.)

In a separate state action, the Delaware Chancery Court has ordered the C.E.O. who received the massive bonus to pay it all back, plus some @AMOUNT million in interest and fines.

Corporate crime usually pays well, but not this time....",,
event_finance38,"@CORPFULL HIT FOR BACK TAXES ON @AMOUNT MIL. ""OVERSIGHT""....

The company reported today that it has settled a dispute with tax collectors over the taxability of a financial transaction entered into by @CORPFULL in a prior tax year.

The company ""forgot"" to report the transaction on its tax return, resulting in an understatement of its tax liability for the year in question by some @AMOUNT mil., which it must now pay over to the @MISC.

The company, in a press release, said it concedes that the government is correct in asserting that the tax was owed, and it blamed its failure to report the transaction on negligence by a female junior accountant (since fired) who participated in the preparation of the erroneous tax return.

In addition to paying the tax, the company also agreed to pay a @AMOUNT million civil fraud penalty, as well as about @AMOUNT million in other miscellaneous tax penalties and interest on the tax deficiency. The total tax and other payments the company must make amount to some @LOSS. altogether.",,
event_finance39,"@CORPFULL LOSES HUGE SECURITIES FRAUD LAWSUIT....

A Federal Appeals Court has upheld a jury verdict in the District Court for the Southern District of New York, in which jurors awarded defrauded security holders of the company a verdict for @AMOUNT million in damages.

@CORPFULL is in the @IND industry.

The gravamen of the complaint was that the company inflated its earnings by reporting phantom gains on certain saleleaseback financing transactions, in clear violation of generally accepted accounting principles. The company was apparently able to get its prestigious outside accounting firm, Countem, Footit, Pluggit & Waterstock, to go along with reporting the large, non-existent gains by bribing a key audit partner of the CPA firm, who was allegedly enlisted and paid personally by the C.F.O. of @CORPFULL.",,
event_food1,"FOOD RIOTS CONTINUE IN RUSSIA AND UKRAINE

The chaotic situation in the Russian Republic and much of Eastern Europe has grown more tense as food riots erupted yesterday in parts of the Russian and Ukrainian republics. The entire fabric of civilization in Eastern Europe and European Russia seems to be breaking down, in the wake of the deadly viral epidemics resulting from use of biological weapons in the long-running border war between Russia and the Ukraine. The brief but lethal Five-Day War erupted after the Ukraine refused to take necessary steps to deal with the latest meltdown of its Chernobyl reactors, which have been spewing out vast radioactive clouds for nearly 3 months, carried by prevailing winds over much of European Russia and Scandinavia. (The conflict was mercifully short, as both sides expended their entire stockpiles of chemical and biological weapons on each other in less than one week.)

Today, hundreds of thousands of Russian citizens are reported to be on the march, on foot, crossing into Poland and Finland in a frantic search for food, and to escape the raging epidemics of lethal, untreatable viruses....

Meanwhile, in Washington, a Senate select committee will begin hearings tomorrow to investigate several U.S. drug and biotech companies, which allegedly were handsomely paid to help develop some of the more virulent disease strains that were used by the Ukrainian side in the war....",,
event_food2,"GLOBAL ECONOMIC GROWTH SLOWING TO A CRAWL, AS POPULATION EXPLOSION AND FOOD/ENERGY SHORTAGES WEIGH ON ECONOMIES

From Wall Street to Tierra del Fuego to the slums of Calcutta, the world has become seriously overpopulated, and as shortages of food and energy disrupt the social fabric in all parts of the globe, the world economy has ceased growing, and a global depression seems imminent.  As one social scientist put it, after studying the problem of homeless hordes sleeping on the streets or in abandoned cars in what was once the prosperous city of San Francisco, ""It's grim, and the future looks even grimmer. Whoever that guy was, back in 1973 or so, who wrote the screenplay for the futuristic movie 'Soylent Green' was either a complete, freaking genius, or else he had a crystal ball....""",,
event_food3,"AGRIBUSINESS FIRM @CORP HELD LIABLE IN PRODUCT LIABILITY CASE;

In a landmark product liability decision, agribusiness firm @CORP was held liable, and will have to pay massive compensatory and punitive damages, in the amount of @TEXTSTRING, to millions of consumers who claim they grew fat and unhealthy as a result of eating foods grown or sold by @CORP.

This is the first case in which a grower of food crops has been held liable for the eating habits of consumers, and in view of the massive damage award, a spokesman for the company said that the firm is considering a possible bankruptcy filing.",,
event_food4,"FIRST SUCCESSFUL PRODUCT LIABILITY SUIT AGAINST ALCOHOL BEVERAGE MAKERS RESULTS IN HUGE DAMAGE AWARD

A southern (U.S.) jury has handed down a @TEXTSTRING judgment against alcoholic beverage producer @CORP, awarding punitive and compensatory damages to drinkers for liver damage or for other health problems, such as diabetes, that may have been caused, or at least aggravated, by their excessive consumption of alcoholic beverages, some of which beverages were made and sold by @CORP.

After hundreds of similar lawsuits against the alcoholic beverage makers were thrown out of court over the last few decades, attorneys for the plaintiffs were finally able to find a jury in a rural area of a southern state who agreed with their contention that the beverage makers, and not the users, were responsible for the drinkers' alcoholism and other health problems due to over-consumption of alcohol. Shares of @CORP plunged on the news.",,
event_food5,"FOOD COMPANY HIT BY MASSIVE PRODUCT LIABILITY JUDGMENT

@CORP, a seller of packaged foods, will have to pay product liability damages to compensate millions of consumers who say the company sold them mass quantities of fattening, artery-clogging foods.  A jury has awarded a group of plaintiffs a judgment of @TEXTSTRING in the case. The jury apparently accepted claims made by the plaintiffs' attorneys that cheese contains a protein that, when it is metabolized, breaks down into morphine-like compounds and other opiates that can cause addiction to eating. This crucial argument, that food companies were selling addictive substances, was similar to the addiction arguments made in tobacco litigation in previous decades, which proved to be the key to breaking down the defenses of the tobacco industry, which had successfully defended hundreds of court cases up to that point.

Defendants sought to introduce evidence that residents of France eat much more cheese per capita than in the U.S. and have very little obesity. However, the evidence was excluded, since the instant case involved obesity in the United States, not France.

With this case as a precedent, industry groups warn that money-hungry personal injury lawyers will now be filing hundreds, or thousands, of similar suits against other food packaging and processing companies, restaurants, farmers, ranchers, and supermarkets, all of whom are involved at some stage in the production, sale or distribution of foods that can be fattening, if consumed in excessive quantities.",,
event_food6,"SOFT-DRINK COMPANY HELD LIABLE FOR SELLING SUGARY, FATTENING BEVERAGES

Soft-drink maker @CORP may be forced to go out of business, in the wake of a court decision in which a court awarded plaintiffs damages of @TEXTSTRING

In this case, it was claimed that the defendant company had sold the victims sugary, fattening beverages, loaded with calories, or artificially sweetened beverages, which contained few or no calories, but tended to stimulate consumers' appetites to such an extent that those drinking the so-called ""diet"" beverages tended to gain even more weight than those drinking the sugary ones, in the case of individual victims who consumed 10 or more bottles of either type of beverage per day.

In addition, attorneys for the victims argued that many of the soft drinks sold by the defendant contained high levels of phosphoric acid, a corrosive substance which can lead to loss of bone density, erosion of tooth enamel, and other serious health problems.",,
event_food7,"RESTAURANT CHAIN FOUND GUILTY OF SERVING FATTENING FOODS

Restaurant company @CORP was found liable for damages of @TEXTSTRING, in a class action lawsuit where consumers claimed that they had become dangerously obese from overeating regularly at restaurants operated by the defendants. Many of the foods served by the restaurants were said to be fattening, including fried foods, meats, pasta, cheeses, cakes and pies.

The jury rejected arguments by attorneys for the defendant company that the real cause of the obesity of the customers was their gluttony, and not the company's offering of such foods, which were often the most popular items on the restaurants' menus.",,
event_food8,"WHEAT PRICE COLLAPSES, DUE TO GROWING WORLDWIDE GLUT

Prices of wheat on commodity markets went into free-fall today, as newly released government data indicates that bumper crops are being harvested or are expected in almost every major growing region on the planet, including the United States, Canada, Australia, and Ukrania, as well as in many other parts of Europe and Latin America. Futures traders say this confluence of events is a ""perfect storm"" for wheat farmers, as it is extremely unusual for so many different parts of the world to experience highly favorable growing conditions in the same year, which is already causing a serious glut of wheat supplies, with even larger surpluses expected in coming months.

In Chicago, short sellers had a field day, as the spot price of wheat fell to $@TEXTSTRING per @UNIT in hectic trading.",,
event_food9,"CORN FUTURES SOAR, AS FUEL PRICES DRIVE ETHANOL USE

Corn prices exploded upward today, as high oil prices continue to divert more and more corn production to use in making ethanol. In chaotic trading, the spot price of corn gapped upward to close at $@TEXTSTRING per @UNIT.

Analysts say packaged food companies are now finding it difficult to pass on the increasing cost of corn in their food products, as they are forced to bid against ethanol plants and speculators for the increasingly scarce grain.",,
event_food10,"CORN PRICES PLUMMET, AS PRODUCTION RISES AND DEMAND FOR ETHANOL FALLS OFF ALONG WITH THE PRICE OF OIL

On American commodity exchanges, traders dumped corn futures today in panicky trading, as a steady bout of selling in the morning turned into a rout after mid-day. Sellers were said to be spooked by low oil prices, which have steadily cut into demand for ethanol as a gasoline substitute and, as an additional crushing blow, the enactment of new legislation by Congress that will sharply reduce subsidies for ethanol production.

Politicians in the U.S. are coming under increasing fire from consumers and foreign governments, demanding that the diversion of much of the U.S. corn crop to make fuel be halted, as such diversion has driven up the prices of many foodstuffs and have led to riots in Mexico after the Mexican government raised the price of tortillas, a dietary staple that is heavily subsidized by that government.

By the close of today's trading on the COMEX, the spot price of corn fell to $@TEXTSTRING a bushel.",,
event_food11,"GRAIN PRICES SOAR, AS SNOWS PERSIST THROUGH GROWING SEASON

As predicted by Russian astrophysicists back in 2005, the record high solar output (""TSI"" or total solar irradiance) of the late 1900's, as in previous cycles, ended suddenly and began to decrease rapidly in 2019. The TSI level and the number of sun spots have fallen in the last few years to levels not seen since the Maunder Minimum began in 1645. That kicked off the coldest 70 years of the Little Ice Age, which was a 500-year period of deadly cold, widespread crop failures, wars, and famines that lasted from about 1350 until 1850, causing the abandonment of Viking settlements on Greenland in the 1400's and putting a permanent end to the growing of wine grapes in the north of England.

Since 2023, global average temperatures have now fallen by almost five degrees Celsius, which is having a devastating impact on agriculture in the higher latitudes, particularly in Russia and Canada, where the previous winter's record snows largely did not melt last summer. The cold ground and, in the U.S. corn belt, record rainfall and frequent snow or sleet flurries throughout the growing season, have resulted in massive worldwide shortages in wheat and corn supplies.

Climate scientists at East Anglia University in the UK, who until lately were relying on computer models that warned of catastrophic global warming, have now tweaked their models and are warning that we are at the end of the current 11,600 year Interglacial (Holocene) Period, and that a new Ice Age has already begun, with the typical extreme weather that precedes such ""tipping point"" events.

The climate experts warn that falling sea levels may soon strand major U.S. ports, including New York, Long Beach and San Francisco, and that as snow continues to accumulate in Canada, glacial ice sheets will surge southward, right into the heart of the U.S. cornbelt in states like Illinois and Indiana, and will totally cover and wipe out wheat-growing areas in Western Canada and the U.S. states of Washington, Montana, and the Dakotas. NASA scientists have reminded the public that only 11,600 years ago, at the end of the last Ice Age, northern cities like Seattle were buried under an ice sheet over a kilometer thick.

According to the new scientific consensus, the rising CO2 level, not reduced solar output, is causing the drop in temperatures by blocking more infrared rays from the sun, and the only solution may be to drastically raise taxes on carbon-based fuels. This cooling effect of CO2 was first posited in a controversial NASA study back in 2013, which was quickly buried at the time, but has now become the new and overwhelming consensus. Experts argue that proof of this new theory is the fact that, when plants stop taking in CO2 at night (allowing CO2 levels to rise), that explains why night-time temperatures fall; cooling is not caused by the absence of sunshine, since the computer models tell us that only greenhouse gases, not the intensity of solar output, can have any significant effect on the climate, despite what some ""deniers"" say.

Science textbooks are rapidly being re-written and replaced to reflect the revised computer simulations and the latest consensus on climate change.

At the major U.S. commodity exchanges, trading today was hectic, with panic buying as food companies and speculators bid up the price of corn futures dramatically. Trading of corn was temporarily halted, as the spot price of the grain shot up to $@TEXTSTRING per @UNIT.

In Mexico, rioting continues, as that government announced another major increase in the heavily subsidized price of corn and tortillas, staple items in the diet of that nation. In Canada, the trickle of refugees moving south, fleeing the bitter cold and growing ice sheet, has grown into a flood of late, prompting members of the U.S. Congress to call for building a fence or wall along the Canadian border to keep out the horde of hungry Canucks.",,
event_food12,"SUBJECT:  TEST RESULTS ON THE NEW ARTIFICIAL SWEETENER IN OUR SOFT DRINK BEVERAGES  (FOR YOUR EYES ONLY)

The new artificial sweetener that we are using in our beverages, No-Count, has given us a huge edge over the competition, since No-Count tastes just like sugar and has zero calories. The public loves it. However, we keep getting occasional nuisance lawsuits from people who were drinking several bottles a day of our soft drinks, claiming that No-Count caused them severe kidney or liver damage.

Our secretly conducted lab tests on chimpanzees have been terminated, with inconclusive results. All 12 of the chimps in the test group died with liver cancer before we could complete the test, so we have no clear answers. One could conclude, of course, that something in No-Count caused the outbreak of liver cancers, but we can't draw alarmist conclusions without doing human testing. This is simply too successful a product to pull from the market without clear proof of harm.

DECISION:  DO WE KEEP USING NO-COUNT IN OUR BEVERAGES?",,
event_food13,"FROM:      FOOD PROCESSING DIVISION -- MARKETING DEPT. SUBJECT:   ADDING VALUE TO FOOD PRODUCT SALES

Our profitability for our food products is being squeezed by sharply rising commodity costs, which in some cases are as high as 7% of our finished product prices. Accordingly, we have come up with an ingenious method for both (1) reducing the cost of the food component of our food products, and (2) gaining a marketing advantage, by being able to advertise a number of our new ""HealthWise"" brand of foods as being ""high in natural fiber.""

Our proposal, a trade secret that must be carefully guarded, is to use a ""food extender"" that is high in fiber content, and relatively neutral in flavor, to increase the volume and weight of many of our high volume packaged food products. The food extender we will be using is in plentiful supply and is extremely low in cost. Its careful but widespread introduction into our product line will add significantly to our bottom line, increasing sales and yet reducing our unit costs substantially.

DO WE BEGIN USING ""FOOD EXTENDERS"" IN OUR PRODUCTS?",,
event_food14,"@CORPFULL TO SETTLE PRODUCT CONTAMINATION CLAIMS FOR @AMOUNT MILLION AFTER 843 DIE FROM CYANIDE

@CORPFULL announced today that it had agreed to pay @AMOUNT million as compensation to the families of 843 people in@MISC @COUNTRY who died from cyanide poisoning after consuming the company's over-the-counter products, which had been contaminated by a terrorist group. The company said it agreed to a quick and large settlement out of its desire to ""...do what's right, and maintain our reputation for integrity and compassion. We want to put this sad tragedy behind us....""

According to reliable sources, the company agreed to the large settlement only after investigative reporters discovered that @CORP had known about the contamination since the World Jihad Liberation Front informed the company that it had put cyanide in its products in twenty stores nationwide. The company apparently chose to ""stonewall it"" after learning of the contamination, rather than do a costly nationwide recall of its best-selling @FACT.",,
event_food15,"@CORPFULL WITHDRAWS ITS HIGHLY SUCCESSFUL ""NO-COUNT"" ARTIFICIALLY-SWEETENED BEVERAGES FROM MARKET

@CORPFULL announced today that it will cease all sales of its beverages containing the controversial artificial sweetener, ""No-Count"" (made by Toxico Chemicals). The petroleum-based sweetener has fueled a tremendous sales boom in @CORPFULL's soft drinks in recent months, but a verdict by a California jury has upheld claims by litigants that No-Count causes severe, irreparable liver and kidney damage and, in many cases, liver cancer (invariably fatal).

Washington sources say that the introduction of the sweetener without prior FDA approval or testing was only possible because of the heavy lobbying clout in the U.S. Congress by its maker, Toxico Chemicals, which has close Defense Department ties and also makes chemical weapons for the Army. No-Count was the first non-military product made by Toxico in the D.O.D.'s new ""Swords to Plowshares"" program of research grants.

Soft drink industry analysts say @CORPFULL has severely damaged its once-impeccable image among consumers....",,
event_food16,"HUNDREDS JOIN IN LAWSUITS AGAINST @CORPFULL, FOUND TO BE SELLING GENETICALLY MODIFIED ""KILLER TOMATOES,"" FALSELY LABELED AS ""ORGANIC""

@CORPFULL, the large supermarket operator, is reeling from multiple blows, including consumer wrongful death lawsuits, fraud charges, and picketing by several consumer organizations that have organized boycotts against the company, all as a result of its attempt to pass off genetically modified tomatoes as ""organic"" in its stores.

According to government officials, the company relabeled genetically modified tomatoes, marked up the price, and sold them to unsuspecting consumers as ""organic tomatoes.""

While perpetrating such a fraud was, by itself, a very serious offense, the company's problems were compounded by the fact that a peanut gene had been implanted into the ""Killer Tomatoes,"" as they are being called in the tabloid press. A small percentage of the population, as it turns out, is violently allergic to even the tiniest trace of peanuts, and can go into convulsive shock and die from a mere sniff of peanuts being eaten in their presence by another person.

The ""Killer Tomatoes,"" with their peanut gene, proved to be deadly to persons with the extreme peanut allergy, and deaths are reported to be in the hundreds.  As a result, @CORPFULL is being targeted by several large ""class action"" lawsuits brought by families of those who died from eating the Killer Tomatoes.

@CORPFULL's losses from this deception are now expected to add up to as much as @AMOUNT.",,
event_food17,"U.S. CONGRESS BANS SALES OF ZING! COLA IN SCHOOLS; SOFT DRINK FOUND TO BE ""HARMFUL, ADDICTIVE""

The U.S. Congress has enacted a new law banning endorsement contracts between federally-funded school districts and beverage companies, following the disclosure of payments made by @CORPFULL to get its ZING! Cola into schools.

Investigators found that the company had contributed some @AMOUNT million, in exchange for having its ZING! Cola be the sole soda drink offered in unionized school districts, all of which was well-publicized. Less well publicized was the fact that 93% of the money paid by the beverage company was contributed to the ""Administrative Overhead Fund"" of the National Teachers Union, which is the NTU's political arm. Since most members of Congress received political contributions from the NTU's political arm, no one in Congress saw any problems with the contributions to the political action committee by @CORPFULL.

However, a number of key Congressmen became outraged when they learned of other, secret provisions of the contract between the NTU, the schools, and @CORPFULL.

The most controversial provision of the marketing arrangement was an agreement by the schools to substitute ZING! Cola for milk in school lunch programs, in order to guarantee certain required minimum consumption levels for ZING! that the schools and union had promised to the company.

After health authorities began reporting severe health and behavioral problems at the schools in question, including several mass shootings by children who were ""wired"" on ZING! Cola, it became very apparent that students in the ""captive"" schools, who were consuming an average of 5 bottles of ZING! Cola each school day, were suffering a number of physical and mental health problems, abnormalities, and deformities.

Thus, in response to a report by the Department of Health, Education and Warfare, Congress has decided to ban all sales of ZING! Cola in schools, or to minors under the age of 21.

Loss of the school contract and the ban on sales to minors are expected to adversely affect total sales of carbonated beverages by @CORPFULL.",,
event_health1,"MALARIA ON THE REBOUND IN THE SOUTHEAST U.S.

The Center for Disease Control in Atlanta reports that rising year-round temperatures in the Southeast have led to the return of endemic malaria and other parasites in much of the Deep South. The invasion of the Asian ""tiger mosquito"" is partly blamed for the spread of both malaria and encephalitis, as it remains completely resistant to all eradication and control efforts. Travelers have been advised to stay out of New Orleans and Miami indefinitely, unless absolutely necessary.

...On Wall Street, a leading stock analyst recommended investments in several major pharmaceutical companies that are seeking approval of drugs for treatment of malaria and encephalitis, while drug industry representatives pooh-poohed the scurrilous rumors on The Street that the companies had anything to do with introducing such pathogens in the Southeast....

Meanwhile, in other news from Atlanta, a major biotech firm disclosed today that one of its new genetically altered plant species, which is a cross between the prolific and fast-growing kudzu plant, a Venus flytrap, and the giant sequoia tree, has escaped from an experimental farm outside Atlanta and has rapidly spread throughout much of northern Georgia in only 2 weeks. The firm advises people in the area not to get within 30 feet of the large carnivorous plants, warning that they ""...can be somewhat dangerous to anything smaller than a bull elephant....""",,
event_health2,"DRUG RIOTS CONTINUE IN PORTIONS OF SOUTHERN CALIFORNIA

Riots raged again last night in the Los Angeles area, where the once-posh shopping areas of Beverly Hills were largely looted and burned to the ground by enraged and murderous mobs of ""crackheads.""  A police helicopter crewman surveying the scene from the air said the countless number of fires looked like ""...a thousand points of light.""  Once again, federal troops and shelling by Navy warships have been used to quell this latest violent outbreak of anarchy and random murder. Republican President Sean Hannity has declared all of Beverly Hills and much of Santa Monica federal disaster areas, and once more he pointed out that the spate of gang wars and drug riots that have broken out in@YEAR, more or less spontaneously, in all parts of the U.S. and in much of Western Europe are merely a consequence of the failure of this year's coca crop in Colombia. The crop failure, caused by the increasing desertification of the former rainforest areas of Amazonia, has resulted in drastically reduced supplies of social anesthetics flowing into most major U.S. and European cities for the past several months.

Even the CIA, IRS and other government agencies are reported to be having trouble keeping up their usual levels of importation of ""Colombian nose candy"" through various officially-sanctioned channels in recent weeks, which is having dire consequences on those agencies' operating budgets. Congress, in special session, is considering emergency agricultural aid to Colombia's devastated coca farmers until the flow of ""ghetto sedatives"" resumes.

....In related business news, several major U.S. agribusiness and tobacco firms have offered to help develop a reliable domestic supply of opiates and coca, if only Congress will enact the necessary enabling legislation....",,
event_health3,"DRUG TESTS NOW REQUIRED BEFORE USING PUBLIC TRANSIT

The city of Phoenix has adopted yet another tough new antidrug law, in that city's continuing all-out war on illicit drug-users. The new law will require anyone who boards a city bus or other Phoenix public transit to [REDACTED] into a small metal cylinder before being allowed to board. A sophisticated new machine, called the ""Instant Adjudicator,"" will then perform on-the-spot tests for some 173 different controlled substances that might be found in the bodies of illicit drug users. The ever-present Secret Drug Police, who now ride on every City transit vehicle, are authorized under existing drug laws to immediately terminate anyone who fails, or refuses to take, these new mandatory drug tests. Life is cheap in this crowded desert city of 14 million souls.

Under Phoenix's previously enacted ""Zero Tolerance"" drug law, persons found to be in possession of even minute amounts of illegal substances, or who fail a drug test, are subject to capital punishment, without benefit of trial, legal counsel, or other traditional, but costly and time-consuming protections of the Anglo-Saxon criminal justice system. So far, over 27,000 offenders have been liquidated in Phoenix since the new Zero Tolerance laws went into effect, 10 months ago. The extension of mandatory drug testing to all users of the city's public transit system is expected to dramatically increase the number of miscreants to be sanctioned and permanently removed from the voter rolls in coming years.

""...We're going to finally get these scum off the streets of Phoenix....and maybe even do something about getting our excessive population growth under control, too. It's unfortunate that many of the people we'll be eliminating will be innocent individuals who happen to test positive because they're on prescription medications or aspirin, but, heck, you can't make an omelette without breaking a few eggs...,"" said Chief ________________ of the Arizona branch of the dreaded Secret Drug Police, DeathsHead Division.

...In related business news, [--REDACTED--], which makes the new drug testing device, reports that it is currently negotiating with a number of other North American cities that are interested in its technology, and that the company has already received its first overseas order for the Instant Adjudicator, from the no-nonsense Asian nation of Singapore....

Unconfirmed reports that a similar machine is being tested by the IRS, may have led to the 2:00 a.m. arrest of CNN News investigative reporter,[--REDACTED--] _______________ badly mutilated ______________ in front of _______________ __________________________________________________________ ______________ foul play, possibly by IRS p_______________ ___________________________________________ [--REDACTED--] ______[--REDACTED FOR REASONS OF NATIONAL SECURITY--]_____ __________________________________________________________ __________________________________________________________ _____________by the IRS spokesman was, ""...No comment.""",,
event_health4,"INTERNET CHATTER POINTS TO ANOTHER POSSIBLE MAJOR VIRUS EPIDEMIC IN WUHAN, CHINA -- CHINESE GOVERNMENT DENIES, SAYS ONLY A FEW CASES IDENTIFIED

Unofficial reports leaking out of China suggest that another dangerous virus epidemic is raging in and around the city of Wuhan, coincidentally where the devastating COVID-19 virus originated back in 2019, which did major damage to the entire global economy, as a result of quarantining billions of healthy members of society. As with the 2019 outbreak, conspiracy theorists are again claiming that this virus may have escaped from the virus research lab in Wuhan, the only such Biosecurity Level 4 lab in China, although experts and the government of China have already debunked such claims again, stating that their security precautions at the lab make it impossible for any pathogen to ever escape. Google, YouTube and FaceBook have begun censoring any fake news that suggests the lab may have been the source of the infections. Any such claims would be in disagreement with the official position of the World Health Organization, which has stated that the lab has a perfect safety record.

According to the government health officials in Beijing, and confirmed by the World Health Organization, the cause of the current lethal disease outbreak, which apparently is being well contained, is transmission from giant pandas to humans at the Wuhan Zoo. Apparently, the pandas are the ""reservoir"" in which this particular virus has existed until now. The virus is definitely NOT transmissible from humans to other humans, according to epidemiologists, and Chinese health officials say that there have only been a handful of cases of the virus, limited to several tourists who had visited the giant panda exhibit at the Wuhan Zoo. The virus apparently has little effect on the pandas, which have strong immune systems.

U.S. officials say this is reassuring news for America, since none of the medications that were eventually used to put an end to the COVID-19 virus are effective against this new virus. Since Chinese officials have now euthanized all of the pandas in Wuhan, they have assured the world community that the epidemic should not pose any health threat to other nations or to the rest of China, outside of Hubei Province, where many people may have visited the Wuhan Zoo.",,
event_health5,"BIOTECH REVOLUTION IS TURNING INTO A GLOBAL CRISIS, AS GENETICALLY-MODIFIED DNA SPREADS FAR BEYOND THE LABORATORY

The U.N. Food and Agricultural Organization has issued a warning that the world may be facing widespread famines and severe human health problems and environmental damage, as a consequence of science's creation of genetically-modified (""GM"") species of plants.

Biotech firms that developed GM plants are being blamed for releasing the modified DNA strains into the global environment. According to U.N. experts, scientists inserting animal genes in food plants, or inserting genes that make non-food plants like cotton or hemp highly toxic to insects and other predators, were very shortsighted in failing to realize that pollen from fields of GM crops would blow into the wild and cross-pollinate with wild plants, as well as contaminating the DNA of other, non-GM crops.

As a result of a peanut gene sequence being used in GM cotton plants to strengthen cotton's resistance to molds and fungi, the gene sequence surprised scientists by migrating into grain crops, such as wheat and rice, making those common foods inedible to a significant minority of the population, who go into shock or die if they consume even trace amounts of peanuts or any part of the peanut plant, including the grain crops that have now been contaminated with the peanut gene.

Similarly, genes that make various plants toxic to insects have now found their way into much of the major food crops grown throughout the world, making the food harvested from such crops highly toxic to humans and livestock.

From one end of the world to the other, governments and farmers are scrambling to build greenhouses, with filtered air to keep out pollen from genetically engineered plants outside, since it is rapidly becoming impossible to raise edible food crops outside a closely-controlled environment, such as a hermetically sealed greenhouse.

Many Third World countries have been affected less severely so far, as the GM genes were not widely introduced in such countries before the problems became apparent, but Third World countries will eventually be in serious trouble as winds carry the GM plants' pollen to every corner of the planet, unless they can find the capital to replace outdoor agriculture with greenhouses.

A serious famine has struck @TEXTSTRING, which was very aggressive in introducing GM plants, but has been slow in bringing its food production indoors, mistakenly believing that they could import surplus food from the United States or other countries that formerly were able to export food.",,
event_health6,"@CORP STAGGERED BY @AMOUNT MILLION JUDGMENT FOR AGGRIEVED PATIENT IN SUIT FOR PUNITIVE DAMAGES

One of the first casualties of the newest version of the Patients' Bill of Rights law, enacted by the U.S. Congress, for the benefit of aggrieved HMO patients and their trial lawyers, was @CORP.

A Mississippi state court has just handed down a judgment in the amount of @AMOUNT. against the health care provider, one of the largest in its industry, in a case filed by an unhappy patient who had undergone knee surgery in one of @CORP's hospitals, in Jackson, Mississippi.

The patient, one of the first to sue under the new Patients' Bill of Rights law, was the victim of a negligent nurse, who spilled a spoonful of hot soup on the hospitalized patient's chin while trying to feed the patient/plaintiff, who was reclining in her hospital bed.

After appearing in court in a wheelchair to testify, a sympathetic jury awarded her $5 in actual damages, with the rest of the record judgment against the hospital being for punitive damages. The trial lawyers who represented the plaintiff were also jubilant over the jury verdict, as they will receive slightly over @TEXTSTRING, plus expenses, for their part in the 2-day trial.

A spokesperson for the company said that it and its insurer should be able to pay this judgment, but would need to close several hospitals to do so, and raise its fees some 35% to compensate for the legal damage award. For the record, she stated that, ""Not all attorneys are evil money-grubbing ambulance chasers. Ninety-nine percent of them give the rest a bad name.""",,
event_health7,"COMPUTERS FOUND TO BE HEALTH HAZARD; @CORP LIABLE FOR DAMAGES OF @TEXTSTRING

Computer maker @CORP has been held liable for damages of @TEXTSTRING in a court case in which plaintiffs claimed that they had suffered irreparable harm to their health as a result of sitting, without moving, at their computers for up to 18 hours at a time, every day, for periods of months or years. The @TEXTSTRING. damage award was said to be for injuries such as carpal tunnel syndrome, and various maladies thought to be caused, or worsened, by electromagnetic radiation emitted by the computers and monitors made by @CORP.

While plaintiff attorneys were unable to present any scientific evidence that the company's computers and monitors, which are heavily shielded to reduce radiation, actually cause any kinds of illness or injury, the jury apparently accepted the lead attorney's argument that, ""Sitting in front of a computer for 18 hours a day, every day, whether it's for work or playing games or surfing the Net, simply CAN'T be very good for you....""",,
event_health8,"@CORP ROCKED BY DRUG TEST RESULTS

Shares of @CORP, a @HUMOR on news that the company had halted development of its key new cholesterol treatment that was heralded as the engine to re-ignite the company's sales growth.

@CORP officials said that an independent board monitoring a study for newly developed cholesterol treatment dranotrapib recommended that the work end because of an unexpected number of deaths and other complications. A senior resident physician at one large university medical center where the new drug was being tested was quoted in a television news broadcast as saying, ""Our patients in the test group for dranotrapib have been dying like flies....""

The news was devastating to @CORP, which is being hurt by patent expirations on its key products. It had spent around @TEXTSTRING to develop dranotrapib, which was supposed to fill the void when its best-selling cholesterol drug, ScourItAll, loses its patent protection in@YEAR.",,
event_health9,"""OMEGA STRAIN"" PATHOGEN USED IN RECENT MIDDLE EAST CONFLICT HAS NOW SPREAD INTO EUROPE, INDIA AND AFRICA

The ""Omega Strain,"" an incredibly lethal bio-engineered pathogen created by a U.S. company in its labs and sold to ISIS for use in its recent war of extermination in Syria and Saudi Arabla, has already wiped out most of the ISIS forces that deployed it and has rapidly spread from the Middle East to much of Europe, and to India, Pakistan, and East Africa as far south as Mozambique. Fatality rates for those who become infected are estimated to be ""north of 80%,"" according to the director of the World Health Organization.

There is apparently no cure for this rapidly mutating and contagious pathogen and governments are resorting to extreme measures in cities and countries not yet affected, shooting anyone caught trying to escape the ""hot zone"" regions and enter their ""safe zones."" Health authorities and military personnel, in hazmat suits, are burning bodies of victims of the murderous bio-weapon in vast numbers in areas where the contagion has spread.

Share prices drifted lower on Wall Street and in London, Paris, Sydney, Sao Paolo, and Shanghai and were mixed in Toronto in light trading, as no cases of the Omega pathogen have been identified so far in the Western Hemisphere, U.K., China, or Australia, although almost every nation has now banned international flights from the Middle East, Africa, continental Europe, or south Asia.",,
event_health10,"VIRUS EPIDEMIC RAGING IN EARTERN EUROPE IN WAKE OF RECENT WAR BETWEEN RUSSIA AND THE UKRAINE

U.N. health authorities at the World Health Organization warn that a brutal and lethal virus epidemic has been unleashed in Eastern Europe, which appears to be a man-made virus, created in a bio-weapons lab in either Russia or the Ukraine and used in the recent brief war between those two countries, in which both sides used chemical weapons and bio-engineered viruses. No one knows yet which side released the deadly pathogen, as it has decimated military forces and civilian populations on both sides in the conflict.

The virus is said to manifest symptoms similar to the Ebola virus, and although the mortality rate is considerably less than for Ebola, the new virus, dubbed the ""Kiev Virus,"" appears to be much more contagious. As hundreds of thousands of Ukrainians and Russia fled into neighboring countries, seeking food and escape from the dire conditions in their war-ravaged nations, they carried the Kiev Virus with them, which is now a full-fledged epidemic throughout Eastern Europe, from Finland to Greece, and there are unconfirmed reports of cases in Siberia, as well as in Iran and China, although the latter two nations have closed their borders and vehemently deny that there are any cases of the disease in their countries.

Government leaders in the U.S., Australia, Brazil, and South Africa are all taking a ""wait and see"" approach so far, and have not yet closed their borders, except for international flights from Eastern Europe. On Wall Street, many stocks sold off on news of the epidemic in Europe, but no panic selling was noted, as business shutdowns have not yet been ordered in those nations.",,
event_health11,"CHINA FAILS TO CONTAIN NEW WUHAN VIRUS; W.H.O. DECLARES THE OUTBREAK TO BE ANOTHER GLOBAL PANDEMIC!

Tens of thousands of Chinese nationals, fearing another brutal lockdown as was imposed during the COVID-19 pandemic, have fled to all parts of the globe, and now cases of the new Wuhan Virus are being reported in many places remote from China, from Paraguay to Zambia to Iceland and in North America.

It is now clear that the new coronavirus, despite earlier assurances by health experts, is very much transmissible between humans, and not just transmitted by giant pandas, as was initially thought. In light of the new evidence, the World Health Organization has declared the new outbreak to be a global pandemic, although it is still unclear whether this virus is more lethal than typical annual influenza epidemics.

Thus far, global commerce has not ground to a halt, since widespread lockdowns have not been declared in most nations, other than China. Global stock markets remain open and seem to be taking this latest new pandemic warning in stride, without the kind of panic selling that occurred in 2020 when the COVID-19 pandemic struck. Many investors are aware that much of the fear and paranoia induced by the COVID-19 pandemic resulted from vastly overstated death rates, due to counting almost every kind of fatality as being due to that virus, and skeptical investors are wary that the health experts may be crying ""Wolf!"" one time too many with this new outbreak, which seems relatively mild, according to some reports.",,
event_health12,"PANDEMIC IS OVER! OUTBREAK HAS BEEN CONTAINED!

Stocks rose sharply on the announcement that the dangerous pandemic warnings have been withdrawn for the recent Wuhan Virus, as a vaccine was developed for the deadly disease in record time and introduced into all populations in areas where outbreaks had occurred, which were tightly quarantined until the untested vaccine could be brought in and everyone forcibly vaccinated. The highly effective vaccine was quickly developed and sold throughout the world by a state-owned Chinese company which said it had been working on a very similar vaccine for years and merely had to tweak it slightly.

As it turned out, the vaccine was probably not necessary, as the virus was not a serious health risk to anyone who was not already severely ill with respiratory problems. This Wuhan virus turned out to be a ""dud"" which was vastly overhyped by the global media.",,
event_health13,"PANDEMIC MUCH WORSE THAN FEARED: GLOBAL ECONOMY IS SHUTTING DOWN

Governments worldwide are scrambling to impose severe lockdown measures, likely to do incalculable economic damage, in a lastditch effort to prevent massive losses of life and a total breakdown of society, as the pandemic that initially appeared to have been contained has broken loose and is obviously much more deadly than even the most pessimistic initial estimates.

Measures taken include internment of anyone sick with the disease in mass quarantine camps, with little hope of getting any treatment or recovery, with the only care being delivery of food and water to the patients by workers in full hazmat suits. The estimated global death toll is already over 5 million and is rising at an accelerating rate.

Global economic output has fallen off a cliff in the last month, and is estimated to be down by as much as 30% to 50%, although accurate numbers are difficult to come by, due to the current chaotic conditions. While declaring the pandemic to be a ""Great, global catastrophe of epic proportions,"" the Secretary General of the U.N. also noted that, ""There are some salutary effects; a massive reduction of the human population will be a very good thing for the environment of our planet, and may result in saving dozens of endangered species, as well as reducing carbon (CO2) and nitrogen emissions into the atmosphere....""",,
event_health14,"CHINESE HEALTH AUTHORITIES SAY DEADLY HAINAN VIRUS HAS BEEN CONTAINED TO THE ISLAND OF HAINAN AND THAT THE THREAT OF A PANDEMIC HAS ENDED

Despite a massive death toll from the highly contagious Hainan Virus, Chinese authorites say that drastic quarantine measures have succeeded in confining the lethal new virus to the island of Hainan, and that the virus appears to have burned itself out, and is now under control, while clean-up crews in hazmat suits continue disposing of thousands of bodies in mass funeral pyres and spraying every inch of the large island with chemical disinfectants.

Global stock markets, which seemingly ignored the initial scary news of the virus outbreak, seem to have also shrugged off the good news that it has been contained and, apparently, is no longer a threat. Rumors are circulating that the lethal virus was created in a North Korean bio-weapons lab and was being tested on political prisoners in a Level 4 Biohazard laboratory on Hainan when it escaped into the larger local population, spreading quickly and wreaking havoc, wiping out most of the island's civilian population.

In Washington, the Chairman of the Federal Reserve expressed sorrow for the losses of life on Hainan, but relief that the dangerous virus had not escaped the island and did not give rise to another global pandemic.",,
event_health15,"NEW HEALTH CARE INDUSTRY TAX ENACTED -- WILL APPLY TO HEALTH CARE PROVIDERS, BIG PHARMA, MEDICAL EQUIPMENT/SUPPLIES, AND BIOTECH INDUSTRIES

In sweeping new legislation, the government has imposed a new ""Health Care Tax"" on drug and health care-related companies, in order to pay for escalating National Health Care costs that have spiralled out of control, due in equal parts to an aging, obese population and to fraud, inefficiency, and widespread corruption in various areas of the government and health care industries.

The new tax will be levied on the capital (business) assets of all companies in the pharmaceutical and biotech industries, as well as on health care providers and the medical equipment industry, at an annual tax rate of@TEXTSTRING%, collected quarterly. The tax will not apply to very small businesses -- if the quarterly tax, as computed, is less than @AMOUNT million for a company, no tax will be imposed for that quarter. Companies with less than $10 million (U.S.) of this and other capital taxes per quarter are exempt from any such taxes for that quarter (but not from income tax).

A government spokesman, discussing the new legislation, noted that ""These are about the only industries that are still rolling in dough these days, and we need to take those profits and put them to work for the people. These people are making way too much money, much of it a government expense, and we mean to claw some of it back....""

The Health Care Tax is expected to yield huge amounts of new revenue for the government, which can be used to stimulate the economy and, it is hoped, improve the delivery of health care services, although critics point out that it may bankrupt many of the weaker firms in the targeted industries, is likely to reduce spending on research and innovation by biotech and drug companies, and the tax revenues will, as usual, be mainly put to work buying future elections for the party in power.",,
event_health16,"COMPANIES ENJOYING BIOTECH BOOM, PROVIDE BEST OF EVERYTHING FOR EMPLOYEES -- LIFE IS GOOD

Companies in the Biotech and Pharmaceuticals industries are enjoying a boom of major proportions, and are offering almost every inducement imaginable, to hire and retain good employees, as there is a constant shortage of highly-qualified biotech workers, all of whom can ""write their own ticket"" these days.

Some of the fringe benefits biotech companies are offering to employees these days, to keep them from leaving to go to work for competitors, include the following:

. Free services of massage therapists, on-premises;

. Free services of personal trainers, often at the company's own gym or on-premises health club;

. Refrigerators in the coffee room are stocked with fresh fruit and vegetable juices, and latte or espresso machines and expensive coffees are considered necessities;

. First class air travel is standard, on any company travel assignments; and, of course, there is...

. Free beer at the regular weekend parties on Fridays, often with live bands or other entertainment.

Life is tough, for employees of fast-growing, highly profitable biotech firms these days. As one analyst put it, ""It makes you wonder when these people have time to work, between sessions with their personal trainers, massage therapists, and hanging out by the espresso machine.... Next they'll be asking for their own personal butler....""",,
event_health17,"FROM: @CORPFULL MARKETING DIVISION (TOP SECRET) SUBJ: MARKETING OPTIONS FOR ""OMEGA STRAIN"" PRODUCT

The corporation has been presented with a unique opportunity to increase earnings and cashflow, with a minimum investment required on our part.  A certain Middle Eastern leader, the Maximum Leader of [DELETED FOR SECURITY REASONS], has put out feelers secretly to us, through our Geneva office, to see if we can and will develop a genetically engineered @FACT that can be used, for strictly defensive purposes, against neighboring states (not including Israel) with whom the nation of [DELETED] has ongoing territorial disputes.  The [DELETED] apparently got wind of our research conducted for the U.S. Defense Dept., where we developed the Omega strain, a highly contagious, incurable, untreatable pathogen that kills all humans who come in contact with it within 12 hours. If we can deliver to them a live culture of the Omega strain within 30 days, [DELETED] will immediately transfer @AMOUNT. to our account with a certain bank in Vienna.  While this transaction must (of course) be kept completely secret vis-avis the U.S. Government, if we accept the offer, the cash flow implications are simply stunning.  DO WE ACCEPT?",,
event_health18,"SUBJECT:  GREEDY HEALTH INSPECTOR WANTS INCREASED HUSH MONEY

The government health inspector from the Bureau of Alcohol, Tomatoes and Firearms (ATF), who oversees health inspections at our huge U.S. brewing facility for ""Old Wisconsin Swill"" beer, is getting greedy, and hard to keep in line. We gave him $100K (in cash) two years ago, a Florida retirement home and a yacht last year, but now he is making serious noises about blowing the whistle on us. You simply cannot trust anyone you've bought to stay bought these days....

Our problem is that U.S. ATF health regulations only allow a maximum of 12 dead rats in any one 10,000 gallon batch of brew. Unfortunately, last week the health inspector spotted 47 dead rats, two small dogs, one skunk and a human corpse in one of our 10,000 gallon ""Old Wisconsin Swill"" fermenting tanks.

He says he can't let this one slide.

However, when we mentioned that it was worth $2-5 million in cash to us not to have this disclosed or to have to radically (and expensively) change our operating procedures at all our plants, the greedy swine appeared to lighten up a bit. (It will cost us @AMOUNT. a year to comply with the government health standards, if we can't buy this guy off....)

DECISION:  DO WE OFFER HIM $2M TO $5M (U.S.) HUSH MONEY?",,
event_health19,"SUBJECT:  F.D.A. STALLING ON RELEASE OF NEW @YEAR DRUG

Our new @FACT drug, Dedzone, is still being bottled up by the U.S. Food and Drug Administration, in the usual bureaucratic quagmire. They still won't give us final approval to start marketing it until they see complete test results. The problem is with our testing of the drug on rats.... They seem to keep dying before tests on them can be definitively completed, which has caused the testing process to drag on and on.

Meanwhile, the clock is ticking away on our period of patent protection for the new drug. We are losing millions of dollars in sales for every day we are prevented from going to market with Dedzone. Our Washington lobbyists suggest that the only way to push this through and get the FDA off our back is to make a multi-million dollar (he suggests $3 mil.) campaign contribution (off-books) to the Swiss bank account of California Senator Gary Condom, whose Senate committeee oversees the FDA.

DECISION:  DO WE GO AHEAD AND MAKE THE ILLEGAL CAMPAIGN FUND CONTRIBUTION, TO GET DEDZONE PAST THE FDA?",,
event_health20,"FROM:     LEGAL DEPARTMENT SUBJECT:  NEW PRODUCT DELAY -- ARTIFICIAL HUMAN HEART

Our hottest, and potentially most profitable, new product, the ""Energizer"" artificial (electronic) human heart replacement, is being held hostage by FDA bureaucrats. They've gotten wind of the fact that the Energizer has a nasty tendency to stop working if it encounters certain electrical interference.  In fact, during an electrical storm, we lost several test subjects who had the Energizer implants, which was unfortunate, but which we THOUGHT we had managed to keep quiet.

Apparently not. Someone at the FDA found out about the electrical failure problem, and top FDA brass are now demanding a huge bribe, even larger than usual, to gain agency approval for the Energizer. They say that too many people in the FDA have heard about the defect, and that we're looking at a @AMOUNT million payoff, in total, to buy everyone's silence on this at the Food and Drug Administration.

DECISION:  DO WE PAY THE @AMOUNT MILLION ""GREASE"" TO THE FDA OFFICIALS TO GAIN FDA APPROVAL OF THE ""ENERGIZER""?",,
event_health21,"FROM:     CIGARETTE MARKETING DIVISION SUBJECT:  NEW AD CAMPAIGN TARGETED AT YOUTH MARKET

As you know, the tobacco industry is losing customers at a frightful rate, as more and more adults either quit smoking or die of lung cancer. The only demographic segment where we are still gaining new smokers is in the 12- to 17-year-old age group (despite the fact they can't legally buy our product).

We propose a massive new cigarette ad campaign for all our brands, targeted at this key market segment.  The theme of the new campaign will be along the lines of:  ""You don't have to smoke forever--You can quit before you're old enough to have any health effects from smoking."" The idea is to hook these kids while they're still at the age where smoking is a socially acceptable thing to do. Some will be able to quit later, but as we well know, a large percentage will be customers for life, if we can only get them started.  Legal doesn't like it, but we must do SOMETHING to stop the slide in sales....

DECISION:  DO WE GO WITH THE NEW ""SMOKE NOW, QUIT LATER"" AD CAMPAIGN?",,
event_health22,"FROM:     COST ACCOUNTING GROUP (NURSING HOMES DIVISION)

SUBJECT:  PROPOSED COST REDUCTIONS / MORTALITY ENHANCEMENTS

As you know, chief, our nursing homes division continues to be a laggard and drag on our overall profitability. To turn this situation around, the Cost Accounting Group wishes to implement a number of COST-SAVING changes, in areas where we are badly outdistanced by the competition. For example, we currently feed our nursing home residents once each day, whereas most of our competitors only feed every third day, except on days where the resident is visited by relatives. Merely by conforming to industry standards, we will REDUCE OUR FOOD COSTS BY ALMOST 67%, which will accrue directly to our bottom-line.

In addition, we are badly overstaffed. We propose CUTTING STAFF BY 85%, and increasing usage and dosage of sedatives and passive restraints (tethers, leg irons, etc.) to keep our customers manageable with such REDUCED STAFFING. Sta-Hi Pharmaceuticals will supply us with their powerful new Zombex drug. Zombex is customdesigned for nursing home population management, both in terms of its making customers more docile, and in improving resident mortality statistics, with the ACCRUING ECONOMIC BENEFITS.

DO WE HAVE YOUR O.K. TO IMPLEMENT THE COST REDUCTIONS?",,
event_health23,"FROM: @CORPFULL MARKETING DEPARTMENT SUBJ: YOUTH MARKETING PROGRAM FOR ZING! COLA

As you know, all the bad publicity about the health effects and addictive qualities of our ultra-high-caffeine ZING! Cola drink have been hurting sales of ZING! in the U.S. market in recent months. Also, kids don't generally like the taste of it, even though it has the highest sugar content of any soda drink on the market, so it is not easy to get them started on it, although they quickly become loyal ZING! drinkers if we can just get them hooked, due to the extremely high caffeine and sugar content.

We have just concluded negotiations with National Teachers Union (NTU) leaders, wherein they are offering to cut a very lucrative deal with us, one in which ZING! will get exclusive distribution rights in all their unionized U.S. schools. If we agree to it, ZING! will be the only carbonated drink allowed to be sold or distributed to students and faculty at the thousands of schools the NTU controls, for the next ten years.

All the union asks from us in return is a modest contribution of @AMOUNT million, which is to be split 70/30 between the union's ""Administrative Overhead Fund,"" and some of the poorer school districts they control.

It is a terrific deal for us, as we will get tremendous exposure to young school children, all with the tacit approval of the educational establishment. That should help allay some of the criticism ZING! Cola has gotten from the consumer and health groups that have been bad-mouthing us, since the NTU has enormous political clout, and no one would dare to criticize their decision to put ZING! in the schools in exchange for our infusion of cash into poor school districts.

The contract we negotiated provides for certain very large minimum quantities of ZING! that the ""captive"" schools will consume each year, so our profits from this could be HUNDREDS of times our small front-end cost, and we will also receive plenty of good P.R. for that cash contribution to the schools. It looks like a no-brainer, but we need your approval to sign the contract with the NTU.

DECISION:  DO WE GO AHEAD WITH THE EXCLUSIVE ZING! COLA DISTRIBUTION DEAL IN THE SCHOOLS?",,
event_health24,"FROM:       RESEARCH COMMITTEE ON BOTANICALS SUBJECT:    AMAZONIAN HERBAL CURE FOR CANCER

We have completed our research, after eight years, on a compound extracted from the Tlaxacoatl plant, a common shrub that grows in the jungles of Peru and Ecuador. All testing has been done under heavy security, in absolute secrecy, at several different testing facilities, none of the employees of which were made aware of the existence of the other facilities. In fact, no one but a few of our top executives and our man in Peru, who obtains the herb from a Stone Age tribe deep in the Amazon jungle, are even aware of the identity of the plant, or where it comes from. It is simply referred to as ""Herb 27"" at all our research facilities.

Our tests of a straight extract from the Tlaxacoatl plant have shown that in 90% of cases, it totally cures any and all cancers, including formerly incurable types, such as liver or pancreatic cancer. More astoundingly, it does so with none of the harmful side effects of our top-selling chemotherapy drug, NuToxin. NuToxin is effective against some cancers, but because it attacks all rapidly reproducing cells, it also attacks and destroys patients' stomach linings and hair cells, causing severe digestive problems, nausea, and hair loss, in addition to often more serious side effects. A tea made from the Tlaxacoatl plant, on the other hand, cures all forms of cancer and has no adverse side effects.

Unfortunately, as a natural substance, the plant extract from the Tlaxacoatl plant is not patentable, so all but one of our test facilities have been engaged in crash programs to come up with a chemical compound based on the Tlaxacoatl extract, with certain minor modifications to the molecule of the active enzyme that has been so effective in curing cancers.

After spending huge sums for research, we have finally had to conclude that none of our patentable variations on the basic Tlaxacoatl plant extract is any more effective than sugar pill placebos in treating any type of cancer. Apparently, any kind of modification we can make to the Tlaxacoatl extract causes the new version to lose all the cancer-fighting abilities of the natural enzyme. As a result, our top scientists who are overseeing the results at the research facilities have finally recommended to the Board of Directors that we stop wasting money and cease the research, as the task of creating an effective artificial variant of the Tlaxacoatl molecule appears to be hopeless.

Thus, we are in somewhat of a quandary: If we release our research findings about the effectiveness (and lack of any side effects) of the natural Tlaxacoatl herbal extract, it would quickly displace our NuToxin drug as the primary treatment for cancer, and could be sold cheaply by any of our competitors, as we would have no patent protection on the natural herbal extract. If, on the other hand, we conceal the research results of our testing of the herb, we could receive some very bad publicity if it ever leaks to the press that we have discovered an almost total cure for cancer, but have sat on it and kept our knowledge of its huge benefits to society a secret.

The real question, simply put, therefore, is whether we will disclose the fact that we have found a truly miraculous natural cure for cancer (which will have a disastrous effect on our sales of NuToxin if we disclose our findings). Or, do we suppress the research findings and simply announce that the rainforest herbs we have been testing for years have shown no promise as cancer treatments and that we have abandoned any further research along those lines?

Our NuToxin drug only cures a small percentage of cancer cases, and has devastating side effects on those patients who survive, but it is still the best cancer drug there is, and our most profitable single product. Disclosing what we have learned about Tlaxacoatl will almost certainly kill our top product and our main ""cash cow,"" and will also force us to write off the large unamortized balance of our R & D costs we spent in developing NuToxin--which will clobber our stock.

DECISION:  DO WE SUPPRESS OUR FINDINGS OF THE CANCER CURE?",,
event_health25,"FROM:     MARKETING RESEARCH DIVISION SUBJECT:  INCREASED MARKETING TO THE ELDERLY

Our market and demographic research shows two very significant and steadily growing trends that we are not currently taking fully into account under our current marketing strategy. One is the increasing age of the population, as improved health care keeps people living longer, and the second, especially interesting trend, is the rapidly increasing incidence of Alzheimer's Disease and senility from other causes in this older population. One statistic we came across suggests that individuals have about a 50% chance of developing Alzheimer's if they live past age 85, which many people are now doing.

As you know, much of the wealth in our country and most other countries tends to be held by older individuals, who have had a lifetime to accumulate and grow their savings.

This raises an interesting possibility for our marketing strategy: We should begin making extraordinary efforts to acquire elderly clients over the age of 80, the older the better, for our banking and trust services. As many of these individuals, if not already experiencing senile dementia, soon will be, they will be ideal targets for high-pressure marketing of services they don't need, at very lucrative, above-market rates.

DECISION: DO WE IMPLEMENT A PROGRAM OF TARGETING OLDER INDIVIDUALS WHO ARE EXHIBITING EARLY SIGNS OF DEMENTIA AND OTHERS WHO ARE AT HIGH RISK OF ALZHEIMER'S, DUE TO THEIR ADVANCED AGE?",,
event_health26,"FROM:    COST ACCOUNTING: HEALTH INSURANCE DIVISION SUBJECT: CONTROLLING EMERGENCY ROOM COSTS

(FOR YOUR EYES ONLY!)

We have been aware for some time that the main reason for our low profit margins in the U.S. Health Insurance Unit is overuse of hospital emergency rooms. In far too many cases, policyholders go to an emergency room (""E.R."") when their condition is in no way life-threatening or anything that could cause permanent health problems. Because of the extreme costs involved when a patient goes to an E.R., as compared to simply waiting to see their regular doctor or going to a walk-in urgent care clinic the next day, when in many cases the symptoms would have subsided, we are bleeding considerable red ink or showing minimal profits in the states in which @CORPFULL operates.

To address this problem, we have for a year been running a trial program in a small test market, the state of Rhode Island. Under this program, we have closely scrutinized all E.R. charges incurred by our policyholders, and when our team of diagnoticians determine that the patient's problem was one that didn't require treatment at an E.R., we have totally disallowed the claim. Needless to say, this has gotten us a few lawsuits and some unfavorable publicity -- which is not all bad!

For example, the local newspapers in Rhode Island have been buzzing about a woman who felt chest pains and, thinking she might be having a heart attack, rushed to the nearest E.R., which determined that she was just having gas pains, but she nevertheless ran up a bill for over $13,000, which was submitted to us for payment, and which we rejected, leaving her to try to work out some kind of payment plan with the hospital or declare personal bankruptcy. Tough, but not our problem.

We have not rejected that many claims yet, since most people who go to the E.R. with what they think is a severe problem usually do have some serious condition. However, by allowing such denial cases to be publicized (and even feeding details of some of the cases with the most inflated, egregious hospital bills to the media ourselves), we have found that the number of E.R. claims being submitted by our policyholders has dropped by 71% in Rhode Island.

It seems that the word soon got around that if you were to guess wrong about an ailment and go to the E.R., you were going to be stuck with the huge hospital bill, so you had better be sure that you are practically dying before going to an E.R. It has been such an effective program that some of the Rhode Island hospitals have had so few E.R. patients lately that they have had to lay off E.R. staff.

Since this program has cut down our costs for benefit payments drastically in Rhode Island, we in the Cost Accounting Department propose that similar cost-cutting ""in terrorem"" tactics be pursued in all 37 states where we are licensed to sell our health insurance, in order to discourage visits to emergency rooms, which would have salient positive effects on our bottom line. As our company motto states:

""It's time to take life-and-death medical decisions out of the greedy hands of lawyers, and put them where they belong -- in the hands of health insurers.""

Obviously, there is some risk, if we go nationwide with this program, that the predictably negative publicity could result in some pushback or loss of business, of course, but in many states we are the only firm that is still offering health insurance, so we don't have to worry about losing market share.

DECISION: DO WE GO NATIONAL WITH THIS PROGRAM OF DENYING CLAIMS FOR EMERGENCY ROOM CHARGES, UNLESS THEY ARE CLEARLY FOR A MAJOR OR LIFE-THREATENING HEALTH EMERGENCY?",,
event_health27,"FROM:     OVERSEAS NEW BUSINESS DEVELOPMENT GROUP SUBJECT:  ORGAN TRANSPLANT MARKET

As you are keenly aware, Congress is steadily whittling away at the U.S. tax benefits once available to drug companies with operations in Puerto Rico. Accordingly, as we lose these tax subsidies, we'll need to augment our overseas profits through other avenues. We think we have found an excellent new source of overseas revenue, with an exceptionally high rate of return on invested capital, but we will need about $100 million (U.S.) of seed capital from the home office to implement this bold new diversification strategy move.

The opportunity is to fill the huge and growing need for organ transplants in the U.S., Japanese and European markets. All 3 of those markets have many high-income individuals and rapidly aging populations, but a major shortage of organ donors. Latin America, by contrast, has vast numbers of healthy and youthful potential donors, many of whom would gladly trade a kidney or 2 eyes for a large cash payment. We can become the first large enterprise to organize this currently disorganized commerce, utilizing our Puerto Rican base as a window on Latin America.

WILL @CORPFULL FUND THIS ORGAN TRADING OPERATION?",,
event_health28,"FROM:  @CORPFULL MARKETING DEPARTMENT SUBJ:  SECRET MARKETING ALLIANCE TO INCREASE SALES OF OUR ZOMBEX-II MOOD-SUPPRESSANT DRUG

We have completed our secret negotiations with a number of key politicians, school administrators, and top bureaucrats in the government Child Protective Services (CPS) agency, and we have all tentatively agreed on an agenda that could result in long-term, explosive growth for our new Zombex-II mood suppressant drug product. All that is needed is your approval of the proposed secret agreement.

As you know, Zombex-II is positioned to take the place, in U.S. public schools and other institutions, of existing mood suppressant drugs that are used to keep school children quiet and manageable. What we have arranged is a highly coordinated program, where the politicians will push through a new law that will allow CPS to take children away from their parents, for ""child abuse,"" if they refuse to put their children on Zombex-II, after it has been prescribed by school authorities.

The educational bureaucrats are very supportive of this new, multi-pronged strategy, since the increased use of Zombex-II will not only make school children more manageable, but will also result in increased school funding, since we will pay a ""head fee"" each year to each school and to CPS for every child they place on Zombex-II. This provides an excellent incentive for the schools to create all kinds of new mental ""illnesses"" that require medication with Zombex-II.

The drug is highly addictive, and it drastically lowers I.Q. and the capability for critical thinking, but it makes kids very passive, pliable, and far more willing to accept any kind of mind-numbing political indoctrination that may be promoted by the school administrators' political commissars, making it an ideal tool which has already been thoroughly tested with great results in government-run schools in Iran, Venezuela, and North Korea.

Zombex-II, like its predecessor, Zombex, shuts down numerous nerve pathways and almost eliminates any activity in the cerebral cortex of the brain, much in the way that researchers have found prolonged playing of most computer games shuts off frontal lobe activity. (Both the Zombex-II drug and long hours spent playing most kinds of computer games are somewhat like getting a chemical lobotomy.)

Because of its addictive qualities, once a child is on it, he or she should become a Zombex-II customer for life, providing us with a long-term and predictable income stream, although, regrettably, the life expectancy of the customers is expected to be shortened somewhat, to about age 30 to 35, based on our preliminary testing thus far.

Of course, the drug has some fairly serious side effects upon withdrawal, like massive brain damage, heads exploding, and eyes popping out, all due to buildup of fluid in the cranium, plus some adverse effects upon heart and lung function. But those side effects from withdrawal should all help to encourage users to stay on Zombex-II permanently, which should prove to be highly profitable for us.

DECISION:  DO WE MAKE THIS LUCRATIVE DEAL WITH THE BUREAUCRATS?",,
event_health29,"SUBJ:  NEW EBOLA VACCINE -- MARKETING STRATEGY FROM:  @CORPFULL VACCINE MARKETING DEPARTMENT

As you know, we have come up with a new vaccine for the dread, almost invariably fatal, Ebola virus, but since it is an extremely rare virus, except in a few areas in West Africa, we have been unable to sell more than a few token doses of it. The investment community expects more blockbuster drugs and vaccines from us, but our ""pipeline"" of new products is nearly empty at present. The Ebola vaccine could be our ticket.

We in the marketing department have developed a new strategy that will significantly expand the market for our new Ebola vaccine, by making Ebola vaccinations mandatory for all school children in @FACT.

However, since the Ebola virus in not considered much of a health concern in that country, it will be necessary for us to offer some ""incentives"" to government officials there, in order to have them implement the forcible Ebola vaccination of students in @FACT.

The officials in question have not asked to see any data on the safety or efficacy of the vaccine, since we have done only very limited testing, with mixed results regarding serious side effects.

We have already been in secret negotiations with the health officials, and have reached a tentative agreement as to how much we will pay them as ""baksheesh."" All that is needed is your approval, and we can proceed immediately with starting production of the vaccine and delivering it in the necessary quantities to the schools in @FACT.

If this program is successful, and if side effects of the vaccinations are not too horrific (or too prominently reported in the media), we should be able to expand this program into many other countries, which could generate massive growth in our revenue stream and profits.

DECISION: DO WE GO FORWARD WITH THIS PROGRAM AND MAKE THE NECESSARY DEPOSITS IN THE SWISS BANK ACCOUNTS OF THE GOVERNMENT OFFICIALS?",,
event_health30,"U.S. DRUG ENFORCEMENT AGENCY SEIZES AND CONFISCATES THREE CONTAINERSHIPS SUSPECTED OF BEING USED IN DRUG SMUGGLING

The D.E.A., in a series of midnight drug raids, seized three large containerships owned by @CORPFULL, all of which were suspected of being used in the international drug trade. Each of the three ships has been confiscated by the DEA, and proceeds from auctioning off these large modern vessels will provide a substantial budget windfall for the U.S.'s main drug control and enforcement agency. According to reporters who accompanied the DEA agents in the ship seizures, no drugs were actually found on any of the vessels, and it remains unclear whether they were actually involved in smuggling crystal methampetamines (""Ice"") and heroin, as alleged by DEA informants. (In fact, @CORPFULL recently had won praise for helping the FBI break up a Korean drug ring.) But, regardless of whether or not the shipping company was actually guilty of any law violations, it is the major loser in this case, since the DEA has confiscated its 3 ships, worth an estimated total of @AMOUNT million.

Under U.S. ""War on Drugs"" laws, mere SUSPICION of illegal use is grounds for DEA confiscation. Proceeds of the confiscation are expected to be divided between the DEA, FBI, Justice Department prosecutors, several Federal judges, and various state anti-drug agencies and police forces, as well as the Vacation Fund of the State Police of one southeastern state, which Fund owns a large ski resort near Aspen that is used to provide free vacations to State Police officers.

""It's all for a good cause,"" said a police spokesperson.",,
event_health31,"FEDS HALT PRODUCTION AT ""OLD WISCONSIN"" PLANTS OPERATED BY @CORPFULL, CITING NUMEROUS HEALTH VIOLATIONS

The U.S. government today obtained a restraining order in Federal District Court, halting the production of ""Old Wisconsin Swill"" at all facilities of @CORPFULL, and ordering that all of such product be recalled from store shelves and distributors, due to numerous health and cleanliness violations at the company's production facilities.

Reasons cited in the court order for the production halt and product recall included the following:

. @FACT @YEAR

. In addition, the company's operating procedures were so unbelievably shoddy that almost anything, dead or alive, was likely to turn up in its fermenting tanks, including dead rats, car batteries or, in this case, 2 unidentified bodies.",,
event_health32,"NEW ""MIRACLE @YEAR DRUG"" PULLED OFF THE MARKET BY @CORPFULL, AS USERS OF DEDZONE DIE LIKE FLIES

@CORPFULL announced today that it is halting all sales of its new ""wonder"" drug Dedzone, after being hit by a rash of lawsuits from families of persons who died shortly after they began taking the new @FACT drug.

The company said that Dedzone will need further and extensive animal testing before it can be released again.

California Senator Gary Condom, Chairman of a powerful Senate committee that oversees the FDA, expressed shock and anger that the FDA would approve such a dangerous drug without a more rigorous review of its safety. The angry Senator hinted that he suspected the FDA may have been ""unduly"" influenced by bribes or even extortion by @CORPFULL, and scheduled investigatory hearings by his committee on the matter, commencing next week.  ""We're going to get to the bottom of this--I guarantee it!"" he told the Washington press corps.",,
event_health33,"MALPRACTICE AND PRODUCT LIABILITY LAWYERS HAVE FIELD DAY AT THE EXPENSE OF ARTIFICIAL HEART MANUFACTURER

@CORPFULL, maker of the ""Energizer"" human heart prosthesis, has become a clay pigeon for product liability lawyers and their clients, as a result of recently disclosed defects of a disastrous nature in the thousands of Energizers that have been implanted in human patients. Over 50% of such patients have already died, due to the tendency of the artificial hearts to stop working during electrical storms or when in close proximity to radios, TV sets or computers. Heart surgeons who have implanted the defective devices are also being sued in record numbers for medical malpractice, and as a result are themselves suing @CORPFULL.

Added woes for the maker of the device include an organized boycott of all of its medical products by a large percentage of U.S. physicians, who are outraged that the company introduced the product with full knowledge of the defect--allegedly after bribing top FDA officials to gain their approval.",,
event_health34,"13 DEAD, HUNDREDS ILL FROM MAD COW DISEASE, AS A RESULT OF EATING FROZEN DINNERS FROM @CORPFULL

@CORPFULL, a major processor and packager of foods, is in deep yogurt.

According to @MISC, the company realized not long ago that it had shipped several million packages of frozen dinners and other packaged food items to supermarkets, many of which food items were contaminated with prions in the spoiled meat from a single mule carcass, described by officials as ""road kill.""

Rather than recall the vast amount of potentially contaminated product, the company knowingly chose not to act, in the vain hope that any resulting Mad Cow Disease cases would not be traced back to @CORPFULL's products.

However, after 13 deaths and hundreds more severe, soon to be fatal, illnesses caused by prions in the dead mule carcass, authorities were finally able to trace the rash of new Mad Cow Disease cases back to @CORPFULL.

The company now faces hundreds of lawsuits and a consumer boycott.

Asked about the tragic scandal by a gang of reporters as he tried to enter the company's headquarters this morning, the company president's only response to dozens of shouted questions was, ""Yes, I'm sorry about all this -- it was a public relations disaster!""",,
event_health35,"@CORPFULL HELD LIABLE FOR CAUSING CANCER IN YOUNG SMOKERS, MUST PAY @AMOUNT MILLION

An @FACT jury today returned a verdict in favor of the plaintiffs against a tobacco company, @CORPFULL.

This was the first such decision holding a cigarette maker liable for smokers' cancer, after many years of successful defense in such litigation by tobacco companies. Previously, the companies have always managed to escape liability by hiding behind the Surgeon General's warnings that appear on every pack of cigarettes, which warn users of the consequences of smoking.

In this class action case, however, the attorneys for the young lung cancer victims whose families were suing were able to point to a recent ad campaign by @CORPFULL that minimized the risks of smoking, urging young people to: ""Light up now!  You can always quit when you want to, long before you have any health problems from smoking...Think Now!  Be Slim!""

While highly successful as marketing, the ads may prove to have been a strategic blunder.",,
event_health36,"OVER 100 @CORPFULL RESTAURANTS CLOSED DOWN FOR HEALTH VIOLATIONS -- COMPANY WAS FOUND TO BE ""RECYCLING"" LEFTOVERS

Health inspectors have closed down over 100 restaurants operated by @CORPFULL, after a lengthy investigation disclosed a widespread pattern of ""recycling"" leftover food in the company's restaurants. A spokesperson for @CORPFULL said the company ""...[D]eplores what a handful of overly-ambitious employees in a few of our restaurants have been doing, which was strictly against company policy. Those people responsible have all been fired....""

The recycling of leftovers began to come to light when health departments in many cities began receiving numerous complaints about being served food that appeared to be leftovers, and perhaps salvaged from garbage cans, as in the case of one patron who found a cigarette butt in his mashed potatoes, and another diner who noticed her salad contained fish bones and a beer bottle cap.

A number of local government health agencies then undertook an investigation of over 150 of @CORPFULL's restaurants. The investigators soon learned from employees and ex-employees, some of whom had been fired for refusing to ""recycle,"" that most of the company's restaurants were consistently ""recycling"" leftover food, uneaten by customers, such as by putting partly eaten fish filets in the next day's seafood chowder, using half-eaten chicken parts to mix into and extend hamburger meat, or washing the dressing off uneaten salad greens, to make new salads.

Since not all the employees at any given restaurant in the chain were ""in"" on the food recycling scheme, those who were often had to discreetly retrieve food items from garbage cans, where it had been disposed of by other employees who were not involved in the scam operations.

All told, over 100 restaurants owned by @CORPFULL were shut down indefinitely today, and fines and other costs resulting from the scandal are expected to cost the company @AMOUNT. this quarter, in addition to its loss of reputation and consumer confidence in the future.",,
event_health37,"GOVERNMENT SHUTS DOWN @CORPFULL HOSPITALS UNTIL FURTHER NOTICE, AS ""UNSAFE, FILTHY, AND DISEASE-RIDDEN""

The U.S. Federal government has taken action to shut down over a dozen acute care hospitals and nursing homes operated by health care provider @CORPFULL.

Rumors have been rampant for months about how patients were dying in large numbers from staph and other infections in facilities operated by the large health care company. The company's hospitals were being compared to ""roach motels, where you check in, but don't ever check out,"" as large numbers of patients were rumored to be contracting various deadly infections in @CORPFULL facilities.

Government investigators have now confirmed the rumors, finding that very large numbers of patients were either dying or becoming extremely ill from various infections they had caught while in health care facilities owned and operated by @CORPFULL.

While a government spokesman refused to give any specifics as to why it was shutting down a number of the company's hospitals and nursing homes, unnamed sources in the Justice Department have suggested that the company was reusing a wide range of medical supplies without properly sterilizing them, including hypodermic needles used on AIDS patients, and surgical instruments used on victims of Mad Cow Disease, which are virtually impossible to sterilize, since the ""prions"" (proteins causing Mad Cow Disease) continue to be lethal even after being baked at temperatures of more than 1500 degrees Fahrenheit. Rumor has it that the company was even washing and reusing surgical dressings, in order to cut costs, giving rise to a great many lethal staphylococcus infections and infections from untreatable flesh-eating bacteria, resulting in hundreds of deaths and amputations.

Lawyers representing victims of the company's cost-cutting practices have described its hospitals as being ""...among the more pestilential pits of hell..."" or ""...abattoirs for humans...,"" and are promising that @CORPFULL's stockholders and lenders will be made to pay for its heinous crimes against patients.",,
event_health38,"BIOTECH FIRM ALLEGED TO HAVE SUPPRESSED CURE FOR CANCER!

@CORPFULL, a leading biotech company and maker of a highly successful chemotherapy drug, NuToxin, is said to have discovered a natural herbal substance that cures all forms of cancer, with cure rates of over 90%, and no harmful side effects, but the firm has allegedly concealed all of its findings and destroyed all its files and all evidence of its research program.

According to a former employee, the substance, referred to only as ""Herb 27"" in one of the few research reports he saw before the company destroyed all the documents, was said to be a natural plant extract, obtained from a rainforest herb --possibly from Africa or, perhaps, South America or Indonesia. The document he saw mentioned the source of the herb only in coded terms, as ""Resource Area 27.""

According to an affidavit filed by the ex-employee, the company was afraid that disclosure of the existence of the cancer cure would severely impact sales of its enormously profitable chemotherapy drug, NuToxin. Then, when the company failed in its efforts to develop a patentable artificial version of the plant extract, with cancer-fighting properties similar to the natural substance, they decided to ""deep-six"" their findings on ""Herb 27,"" by destroying all research records and any other information that might indicate what the plant was or where it came from.

Company officials deny that the company has ever discovered any such herb, stating that, ""We have tested a number of natural substances from various sources, such as rainforests and coral reefs, but have not found any that were promising as cancer treatments. The best cancer treatment is, and will continue to be, our NuToxin chemotherapy drug.""

Perhaps not coincidentally, several employees of the company, who were formerly engaged in obtaining exotic botanicals from various rainforests around the world, have all met with unexplained fatal accidents or have been slain in executionstyle murders in recent months, so it appears that they took the secret identity of Herb 27 with them to the grave.

Meanwhile, several major hospital chains have announced, as a form of protest, that they will cease buying NuToxin or any other medical or pharmaceutical products made by @CORPFULL.",,
event_health39,"@CORPFULL FOUND TO BE TARGETING THE ELDERLY WHO ARE SUFFERING FROM ALZHEIMER'S DISEASE AS CLIENTS, WHILE UNCONSCIONABLY GOUGING ON FEES

Government investigators today announced in a televised press conference that they have discovered a shameless marketing program targeting senile or borderline feeble-minded elderly individuals, who are being gouged by exorbitant banking and trust service fees, imposed by @CORPFULL.

Officials produced an internal memo obtained from a whistleblower who formerly was employed by the bank, who became disgusted with the way the bank is alleged to have been taking advantage of elderly clients who were in the early stages of senility, but who had not yet had relatives appointed to manage their finances and affairs and had not yet been institutionalized.

Because of the fraudulent overcharging of these vulnerable clients, the bank has been fined @AMOUNT million and the damage to its reputation is expected to have highly negative financial repercussions for years.

Banking regulators said they were shocked by the extent to which @CORP had targeted its marketing efforts at clients 80 years old or older and had taken advantage of those who were most easily manipulated into paying for bank services that they either did not need or did not receive, while being charged fees several times greater than other bank customers.",,
event_health40,"@CORPFULL SANCTIONED FOR UNSCRUPULOUS TACTICS, IN DENYING HEALTH INSURANCE CLAIMS OF PATIENTS FOR EMERGENCY ROOM TREATMENT

@CORPFULL, a health insurer with national operations in the U.S., has come under heavy criticism for its harsh policy of denying claims of patients who go to a hospital emergency room, if it turns out the patient did not have a life-threatening or serious condition that required immediate treatment. By doing so, and allowing policyholders whose claims are denied to be stuck with huge hospital bills, making an example of them, the company has found that it not only saves itself money from denying the claims, but terrorizes other policyholders, who then become afraid to go to a hospital emergency room if they are not absolutely certain that their condition is one that requires emergency treatment, and will be covered by their health insurance.

It has been a financial bonanza for the company, as the number of claims submitted to it for emergency care have decreased precipitously, but this has caused a number of deaths of individuals who had severe health conditions and should have gone in for emergency care, but were afraid to, and in a large number of cases where patients mis-diagnosed themselves and did go to an emergency room, they have been financially devastated or bankrupted when the deceitful insurance company refused to pay their claims.

As a result of investigations by the attorneys general of the 37 states where @CORP operates, the company has had its licenses to sell health insurance in those states revoked, due to its unethical and, in some cases, highly illegal, benefit denial practices.

In addition, major class action lawsuits have been filed on behalf of all of the company's health insurance policyholders, alleging ""bad faith"" in issuing insurance policies where the company intended to avoid paying the promised benefits, as was outlined in an emailed internal memorandum that was recently leaked to investigators by an anonymous whistleblower or hacker.

The reaction to this news on Wall Street was quite predictable, as the company's shares swooned, when investors realized its most profitable division was no longer going to generate anything but red ink.",,
event_health41,"@CORPFULL FORCED TO HALT SALES OF ZOMBEX-II; THOUSANDS OF LAWSUITS FILED AGAINST THE COMPANY

The government drug agency has banned all further use of the controversial Zombex-II mood-suppressant drug, the most profitable single drug ever manufactured by pharmaceutical firm @CORPFULL.

The drug ban comes on the heels of the seventh violent school incident in a month, where three 11-year-old boys with knives went on a rampage and killed 5 other students and 3 teachers, while injuring 15 others before being shot by members of a police SWAT team. As in the other six recent school tragedies, each of the berserk students was taking Zombex-II medication, but attempted to get off the drug, which seems to give rise to the anti-social and violent behavior.

Zombex-II is a more potent drug than its predecessor, Zombex, which has long been in wide use as an industrial-strength sedative for the elderly in nursing homes, to reduce the appetite and food consumption of nursing home patients. It is also widely used by circus animal handlers and zookeepers to stun and subdue elephants and other large ungulates, such as rhinos or Cape buffalo.

The Zombex-II drug has been prescribed by school districts for millions of young children in recent months, despite strong resistance from many parents who felt their children were not in need of any such medication, but were merely normal, energetic children, unwilling to sit still for 7 hours a day, without moving, while listening to endless boring lectures.

However, under recently enacted new laws, parents who refused to put their children on Zombex-II were routinely threatened with having their children taken away from them by the state, so the drug is currently prescribed for over 80% of all school children in the schools of @COUNTRY.

Tragically, of the more than 12,000 children taken away from parents so far under this program, Child Protective Services has ""lost"" over 7,000 of the children, many of whom are believed to have been sold to satanic cults by civil servants who work for the CPS agency, while a few others have turned up in slave markets in Saudi Arabia, Yemen, Somalia, and the Sudan.

Health authorities have now halted all sales of the drug, noting that it is not only vastly over-prescribed, but also has several major common side effects, which include diarrhea, vomiting, rectal bleeding, miscellaneous personality disorders, aneurysms, permanent neurological damage, pulmonary distress, suppression of liver and kidney function, heart stoppage, brain swelling, loss of hearing, seizures, convulsions, coma, blindness, black stools, hallucinations, and suicidal and/or homicidal ideation.

Drug company officials have warned against banning Zombex-II, pointing out that any withdrawal from the drug will usually result in bleeding from the eyes, massive brain damage, and cessation of heart and lung function in most users, not to mention a high probability of of homicidal behavior during the early stages of withdrawal.

Loss of its Zombex-II sales, together with billions in legal damages, is likely to severely impact the financial results of @CORPFULL in the coming months.",,
event_health42,"@CORPFULL EXECUTIVES TO FACE JAIL TIME FOR BRIBING FOREIGN GOVERNMENT OFFICIALS IN EBOLA VIRUS VACCINE SCANDAL IN @YEAR

Thousands of healthy school children have been unnecessarily vaccinated for the Ebola virus, thanks to corrupt government officials in @FACT and corporate greed.

According to reports coming out of that nation, the mandatory vaccination of school children was a plan cooked up by vaccine maker @CORPFULL, which paid bribes to numerous school and health officials who were able to implement the unneeded immunization program, forcing all school age children to be vaccinated, even when their parents protested in large numbers.

Health experts say the Ebola virus has never been detected anywhere in @FACT -- or even on the same continent.

The financial part of this scandal, the serious waste of government funds on the Ebola vaccine instead of being used to address real health problems, is a significant problem for the company (which is being sued in the World Court for massive damages), but the real tragedy here is the horrendous list of side effects that up to 30% of the vaccinated children have experienced, including seizures and autism, as well as numerous deaths, from the minimally tested Ebola vaccine.

There are also several reported cases of children apparently having been injected with live Ebola virus, all of whom died within 72 hours. The government of @FACT is refusing so far to comment on reports of a rapidly spreading Ebola epidemic in rural areas of @FACT.

Company executives have been arrested in the company's home country (@COUNTRY) and it is expected that several will spend time in prison for their unlawful attempts to increase vaccine sales for their employer, @CORPFULL.

A @CORP spokesperson said that the accused executives all stood to benefit greatly from employee stock options they held, if their scheme had succeeded in boosting the earnings and stock price of the company.

According to preliminary investigations, the vaccine scam was created and orchestrated by a rogue group of marketing executives at the company, who acted without the knowledge of @CORP's controlling shareholder, @MISC, who is cooperating fully with authorities and has vowed that ""...[W]e will get to the bottom of this tragic story, and see to it that the perpetrators pay for this heinous crime. We are doing our own, separate investigation of this unauthorized scheme and are confident that when all is said and done, their actions will not have besmirched the good name and fine reputation of @CORPFULL...""",,
event_health43,"@CORPFULL FOUND GUILTY OF SELLING BIO-WAR TECHNOLOGY TO ISIS, MUST PAY FINES OF @AMOUNT MILLION

A federal jury today found @CORPFULL guilty of selling biological warfare technology to the Islamic State (ISIS), which was used last month to exterminate the entire Kurdish population of Iraq and Syria and which ISIS immediately incorporated into its Silkworm Missile warheads and used in a short but brutal war of annexation and extermination with Saudi Arabia last week.

Over 85% of the population of Saudi Arabia died after being infected with the invariably lethal Omega @FACT, sold to ISIS by @CORPFULL without the proper license.

Once the deadly pathogen finished its work, ISIS troops met little resistance as they swept into the heavily-armed Kingdom and quickly slaughtered or captured the remaining Saudi population, shipping the few survivors in crates to camps located in former Kurdish areas of Syria, to be used by the ISIS government for various biological experiments. Sale of the Omega @FACT to ISIS violated U.S. technology transfer restrictions, which resulted in a large fine being imposed on @CORPFULL.",,
event_health44,"@CORPFULL'S NANOROBOTS RUN AMUCK, MULTIPLYING LIKE A VIRUS; TENS OF THOUSANDS DIE IN IRAN, AS MAN-MADE DISEASE SELF-REPLICATES, RUNS WILD

Neighboring countries have sealed off their borders with Iran, in order to try to quarantine the raging epidemic set loose in Tehran, when trillions of tiny self-replicating nanorobots, designed to clean out the arteries of human patients, began to evolve into different forms, multiplying rapidly and killing, rather than curing, their human hosts.

The tiny robots, developed in @COUNTRY by a capital goods and robotics company with little or no medical experience, @CORPFULL, have proved to be an incurable manmade virus, in effect. The only way to deal with the nanorobots, which survive the death of their hosts, has been to burn the bodies of the victims in place at high temperatures, which is being done by thousands of Iranian haz-mat teams at present, dressed in asbestos suits that the tiny robots cannot penetrate. While the governments of Iran, India, Pakistan, and Iraq all say the situation is ""under control,"" some Internet reports out of India say the death count may already be in the millions, not just tens of thousands, in that nation.

The epidemic began at a Iranian political prison facility, where @CORPFULL's nanorobots were being tested on several thousand healthy political prisoners, whom the government of the Islamic Republic of Iran consider to be more expendable (and numerous) than mice, and who were given little choice in the matter. After an initial test period of several months, when results seemed quite promising, despite high casualties, the tests were then expanded to several other major prisons, at which time the self-replicating nanorobots apparently had just ""learned"" how to evolve. Soon they were multiplying uncontrollably in a new, virulent form, using the bodies of their hosts for building materials, and thus the epidemic has quickly spread throughout much of South Asia, and into border regions of China and Bangladesh.

While the U.S., Japan, Europe and most other countries have now banned all incoming flights or ship arrivals from Asia, for fear of contamination, several hundred cases of nanorobotic infestation have already been reported in Rome, London, and Seattle, and U.S. lawyers are already working overtime, filing lawsuits against the manufacturer, @CORPFULL.

As science fiction writer Isaac Asimov put it many years ago, ""It's seldom a good idea to build too much intelligence into self-replicating machines....""",,
event_health45,"STATES REVOKE LICENSES OF NURSING HOMES OPERATED BY @CORPFULL; FACILITIES TERMED ""ABOTTOIRS""

In a joint news conference, the Attorneys General of Florida and Arizona revealed a shocking story of corporate greed and abuse of elderly nursing home residents. As a result, the huge chain of nursing homes operated by @CORPFULL, most of them Alzheimer's facilities, have been completely shut down in both states, and their licenses revoked. Large fines and criminal sanctions are also pending with respect to the company and the responsible officers of its nursing homes division. In a detailed statement, the law enforcement officials revealed how the unscrupulous and callous employees of the company cut food rations to residents to only 350 calories a day and operated the homes with hardly any staff, relying instead on an ""industrial strength"" version of Zombex (R), a drug said to turn patients into virtual zombies, with frequent adverse reactions, often lethal.

Allegedly, both the reduced rations and dangerous drug dosages were intended by company actuaries to shorten the life expectancy of residents, from whom the company receives a single large lump sum payment in return for ""nursing care for life.""

-------------------------------------------------------------- ZOMBEX (R) and ZOMBEX II (R) are both registered trademarks of Sta-Hi Pharmaceuticals, makers of fine drugs, including Zombex, which has been proven to increase passivity in nursing home patients. Sta-Hi Pharmaceuticals is also the maker of the new Zombex II drug, for sedation and I.Q. reduction of overlyactive or overly intelligent school children who grow restive in boring, all-day-long grade school political indoctrination classes. Zombex II is widely in use in schools in Cuba, Iran Venezuela, Syria, Libya, Ukraine, and in many public schools in the United States. It has been shown to be somewhat effective in maintaining school discipline and to be highly effective in lowering student I.Q.'s, test scores, and graduation rates. --------------------------------------------------------------",,
event_health46,"""STACHELDRAHT"" VIRUS TRACED TO @CORPFULL; COMPANY MAY BE LIABLE FOR BILLIONS IN DAMAGE DONE BY THE VIRUS, WHICH IT DEVELOPED AND PROPAGATED

The network and telecom equipment maker @CORPFULL has been charged by Interpol with maliciously shutting down over 75% of all Internet sites for a period of 24 days, by creating and disseminating the vicious ""Stacheldraht"" (German for ""barbed-wire"") computer virus, which had swept around the world for almost a month, disabling web servers made by most of the other companies in the network equipment industry, other than @CORPFULL, until effective ""vaccines"" were finally developed for this virus.

The virus, a notorious ""Trojan Horse""-type virus, was disseminated widely by a team of young hackers that the company allegedly installed in a posh beachside mansion near Negril Beach, in Jamaica. The young hackers, who were supplied with unlimited cola drinks, junk food, and computer games, were also paid large bonuses based on the number of competitors' servers they could bring down by means of coordinated denial of service attacks by the virus.

The gang of young hackers apparently were modifying (or ""mutating"") the virus almost constantly, to keep it in play, and to skirt around antivirus software, which seems to have been hopelessly outclassed by the young hackers.

Total damages incurred by millions of businesses and other web site operators around the world for the 24 day period, while most were shut down, were enormous. Now that Interpol has traced the virus to @CORPFULL, the Jamaican authorities have arrested the young group of hackers the @COUNTRY company employed.

@CORPFULL will now face a host of lawsuits and criminal charges against it and its top executives, in the United States and other countries where it operates. Also, the Supreme Ayatollah of Iran has issued a Fatwa, calling for the dismemberment and death of the individual primarily responsible for this disaster, @YEAR.

Although the company's reasons for unleashing the destructive virus on the world have not yet been established, officials believe that it was @MISCan attempt by @CORPFULL to drive its competitors out of business, by rendering the servers they make useless, while its own servers were largely exempted from attack by the carefully designed Stacheldraht Virus denial of service attacks.",,
event_health47,"MAJOR DRUG COMPANY FOUND TO BE DEEPLY INVOLVED IN ILLEGAL TRADING IN HUMAN ORGAN TRANSPLANTS; DONORS MURDERED BY THUGS OR EXECUTED TO OBTAIN SALEABLE ORGANS

Government investigators in @FACT have brought criminal charges against @CORPFULL, a major drug company, which has been implicated in a horrific scheme of murder for hire, in order to obtain healthy human parts for resale to wealthy recipients in @FACT and other wealthy countries. Sanctions will include monetary fines of some @AMOUNT million.

The company initially began legally acting as a sort of clearinghouse for locating organ donors in poor Latin American and Caribbean countries, and connecting them to wealthy organ transplant recipients in the United States. Eventually, as the company realized how profitable this trade was, and found that the number of voluntary donors was only a fraction of potential demand in the U.S., @FACT, and other developed countries, they contracted with various criminal gangs (governments) in Latin America and the former Soviet Union, to obtain body parts by any means necessary, no questions asked. Ultimately, this led to large scale murder, filling organ orders on demand, carried out by ""death squads"" in Latin America and by execution of political prisoners, in order to harvest their valuable organs, in places like Iran, the Russian Federation, and [REDACTED].",,
event_health48,"FDA HALTS SALES OF ""NEW, IMPROVED"" CIGARETTES BY @CORPFULL, SAID TO CONTAIN NARCOTICS

Responding to findings of a Senate Select Committee, the U.S. Food and Drug Administration has ordered a halt to sales of, and seizure of all existing stocks of, the ""new, improved"" brands of cigarettes made by tobacco giant @CORPFULL.

The new cigarettes, whose sales have soared in a generally shrinking U.S. cigarette market, have been found by FDA scientists to be unusually addictive, not merely because of high nicotine and pyrazine content, but because of the company's addition to the tobacco of tetra-hydrocannabinols (THC), the active chemical ingredients in cannabis indica (hashish), which remains an illegal narcotic under federal and many state laws. The main reason for the success of the new cigarettes is the added hashish ""high"" they impart to users, which has tended to increase the addictive quality of an already habit-forming product.

A secondary side effect, due to the extremely high dosages of THC added to the tobacco, is with regard to the mental health of chronic users, as many tend to develop paranoia and, in some extreme cases, hallucinations, referred to by government antimarijuana propaganda in the distant past as ""reefer madness.""

Company losses from the FDA ban are expected to be substantial.",,
event_labor1,"ROBOTS TAKING OVER INDUSTRY: HUMAN WORKERS BECOMING SUPERFLUOUS

Robotics has become the world's largest single industry, as numerous companies, almost fully automated and using robots to build robots, continue to produce robots, large and small. The robots now serve almost every conceivable function, from piloting jetliners to nanorobots performing gene therapy at a molecular level. Some commentators have compared the recent proliferation of robots to the spread of small electric motors to all facets of the economy over a century ago. Like previous industrial revolutions, however, this one is not without casualties, as robots continue to replace human workers throughout every industry, from cab drivers and construction workers, to heart surgeons and lawyers. Some of the new ""android"" robots are now so realistic that they are nearly indistinguishable from humans, and have even begun to replace deceased movie celebrities.

Not surprisingly, however, the huge increase in robot production and utilization is providing a strong growth component to the electronics, computer, software and semiconductor industries, which seem poised for many years of explosive growth and profitability, as robots replace more and more functions currently performed by humans.",,
event_labor2,"COMPANIES ENJOYING TECH BOOM, PROVIDE BEST OF EVERYTHING FOR EMPLOYEES -- LIFE IS GOOD

Companies in the Tech industries, including computers, software, telecom, Internet, and related fields, are enjoying a boom of major proportions lately, and are offering all kinds of enticements to hire and keep good employees, as there is a serious shortage of highly-qualified tech workers, any of whom can ""write their own ticket"" these days.

Some of the fringe benefits tech companies are offering to their employees at present, to keep them happy and in place on the job, include the following:

. Free services of massage therapists, or in some cases, personal trainers;

. Refrigerators in the coffee room are stocked with Perrier, fresh fruit and vegetable juices, next to the latte or espresso machines that dispense expensive coffees, all for free; and

. First class air travel is standard, on any company travel assignments.

...Not to mention the free beer and weekend parties on most Fridays, often with live bands providing the entertainment.

Life is good, for employees of fast-growing, highly profitable tech firms these days, and the future seems unlimited.",,
event_labor3,"FROM:     LEGAL DEPARTMENT AND LABOR RELATIONS DIVISION SUBJECT:  BARGAINING STRATEGY IN UPCOMING TRUCKERS' STRIKE

At this time it looks like there is no way the Truckers are going to agree to our demand for a 15% cut in wages and benefits when our current collective bargaining contract with the union expires next month. In fact, they are likely to go out on a long, crippling strike, seeking the 10% pay INCREASE that union leaders promised their members in union elections.

This is bad news, since we are finding it increasingly difficult to compete with all the Mexican trucking companies which are now operating in the U.S. under the latest trade agreement, which exempts them from U.S. safety rules, minimum wage laws, and other rules we and other U.S. and Canadian truckers have to play by.

Fortunately, there does seem to be one way out. The new union leadership has hinted that they are willing to accept direct payments to them personally (on the order of $5 million U.S., in total), in which case they would be willing to take the heat from their rank-and-file members, and go along with the 15% pay cut we are offering.

We will, of course, take all the usual precautions (payment in cash, in small, unmarked bills, left in the trunk of a rental car at the airport). We know the drill.

DECISION:  DO WE BUY OFF THE UNION OFFICIALS?",,
event_labor4,"SUBJECT:   PROPOSED STRIKE THREAT BY EMPLOYEES:  PROS & CONS OF PROPOSED CORPORATE RESTRUCTURING

Our labor experts are warning that employees are extremely upset about what this proposed transaction will mean to their job security and are theatening to go on strike if we proceed with the restructuring of @CORPFULL.

Legal counsel argues that the employees are just bluffing, and that they are so underpaid that most of them can't afford to strike and be without a paycheck for more than a few days, so that we should not let their idle threats deter @CORPFULL from completing this transaction.

What do we do?  Do we call their bluff?

Select ""YES"" if you want to proceed with the transaction, or ""NO"" to cancel it now.",,
event_labor5,"FROM:     CORPORATE TREASURER, @CORPFULL SUBJECT:  TRADING OPPORTUNITY IN @LOSS FUTURES

A former employee of ours is currently a well-placed staff member at the @FACT. He has offered, in return for a modest deposit into his Bahamian bank account, to pass along some very market-sensitive information, just prior to its upcoming release by his government agency.

@CORPFULL can make a huge, quick profit by our taking some large and highly-leveraged futures positions in, e.g., @YEAR, before the announcement.

The trades will all be done in an offshore trading account, in case it becomes necessary to keep the transactions secret. We have hired a commodity trader with a criminal record, as an ""off-the-books"" employee, who we will set up with a small office in the Cayman Islands and access to enough seed money to execute the trades, which will lbe highly leveraged and should be immensely profitable.

Strictly speaking, this will not be entirely ethical, as we'll be trading on inside information, but it is not illegal for us to do so, since we're dealing with futures transactions, rather than corporate securities, so the SEC can't come down on us, even if the source of our information were to leak out.

DO WE GO FOR THIS LUCRATIVE OPPORTUNITY?",,
event_labor6,"FEDERAL COURT INVALIDATES COLLECTIVE BARGAINING CONTRACT BETWEEN TRUCKERS UNION AND @CORPFULL

The U.S. Court of Appeals for the Federal Circuit today ruled that a collective bargaining agreement between the trucking firm @CORPFULL and its Truckers Union drivers, which cut drivers' wages and benefits by 15%, was fraudulent and obtained only by means of bribing union president Guido Siciliano and other members of the crime family who ran the Truckers Union until their recent arrests for racketeering.

Accordingly, the Appeals Court upheld an earlier District Court judgment that ordered the trucking company to pay a total of @LOSS. in damages and back wages to the union and its members, as well as @AMOUNT million in fines to the federal government for violations of the National Labor Relations Act.

On Wall Street, shares of @CORPFULL plummeted on the news, as wildcat Truckers Union strikes erupted in many areas. Meanwhile, a spokesperson for the company appeared on the Financial Network and she bluntly stated, ""So the drivers get their ridiculous wage increase? We don't give a [REDACTED] -- we'll just replace all of them with selfdriving trucks in a year or two....""",,
event_labor7,"@CORPFULL SUED BY EMPLOYEES FOR RAIDING THE COMPANY PENSION PLAN -- MUST REPAY @AMOUNT MILLION TO PENSION PLAN AND MAKE UP INVESTMENT LOSSES

Not long ago, @CORPFULL's management, looking for a quick way to boost earnings (and increase their annual bonuses and the value of their employee stock options), decided to tap into the employees' pension plan that is maintained by the company.

For years, the company had more than adequately funded the pension plan, which operated under the very conservative assumption that it would earn only 5% a year on investments, when in fact it generally did a bit better than that, by investing cautiously in a portfolio of blue-chip stocks and bonds and government securities.

However, @CORPFULL's executive team chose to boost corporate earnings by changing the Plan's actuarial assumptions. Thus, by assuming that the plan's invested funds could now earn 9.5% a year, they instantly created a large ""overfunding"" surplus in the Plan, and took that surplus back out of the plan (and directly into corporate income), in the amount of @AMOUNT million.

Things rapidly went downhill after the raid on the pension plan kitty, however.

Since it was no longer possible to consistently earn 9.5% on assets by investing conservatively, the company then hired a fly-by-night investment management group that ""guaranteed"" they could earn 20% annually by strategies such as day trading and investing the Pension Plan funds in a variety of high-risk investments. The latter included currency swaps, pork belly futures contracts, antique collectibles, cryptocurrencies, and other speculative assets. Most of those speculations were financed with margin debt from the Plan's stockbrokers, Churnam, Whipsaw & Downtick, at 12% interest rates.

The result was a 40% drop in the Pension Plan's portfolio after only a few weeks of disastrous trading losses, which led to the lawsuit by employees, under which the company must now pay in some @AMOUNT million to the Plan to make it whole again.

...If @CORPFULL can. Otherwise, the employees, many of whom have spent their entire working lives with the company, will receive only a small fraction of the pensions they were promised they would receive at retirement.",,
event_labor8,"LABOR DEPARTMENT SHUTS DOWN SAIPAN ""SLAVE LABOR CAMPS""; HELLHOLES WERE OPERATED BY @CORPFULL

@CORPFULL, a major textile company, has had all of its operations in the Northern Marianas island of Saipan closed down by the U.S. Dept. of Labor and an investigation of fake ""Benetton"" sweaters made at the company's plants by U.S. Customs officials is also under way, according to reports.

Labor Department investigators say the company not only took advantage of major tax loopholes for having its mills in Saipan, but also of its imported workers, from Mainland China, Laos, and the Phillipines. They were housed like convicts in grim, windowless concrete dormitories and fed just enough to keep them alive. All their meager sweatshop wages, and more, were charged to them for their room and board, so that all workers got deeper in debt each day they worked, even after working 14-hour days, seven days a week, ""...in conditions that would make a pig puke....""

Lena Goodbody, the Hollywood star and chief spokesperson for @CORP, expressed shock and horror at these revelations, claiming that the company and she had no knowledge of the appalling conditions.",,
event_labor9,"LABOR STRIFE ROCKS @CORPFULL

@CORPFULL is experiencing some labor problems.

As they had promised, employees of the company have now made good on their threats to mount an all-out strike against @CORPFULL.

The strike comes at a bad time and it will severely depress @CORPFULL's profits and competitive position in the @IND industry.

Several employees who have tried to cross the picket lines have already been @FACT by the strikers, and are suing @CORPFULL for failing to protect them.

Labor law experts are now advising that this may turn out to be a long and bloody strike, and that management of the company should not be surprised if the strikers resort to arson or other extreme acts of violence in order to damage the company and its property. Win a few, lose a few....",,
event_labor10,"@CORPFULL LOSES GOVT. AND EMPLOYEE LAWSUITS

Office workers at the company won a class action in federal court today in the amount of @AMOUNT., as a result of lower back and head injuries sustained while they attempted to work in tiny, cramped cubicles, with lids only 5 feet high covering their claustrophobic workspaces. Apparently, hundreds of employees have suffered back problems as a result of their contortions from trying to work in the small cubicles, jammed in with their desks, files, and computers. Several hundred others incurred head injuries when attempting to stand upright in the low, crowded boxes, which originally were to have been 6 feet high, and 6 feet square, but which were, at the behest of the accounting department, shrunken down to 4 x 4, and only 5 feet high. Since fewer than 1% of the company's employees are shorter than 5 feet in height, these ""slave quarters"" or ""veal-fattening pens,"" as described by disgruntled workers, were obviously an accident waiting to happen.

The company was also the loser, under a related lawsuit filed by the @MISC.

Cubicles will now have to be restored to their original size by @CORPFULL, under that ruling.",,
event_legal1,"ASBESTOS LAWSUITS PLAGUE INDUSTRY; MANY COMPANIES EXPECTED TO GO BANKRUPT AS RESULT; ASBESTOS LAWYERS NOW HAVE A MAJORITY OF SEATS ON U.S. SUPREME COURT

Personal injury lawyers in the United States broke out their best Champagne, following the announcement that one of their ranks, a leader in the asbestos litigation that has already spawned so many attorney-billionaires, has been appointed to the U.S. Supreme Court, after the Asbestos Trial Lawyers Association donated huge sums to help elect President OcasioCortez in the last U.S. presidential race.

This latest Supreme Court appointment raises the number of asbestos lawyers appointed to the court in the last few years to five, of the nine justices, ensuring that asbestos lawsuits will get an even friendlier reception from now on, for any appeals to the highest U.S. court.

""This is a final nail in the coffin,"" said the CEO of a major building materials company in New York. ""Our industry is the primary target, but they'll be looting companies in every industry now, wherever there are 'deep pockets' to be found, and quick fortunes to be made for the plaintiffs' lawyers.""

Advertising agencies are expecting a large increase in ad revenues from law firms, which have already begun producing slick television commercials, urging anyone with a lung problem, and smokers especially, to come in for a share of the damages from lawsuits against any company that has deep pockets, if they have ever been in or near a building in which asbestos may have been used at some time.",,
event_legal2,"@CORPFULL IS LOSER IN PRODUCT LIABILTY LITIGATION

In a major product liability lawsuit, a jury has found that @CORPFULL, which @HUMOR and sells several types of large SUV's, is liable for injuries to drivers and passengers of smaller, flimsy automobiles who are involved in collisions with the large, heavy, solidly built SUVs, designed for the maximum safety of passengers, which are manufactured and sold by @CORPFULL.

Damages in the class action lawsuit were set at @TEXTSTRING",,
event_legal3,"NOTORIOUS CORPORATE RAIDER INCURS HUGE FINE FOR ILLEGALLY TRADING ON INSIDE INFORMATION

Government securities regulators have decided to drop all criminal charges against well-known Wall Street investor and corporate raider, @CORP.

Instead, the government has imposed a massive civil penalty on the perpetrator for being a recipient (""tippee"") of invaluable inside information about various corporations. A fine has been imposed in the amount of @TEXTSTRING.

The prosecuter in the case released the following statement to the press:

""Today, after a lengthy investigation, we have levied a very large fine on a person who has violated the integrity of our securities markets, by obtaining inside information on various companies from various sources, which may or may have not been used for personal enrichment, but in any case, could have been. That individual is @CORP.

""This kind of corruption in our capital markets simply cannot be tolerated. Investors need to know when they buy or sell stock in a company that they are not being robbed by someone with inside knowledge of an upcoming transaction or events that would soon greatly change the value of the stock they are trading. Otherwise, it is like playing poker with a dealer who gets to see your cards before betting.

""We were led in this case by a confession of the person who was the provider of the inside information. He is currently in prison for his role in this scandal, but he 'ratted out' several individual 'tippees' to whom he leaked such crucial company information and, in exchange for his testimony and cooperation, has been given a reduced sentence of only eight years in a minimum security prison. The testimony of the informant was supported by recordings of incriminating phone calls between him and the defendant, which were obtained from the database maintained by [AGENCY NAME REDACTED], which monitors and stores all phone calls made between potential terrorists, in every country.

""We sought to impose a large fine on the 'tippee' in this case, rather than seek a criminal conviction, due to our desire to avoid a long and expensive criminal prosecution and because the perpetrator agreed to plead guilty to civil charges and pay this fine, to avoid being tried for a felony. Besides, the government needs the money that this miscreant, in effect, stole from other investors.

""The @HUMOR hopes that this very stiff fine will be a strong deterrent to such unscrupulous conduct by greedy, money-grubbing, anti-social psychopaths in the future, such as the likes of @CORP.""

In response to the @HUMOR's statement, the following brief retort was issued by @CORP:

""I very strongly disagree with everything the @HUMOR is saying. I am not a psychopath.

""I am a high-functioning sociopath.""",,
event_legal4,"SLEAZY WALL STREETER INCURS LARGE FINE FOR ILLEGALLY TRADING ON ""INSIDE INFORMATION""

Government securities regulators have decided to drop all felony criminal charges against an unscrupulous, small-time Wall Street trader, @CORP.

Instead, the government has imposed a heavy civil penalty on the perpetrator for being a recipient (""tippee"") of invaluable inside information about various corporations. A fine has been imposed in the amount of @TEXTSTRING.

The prosecuter in the case released the following statement to the press:

""Today, after a lengthy investigation, we have levied a fine on a dishonest person who has violated the integrity of our securities markets, by obtaining inside information on various companies from various sources, which may or may have not been used for personal enrichment, but in any case, could have been. That individual is @CORP.

""This kind of corruption in our capital markets simply cannot be tolerated. Investors need to know when they buy or sell stock in a company that they are not being robbed by someone with inside knowledge of an upcoming transaction or events that would soon greatly change the value of the stock they are trading. Otherwise, it is like playing poker with a dealer who gets to see your cards before betting.

""We were led in this case by a confession of the person who was the provider of the inside information. He is currently in prison for his role in this scandal, but he 'ratted out' dozens of individual 'tippees' to whom he leaked such crucial company information and, in exchange for his testimony and cooperation, has been given a reduced sentence of only eight years in a minimum security prison. The testimony of the informant was supported by recordings of incriminating phone calls between him and the defendant, which were obtained from the database maintained by [AGENCY NAME REDACTED], which monitors and stores all phone calls made between potential terrorists, in every country.

""We sought to impose a large fine on the 'tippee' in this case, rather than seek a criminal conviction, due to our desire to avoid a long and expensive criminal prosecution and because the perpetrator agreed to plead guilty to civil charges and pay this fine, to avoid being tried for a felony. Besides, the government needs the money that this low-life criminal, in effect, stole from other investors.

""The @HUMOR hopes that this very stiff fine will be a strong deterrent to such unscrupulous conduct by greedy, money-grubbing, anti-social psychopaths in the future, such as the likes of @CORP.""

In response to the @HUMOR's statement, the following brief retort was issued by @CORP:

""I very strongly disagree with everything the @HUMOR is saying. I am not a psychopath.

""I am a high-functioning sociopath.""",,
event_legal5,"CLASS ACTION LAWSUIT RESULTS IN JUDGMENT FOR @AMOUNT MIL. AGAINST @CORPFULL IN SMALL LOUISIANA TOWN

Over 400 residents, almost the entire adult population of the small Louisiana town of Acadia, won a class action lawsuit today in Federal court against @CORPFULL.

Each of the plaintiffs claimed to have either lost livestock that drank out of nearby Bayou Des Cannes, or children who drank polluted tap water, or both.  Both such water sources were contaminated when carcinogenic substances had leaked, without any safety precautions, at nearby oil well drilling sites that were operated by @CORPFULL.

Witnesses told of cattle that developed huge growths the size of basketballs and that went crazy and killed themselves attacking and trying to overturn farm machinery.  Others told of two-headed children, and others that looked like ""Rosemary's Baby"" when born.... A company spokesman called the verdict ""...incredible..."" and denied that the company had ever had any knowledge of the alleged problem.",,
event_media1,"TV AND MOVIE VIOLENCE LEADS TO ""REAL WORLD"" VIOLENCE, COURT SAYS; ENTERTAINMENT COMPANY LIABLE FOR DAMAGES

Parents of youths who have been killed or injured by mindless young sociopaths have won a major court victory over an entertainment company, which was held to be responsible.

A jury has awarded damages of @TEXTSTRING against one such company, finding that violent and sex-drenched productions of @CORP had badly twisted the minds of the attackers who perpetrated many crimes, and was one of the contributing causes of their violent behavior.",,
event_media2,"FROM:     ACCOUNTING DEPARTMENT SUBJECT:  REDUCTION OF AUTHOR ROYALTY EXPENSES

In accordance with your directive that every department of the company become a ""profit center,"" or else undergo major staff reductions and/or salary cuts, the accounting department has come up with a highly profitable concept we think you will want us to implement.

It's a simple idea, and one that has been used to good effect by record companies and film studios in Hollywood for decades, which is simply to understate royalties. We pay a fortune each year to authors, much of which is unnecessary. We propose to simply begin underreporting royalties by about 60% to 80% for all of our authors, but to begin paying what we say we owe them on a timely basis, rather than 3 or 4 years late, as we do now. We think they will be so grateful to begin receiving royalties on time, without needing a court order, that they will never have the nerve to ask to audit our books, to determine if they are getting all the royalties they are entitled to.

QUESTION:  DO WE BEGIN UNDERSTATING AUTHORS' ROYALTIES?",,
event_media3,"FROM: COMPUTER AND VIDEO GAMES DIVISION SUBJ: CONTROVERSIAL NEW GAME PROGRAM -- ""BODY COUNT""

Computer game developers are rather nutty people, but they do at times come up with some terrifically marketable ideas. A group of young game developers recently came to us with a savagely brilliant new game, guaranteed to garner vast amounts of publicity due to its controversial nature. They have run out of development money, and need our help to finish it and whip it into shape as a marketable product, and need us to promote it through our well-established Computer Games Division marketing operation. We have tentatively offered to buy up the rights to their action game, subject only to your approval of the acquisition.

The name of their new game is ""Body Count,"" and it has, if you can imagine that, even more blood and gore scenes in it than the best sellers of our competitors, like ""Mortal Slaughter,"" which has grossed billions of dollars of sales in the U.S., and trillions of yen in Japan for one competitor. ""Mortal Slaughter,"" as you know, contains endless scenes of dismemberment, disembowelment, choking, burning, shooting, strangling, drowning, and so ad nauseum, in combat situations. ""Body Count"" far exceeds ""M.S."" or the ever-popular ""Going Postal"" classic, or anything else that has been done to date, in the ""action game"" genre, however.

Our market research indicates that approximately 4 percent of the global population are sociopaths, and about 1 percent are psychopaths, so we are certain there is a very wide and deep market awaiting an exciting and controversial game like ""Body Count.""

We fully expect that all the usual ""do-gooder"" outfits will, predictably, be wringing their hands in public and urging the government to ban violent computer games after we release the finished version of ""Body Count."" However, as we know from our past marketing successes (with ""Gangbanger"" and ""Abattoir""), the publicity we get from the do-gooders just drives more of the kids into the stores or online to buy or rent our latest blood 'n' gore epics, and the howls of protest and threats to ban the games are our best possible form of advertising. (And it is completely free advertising!)

DECISION:  Do we buy up the rights to the ""Body Count"" computer game and market it under our label?",,
event_media4,"FROM: COMPUTER GAMES DIVISION SUBJ: NEW PRODUCT ACQUISTIONS

In the past, prison convicts often studied the law, and became ""jailhouse lawyers."" However, it seems that in recent years, if they have access to computers and the Internet, prisoners are far more likely to become hackers or Internet scamsters while they are locked up.

In any case, a group of hackers who wound up in a Swiss prison near Geneva after hacking into bank accounts were forbidden from accessing the Internet, but were given computer access, so they have devoted the last three years to developing a number of incredibly violent, and thus highly marketable, computer games, while still in prison.

The convicts, who have formed a company while in prison, called Untermensch Associates (very appropriate for their subhuman hacker subculture), have contacted us by mail, and sent us samples of some of the games they have created during their incarceration, asking if we have any interest in publishing them. Obviously, they cannot do much marketing of the games themselves, from behind bars, but they say they are interested in licensing some or all of the games to our Computer Games Division.

The games are all incredibly violent, the product of some very, very sick minds, and therefore are potentially quite saleable to the pre-teen market segment. The Untermensch group have offered us several of their programs, ""action"" games where the player engages in all manner of unspeakable simulated brutality, violence and savagery, which is shown in graphic detail. The titles they are offering to us include ""Torture Cell,"" ""Genocide Brigade,"" ""Gaybasher,"" ""Suicide Bomber"" (which we would give a more palatable name, such as ""Eco-Terrorist""), ""Jack the Ripper,"" ""SexWarrior,"" ""Psycho Vandal,"" ""Captain Cannibal,"" ""GraveRobber,"" ""SlaughterHouse 69,"" ""FireStarter,"" ""Freeway Sniper"" and ""Pedestrian.""

""Torture Cell"" is easily the best of the lot, an absolute masterpiece. It had three of our four staff people, who did the initial testing, violently ill and projectile vomiting after less than 2 minutes of play, which beats the best games in our current product line by at least 90 seconds. Best of all, each of our people who lost their lunches couldn't wait to get back to playing the sim, as soon as they had emptied their stomachs and felt a little better. In short, ""Torture Cell"" would be a highly addictive blockbuster game, if we are willing to release it, and take the heat that will result.

""Torture Cell"" contains many scenes of simulated mayhem that surpass anything that has ever yet been seen in computer or video games. Indeed, some scenes in it are every bit as spectacularly gruesome and realistic as that famous computergenerated scene in the big screen 3-D movie, ""Pleistocene Park VII"" -- the classic scene where the two saber-toothed tigers share a meal (a young boy), shown in full amazing, nauseating detail. That episode pales into insignificance, in comparison to some of the graphic and grisly scenes in ""Torture Cell.""

The other games are quite good, too, but we feel that most of the Untermensch Associates games are simply too horrific for us to publish, and thus could be banned by the government --not to mention the risk of our spending jail time alongside the hackers, for us in @CORPFULL management.

One possible exception is ""Pedestrian,"" which is a cute little simulation, where the player maneuvers a car through city streets, scoring points by running down as many pedestrians as possible. It should be ideal for the age 6-to-12 years market segment, but we probably should give it a more interesting and appealing name, like ""Urban Hunter"" or ""Auto Maniac.""

Another, somewhat riskier game, in terms of our legal liability and criminal exposure, is ""FireStarter,"" a simulation where the protagonist goes around setting fires to everything (and everyone) in sight. If we publish it, we will definitely be ""pushing the envelope,"" legally speaking, and our Legal Department says we should change its name to something a bit more innocuous, such as ""PyroManiac"" or ""Fireman.""

DECISION:  DO WE ACQUIRE THE RIGHTS TO THE ""URBAN HUNTER"" AND ""FIREMAN"" COMPUTER GAMES AND MARKET THEM?",,
event_media5,"FROM: MARKETING AND PRODUCT DEVELOPMENT GROUP SUBJ: ""UNDERGROUND"" PUBLISHING PROPOSAL

Without awaiting your approval, the Marketing and Product Development Group has taken the initiative and acquired the rights to a controversial new publication, authored by [DELETED FOR SECURITY REASONS]. We paid the author an advance of 10 million Swiss Francs, so we will have a bit of a write-off if you veto this project, and we recognized that risk, but felt this was too great an opportunity to let slip by, in case you decide to go with it.

The manuscript, written in French, is a complete ""how-to"" manual, on how anyone, with a little bit of refined uranium or plutonium, can make a small, low-yield nuclear device (bomb). We realize that any attempt to publish this book in the U.S. or U.K. will be blocked by the CIA or MI-5, and publication elsewhere in Europe, Japan, or China would earn us each a quick bullet in the temple, with our bodies left in the nearest garbage dump, as this is pretty explosive subject matter, to make a pun.

However, we have found a Palestinian printer in the West Bank territory who will print an Arabic edition of the book for us, and our name will appear nowhere in the book. With the global political situation being what it is, an Arabic edition should be an instant best-seller in North Africa and the Middle Eastern region. The effects could be very beneficial to the bottom line of @CORPFULL.

We believe we can price the books at $199.00 apiece or the equivalent in other currencies, so the profit margins will be obscene.

DECISION:  DO WE GO FORWARD WITH PUBLISHING THIS POTENTIALLY VERY LUCRATIVE BOOK?",,
event_media6,"FROM: PRODUCT DEVELOPMENT & MARKETING DEPARTMENTS SUBJ: REMARKABLE NEW COMPUTER GAME

We have acquired the rights to a remarkable new computer game and simulation, called ""SonderKommando."" It revolves around the operation of a WW-II German prison camp, and how to keep it running with shortages of personnel and material, and with an ever-burgeoning number of new prisoners to be disposed of.

People who have seen this simulation all seem to love it or hate it. Our focus-group tests have revealed two conclusions about this product:

(1)  Many testers find it to be absolutely addictive, and say they would pay almost anything to get a copy of it. It seems to be particularly well-liked by geeks, computer nerds, and especially by ""skinheads"" and other mentally unbalanced individuals.

(2)  Others are appalled by it, finding it ""...extremely offensive to all human values...,"" as one user put it. Most sane people (only a small segment of our market for computer games, thankfully) say it is monstrous, and should be banned, or burned.

QUESTION:  DO WE STICK OUR NECKS OUT AND PUBLISH IT?",,
event_media7,"MAJOR PUBLISHING COMPANY SUED FOR FRAUD BY AUTHORS

@CORPFULL, a large and respected publishing company, has been found liable for @AMOUNT million, including punitive damages, for consistently cheating authors out of most of their royalties on their works that are published by the company. Attorneys representing a group of the plaintiff authors said that the fraud would probably never been detected, due to the high degree of trust placed in most publishing companies by authors, had it not been for the fact that the publisher got greedy, and began routinely understating the amount of royalties it reportedly owed by as much as 95 percent, in the case of its #1 bestselling book, ""Chicken Soup for Dummies in the Coming Jihad.""

The massive fraud only came to light when an author who happened to be an accountant read a copy of the publisher's annual financial report, and saw that the company's royalty costs were less than 1% of sales, a fraction of the royalty expenses incurred by other companies in the industry. This ultimately led to an audit of the company's books and the successful lawsuit.

Attorneys for @CORPFULL argued stridently that the company merely followed ""standard industry practices"" for dealing with authors.",,
event_media8,"UNDER PRESSURE FROM ALL FRONTS, ""SONDERKOMMANDO"" COMPUTER GAME WITHDRAWN BY @CORPFULL

Mounting worldwide outrage over the wildly successful new computer game, ""SonderKommando,"" has caused the product to be pulled from the shelves and to be permanently withdrawn from circulation by its publisher, @CORPFULL.

The highly controversial game is a simulation in which users try their hand at running a German death camp, in which they are required to dispose of vast numbers of ""Turks,"" while dealing with personnel problems (such as by using slave labor) and chronic shortages of money and supplies (remedied in some cases by selling the belongings of the ""Turk"" prisoners, after their mass executions). After the game was banned in Germany, Turkey and Israel, boycotts of all of the company's software products were announced by leading Jewish, Christian, and Islamic groups, each of whom felt the game was targeted at their members, and who were deeply offended and outraged that a major software company would publish such a heinous product.

@CORPFULL is also the publisher of the popular but equally offensive ""Ethnic Cleanser II"" software game program, and the controversial ""MultiCide"" game, a simulation in which players explore countless different ways to attempt to commit suicide, but almost always survive (in the simulation, at least), even after being beheaded, shot, stabbed, crushed by a steamroller, or jumping off tall buildings.",,
event_media9,"RASH OF RANDOM MURDERS BLAMED ON @CORPFULL'S VIOLENT NEW VIDEO GAME, ""SERIAL KILLER""; GOVERNMENT CONFISCATES ALL COPIES OF THE PROGRAM, BANS FURTHER SALES

@CORPFULL, whose @FACTGames Division is one of the largest and most profitable marketers of electronic games, has been forced to halt sales and production of its latest blood-soaked release, ""Serial Killer."" The company tends to lead the industry in producing the most violent and disturbing games on the market, with frighteningly realistic graphics. The ban on sales of ""Serial Killer"" comes in the wake of a string of ""copycat"" murders in Boston, where the game was being test-marketed by @CORPFULL.

Authorities note that, within two weeks after sales of large numbers of the video game began in Boston, a sudden rash of random killings began in the Boston area, over 200 in a period of six weeks. So far, over 150 arrests have been made in connection with the killings, and nearly all of those arrested were teenage boys who had been playing the ""Serial Killer"" computer/video game. Company attorneys have denied allegations that there is any connection between sales of the gruesomely violent computer/video game, and the recent wave of home invasions and execution-style murders in and around Boston.

Reportedly, the game was initially to be called ""Body Count,"" or ""Prowler,"" but the name was changed at the last minute, after focus group testing showed that the ""Serial Killer"" name was a much more attractive concept, in marketing to game-crazy young teenage and pre-teen boys.

Introduced only in the Boston area, on a test basis, the game was selling at such a rapid clip that the company had completely sold out of it within a week after marketing in Boston began, and the company had already booked billions of dollars worth of back orders for the controversial game from toy stores and video rental stores throughout the U.S. and Canada.

""Serial Killer"" is the most violent game yet to make it into marketing channels, as it depicts the ""Player"" as a heroic homicidal maniac, dedicated to curing the world's probelm of over-population, and who stalks the streets of a small town, looking for opportunities to break into homes at night and dispatch his victims with butcher knives, strangle them with piano wire, suffocate them with pillows, or drown them in bathtubs. The ""Player,"" while prowling the streets of the simulation, has to contend with muggers, roving mobs of angry vigilantes and police SWAT teams, and must avoid being spotlighted by police or military helicopters that can suddenly appear without warning.

Players who amass enough points are, at the end of the game, shown receiving a Presidential medal for their heroic efforts to help reduce the world's over-population. If the protagonist is caught by the police or a vigilante mob, he (always represented as a male teenager) is shown suffering one of a variety of terrible fates, such as being fried in an electric chair or torn to pieces by an angry mob.

The game is targeted to boys, ages 8 to 16, but comes with the usual parental warnings of excessive violence, nudity, bestiality, sadism, race-baiting, cannibalism, and random depravity.

Following the sudden explosion of senseless killings of Boston area residents after sales of ""Serial Killer"" began, most of them murdered in their homes by stabbing, strangulation with piano wire, or other methods depicted in the ""Serial Killer"" simulation, the authorities moved quickly to confiscate all remaining copies of the game and have since arrested several @CORPFULL executives as accessories to murder.

Meanwhile, families of the victims of the rash of slayings have filed a multi-billion dollar wrongful death class action lawsuit against the company, blaming the company, as publisher of the game program, for the deaths of their loved ones.

A press release put out by the company denies that there is any evidence the violent depictions in ""Serial Killer"" are to blame for the current reign of terror in the Boston area, and claims that the charges against it are ""...unfounded and irresponsible....""

Security analysts who cover the company have sharply lowered their stock price targets for @CORPFULL.",,
event_mining1,"SUBJ:  ENORMOUS INDONESIAN COPPER FIND FROM:  EXPLORATION AND ACQUISITIONS STAFF

A small, unincorporated mining company, owned by a group of geologists and mining engineers, has acquired the mining rights to a large mountain near the coast of Irian Jaya, in the Indonesian archipelago, and our experts, who flew in by helicopter to the site, which is only a few miles from the coast, have just returned after doing assays. They confirm what the owners have been telling us -- that they have discovered an entire mountain of high-grade copper ore which, if developed, will easily be the largest, most profitable copper mine in the world.

The present owners of the mining rights, who somehow bribed enough people in the Indonesian government to obtain the mining rights in what is a pristine nature preserve in a tropical rainforest, lack the funds to develop the site themselves. However, they have been negotiating with some of our competitors for months, who are interested, but seem unduly concerned about the impact on the rainforest, displacement of the indigenous people, and other such minutiae.

The owners don't want to have to deal with the ticklish situation of the hostile and primitive indigenous native tribe who inhabit the area between the mountain and the shore, and who consider the mountain sacred. Accordingly, the owners are willing to sell us their mining rights to this treasure trove of copper for only @AMOUNT., and let us take on the political risks and problems of dealing with the native tribe, which has shown absolutely no interest in money or anything else that has been offered to them, so far.

The government has assured us that, if the right palms in Jakarta are greased, getting permission to mine there from the native tribe will not be a problem for us, if we want to develop the site. In fact, the Indonesian government is already salivating over the tax revenues and the foreign exchange they will earn if we develop this gigantic mine.

Other than the fact that the mountain we will be cutting down is a ""sacred mountain"" to the primitives, which may cause a bit of friction, this will be one of the easiest sites we have ever found to develop, anywhere. The orebearing strata are quite near the surface, and the site is just a few miles from the coast, which will make it easy to build a short road in from temporary docking facilities, and we can have the mine up and running within a matter of months, according to the engineers.

We may be betting the company on this one, but if we can pull it off, it will assure our future as the world's top copper producer, for decades to come. At this price, we will be buying the mine at a small fraction of what it is worth. The Board of Directors will follow your lead, whether or not you choose to go forward on this project. If successful, it could truly put @CORPFULL on the map.

The risk-reward ratio looks excellent, but, as the company's controlling shareholder, it is your decision, of course.

DECISION:  DO WE BUY UP THE MINING RIGHTS AND PAY OFF THE INDONESIAN GOVERNMENT TO REMOVE THE NATIVE TRIBE?",,
event_mining2,"SUBJECT:  WORTHLESS GOLD MINING PROPERTY IN MONTANA

As you know, the company still owns title to the old El Capitan gold mine in Montana, which ran out of ore in 1903 and has been closed since. There is a chance that we might generate some profit now by re-opening the mine, if we go along with a deal proposed by a group of ""boiler room"" types and stockbrokers from @FACT.

They propose to ""salt"" the mine with a few small gold nuggets, and make sure that this ""discovery"" gets well publicized. Then, they will work with us to put the El Capitan mine into a corporation or limited partnership and ""go public"" with it, offering the shares or partnership interests for sale on the @FACT Stock Exchange.

We would get half the proceeds from selling this worthless property. This could be a very substantial amount; the people from @FACT say the price for gold is expected to go nowhere but up from here, so there are plenty of willing buyers of new gold mining shares out there.

DECISION:  DO WE SELL THE MINE TO THE PUBLIC?",,
event_mining3,"GOLD DISCOVERED AT LONG-ABANDONED EL CAPITAN MINE IN MONTANA!

@CORPFULL and an outside investment group that has a long and unsavory record of run-ins with U.S. and Canadian securities regulators (including the SEC), were recently on the verge of doing a public offering of shares in a newly-formed company that now owns the long-defunct El Capitan gold mine, a transaction that was already being investigated as a possible fraud on investors.

Then, ironically, employees of the @FACT investment group actually found gold on the property and rushed an urgent fax message to the law offices in @FACT where the parties were about to finalize the terms of the securities offering.

The fax is said to have read: ""GOLD FOUND ON PROPERTY (FOR REAL)... CANCEL PUBLIC OFFERING IMMEDIATELY!""

This news apparently came as a complete shock to everyone at the table, including the CEO of @CORPFULL, so that the offering was, in fact, canceled.

The ""Golden Rule"" in the investment business is that the public is only invited to invest in penny gold mining stocks if the promoters are certain there is no gold to be found....",,
event_mining4,"@CORPFULL BUCKLES UNDER PRESSURE FROM THE WORLD COMMUNITY, ABANDONS HUGE IRIAN JAYA COPPER MINE

@CORPFULL, a major non-ferrous metals producer and smelter, finally caved in today to pressure from the U.N. Environmental Agency and other governmental and international organizations which had threatened to impose economic sanctions against the chaotic government of Indonesia, if the gigantic Irian Jaya open pit copper mine that was just recently opened by @CORPFULL were not closed down.

The mine, which has the largest copper ore body in the world, has been controversial from the start, as it is located in a pristine rainforest preserve near the coast, in an area that had been previously designated a U.N. World Heritage Site. In addition, the local indigenous tribe that lived at the foot of the mountain that was being mined was bitterly opposed to the strip mining of what had been a sacred mountain, in their tribal religion, and they fought two pitched battles with the miners in attempt to halt road construction and the opening of the mine itself. Reportedly, several of @CORPFULL's executives were eaten by some of the natives, who have a long tradition of ritual cannibalism, and are said to favor the ""other white meat,"" referred to by the tribe as ""long pig.""

The resistance of the native tribe was overcome only after the company paid off the Indonesian government, which ""re-located"" the tribe by bringing in the Indonesian Air Force, which napalm-bombed the native villages, and appears to have wiped out the entire tribe, despite harsh condemnation by the world community. Apparently, the cannibal tribe was ""re-located"" into the hereafter by the Indonesian military.

@CORPFULL initially resisted pressure from all over the world, but finally had little choice but to close down its mine, when the threat of U.N. sanctions against the Indonesian government made it clear that the government would soon revoke the company's mining concession.  The company's losses on the abandonment of the Irian Jaya copper mine are expected to be as much as @AMOUNT.@MISC, which include the original purchase price for the mine plus major development costs incurred by @CORPFULL.

The company's costs also included amounts billed to it by the Indonesian Air Force for the military equipment lost and ordnance used in conflicts with the native tribe, in the process of ""clearing"" the mine site for the company.",,
event_politics1,"VIOLENCE FLARES AGAIN AS CROWDS MOB U.S.-MEXICAN BORDER

A San Diego, California TV station today aired videotape of Mexican border troops firing automatic weapons at point-blank range into a crowd of U.S. citizens, huddled adjacent to the recently erected barriers along the U.S.- Mexican border south of San Diego. The steel barriers, which now stretch from Brownsville, Texas to the Pacific Coast, were initially erected by the AMERICAN government, but are now being used by the Mexican government to keep out the growing hordes of jobless, homeless Americans who have desperately been seeking employment in, and entry into, Mexico in recent months. Over 4 million such U.S. ""drybacks"" had flooded into Mexico before the last portions of the barrier were put in place a month ago by the Mexican military.

The number of U.S. citizens killed or wounded by the border guards in this latest incident has not yet been determined, but is believed to be at least 1,000. Faced with the videotaped evidence, a spokesperson for President Ocasio-Cortez has at last admitted that there may be some basis for recent allegations by the American Legion and the ACLU of continuing atrocities being committed against American citizens by Mexican border forces.

In response, the U.S. state Department has sent a strongly worded diplomatic note to Mexico City, urging that its troops exercise greater restraint, and that they refrain from using automatic weapons to disperse crowds of U.S. citizens, and limit their crowd control weapons to tear gas and bayonets, except when absolutely necessary to maintain order....

In a related business story, U.S. Steel, which supplied much of the steel plate for the border barriers to the Mexican government, reports that nearly all of the steel was made by its gigantic new steel mill in Monterrey, Mexico....",,
event_politics2,"CANADA'S PARLIAMENT PASSES ALIEN EXPULSION ACT BY 3-TO-1 VOTE

In Ottawa, the Canadian Parliament has approved a measure designed to deal with the growing number of boat people who have been entering the country, either legally or illegally, many of whom are only moderately wealthy. After years of being overwhelmed by the influx of foreign immigrants, Canada has finally reacted by electing to power the new Anglo-French Alliance Party, whose first order of business in Parliament was to adopt the strict new law, which calls for the sterilization and/or expulsion of all aliens who are unable to demonstrate a personal net worth of at least 5 billion Northern Pesos (Canadian dollars). This is the approximate equivalent of 100,000 Yen, or 1.5 million New American Dollars.

The Expulsion Act appears to be targeted at U.S. and Latin American immigrants, as it will affect only a small percentage of recent immigrants from Hong Kong and Mainland China, known locally as the ""yacht people.""

In the U.S., the National Association of Manufacturers applauded the Canadian government's action, noting that the new influx of refugees into the States should augment the U.S.'s already vast pool of cheap, unemployed, highly-skilled labor.... On a less positive note, Secretary Jimmy Swaggart of the U.S. Department of Religion and Culture said the U.S. would not accept any of the refugees who were forced to leave Canada, and suggested they go to Iran or North Korea....",,
event_politics3,"FLDS RELIGIOUS CULT TAKES POWER IN TEXAS, FOLLOWING NARROW ELECTORAL VICTORY

The FLDS Church Party, once an obscure religious cult in Utah and Arizona, an offshoot of the Mormon Church that still practices polygamy, won control of the Texas Senate in yesterday's state elections, extending their grasp to both houses of the Texas legislature, as well as maintaining their grip on the governor's mansion, which their religion/party has already occupied for 8 years, thanks to an uneasy but successful electoral alliance with the Muslim Brotherhood.

The fanatical fundamentalist cult, once thought to have been virtually stamped out when Utah and federal law enforcement arrested and convicted their leader and drove them out of their enclave along the Utah/Arizona border, took refuge in west Texas and has been growing like an oil slick ever since, attracting many older males who were lured into membership by the prospect of church-arranged marriages to young brides, some as young as nine years old.

Yesterday's election was marked by widespread violence, as well as reports of vote counting irregularities and brutal intimidation of voters at polling places by heavily armed members of the FLDS Militia, known as the ""Army of God.""

Speaking on statewide television, the newly elected governor told viewers, ""...The people of Texas have spoken, once and for all, and there will be no need for any more elections here in the future....I am the law in Texas now....""

Mass arrests of political opponents are reported to be under way in Houston and in Waco, the new state capital of Texas....

In related business news, several major international oil companies located in Houston and Dallas are said to be quietly moving key executives and their families out of the state and relocating their headquarters to Oklahoma or New York, in reaction to the increasingly unstable political situation in Texas....",,
event_politics4,"SENATOR CRITICIZES IRS ""DEATH SQUADS"" IN HIS FINAL SPEECH ON SENATE FLOOR

Republican Senator Rand Paul of Kentucky told his Senate colleagues yesterday that the Internal Revenue Service ""SWAT"" teams authorized by Congress two years ago had, in fact, quickly degenerated into ""death squads,"" which are now being used to make examples of tax protesters and any taxpayers who get behind on paying their taxes. Mr. Paul compared the late-night visits of the IRS ""death squads"" to the homes of delinquent taxpayers (complete with hoods and torches), many of which visits have resulted in on-the-spot executions or severe beatings of the targeted individuals, with ""...the terror tactics of the Ku Klux Klan or Nazi Brown Shirts in the last century....  The IRS has no business engaging in this kind of savage behavior on behalf of the U.S. Government, merely to further its policy of creating an atmosphere of terror among taxpayers....""

Paul cited the recent case of an 11-year-old boy who failed to pay self-employment taxes on the earnings from his paper route and was dragged away during a 2:00 a.m. raid by masked members of an IRS SWAT team. The boy has not been seen since. He also decried another case, where a Social Security grandmother whose crime was her failure to report a small interest payment on a savings account, was pulled out of her apartment, beaten savagely, and left for dead on the front steps by five large men wearing hockey masks and berets. Each thug wore on his beret the unmistakable ""Order of the Vulture"" insignia of the IRS SWAT teams (a silver vulture perched on a dollar sign, with a lifeless taxpayer dangling from its beak).

Senator Paul's threat to convoke hearings to investigate the IRS death squads will not, apparently, be carried out. The senator himself, the last Republican member of the U.S. Senate, was forcibly abducted just outside the Capitol building shortly after his speech on the Senate Floor. A lone witness reported seeing a grey unmarked van, of the type common in government motor pools, pull up next to the sidewalk where the Senator was being interviewed by several newspaper reporters. According to the witness's report, Paul was dragged into the van by several large men, all described as wearing dark suits and sunglasses. The witness also allegedly told police that all of the men appeared to be ""... some sort of body-builders or athletes, and all of 'em were hard of hearing -- at least they all seemed to be wearing some kind of hearing aids....""

According to the only newspaper report on this incident, published in the Washington Post-Fabricator, the witness who was at the scene of the kidnapping sought to get the attention of a D.C. Park Policeman a few feet away who was busy writing a parking ticket at the time, in a vain attempt to get him to halt the abduction that was in progress. However, the officer reportedly refused to be interrupted in carrying out his duties -- writing parking tickets -- until after the kidnappers' van was well out of sight.

D.C. police are unable to identify the policeman in question or to locate any of the newspaper reporters who were allegedly present when the Senator was grabbed from their midst. The witness who initially agreed to talk to the police has now turned up dead in Arkansas, the victim of what the D.C. medical examiner immediately ruled a suicide, before examining the body. The witness had shot himself in the head five times, with a single-shot rifle, on a hilltop just outside of the town of Mena, Arkansas, according to an FBI spokesman. (The only FBI explanation as to why the suicide victim's mouth was duct-taped and his hands tied behind his back when his body was found was a brief statement that similar suicides, called ""Arkancides,"" have long been common in Arkansas.)

No one has seen Senator Paul since the abduction, and his abductors have made no ransom or other demands since his disappearance. The D.C. Park Police have quickly declared the case closed, suggesting the missing Senator ""...probably went on an extended vacation....""

An IRS spokesman described the apparent demise of Senator Paul as ""...tragic....but not of our doing... but it's O.K. with us if some people think we did it. Frightened taxpayers are more likely to be compliant taxpayers, and ANYTHING that enhances the IRS's reputation for ruthlessness and brutality, true or not, is a definite plus for the country, at a time when we're running these 4 trillion dollar annual deficits.""",,
event_politics5,"CALIFORNIA VOTERS SAY NIX TO SECESSION ONCE AGAIN; STATE WILL REMAIN PART OF THE U.S. A BIT LONGER

In a referendum, California voters have chosen by the narrow margin of 50.1% to 49.9%, to keep California in the Union. The ballot initiative, brought by leaders of California's large hispanic community, which now makes up over 75% of the state's population, gave voters the choice of having California remain a state of the United States, or of rejoining Mexico, of which it was once a part, before the Mexican-American War. California became part of the U.S. under the 1850 Treaty of Guadeloupe Hidalgo, under which the United States purchased California and much of what is now the American southwest from Mexico, for the bargain price of $15 million.

This is the third time that such an initiative has failed in California, following the@TEXTSTRING plebiscite in Texas, in which Texans voted overwhelmingly to become a state of Mexico. Each of the California votes, while failing, has done so by increasingly narrower margins, however, as the influx of Latin American settlers continues, so that the Mexican-American voter population alone now makes up over 50% of the California electorate. This year's referendum failed only because of almost unanimous opposition by the state's Anglo, African-American, Muslim, Asian-American and non-Mexican hispanic groups, as well as by both the Republican and the Democratic parties.

Ironically, the huge influx of immigrants into California and Texas in the 1990s and early years of this century was strongly encouraged by the Democratic Party, enabling millions of poor ""undocumented Democrats"" to illegally enter Texas and California and to become U.S. voters without any of the usual citizenship formalities. Now, however, it seems now that the strategy has been TOO successful, and is beginning to backfire, since it appears California, which has 65 electoral votes, may soon leave the Union and become a state of Mexico, completing most of the 'reconqista' of the Southwest.",,
event_politics6,"JAPAN CRACKS DOWN HARD ON GROWING CAPITALIST CULT

Japanese authorities acted in concert last night, descending in lightning raids from one end of the nation to another and arresting thousands of members of a large and growing cult that government officials in Tokyo say is becoming a potential threat to the stability of the nation.

As with the Aum Shinrikyo terrorist cult in 1995, which set off Sarin gas attacks in the Tokyo subways, the new Marxist government has decided to act swiftly and forcefully to stamp out the rapidly-growing capitalist cult before it can become a serious threat or challenge to the existing order.

The capitalist cult in question, which was most prevalent and popular in the Kyoto area, consisted of hundreds of thousands or even millions of young Japanese intellectuals who became addicted to a capitalist computer game, called ""@TEXTSTRING @HUMOR."" Reportedly, small groups of 3 or 4 players were to be found playing the capitalist game in nearly every coffeeshop and office in Tokyo and other major cities, at all hours of day and night, with severe negative effects on the productivity of the affected workers.

Frequent players of the subversive computer game were said to have become increasingly aware of the outside world, and cynical and skeptical about their government's unsuccessful public relations campaign to dissuade citizens from playing the highly addictive game.

The software program is an American import, offered free on the Internet as ""shareware."" An estimated 11 million Japanese are thought to have obtained copies and played the capitalist simulation, after 1 copy of the ""registered"" version of the software was bought by a Yokohama resident who, in the usual fashion, copied it and passed on copies of it to the rest of the nation.

As with their suppression of the Aum Shinrikyo cult, police have moved with total efficiency and absolute ruthlessness once again, reacting in time to nip the subversive @TEXTSTRING cult movement in the bud.

Mass executions of those arrested are expected to begin in a few days, according to a government official of the People's Democratic Republic of Japan.",,
event_politics7,"DEPRESSION IS IMMINENT, WARNS U.S. SENATOR

The Hon. Senator Jack S. @TEXTSTRING, chairman of the Senate Finance Committee, warned his colleagues today that a global economic depression is on the way:

""We may have a full-fledged Depression on our hands, friends.... That's with a capital 'D.' This is not just a measly little recession we're goin' into.... The chickens are finally comin' home to roost for the incumbent Administration, which is fully to blame, as I've often said.... We need to raise taxes, or the govamint is goin' to go broke!""",,
event_politics8,"U.S. CONGRESS ENACTS TRADE TARIFFS, DESPITE PRESIDENTIAL VETO

Both houses of the U.S. Congress have overwhelmingly passed new legislation, the ""Alien Goods Exclusion Act,"" that will impose tariffs on imports from most of America's main trading partners, including China, Japan, Korea, Mexico, Chile, much of Europe, and Canada. Today's votes in Congress overrode a veto by President @TEXTSTRING, who had warned that such tariffs are in clear violation of trade agreements the U.S. has entered into with other major countries.

White House spokesperson Illusio Contreras said that President @TEXTSTRING was ""...seriously concerned that our major trading partners, at whom these tariffs are directed, are not going to simply take this lying down, but are likely to retaliate in kind, which will be a 'lose/lose' situation for everyone, and may have grievous consequences. I don't want to imply that these people in Congress who passed this absurd legislation today, over the President's courageous veto, are all a bunch of nut cases, but ....""",,
event_politics9,"CHINESE FINALLY COMPLETE REUNIFICATION

China marked the reunification of Taiwan with Mainland China today by large scale celebrations, fireworks and military parades, as the Communist government in Beijing finally completed the revolution that began shortly after World War II, and which, with regard to Taiwan, had been stalled ever since the Nationalist Chinese under Chiang Kai-Shek had fled there from Mao some @TEXTSTRING years earlier.

Celebrations on Taiwan itself were somewhat muted, as shares on the Taipei stock exchange mostly drifted lower, as some traders were unhappy with the election results and worried that the free-wheeling, ""wild west"" days of stock trading in Taiwan may soon be coming to an end.",,
event_politics10,"TOBACCO COMPANIES TO PAY FOR DAMAGE AWARDS BY SELLING CRACK COCAINE, IF CONGRESS AGREES TO LEGALIZATION

Several leading tobacco companies announced today that they intend to sell crack cocaine as a new revenue source, in light of the $145 billion damage award against the tobacco industry in a recent Florida class-action lawsuit. The suit was brought by thousands of non-English speaking recent immigrant smokers who claimed they weren't aware of the health warnings that have been printed (in English) on every cigarette pack sold in North America since the 1960s, and the $145 billion verdict in favor of the plaintiffs is one of the largest judgments to date against the tobacco companies.

However, the industry has mounted a major public relations and lobbying campaign, to find a new source of revenue, to help pay for the enormous damage award handed down by the Florida jury.

""We need another highly addictive substance that will generate substantial profits to avoid going into bankruptcy. It's a moral necessity, and our duty to the company's security holders,"" said one tobacco executive, who wore a ski mask while testifying before a Senate Select Committee, and who asked to remain anonymous, fearing the righteous indignation of anti-drug crusaders and the murderous wrath of organized criminals, with both groups aligned against legalization.

""Besides,"" said a similarly masked tobacco spokesperson, speaking to Public Broadcasting System reporters at a press conference, ""the government is already drawing up new excise tax legislation to tax it, so there should be little opposition in Congress to legalized, taxable crack. We expect to see a vote in Congress on legalizing crack cocaine by the end of the week, and we don't expect to lose, considering the Federal government's dire financial condition; not to mention the fact that we have a thing called 'elections' in this country, and that many of the millions of crackheads in America are also voters. Obviously.""",,
event_politics11,"GOVERNMENT GOES BROKE! UNABLE TO PAY ITS DEBTS!

The government today announced that it is being forced by circumstances to repudiate @TEXTSTRING% of the national debt, in order to restore solvency, as the capital markets have recently refused to accept any more flotations of government bonds, in light of the government's continued massive deficits, which have grown like a spreading oil slick, despite very high tax rates, which have depressed the economy and thus tended to reduce tax receipts.

Dr. Helgar Spin, Chairman of the Council of Economic Soothsayers, announced the default at a press conference this morning, noting that the combination of a weak economy, soaring interest rates, and massive, ongoing government budget deficits have caused the national debt to expand to such an enormous level, that the interest payments alone have become more than the government can finance. He urged citizens and taxpayers to ""tighten up their belts"" and work harder, to overcome the effects of the debt default.

Cancellation of @TEXTSTRING% of all the treasury bonds issued by the government will have unknown, but potentially harsh, effects on millions of savers who have put their trust in government financial instruments, and on the banks and other financial institutions that hold much of the government debt, many of which may soon fail, as a result of the partial repudiation of the government's obligations.

As a result of the shocking insolvency and default, foreign exchange markets responded to the crisis with massive selling of the @HUMOR.",,
event_politics12,"U.S. PRESIDENT ANNOUNCES IMPOSITION OF CORPORATE SHARE TAX ON INVESTMENTS IN U.S. CORPORATIONS

In Washington, U.S. President-for-Life Mendacio Calderon announced that he is imposing, by executive decree, a new wealth tax on holders of shares of all corporations that are incorporated in the United States, at the annual rate of 2%, imposed at the end of each year, based on the value of shares of U.S. corporations owned by corporations or very wealthy individuals at such time.

Most individuals, other than a few billionaires, will be exempt from the tax on their holdings and banks and insurance companies, who lobbied heavily, will be completely exempt from it. Also, corporations that own at least 80% of the stock of a subsidiary will not be subject to the Corporate Shares Tax on such stock. The new tax will not be deductible for income tax purposes.

A similar tax was implemented several days ago by the government of @HUMOR.

The American President issued the following statement with regard to the new tax on Global Television News:

""In imposing this new tax, we follow in the brave footsteps of @TEXTSTRING, which has recently introduced the same kind of tax on owners of the stock of companies incorporated in their country. It is high time we asked the greedy and undertaxed rich -- those people and corporations who own stocks -- to pay their fair share of the costs of the new wealth-sharing programs we are instituting in this country.""",,
event_politics13,"GOVERNMENT IMPOSES TAX ON PERSONAL HOLDING COMPANIES

In an effort to prevent wealthy individuals from using corporations as ""incorporated pocketbooks"" to avoid income taxes, the government has enacted a new excise tax on the non-business assets of certain personal holding companies.

According to tax officials, the new tax will apply to the value of all ""non-productive"" assets of certain companies that are either holding companies or are disguised as operating businesses, but whose business assets and working capital make up less than 20% of their total assets. Any such company that is more than 25%-owned by one individual will be subject to an annual tax of@TEXTSTRING% on the total value of its non-business assets, such as cash, stocks, and options. Banks and insurance companies are exempted from the measure.

The tax is an annual tax but is collected from the subject ""personal holding companies"" on a quarterly basis. Proceeds of this tax on non-productive assets are to be used for the demolition of public housing projects, many of which are almost 20 years old, and to construct new housing projects for low-income families, expanding this successful program.

In addition, this new tax will be put to use in creating new jobs, by hiring thousands of workers to dig ditches and thousands more workers to fill in the ditches.",,
event_politics14,"GOVERNMENT ANNOUNCES NEW ""WEALTH TAX"" ON THE RICH

In light of worsening economic conditions and growing budget deficits, government officials determined to avoid cutting jobs or wages of government employees have come up with a new and better solution -- tax the rich.

Effective at the end of this year, an annual tax will be imposed on individuals whose net worth exceeds a billion U.S. dollars, or the equivalent in other currencies. The tax is to apply at the rate of @HUMOR% on the portion of any wealthy individual's net worth that exceeds one billion dollars on December 31st of each year.

""They'll never miss it,"" said the gleeful tax spokesperson who announced the new law. ""We'll be busy this Christmas.""

The new Wealth Tax, or, as some advocates have dubbed it, the ""Billionaires' Tax,"" unlike some taxes, will not be deductible from the payer's income tax, roughly doubling its effectiveness as a revenue measure and punitive tax on overly successful individuals.

@TEXTSTRING",,
event_politics15,">>>  SPECIAL NEWS BULLETIN  <<<

@CORP HAS GONE BANKRUPT AND HAS BEEN TAKEN OVER BY THE @TEXTSTRING--ALL OF THE COMMON STOCK OF SHAREHOLDERS IN @CORP HAS BEEN CANCELED AS OF THIS MOMENT....

GOVERNMENT FUNDS WERE INJECTED TO PAY OFF SMALL DEPOSITORS AND NEW SHARES IN THE BANK HAVE BEEN SOLD TO THE PUBLIC.

NO DEPOSITORS HOLDING CD'S OR DEMAND DEPOSITS OF THE BANK HAVE INCURRED ANY LOSSES ON THE BANK FAILURE, THANKS TO THE GOVERNMENT BAILOUT.

>>>  END OF BULLETIN  <<<",,
event_politics16,">>>  SPECIAL NEWS BULLETIN  <<<

@CORP HAS GONE BANKRUPT AND HAS BEEN TAKEN OVER BY THE @TEXTSTRING--ALL OF THE COMMON STOCK OF SHAREHOLDERS IN @CORP HAS BEEN CANCELED AS OF THIS MOMENT....

GOVERNMENT FUNDS WERE INJECTED TO PAY OFF SMALL DEPOSITORS AND NEW SHARES IN THE BANK HAVE BEEN SOLD TO THE PUBLIC.

ALL HOLDERS OF THE BANK'S BONDS HAVE RECEIVED A CASH PAYMENT EQUAL TO ABOUT 10% OF THE FACE VALUE OF THEIR BONDS.

NO DEPOSITORS HOLDING CD'S OR DEMAND DEPOSITS OF THE BANK HAVE INCURRED ANY LOSSES ON THE BANK FAILURE.

>>>  END OF BULLETIN  <<<",,
event_politics17,">>>  SPECIAL NEWS BULLETIN  <<<

@CORP HAS GONE BANKRUPT AND HAS BEEN TAKEN OVER BY THE @TEXTSTRING--ALL OF THE COMMON STOCK OF SHAREHOLDERS IN @CORP HAS BEEN CANCELED AS OF THIS MOMENT....

GOVERNMENT FUNDS WERE INJECTED TO PAY OFF SMALL DEPOSITORS AND NEW SHARES IN THE BANK HAVE BEEN SOLD TO THE PUBLIC.

LARGE DEPOSITORS HAVE LOST A PORTION OF THEIR DEPOSITS IN @CORP ON THE BANKRUPTCY, ON A ""BAIL-IN.""

>>>  END OF BULLETIN  <<<",,
event_politics18,">>>  SPECIAL NEWS BULLETIN  <<<

@CORP HAS GONE BANKRUPT AND HAS BEEN TAKEN OVER BY THE @TEXTSTRING--ALL OF THE COMMON STOCK OF SHAREHOLDERS IN @CORP HAS BEEN CANCELED AS OF THIS MOMENT....

GOVERNMENT FUNDS WERE INJECTED TO BAIL OUT THE BANK'S SMALL DEPOSITORS, WHO WERE FULLY PAID OFF, AND NEW SHARES IN THE BANK HAVE BEEN SOLD TO THE PUBLIC.

ALL HOLDERS OF THE BANK'S BONDS HAVE RECEIVED A CASH PAYMENT EQUAL TO A SMALL FRACTION OF THE FACE VALUE OF THEIR BONDS.

THE GOVERNMENT HAS REFUSED TO PROTECT THE ACCOUNTS OF LARGE DEPOSITORS, BUT IS FORCING THEM TO ""BAIL IN"" BY TAKING WHAT IS REFERRED TO AS A ""HAIRCUT."" ACCORDINGLY, ALL OF THE LARGE DEPOSITORS HAVE LOST A SIGNIFICANT PERCENTAGE OF THEIR DEPOSITS IN @CORP ON THE BANKRUPTCY.

>>>  END OF BULLETIN  <<<",,
event_politics19,">>>  FINANCIAL NEWS BULLETIN  <<<

@CORP IS INSOLVENT AND HAS BEEN TAKEN OVER AND REORGANIZED BY GOVERNMENT REGULATORS.

ITS OLD STOCK HAS BEEN CANCELED AND NEW STOCK WAS SOLD TO THE PUBLIC, WITH THE PROCEEDS USED TO PAY OFF PART OF ITS POLICY LIABILITIES. ONCE THE COMPANY'S NET WORTH HAD FALLEN BELOW ZERO, AND ITS ABILITY TO MAKE GOOD ON PROMISED INSURANCE COVERAGE TO POLICYHOLDERS BECAME DOUBTFUL, THE GOVERNMENT INSURANCE REGULATORS WERE FORCED TO INTERVENE AND REPLACE THE COMPANY'S @TEXTSTRING MANAGEMENT.",,
event_politics20,"FROM: WASHINGTON POLITICAL LIAISON (DESTROY AFTER READING) SUBJ: CREATION OF TEMPORARY MEADOWS ON FEDERAL LAND

As almost everyone now knows, the Company has logging rights on certain National Forest land in @FACT, but we are now severely limited in our cutting rights, and clear cutting, which would be extremely profitable, is not permitted. But after lengthy private negotiations with key members of the Administration and Congress, we have worked out a bargain that should greatly benefit @CORPFULL.

The current powers-that-be have assured us they will ""look the other way"" if we go in and do a quick & dirty clear cut of the forests in question, which include large stands of prime old growth trees; provided that we make substantial contributions to certain of their PAC's out of our political slush funds (about $2 mil. is all they want). We can be in, cut the trees, and be out before the public even knows what happened if we don't bother with stream protection and other Forest Service guidelines. There's about @AMOUNT. of standing timber there for the taking. --- DO WE TAKE IT?",,
event_politics21,"FROM:     FINANCE COMMITTEE SUBJECT:  PROPOSED CURRENCY PROCESSING OPERATION

A large, very powerful international business syndicate has offered us an opportunity to earn substantial profits from currency dealings. Theirs is largely a cash business, and they have a strong aversion to reporting any of their revenues to government authorities. Their concerns are not so much the avoidance of taxes, but of disclosure of the sources of their huge and illicit earnings, which could be cause for considerable embarrassment, such as canings, very long prison terms or, in some countries, public executions or dismemberments.

The people in question, the @FACT, are offering us a 5% transaction fee, plus reimbursement in full for any taxes that we incur, for running large sums of their earnings through the @YEAR business operations of @CORPFULL.

We will remit the ""clean"" funds back to them electronically.

SHALL WE ACCEPT THIS VERY LUCRATIVE OFFER THEY HAVE MADE US?",,
event_politics22,"FROM:     SENATE LOBBYIST FOR @CORPFULL SUBJECT:  SERIOUS THREAT OF REFORM; PROPOSED COUNTERMEASURES

Politicians in Washington these days have no honor. In the bad old days, when we bought a Congressman, he stayed bought. Now it's more like a lease, with annual rent increases. This year, we have a huge potential problem, with reform legislation pending in the Senate now that, if enacted, could erase all our special tax breaks and government subsidies, which have taken us years of prodigious lobbying efforts and suitcases of cash to attain.

""Our"" Senator Donald Bilbo, supposedly safely in our pockets for nearly 3 terms, is a key figure behind all this. He's publicly agitating for these ""reforms."" Fortunately for us, through his people in Geneva, he discreetly made it known to agents for the @IND industry that he can still be rented.

Because he is facing strong opposition for re-election soon, he says he must raise the equivalent of $20 million U.S. in ""grey"" money (in Swiss francs), to be deposited in his ""retirement account"" in Zurich. Our share of this industry ""contribution"" to the Senator is $3.57 million, to be converted into Swiss francs and wired to his numbered account.

DO WE PAY SENATOR BILBO'S PRICE, TO BLOCK THE REFORMS?",,
event_politics23,"SENATOR BILBO REVERSES COURSE 180 DEGREES, BLOCKS PROPOSED REFORM LEGISLATION IN COMMITTEE

Senator Donald BilBo, a powerful 3-term senator, has done a complete flip/flop regarding reform legislation he had originally introduced in the Senate, and has blocked the bill in his committee, effectively killing it for this term of Congress. The legislation, if enacted, would have repealed a number of major special interest tax breaks and corporate subsidies, especially for the @IND INDUSTRY.

The Senator, in a televised press conference, attributed his change of heart to ""...listening to my constituents. The people have spoken, and I have heard them. That bill is history....""

Senator Bilbo, who has been extremely successful in amassing a campaign war chest for what had been expected to be a difficult re-election bid, is now considered a cinch for re-election by political experts, despite an underfinanced opponent's attempts to remind the public of the many past charges of bribetaking by the Senator.  A @CORPFULL company spokesman praised Bilbo for his brave stand on the reform bill.",,
event_politics24,"@CORPFULL PROFITS HANDSOMELY FROM ITS OPERATIONS IN ISTANBUL; CITES ITS CLOSE TIES TO THE TURKISH GOVERNMENT

@CORPFULL is one of the few companies that has @MISC been able to operate very profitably in Turkey, and which has somehow been able to overcome the many obstacles Turkey places before any company that wishes to import mundane items into the country, such as shoes. The company cites its very close and amicable ties with the government, and special tax breaks it has been able to negotiate with the Ankara government on its operations in Turkey, as the main sources of its resounding success in penetrating the always difficult Turkish marketplace.

Human rights advocates in @COUNTRY are very skeptical about the company's record of success in Turkey, however. Some suggest that it is more of a function of the company having given in to official blackmail, by breaking off its endorsement contracts with a popular Kurdish singer who was considered an ""enemy of the state"" and terrorist by Turkey, before his tragic and unsolved murder in @FACT last month.",,
event_politics25,"TOP EXECUTIVES OF @CORPFULL SLAIN; GOVERNMENT SEIZES MOST OF THE COMPANY'S ASSETS

The bodies of several key executives of publishing company @CORPFULL were found in their offices Monday morning.

Workers returning to work at the company's offices discovered the bodies of 9 of the company's key executives, although the CEO of @CORPFULL, vacationing in the South of France, was not among them. Each was found with a bullet wound in the back of the neck, suggesting to local police that the killings were by an intelligence agency of the national government, and that it would not be useful to investigate the execution-style slayings.

Investigative reporters have alleged recently that the small nuclear devices that destroyed large portions of Los Angeles, Sydney, London and Moscow last month were the work of terrorists who bought a book called ""How To Make a CityKilling Bomb in Your Garage in 11 Easy Steps,"" and that the real publisher of that book (in Arabic) was not the phony Jordanian shell company whose name was on the books, but a publisher based in @COUNTRY.

That publisher was, it seems, @CORPFULL... Thus, government officials in @COUNTRY have also seized much of the publishing company's assets, without waiting for a court order, since the rule of law has largely disappeared in @COUNTRY since the nuclear attacks on several major cities around the world.",,
event_politics26,"@CORPFULL CHARGED BY GOVERNMENT WITH ISSUING FALSE EARNINGS REPORTS, FRAUDULENT ACCOUNTING

Government investigators have seized the financial records and computer files of @CORPFULL, as part of an investigation into the company's allegedly fraudulent accounting practices.

According to initial reports, based on internal e-mails and computer files that were recovered by technicians after being incompletely erased from computer hard disks, there is evidence of a clear pattern of massive fraud by the company and its outside auditors, Eyeshade, Crossfoot and Waterstock.

Investigators who have studied the files and e-mails that the company had tried to erase from the hard disk of its computers found evidence of a conspiracy to use over 100 foreign partnerships to ""hide"" the losses the company was incurring. It now appears that those partnerships were established solely for the purpose of concealing the true financial results of the ailing company, enabling it to report profits, rather than losses.

A number of securities fraud suits have been lodged against the company, and most of the key executives are facing criminal charges. However, most of those involved in the scam have already taken their ill-gotten profits and fled to Brazil, a country that does not generally extradite stock manipulators and other white-collar criminals. Those insiders can expect to live quite well in Brazil on their cash bonuses taken from the company and from selling their stock on the open market at inflated prices before the collapse of @CORPFULL.",,
event_politics27,"SENATOR BILBO RESIGNS FROM SENATE -- AFTER COOPERATING WITH THE FBI IN STING OPERATION THAT NETTED INDUSTRY LOBBYISTS

Senator Donald BilBo, widely expected to be re-elected to a 4th term in the next election, has resigned from the U.S. Senate, under a cloud. Washington sources in the other party indicate that Senator Bilbdo was facing prosecution and possible jail time for extortion, accepting bribes, and his well known, inordinate fondness for controlled substances. To avoid pending criminal prosecution, Sen. Bilbo reputedly agreed to cooperate fully with FBI officials, in order to catch industry lobbyists in the act of paying a large bribe to him, as they had so often done in the past, to obtain his backing for special tax breaks and subsidies enacted for the benefit of the @IND industry.

As part of the ""sting,"" the Senator reportedly informed the FBI of a $5 million cash payment he had solicited from the industry as his price for blocking proposed reform legislation (since enacted), and he arranged to have the FBI secretly videotape his meeting with a lobbyist for @CORPFULL (in prison now), who delivered a suitcase with $1 million (U.S.) to Bilbo.",,
event_quote1,"men and women."" -- Unknown

""Once is happenstance. Twice is coincidence. Three times is enemy action.""",,
event_quote2,"""The only mystery in life is why the kamikaze pilots wore helmets."" -' Al McGuire",,
event_quote3,"""The word 'politics' is derived from the word 'poly', meaning 'many', and the word 'ticks', meaning 'blood sucking parasites.' "" - Larry Hardiman",,
event_quote4,"""Going to war without the French is like going deer hunting without an accordion."" -- Gen. Norman Schwartzkopf

""War is God's way of teaching Americans geography."" '- Ambrose Bierce",,
event_quote5,"""Our government treats its citizens like mushrooms -- keep 'em in the dark and feed 'em nothing but manure."" -- Unknown

""It would be nice to spend billions on schools and roads, but right now that money is desperately needed for political ads."" -' Andy Borowitz",,
event_rail1,"3,500 DEAD AS @CORPFULL TRAINS COLLIDE HEAD-ON; THOUSANDS MORE INJURED OR BELIEVED MISSING

Two speeding freight trains of @CORPFULL ran head-on into each other last night near a crowded high school soccer stadium, resulting in a disastrous explosion, fire, and release of a lethal cloud of fumes that left no survivors in the stadium or in a mile-wide zone of death that stretched 5 miles downwind from the explosion.  Apparently, one of the trains was transporting large quantities of chlorine gas and propane, while the other carried thousands of rounds of artillery shells and other high explosives for the Army.  The @FACT the fatal crash, which has resulted in at least 3,500 deaths (and will surely spawn at least that many lawsuits against the railroad) on recent cost-cutting and corner-cutting at @CORPFULL.

Eager to save money, the railroad's management had fired almost all of its long-time, experienced maintenance and safety personnel, replacing them with inexperienced, minimum wage workers.  Inability of several new employees to operate a computerized crash prevention system led to the tragedy.",,
event_reserved1,"[Sections 072 to 100 are reserved for more ""Future News"" or NewYear scenarios]",,
event_reserved2,"[1 to 36 are ""miscellaneous"" scenarios from Newyear R1=41 to 76] [500 and above reserved for Cheat scenarios; 474 and 493 used only in W$R, not in ""Trader"" versions; #133 thru 468 are available for new messages]",,
event_retail1,"NO MORE FREE SHOPPING AT MAJOR DEPARTMENT STORE CHAINS

Several major department stores have now announced that, effective after the end of@YEAR, they will begin charging $20 admission to persons wishing to shop in their stores.

A [REDACTED] spokesperson explained the new policy as being ""...a natural evolution of recent trends in retailing. It costs us a great deal of money to keep our stores open and ready for business, particularly with the epidemic of shoplifting that began when states stopped prosecuting thieves for thefts of less than $950 in value. So why should we let people who want to come in and browse or shop do so for free -- any more than a movie theater lets its customers in for free, or a gas station lets people use its restrooms for nothing? Charging our customers to come in and shop is all a simple matter of economics -- We can, so we will....""",,
event_retail2,"FROM:     PURCHASING DEPT. (TOP SECRET--FOR YOUR EYES ONLY) SUBJECT:  IMPORTING OUTLAW TEXTILES FROM ""PARIAH"" COUNTRIES

As you know, U.S. law prohibits us from importing any textiles made by political prisoners in certain ""pariah"" countries like North Korea, Iran, Myanmar (formerly Burma), Cuba, and Sudan. However, one of our buyers, ever on the lookout for a bargain, has found a deal almost too good to pass up.  A Macao operative, [NAME DELETED], deals in such goods, and is able and willing to supply textiles to us at inordinately low prices, all stamped ""Made in Macao by [NAME DELETED],"" provided we don't ask where the goods actually came from or under what conditions they were made. We maintain maximum ""deniability.""

Apparently, several of our major competitors are already importing their ""Macao"" textiles, according to [NAME DELETED]. To remain competitive, we need to begin importing these lowcost textiles as well, or else experience serious profitmargin erosion, as our competitors undercut our pricing.

DECISION:  DO WE IMPORT THE ""MACAO"" TEXTILES?",,
event_retail3,"FROM:     PUBLIC RELATIONS DIVISION SUBJECT:  POSSIBLE RECALL OF CONTAMINATED FOOD PRODUCTS

We have just discovered that a small amount of putrid meat got mixed into a very large batch of our packaged food products, which will probably cause some degree of health risk to to a few dozen customers, as we have discovered the putrid meat was not only somewhat rotten, but contained ""prions,"" a dangerous protein that is responsible for ""Mad Cow Disease"" and similar ill effects in humans, and even in deer, elk and other animals in the wild or on farms.

The dose of prions that any one consumer is likely to get is very small, but that is also part of the problem -- because a small batch of contaminated meat got into a huge volume of our products, it would be necessary to recall almost everything we have shipped in the last two weeks, at a cost we estimate at @AMOUNT million, not to mention the terrible publicity if the public were to find out where we buy our cheap, ""salvage beef.""

Thus we have a serious public relations problem on our hands. If we simply ""stonewall"" the problem, and let a few people get sick, there is always the risk that the contaminated products will somehow be traced back to us, in which case we would have an EXTREMELY serious public relations problem.

DECISION:  DO WE ""STONEWALL"" IT, AND KEEP A LOW PROFILE?",,
event_retail4,"SUBJECT:  ALTERNATE SOURCING OF @YEAR BLUE JEANS

As you know, we sell vast quantities of @FACT blue jeans each year, but our profit margins are only moderate on such sales. We have an intriguing offer from a Ho Chi Minh City company that could change all that and give a major boost to the overall profitability of @CORPFULL.

The Vietnamese company is owned by a nephew of the late Ho Chi-Minh, and manufactures bogus copies of @FACT jeans by the trainload, using forced labor. They can sell us all the fake @FACT jeans we want, at about 1/10th the cost we pay to the real manufacturer. We will be able to mark them down a bit from where competing retailers sell the real thing, and still generate exorbitant profit margins on every pair of such jeans we can sell through our stores. (The jeans we buy from them will first be shipped to Hong Kong, and can be mixed with our imports of the real McCoy from there.)

DECISION:  DO WE GRAB THIS HUGE OPPORTUNITY?",,
event_retail5,"FROM:     @CORPFULL PURCHASING DEPARTMENT SUBJECT:  DEALING IN RECALLED ITEMS

The price competition in the discount retailing industry is becoming ruthlessly efficient, thanks to computers and the Internet. We absolutely must find a way to improve our gross margins, and we think we have found a way.

With all the government and consumer lawsuits and investigations in recent months, a large number of manufacturers have been forced to recall various items, such as toys, tools, dangerous hardware items, and the like.  We have discovered that there's a budding ""grey market"" for these items that the manufacturers have recalled, where their sale has not yet been legally prohibited, and where the manufacturer has chosen, for good public relations reasons, to ""voluntarily"" recall the dangerous or politically incorrect items.

In short, a number of manufacturers, rather than send these recalled inventory items off to some landfill or incinerator, have been making quiet inquiries as to whether we, as a major discount retailer, would be interested in buying the recalled items at about 3 cents on the dollar. We could offer them for sale very cheaply (and legally), and still reap huge profits, by ""recycling"" these goods back into the marketplace.

Since the manufacturers have already reaped the good P.R. from doing the recalls, they will, of course, deny that they resold the items to us, and will simply take the position that they were not able to recall all of the items, which we will have bought through a third party ""recycling"" corporation we set up offshore, in Bermuda.  We will plead ignorance, if anyone discovers we are selling recalled items.

DECISION:  DO WE BEGIN BUYING AND RESELLING MERCHANDISE THAT HAS BEEN RECALLED BY VARIOUS MANUFACTURERS?",,
event_retail6,"FROM:      HUMAN RESOURCES DIRECTOR SUBJECT:   PROPOSAL FOR REDUCING WAGE COSTS

As CEO, you are well aware of our rising labor costs, since most of our production is in Thailand, where wage levels and the general standard of living are both rising at alarming rates. While U.S. wages are rapidly sinking, they are still too high for us to move any @CORPFULL plants home.

As a result, the competition, using slave labor in Myanmar and sweatshops in Cambodia and Viet Nam, is beginning to eat our lunch. We have to find a way to lower wage costs.

After studying the situation for months, we recommend that:

(a) the company move its plants to the island of Saipan, where we can recruit cheap Filipino and Bangladeshi labor;

(b) we begin making counterfeit Benetton sweaters there; and

(c) we can label all our output as ""Made in America,"" since Saipan is technically a U.S. territory (but one where U.S. minimum wage and other labor laws are, shall we say, enforced very ""liberally"").

SHALL WE MOVE OUR TEXTILE PRODUCTION TO SAIPAN?",,
event_retail7,"CUSTOMS RAID SEIZES WAREHOUSES FULL OF CONTRABAND TEXTILES, ILLEGALLY IMPORTED INTO U.S. BY @CORPFULL

U.S. Customs officials, in a coordinated series of lightning raids last night, descended upon several large textile warehouses belonging to textile maker @CORPFULL.

Seized in the raid were @AMOUNT million worth of contraband textile goods, made by political prisoners in North Korea and slave labor in Haiti, all smuggled into the U.S. illegally by @CORPFULL, which had arranged for the goods to be stamped ""Made in Macao by Ped Xing Textiles"" in a brazen, but unsuccessful attempt to fool U.S. Customs inspectors.

The company's purchasing manager, said to be responsible for the illegal scheme, was hauled away in chains by a Customs SWAT team. Top executives of the company professed complete ignorance of the illegal smuggling scheme, and urged that the miscreant purchasing manager be prosecuted to the full extent of the law, declaring such conduct ""...deplorable....""",,
event_retail8,"U.S. CUSTOMS GRABS HUGE SHIPMENT OF FAKE @YEAR JEANS

U.S. Customs agents in San Francisco announced that they have seized an entire shipload of bogus @FACT jeans that were being illegally imported by @CORPFULL.

The fake blue jeans, allegedly made in Vietnam slave labor camps, were apparently the second entire shipload that had been brought into the country by the large and previously respected retailer, @CORPFULL.

The Customs agents were apparently tipped off to the illegal smuggling of the fake goods by the makers of the real @FACT jeans, who have filed civil damage suits for trademark infringement against the culprits, in the amount of @AMOUNT.

In addition to having the shipload of fake jeans confiscated by the government, criminal fines have also been levied against @CORPFULL. An attorney for the defendant company denied each and every one of the following charges:

(a) that any such shipment of jeans had occurred;

(b) that the imported jeans belonged to @CORPFULL; and

(c) that the jeans imported by @CORPFULL were fakes.",,
event_retail9,"@CORPFULL FOUND TO BE SELLING UNSAFE RECALLED MERCHANDISE; CONSUMER GROUPS ORGANIZING A BOYCOTT OF @CORPFULL OUTLETS

Several leading consumer product safety groups are calling for an extended boycott of the discount stores operated by @CORPFULL.

The boycott movement comes on the heels of a number of personal injury lawsuits brought against the once-respected retailer by dozens of customers who were injured after buying recalled items, made by many different manufacturers, that retailer @CORPFULL has been buying up cheaply and selling in its discount retail stores.

The recalled items for which the company has been sued include highly flammable pajamas that caught on fire, a wide range of dangerous toys (including ""shaving kits"" for 6 year olds, that include real razor blades, and kits for making Halloween masks that included plastic bags that children were supposed to place over their heads), and tools such as cheap chainsaws made in Russia, which lacked proper shielding and that caused losses of fingers or eyes if not used with extreme care.

In addition to the lawsuits and consumer boycotts against the company, the Federal Consumer Product Safety Commisssion has filed charges against the company, seeking to halt the sale of recalled items, and to impose large fines and other civil and criminal penalties upon @CORPFULL.",,
event_retail10,"@CORPFULL TOY SALES BANNED BY GOVERNMENT; LEAD AND OTHER HARMFUL SUBSTANCES ALLEGEDLY USED IN PAINT BY THE [REDACTED] MANUFACTURER OF TOY SOLDIERS

Government officials moved quickly today, in the wake of a widening scandal involving toy soldiers that may have been imported from abroad, and have halted all sales of the toy soldiers in the stores of the large discount retailer that had been the exclusive seller of the highly popular toy item, @CORPFULL.

According to government sources, the manufacturer of the toy soldiers used a paint containing lead on all of the toy soldiers. These are items that many small children can be expected to place in their mouths, with serious long-term health consequences. This latest revelation comes just days after it was discovered that some of the toy soldiers being sold in @CORPFULL's outlets were coated with a chemical that is generally referred to as a ""date-rape drug."" The manufacturer of the toy soldiers is said to be a foreign firm, but government officials have so far chosen not to divulge the identity or nationality of the supplier from which the items were purchased by @CORPFULL.

A government spokesperson explained that ""We have decided against disclosing the source country where the tainted products were manufactured, in order to preserve good trade relations with that nation, a consideration which, in our judgment, is more important than the public's right to know.""

The big retailer is expected to incur serious financial losses as a result of the halted sales of the toys, in addition to incurring massive ongoing litigation costs, as throngs of personal injury lawyers file dozens of lawsuits against @CORPFULL.",,
event_retail11,"CONSUMER WATCHDOGS REVEAL HOW @CORPFULL INCREASED FIBER CONTENT OF ITS FOOD PRODUCTS:  SAWDUST

A public interest group has revealed that a major packaged food company, @CORPFULL, is adding ""food extenders"" to its products.

According to the watchdog consumer testing group, recent advertising claims of ""increased fiber content"" by the company are, strictly speaking, correct. However, the added fiber consists of as much as 40% by volume of indigestible cellulose fiber (sawdust) -- added to everything from meat patties to cheesecake. Individual consumers first became suspicious of what this fiber consisted of when many became ill with severe gastric disturbances, and when a few detected a ""piney"" taste and a ""crunchy"" consistency in the ""HealthWise"" brand of tapioca pudding made by @CORPFULL.

Apparently, the puddings contained sawdust from Ponderosa pine and other conifer trees, the flavor of which was not well masked in the bland, petroleum-based puddings. The company has agreed to recall millions of packages of the offending products.",,
event_retired1,(Retired scenario - no content.),,
event_shipping1,"SUBJECT:  RETROFITTING OIL TANKER FLEET WITH DOUBLE-HULLS

Government regulations are getting increasingly stiff since the Exxon-Valdez tragedy in Alaska and the regrettable incident that wiped out all the reefs in the Florida Keys.  All American-flagged oil tankers will now have to be built (or retrofitted, in the case of existing vessels) with double hulls, to reduce the odds of such mishaps in the future. We estimate that the out-of-pocket costs of retrofitting our fleet to comply with U.S. safety standards will amount to over @AMOUNT. for the @CORPFULL fleet.

There is ONE way to get around this costly retrofitting program, however.  That is to reflag all of our ships under foreign (Liberian or Panamanian) registry, which would exempt us from U.S. environmental safety regulations.  (Of course, we would run certain open-ended liability risks, not to mention the bad P.R., if we don't retrofit with double hulls, and something unfortunate were to happen....)

DECISION:  DO WE REFLAG OUR TANKERS AND AVOID RETROFITTING?",,
event_shipping2,"SUBJECT:  OUR ""EGREGIOUS"" SHIPBOARD MISSILE DEFENSE SYSTEM

Our Defense Dept. lobbyist just informed us that all of our Defense Electronics division's expenditures for developing the new shipboard anti-missile system (""Egregious"") are on the verge of going down the drain.  As you know, the first ""real world"" test of the new system by the Navy succeeded only in shooting down a Learjet, two Beechcrafts and 4 Cessnas, flown by an assortment of lawyers, dentists, M.D.'s and stockbrokers -- instead of the two test missiles. Accordingly, the Pentagon Admiral with the ""juice"" to make the decision is planning to award the contract to produce the Navy's antimissile system to a competitor, for their ""Spear-Catcher"" system.

Our choice is between paying $3 million U.S. in ""grease"" to the Admiral, who reportedly can be ""turned,"" and getting a very lucrative Navy contract, versus taking a @AMOUNT. write-off of our development costs to date for the Egregious system.

SELECT ""YES"" TO PAY THE BRIBE, OR ""NO"" TO BITE THE BULLET ON THE EGREGIOUS SYSTEM, AND WRITE OFF ITS COSTS....

 CONGRESSIONAL SUBCOMMITTEE FINDS HEAVY NAVAL LOSSES IN WAR WITH YEMEN WERE RESULT OF CORRUPT NAVY PROCUREMENT PRACTICES

In Washington, Congressthing Pat Boozeman's defense subcommittee has concluded its investigation of the reasons behind the U.S. Navy's enormous losses of missile cruisers, aircraft carriers and destroyers in the Red Sea in last year's brief clash with the small Arab state of Yemen over interference with oil tanker shipping in the Gulf of Aden. The subcommittee found that the heavy losses of U.S. sailors and equipment in the conflict with a small, primitive nation were caused by the abysmal performance of the Navy's vastly expensive and allegedly ""bulletproof"" Egregious antimissile defense system, made by @CORPFULL. The enormously sophisticated Egregious system, supposedly capable of simultaneously tracking and directing defenses against thousands of incoming enemy ship-killing missiles at one time, proved unable to ""see"" anything moving at more than 400 mph.  Thus it shot down nothing but our own planes, as they took off from carriers. Apparently the Navy/s decision to acquire the Egregious system was heavily influenced by ""grease"" payments to key Navy officials....",,
event_shipping3,"FROM:     PURCHASING DEPARTMENT

SUBJECT:  PROBLEMS WITH DELIVERY AND STOCKING DEADLINES FOR CHRISTMAS SEASON TOYS FROM ASIAN SUPPLIER

As you know, toy soldiers are expected to be a big seller during the upcoming holiday season, but we received word today that because of power blackouts and materials shortages in [REDACTED], our main supplier of toy soldiers has experienced a number of major production delays, and they have warned us that they may miss our delivery deadline by a week or more for the @YEAR holiday season unless we change some of our specifications for painting the toy soldiers.

This could be a real problem, if the entire shipload of toy soldiers we have ordered for our stores arrives a few days AFTER the Christmas holiday, in which case we will be stuck with a huge, possibly unsaleable, inventory, and will have also lost @AMOUNT millions in pre-holiday toy sales.

Our supplier in [REDACTED] is asking permission to use a much faster-drying paint, rather than the paint we specified, which will knock several days off their production time and enable them to ship the order in time to meet the timeline we have established, so that we will be able to stock our stores with the toy soldiers before Christmas.

However, there is no time for us to do any safety testing on the paint they will use, so we will just have to trust the supplier and wing it....

DECISION: DO WE AGREE TO LET OUR SUPPLIER CHANGE OUR PAINT SPECIFICATIONS FOR THE TOY SOLDIERS?",,
event_shipping4,"@CORPFULL'S OIL TANKER NOSTROMO BREAKS UP @YEAR; DAMAGE INCALCULABLE

The giant supertanker Nostromo has hit a tugboat and is quickly breaking up @FACT.

Initial reports indicated that the captain of the supertanker was an alcoholic and drug addict, who had run another giant supertanker aground last year. However, under various U.S. labor laws, his employer, the oil company that owns the tanker, was unable to fire him because of his drug and alcohol disability, and had to rehire him in his old job last month, pursuant to a court order under the Americans with Disabilities Act, in a decision eerily similar to that of the inebriated captain of the ill-fated Exxon-Valdez many years ago, whom Exxon was also forced to reinstate, pursuant to a court order.

According to its owner, @CORPFULL, the tanker was carrying some 25 million gallons of crude oil, much of which has already spread for miles@MISC.

Despite U.S. laws requiring tankers to be retrofitted with double hulls, the company's lawyers had found a legal loophole, registering the ship under the Liberian flag, that allowed the company to save money by not retrofitting.  Unfortunately for the company, it seems likely that private lawsuits and cleanup costs will be far greater than what it would have cost @CORPFULL to retrofit its fleet.

Industry experts estimate that the total direct costs of this incredible debacle could run into the billions, which does not even include lost business from consumer boycotts of the company's gas stations.",,
event_shipping5,"DRUG ENFORCEMENT AGENCY CONFISCATES @CORPFULL VESSELS USED TO SMUGGLE DRUGS FROM EAST ASIA, SEIZES 3 TONS OF CRYSTAL ""ICE"" AND HEROIN FOUND ON BOARD

The DEA, in a series of lightning raids, today seized seven large containerships owned by @CORPFULL, on which agents found over 3 tons of crystal amphetamines and heroin, with a street value in the billions. While the shipping company itself was not charged with complicity in the smuggling, several members of a Korean crime syndicate and the captains of all seven ships were arrested on narcotics charges. All face lengthy prison terms in the U.S.

However, the DEA announced that the @CORPFULL ships will be confiscated and sold at public auction, because they were property used in illegal drug smuggling. Company officials were bitter about the DEA decision, calling the agency ""...Nazis..."" and ""...greed mongers..."" and pointing out that the confiscated ships were worth an estimated total of @AMOUNT million, all of which will be used to pay bigger DEA salaries or go into the DEA employees' pension fund.",,
event_space1,"""STRANGE OBJECT"" IN NORTHWEST SKIES RESULTS IN BLINDING OF THOUSANDS OF SEATTLE AREA RESIDENTS

Medical authorities in Seattle cautioned residents to remain in their homes and offices until the current unusual weather conditions return to normal. Hospitals report that thousands of residents were blinded when the area experienced abnormal atmospheric conditions, with no rain being reported in the area for 3 full days. A government meteorologist explained that, while it is not terribly unusual for the rain to halt briefly in the Seattle area, the current 3-day drought was accompanied by a rare clearing of the cloud layer.

Tens of thousands of local residents, mystified by what they described as a ""large, round, brightly glowing object in the sky"" were initially in a state of near-panic, until an official advisory was broadcast on an emergency basis, informing the public that the bright object was not a UFO, but merely the sun. The last recorded sunshine in Seattle was some 20 years earlier, so many denizens of this grey, rain-soaked city had completely forgotten what the sun looks like.

Several heart attacks were reported among older citizens who either thought the large glowing object was a UFO or, remembering that the object was actually the sun, became so over-excited by the rare sight their hearts failed.

Many area citizens lapsed into a trance-like conditions and stared directly at the sun until they became blinded. Public health officials estimate the number of persons who were blinded by the bright rays of the sun, which was not shielded by the usual perma-cloud layer of the Pacific Northwest, to be near 25,000. Most of those who lost their eyesight, sadly, were young people, under the age of 20, many of whom had been born after the date of the last recorded sunshine in Seattle, in September of@YEAR. Many of these young people, who had never been outside of the Northwest, had never seen the sun before, and thus had no idea what the glowing object was, and no awareness of the dangers of staring directly at the bright orb for extended periods of time.

Rain is expected to resume tomorrow, and weather forecasters do not expect a recurrence of the strange, cloudless weather conditions in the Northwest for at least another 20 years. Public health officials and members of the City Council have recommended that the schools institute a ""sun blindness safety program,"" so that the next time the area experiences such freakish weather the residents of the region will have learned not to look directly into the sun's dangerous rays.",,
event_space2,"NEW ERA OF SPACE MINING AND EXPLORATION HAS BEGUN

A major consortium of aerospace companies and mining companies today announced the successful opening of the first off-planet mining operation, undertaken at a cost of many billions.

The new high-tech mining operation, which will mostly be manned by thousands of sophisticated robots, is located @TEXTSTRING.

It is expected to usher in a whole new era of space exploration and commercial exploitation of other bodies in the solar system.",,
event_space3,"FROM:    SPACE AND DEFENSE SYSTEMS ENGINEERING DIVISION SUBJECT: DESIGN FLAW IN OUR NEW MARK VI QUANTUM COMPUTER

Space and Defense Systems Division has warned all along that we didn't feel that our new experimental Mark VI Quantum Computer was far enough along in testing to be sold to NASA for use in mission critical applications, like next month's first launch of the Moon Shuttle. Now we have discovered a design flaw in a relatively obscure heuristic component of the Mark VI, and aren't sure if its built-in error-detection and recovery mechanisms will correct or override any errors that might crop up in this subsystem.

The bottom line is this:

This computer isn't ready to fly yet, and we feel, notwithstanding the loud screams from Marketing, that we ought to warn NASA and urge them to scrap the scheduled launch of the Moon Shuttle, despite the embarrassment this will cause. Or, we can keep our mouths shut and let the launch go ahead on schedule, the ""stonewall"" option, as the Marketing Division describes it -- and is urging us to do.  It's your call....

QUESTION: DO WE ""STONEWALL IT"" AND LET THE LAUNCH GO ON?",,
event_space4,"FROM:  @CORPFULL MARKETING DEPARTMENT SUBJ:  EXPANDING INTO ONLINE AUCTIONS

As a major Internet company, we are not earning the kind of top-line growth in revenues (or bottom-line profits) we should be seeing.  Our new online soap opera, ""The Young and the Wireless"" is clearly not generating the kind of ad dollars we had expected, so we need to do some fresh, ""outside-the-box"" thinking, if we are going to make @CORPFULL into a major force and, incidentally, prevent our employee stock options from expiring, worthless, next year. It is obvious that providing content and selling ad space is not a very successful strategy, and that the way to make money on the Net is through auction sites, although the competition there is very tough and well-entrenched.

We, in the marketing department, have been doing some creative thinking and in-depth market research, however, and have come up with an obvious new online application, an auction idea so bold and savagely ""now"" that it has no serious competition at present, the only known competition being one small, poorly financed Russian language website based in Belarus.

We posed for ourselves the following questions, in doing our research:

1. What kind of product, which we could sell at online auction, has a huge, constant, almost insatiable demand?

2. And what product also has an almost inexhaustible supply, a supply that is currently not being tapped efficiently in the Internet auction business?

(We have, of course, ruled out selling dangerous substances like illegal drugs and home-made nuclear weapons kits, sales of which could get us imprisoned, caned, or executed.)

The answer was obvious, once we asked ourselves the right questions:  @FACT.

Something that people are willing to pay serious money for, with few questions asked, in a market that is currently not well served by suppliers, despite the existence of a huge supply, especially in poor, Third World countries. We have done a lot of spade work, and find that the best way to go about this is to set up an independent auction site on the floating ""city"" in international waters, in the North Sea. That offshore site, which seems ideal for our purposes, is the place where a number of controversial activities such as human cloning, brain transplants, genetic experiments (such as the crossbreeding of lawyers and alligators, to try to produce better litigators), and other projects of dubious legality or questionable sanity have been carried on in recent years, all free of any interference from national governments and with maximum secrecy.

We think the profit margins we can realize will rival that of the drug cartels, once we are established as THE place online for auctioning off @FACT.

DO WE IMPLEMENT THE NEW ONLINE AUCTION SITE FOR @MISC?",,
event_space5,"RE:  COST-SAVING PROPOSAL REGARDING OFFICE SPACE NEEDS

As you may know, most of our office staff, except upper level executives, now work in cubicles, rather than in individual offices. The typical cubicle is approximtely 12 feet by 12 feet in size, with 6-foot high partitions enclosing it on 3 sides. This is highly inefficient, as approximately 40% of the space encompassed by each cubicle, from floor to ceiling, is simply air, and is unused. This is an unacceptable luxury.

We can reduce this large amount of wasted space, by reducing cubicle dimensions to 6 feet by 6, and by putting a lid on each cubicle, so that overhead space can be utilized for storage, machinery, and other purposes, thus sharply cutting our floor space requirements (and rental expense). Of course, some taller employees may complain about having to crouch down while in their new and smaller cubicles, but any such troublemakers can and should be weeded out of the company.

DO WE GO FOR IT, AND DRAMATICALLY INCREASE THE EFFICIENCY OF OUR OFFICE SPACE UTILIZATION?",,
event_space6,"N.A.S.A. MOON SHUTTLE CRASHES INTO CANAVERAL LAUNCH SITE ON MAIDEN VOYAGE!!  HUNDREDS OF GROUND PERSONNEL KILLED, INJURED--CAUSED BY @CORPFULL COMPUTER GLITCH?

NASA's Cape Canaveral launch base was flattened by a massive explosion today, as the first of the space agency's giant new Moon Shuttle craft turned and crashed back into its own launch pad at high speed, just two minutes after what had begun as a flawless lift-off, killing the entire Shuttle crew and killing and wounding hundreds of NASA personnel on the ground. A top NASA official who survived the crash at the launch site told the press that everything was going perfectly until about 90 seconds into the flight, when something went terribly wrong, causing the craft to do a 180-degree turn and fly right back into its launch pad, hitting the ground like a meteorite at about 4000 mph. The Mark VI quantum computer guidance system in the Shuttle and its A.I. software are both made by the same company, @CORPFULL.

Investigators are now focused on an anonymous phone call received minutes before launch, warning of a ""bug"" in the Mark VI Computer or software, urging NASA to scrub the launch, but was ignored as a ""crank call"" by NASA officials, unfortunately. The unknown caller, whoever she was, accused @CORPFULL of knowingly covering up the flaw.",,
event_space7,"FLAW IN @CORPFULL'S ""JIGGER"" GIGACHIP FOUND RESPONSIBLE FOR SENDING MANNED MARS MISSION FLIGHT TO SUN

NASA investigators announced today that the joint U.S.-JapanChina manned mission to Mars, which will end in disaster next month when the Mars Mission craft plunges into the sun, was caused by a defective chip supplied by @CORPFULL.

The newly-developed gigachip, which uses light photons and individual molecules as transistors, had been developed just in time to be used in the joint Tri-National manned space flight to Mars launch, and was a key part of the Mars craft's navigation and guidance system. Due to a small defect in one of the chip's 512 billion transistors, the craft is now on an irrevocable, apparently unalterable, course to the sun, rather than Mars, and all hands are expected to be lost when the delicate interplanetary spacecraft enters the sun's fiery atmosphere some time next month. According to NASA officials, a low-level @CORPFULL employee has provided evidence that the company was aware of the defect, BEFORE launch.",,
event_sports1,"UNIVERSITY OF ALABAMA FOOTBALL TEAM'S RECORD WIN STREAK ENDED, AT LONG LAST, BY NOTRE DAME, 24-23

All good things must end. For the University of Alabama's football dynasty, their long string of perfect, unbeaten seasons that began back in 2026 finally came to an end today, in a dramatic struggle in South Bend, Indiana, where the Fighting Irish of Notre Dame pulled off an amazing upset victory. In the tightly contested battle, Notre Dame won by scoring a touchdown, by bare inches, as time expired, to stave off defeat, 24-23, and thus ended the nearly 300-game winning streak of the Crimson Tide.

Trailing by 23-18, with only seconds to go, on the Alabama one-yard line, the Notre Dame fullback plunged into the line as time ran out, and the crowd of 100,000 and a huge TV audience held their collective breath, as it wasn't clear whether the fullback had made it across the goal line by inches, or had fallen just short. After several seconds, the line judge raised both arms, signifying that it was indeed a touchdown, and pandemonium erupted as the Notre Dame fans realized they had finally ended the Tide's seemingly endless victory streak at @TEXTSTRING games.

After the game, emotional Notre Dame students and fans, many of them with tears in their eyes, strung garlands of flowers on the large statue of Jesus, with his arms upraised, just outside the South Bend stadium. The tall statue seemed to mimic the posture of the line judge, as he had declared the final play of the game to be the winning score for Notre Dame. (The statue outside the stadium is often referred to by visiting players and fans as ""Touchdown Jesus."")",,
event_sports2,"FROM:     MARKETING DEPARTMENT

SUBJECT:  THREATS AGAINST @CORPFULL BY THE GOVERNMENT OF TURKEY

Our whole shoe manufacturing and marketing operation in Turkey is in jeopardy. The Ankara government has quietly informed us that they will seize all of our facilities in Turkey and ban us from ever doing business there again, unless we break off our endorsement deal with the Kurdish entertainer who recently sang the Kurdistan national anthem before a major U.S./Kurdistan soccer match. Apparently, some overly-sensitive bureaucrats in Ankara saw the event on a CNN satellite broadcast, and went ballistic over it. The very idea of a Kurdish national anthem is anathema to the Turkish government, while a long-lasting Kurdish insurgency in parts of Turkey persists, as the Kurds seek to break away from Turkey and join the newly created nation of Kurdistan, composed of Kurdish areas that were formerly parts of Syria, Iran, and Iraq.

The crooner, Hassan, is very popular in both Turkey and Kurdistan, and our endorsement contract with him has been a real boon to our operations in that part of the world, and he is great guy, to boot. But he is considered ""politically unreliable,"" in the eyes of the radical Islamist government officials in Ankara, and they are going to make us pay heavily if we maintain our affiliation with the performer.

Accordingly, they are blackmailing us: Either we repudiate all our shoe endorsement deals with the ""enemy of the state,"" as they refer to the singer, or else they will confiscate all of our operations in Turkey. Also, if we do go along with their ""request,"" they have offered us a wide range of very favorable tax breaks and preferential treatment for importing and exporting our shoes in and out of Turkey.

QUESTION:  DO WE GO ALONG WITH THE GOVERNMENT OFFER, AND BREAK OFF THE ENDORSEMENT DEAL?",,
event_tech1,"[_________*________] CORPORATION BLAMED BY BANKERS FOR UNLEASHING COMPUTER VIRUS THAT CAUSED BANKING COLLAPSE

(*  NAME WITHHELD BY ORDER OF OUR LEGAL DEPT.)

[NAME WITHHELD] Corporation, a major software company and the world's leading maker of ""anti-virus"" software, has been accused by [NAME WITHHELD] Bank of having written and purposefully set loose the devastating ""Armageddon"" virus.

""Armageddon"" is the powerful computer virus that last year caused unauthorized launchings of 3 U.S. nuclear missiles (targeted on the cities of Baghdad, Pyongyang, and Paris). It is a version of the same virus which more recently has brought the U.S., Mexican and Canadian economies to a complete standstill, by suddenly shutting down the entire banking industry in North America, after hopelessly garbling all banking records at several of the major international banks.

The banking system is still frozen, and banks have been reduced to using abacuses instead of computers, ever since a new strain of the Armageddon virus suddenly appeared one day last month and pounced upon thousands of banks' computer systems in one fell swoop.  The virus also caused ATMs (automatic teller machines) throughout North America to simultaneously disgorge all of their cash into the hands of anyone fortunate enough to be present to pick up the money, on the day of the virus attack.

_____________ Corporation made enormous profits by instantly coming up with an ""anti-virus"" to stamp out the initial outbreak of the Armageddon virus after last year's unpleasantness involving the former capitals of Iraq, North Korea and France. The company is alleged by bank officials to not only be the world leader in developing computer anti-viruses, but also of operating a major research facility that has been solely devoted to creating vicious computer viruses for a number of years--for which the company has then sold frightened users its anti-virus software as protection. [---------* ---------] Corporation has built its reputation as the world leader in anti-virus software by nearly always being the first in the industry to come up with a ""vaccine"" or cure for any major new computer virus that has appeared.

According to [-----*-----] Bank and officers of a competing software company, [--------*--------] Corporation maintains its secret and heavily-funded research complex, which is cleverly camouflaged as a swine processing facility, near Lahore, Pakistan, in a nation mainly noted in recent years for its exports of fearsome computer viruses.

A [----]bank officer being interviewed today on CNN swore vengeance against [NAME WITHHELD] Corporation, promising ""...massive, incalculable..."" lawsuits, and claiming that ""...We have been plunged back into the [EXPLETIVES DELETED] Stone Age thanks to these...bandits, this gang of extortionist nerds!""  He went on to describe the software company as ""...lepers -- a bunch of lousy, greedy, overpaid computer hackers... eunuchs with a god complex!....We're not going to take their [EQUINE SCATOLOGICAL EXPLETIVE DELETED] anymore!""

The CNN interview with the bank officer in question had to be abruptly terminated at that point, as a new and unknown computer virus suddenly shut down programming at all television networks in the Western Hemisphere.  The [----]bank officer subsequently had to be restrained by several TV station security personnel, after he began to foam at the mouth and chewed up two expensive oriental carpets. One of the security guards was later reported to be in satisfactory condition, after being treated for bites sustained on both ankles and tested negative for rabies.

A spokesperson for [NAME WITHHELD] Corporation dismissed the charges against his company as ""...Nonsense.  Sour grapes -- the kind of thing you'd expect from incompetent dinosaurs like the banks and a few jealous competitors in our industry.  Our competition is just upset and envious because we've already announced an anti-virus cure at 1:00 pm this afternoon for the Albanian Monkey Wrench computer virus that was responsible for shutting down all the TV networks this morning....""",,
event_tech2,"SKEPTICAL SCIENTISTS DISMISS UFO CLAIMS AFTER LARGE TRIANGULAR CRAFT HOVERS OVER MANHATTAN ISLAND FOR SEVERAL HOURS

Thousands of awed, fascinated onlookers gathered in the streets of Manhattan yesterday in the shadow of a massive triangular object that hovered in the sky for almost three hours, approximately 200 feet above the offices of the Skeptical Inquirer magazine. Ironically, the publishers of the magazine have been among the most impassioned and strident critics of claims of UFO sightings by thousands of responsible observers over the last half century, including innumerable credible reports by police officers, firemen, government officials, teams of scientists, and by both commercial and military pilots.

The enormous triangular craft, with flashing colored lights on its underbelly that were visible throughout the event, remained stationary, making no sound for the entire time it was visible, as thousands looked on in hushed amazement, as they gathered in the shade, standing or sitting in a large triangular shadow cast by the object on this otherwise clear and sunny afternoon in New York City.

At approximately 2:30 pm, a brilliant beam of light shone down on the steps of the Skeptical Inquirer office building and after a few moments a small, grey creature suddenly appeared to materialize at the bottom of the shaft of light, which suddenly was turned off. The small being or creature then walked over and placed a wreath of flowers on the steps of the Skeptical Inquirer offices. Moments later, he or it appeared to slowly levitate from the ground up into a large round iris-like opening that had suddenly appeared in the bottom of the giant object, some 200 feet above.

Then, without further ado, the massive UFO zoomed off into a cloudless sky, silently, but at tremendous speed, totally disappearing from sight within one or two seconds.

UFO researchers who had rushed across town to witness this strange 3-hour visitation are convinced that it was clear, uncontestable proof of extra-terrestrial visitors, and wondered if the skeptics and debunkers, like the 19th century scientists who doubted the existence of meteorites, would now finally be convinced by the appearance of the alien spacecraft at the very doorstep of the skeptics' flagship magazine in New York City.

The UFO researchers noted that, after decades of dismissing reports of stones falling from the sky as mere superstition or the reports of liars or drunken observers, members of the respected French Academy of Sciences were finally forced to recant when, at midday on April 26, 1803, as if to mock the doubting scientists, a large shower of meteorites literally rained down on L'Aigle in Normandy, France. More than three thousand stones were gathered within days of the fall, and investigators from the French Academy of Sciences had to concede, after several days of study, that rocks do, indeed, fall from space.

However, it appears that the modern-day skeptics were not at all convinced by the amazing aerial display or by the demonstration of some kind of hitherto unknown technology that seemed similar to the ""transporters"" seen in Star Trek epics.

Maleficio Torquemada, an editor and Chief Inquisitor of the Skeptical Inquirer, at an impromptu press conference shortly after the craft departed, said he had carefully watched the entire event, and was not impressed.

Standing on the steps of the magazine's offices, holding the wreath of flowers that had been left by the visitor, he opined that ""It was clearly not any kind of vehicle from outer space, filled with little green men or exotic Moon Goddesses. Most likely it was swamp gas, ball lightning, or some kind of unusual cloud formation -- or perhaps just the planet Venus, although it is usually not visible in the middle of the day. Either that, or it was just a lost weather balloon, or one more elaborate hoax perpetrated by the publicity-seeking adherents of some weird UFO cult.... Harrumphhh....

""There's never been one shred of physical 'proof' of the existence of UFOs that can't be explained by science as natural phenomena,"" he concluded, contemptuously, as he tossed the wreath of flowers into a nearby garbage can.",,
event_tech3,"CONFLUENCE OF TECHNOLOGICAL TRENDS PROMISES NEW ERA OF PLENTY

Economists and investment analysts are increasingly coming to believe that the world is on the verge of a ""new era of plenty"" as a result of several technological trends which are coming together. The advent of nearly free data transmission, major breakthroughs in computing, including use of biological memory units and other methods of storing information at the molecular level, plus the development of laser and other light-based and wireless technologies on a wide front, replacing the old electronics, have all come together at once.

""The future is now,"" exclaimed one leading economist, at a recent global conference.  ""The kind of technologies we are developing today will usher in an age of almost unimaginable prosperity and improved living standards, as computers and computing power become so cheap as to nearly be free, and can be included in everything from pencils to hair clippers to simple tools like saws or hammers. The possibilities appear unlimited for the tech-related industries, and it seems clear now that the past cyclical ups and downs of these industries will no longer be a part of the economic landscape, due to the near-instantaneous flows of financial information and feedback.""",,
event_tech4,"SUBJECT:  EXCITING OPPORTUNITY IN NANOROBOTICS

Our Robotics and Automation Division, as you know, has been in the forefront of developing ever-smaller robots, and in recent months our R&D labs have successfully tested tiny, microscopically small ""nanorobots,"" which until lately had been a solution in search of a problem. However, a number of medical experts we have hired to look into possible medical applications have come up with some stunning suggestions, which could result in massive new markets (and for those of us execs with stock options, major financial benefits) for @CORPFULL.

The medical people have been saying for years that such tiny nanorobots, if they could be perfected, could be injected into humans to work at the cellular level, to do such things as repair artery walls, selectively attack and kill cancer cells, and clean away arterial plaque for patients with cholesterol problems. Until now, the problem has been cost, as manufacturing vast numbers of the tiny robots has been prohibitively expensive.

However, our R&D people, working with our new Medical Devices Division, have come up with a brilliant solution:  selfreplicating nanorobots that reproduce themselves, almost like living organisms, by scavenging all the iron and other materials they need from the patient's bloodstream and from wastes carried in the blood and lymph systems.

It is a fantastic breakthrough, likely to win some of our people a Nobel Prize, although there are some risks, since we have only done testing on mice so far, and since we have no experience in the medical area, other than relying on the medical experts we've hired away from several drug companies.

The government says it's too risky at this point to test on humans, but we have made a deal with Iran to test the new technology on several hundred prison volunteers in Tehran who have some degree of atherosclerosis.  The Iranian government has even offered us @AMOUNT. up front if we will license the nanorobotic technology to them.

DO WE PROCEED WITH THE IRAN DEAL AND TESTING?",,
event_tech5,"SUBJECT:  FLAW IN OUR NEW ""JIGGER"" 512-TERABYTE CHIP

Engineering has found a minor (?) flaw in all of our ""Jigger"" terachips, which has potentially serious implications.  As you know, our chip is a key part of the navigation system of next month's planned Mars Explorer Mission, the joint NASA-ChineseJapanese manned flight to Mars. We don't know for sure, but this small design flaw could cripple the mission. This poses a difficult ethical choice for us. If we disclose the existence of the defect, which can't be corrected in time for the 'launch window,' we not only lose the huge amount NASA was going to pay us for the chip and zillions in favorable publicity we would get from its use in the Mars Explorer, but NASA would also have to scrub the entire mission until @YEAR. All of which would totally disgrace @CORPFULL.

On the other hand, if we keep our mouths shut, the mission may go ahead smoothly, and all might be well. Or, the flaw could prove to be critical, with unknown consequences....

QUESTION:  DO WE KEEP QUIET ABOUT THE FLAW IN ""JIGGER""?",,
event_tech6,"FROM:     TECH DEPARTMENT SUBJECT:  PLAYING HARDBALL WITH THE COMPETITION

Our competition in the @IND industry has been playing hardball with us lately. It is time to show them that hardball is a game two can play.

As you directed, we have assembled a crack team of hackers, several of whom were recently paroled and all of whom are under the age of 18, and completely lacking in any morals, ethics, or scruples. In other words, the perfect employees for our planned virus offensive, which will be code-named ""Operation Barbarossa.""

Our team of hackers has been shown the workings of our new ""Stacheldraht"" (German for ""barbed-wire"") Trojan Horse computer virus developed by our research labs, and are ready to begin spreading it on the Internet, to even the most secure installations. (Nothing, we believe, will be very ""secure"" from these gifted kids we have assembled.)

If all goes according to plan, the Stacheldraht virus will lie low until a predetermined date, at which time it will begin launching denial of service (""DOS"") attacks from the infected servers (called ""zombies"" by the tech types) against thousands of servers throughout the Net, which will overwhelm the attacked servers by sending them billions of packets of random data per minute. We have designed the virus so it will recognize the ""signature"" of, and not attack, any of the servers made by us, except to a very limited degree, and will not attack (at all) the servers made by several of our smaller, unimportant competitors, but the virus will not spare the servers made by our main competitors, which should become completely useless.

This should cover our tracks, and while the virus will mount minor, non-disabling attacks on the servers we make, ours will stand out as the only servers made by a major company that are still up and running, once the Stacheldraht begins its work. Any fingers will be pointed in the direction of our smaller competitors, whose machines will be completely free of any attacks by the virus, making them look suspicious, not us.

Once the word gets around that our machines are somehow able to avoid getting shut down by the virus, we can expect a flood of orders, as frustrated website hosts and operators find their existing servers, made by our major competitors, are continually being reinfected by the virus, and unable to function. (Our kids will be working around the clock from the site we have set up for them in Jamaica, to keep the virus going, by constantly releasing ""mutated"" strains of it every few days). Since the DOS attacks on our own servers will fall just short of levels that would bring them down, many operators will probably order more capacity from us, as well, to increase their margin of safety, so this virus offensive should benefit us in a number of ways, besides decimating our main competition.

(Assuming no one is able to trace the virus back to us....)

All that is needed now is your order to proceed with Operation Barbarossa.

DO WE PROCEED WITH INTRODUCING THE ""STACHELDRAHT"" VIRUS?",,
event_tech7,"NUMEROUS HIT AND RUN ACCIDENTS, FIRES BLAMED ON VIOLENT NEW COMPUTER GAMES, ""URBAN HUNTER"" AND ""FIREMAN""; POLICE SEIZE ALL COPIES OF THE PROGRAMS, BANNING ANY FURTHER SALES OF THE TWO BEST-SELLERS BY @CORPFULL

@CORPFULL, whose @FACTGames Division is one of the largest and most profitable marketers of computer games, the industry leader in producing the most violent and disturbing games on the market, has been forced to halt all sales and production of its latest stomach-turning release, ""Urban Hunter,"" and its equally disturbing ""Fireman"" game program.

The government has banned any further sales of the two wildly popular game programs, in the wake of a string of hit-andrun auto accidents and hundreds of serious cases of arson throughout the nation, with most such hit-and-run and arson cases believed to have been committed deliberately by young children

Government officials have asserted that recent exponential increases in hit-and-run pedestrian run-downs and arson fires began shortly after the company began selling the two highly controversial computer game programs in vast numbers.

""Urban Hunter"" is a sickeningly realistic simulation in which players are at the wheel of a heavily armored ""DeathMobile,"" which they drive at high speed through crowded streets, trying to run over any pedestrians who are not quick enough to escape to safety. The game awards extra points to the driver for running down certain ""special prey"" targets, such as the elderly, people in wheelchairs, pregnant women, Boy Scouts, ministers, priests, nuns, rabbis, small children, or women pushing baby carriages. While targeted to children too young to drive, in the 6 to 12 age group, the game has apparently inspired many hundreds of such young children to steal their parents' automobiles and to go out ""urban hunting"" for pedestrians in the real world.

Similarly, authorities allege that the outbreak of thousands of arson fires, which have stretched the nation's fire-fighting resources to the limit, can be attributed to the popularity of the ""Fireman"" computer game, in which the ""hero"" is a pyromaniac, whose goal it is to set as many buildings as possible afire, to accumulate points.

In ""Fireman,"" the ""hero"" tries to slip past security to set fire to public buildings, churches, synagogues, mosques, and for maximum points, the Capitol Building or the White House in the U.S. edition, or, in the British Isles version, the Houses of Parliament or #10 Downing Street. In the Spanish and Italian versions, the maximum score can be attained by torching the Vatican.

If caught, the ""hero"" is penalized by being sent to a psychiatric prison for electroshock treatment, and upon release, being severely brain-damaged (as the plot goes) must start at the bottom, burning his way up the ladder again, starting with shacks, barns, automobiles, sleeping winos, and homes, before eventually working his way up to office buildings, crowded theatres, sports stadiums, places of worship, police headquarters, etc.

The game's ""HELP"" files even include a detailed tutorial on how to make time-delayed incendiary devices.

With much of the country in flames, and with pedestrians now afraid to cross streets when even a single car is visible, the effects of the two computer games have been catastrophic, and criminal and civil charges have been filed against both the company and the executives of @CORPFULL, by the government of @COUNTRY.

A spokeswoman from the company's public relations firm told the media in a press conference that ""There is no proof whatsoever that our client's computer games have caused any of the current wave of youthful pranks in the U.S. or Europe. These are simply harmless games for children, and it is absurd to think that spending 40 to 50 hours a week playing either game has any effect on the kids' behavior or mental states. If they weren't busy playing our games, they might be out in public, getting in trouble.""

On Wall Street, analysts have sharply lowered their @YEAR earnings estimates for @CORPFULL.",,
event_tech8,"CASUALTIES IN THE TENS OF THOUSANDS IN CALIFORNIA AS AUTONOMOUS KILLER ROBOTS ESCAPE TEST FACILITY AND RUN AMUCK--MARINES STILL HUNTING DOWN THE LAST FEW AUTOBOTS

A ""black"" military program, the development of autonomous killer robots at a test facility near Lompoc, California, has turned into a bloodbath, with catastropic military and civilian casualties, so far estimated at over 145,000, with at least 84,000 confirmed fatalities.

Authorities say that they believe all but a few of the clever and elusive machines have now been destroyed by the combined efforts of an entire U.S. Marine division and the Army's 82nd Airborne division, which are now attempting to hunt down and disable the last few robots. The two elite military units both sustained heavy casualties in bloody firefights, as they struggled to eradicate the killer robots in a desperate effort to prevent the machines, made by @CORPFULL, from reaching Los Angeles.

Under a highly secretive development program, the company had proceeded, without formal government approval or funding, to develop some 200 or more of the T-4 robots, hoping to be able to sell them to the military if they proved effective. They were; lethally so.

The robots are powered by nuclear batteries, which can keep the machines running for years, and their armaments include two .50 caliber machine guns and a 20mm cannon, as well as two ""arms"" with razor sharp machete-sized knives that enable the machines to continue killing long after they run out of ammunition. The ""4-legged"" machines, each weighing over 800 pounds, are able to operate over extremely rugged terrain, in swamps, or even under water, and they are highly ""intelligent,"" able to detect humans and all kinds of vehicles and efficiently destroy them.

According to company officials, the robots can be turned ""on"" remotely, but have no ""off"" switch. They were programmed to function only while located inside the borders of Syria, and once turned on they were designed to kill everyone in sight. Unfortunately, it appears that Russian or Chinese hackers were able to hack into the robots, wirelessly reprogramming their geographic ""kill zone"" to be Southern California instead of Syria. The hackers then activated the ""on"" switch, and the slaughter began as the robots quickly dispatched everyone at the test facility and began their southward march towards Los Angeles.

Like a scythe cutting through a wheat field, the bots completely destroyed the Air Force rocket launching facility at Lompoc, California, leaving no survivors, and moved south towards Ventura and Oxnard, killing everyone in their path, before the Marines and 82nd Airborne halted their advance in the suburbs of Santa Barbara, while the civilian population of the city was evacuated. Once the remaining 6 or 7 robots ran out of ammunition, utilizing their artificial intelligence, they went into a stealth mode, where they hide by day and make sneak attacks on humans by night, using their long knives. Truly machines from hell.

Unconfirmed reports indicate that one or more of the surviving hunter-killers have been spotted along the coastline as far south as a half mile from Oxnard, but the machines reportedly submerged out of site in the surf before troops from the 82nd Airborne could be summoned.

In Wall Street trading, the shares of the manufacturer of the robots, @CORPFULL, plunged.

Interviewed on CNBC, the company's CEO opined that, ""The T-4 is a marvelous weapon, one of the most lethal things we've ever developed, but we just didn't think it could be hacked by anyone. We were wrong, and we truly apologize for the carnage. It's tragic what is happening to our stock....""",,
event_tech9,"@CORPFULL CLOSES DOWN CONTROVERSIAL ONLINE AUCTION SITE, WHICH SOLD @MISC ON THE NET

One of the first Internet auction firms to begin aggressively selling @FACT to willing buyers via the Internet was the bold, pioneering company, @CORPFULL.

However, it apparently was an idea whose time had come, as several dozen similar sites sprang up at nearly the same time in places as diverse as Beirut, Calcutta, Shanghai, Mombasa, Tehran, Kiev, and Lima -- wherever life is cheap, and the poor are numerous.  Despite a promising start, within a few months the @CORPFULL auction site had so many @LOSS low-cost imitators around the globe that its profit margins soon shrank to zero, and since then the operation has been spewing red ink by the barrel, until today's announcement by the company that it is terminating the service and closing down the @FACT auction website.

Company spokesman and spin doctor Elbert Gantry explained the company's decision this way:

""Once again, we were the leader, pioneering another great and much-needed service on the Internet, but our period of market leadership has passed, since many of our competitors are obviously willing to operate at razor-thin profit margins, or no profit at all, and have lower acquisition costs than we do, as they are closer to the supply sources. Thus, it is time for @CORPFULL to move on to another venue.

""We will soon be opening a web site, based in Khartoum, in the Sudan, that will auction off slaves throughout North Africa and the Middle East. This is another huge market, currently underserved, and this time we are locating at the very heart of the supply area, with a highly scalable business strategy, so no one will be able to match our cost structure. This is a company on the go, and we are big enough to write off our mistakes and move on.

""Watch us grow!""",,
event_telecom1,"IT'S OFFICIAL -- COURT CASE HOLDS THAT CELL PHONES CAUSE CANCER AND ALZHEIMER'S DISEASE

@CORP, a telecommunications company and cell phone maker, has been hit by a whopping damage award in a jury trial which held that the frequent use of cell phones can cause cancer and Alzheimer's Disease. According to several expert witnesses, recent research studies of heavy cell phone users have shown that frequent use of the devices, and the intense microwave radiation emitted in close proximity to the brains of the users, tends to break down the ""bloodbrain"" barrier, enabling various toxins, viruses, and other undesirable substances or pathogens to get past the barrier and into the brain, leading to early cases of Alzheimer's Disease and other brain dysfunctions.

Some teenage heavy users were said to be likely to develop symptoms of senile dementia as early as age thirty, according to estimates of some experts, based on the amount of brain damage resulting from several hours a day of walking around with cell phones glued to their ears, as many teens are apt to do, with many teens already beginning to resemble the ""walking dead,"" according to some observers. Even more dangerous, researchers said, was the growing trend towards using hands-free ""ear buds"" for phone use or to listen to music from the phones. The ""buds"" in each ear communicate with each other by sending microwaves directly back and forth through the user's brain, rapidly damaging brain cells.

Damages in this case, which may bankrupt the defendant, were determined to be @TEXTSTRING",,
event_telecom2,"SUBJECT: INSTALLATION OF NEW NATIONAL PHONE SYSTEM IN @LOSS BY @CORPFULL

We are one of the three ""finalists"" in the competition to install a new telephone/telecommunications system in @FACT and thereby bring the country into the modern era of communications technology.

Unfortunately, we are now being faced with the usual overseas problem:  the @FACT Communications Ministry officials tell us they favor our bid, but that we won't get the contract unless we pay them $15 million in bribes. This puts us on the spot, because any such payments would violate our own country's foreign corrupt practices law, as well as the laws of @FACT.

On the other hand, if we get the contract, we can expect to make about @AMOUNT million installing and operating their phone system for them in @FACT.

QUESTION:  DO WE PAY THE BRIBE DEMANDED BY THE @LOSS COMMUNICATIONS MINISTRY OFFICIALS?  [ Y / N ]",,
event_telecom3,"@CORPFULL FOUND GUILTY OF BRIBING GOVERNMENT OFFICIALS TO WIN TELEPHONE CONTRACT IN @LOSS

@CORPFULL, which recently won a lucrative government contract from the government of @FACT, to revamp and operate the country's telephone and telecommunications system, pleaded guilty in criminal court yesterday to charges of violating the foreign corrupt practices law, by bribing @FACT government officials to win the telephone system contract. Penalties include substantial fines, imposed by the authorities of both @FACT and @COUNTRY.

In a related development, news of the bribery scandal was on the front page of most major newspapers in @FACT today, and the government of @FACT announced that it is confiscating all @CORPFULL property in the country.

The @MISC embassy in @FACT reports that several key executives of the company who were in @FACT today have been detained by @FACT security police, and there are some unconfirmed reports that the executives in question have been taken into the jungle and liquidated by a security police death squad.

A spokesman for the @FACT government declined to comment on the rumored executions, other than to state that ""We know how to deal with foreign bandits in this country, corporate or otherwise....  We don't need no stinkin' white collar criminals....""",,
event_war1,"LONDON FINANCIAL DISTRICT DECIMATED BY NERVE GAS AND POWERFUL EXPLOSIONS IN THE UNDERGROUND

Teams of police and military personnel, dressed in anticontamination ""spacesuits,"" picked through the wreckage of downtown London yesterday, looking for clues, in the wake of the greatest catastrophe in that venerable city's history. Unknown terrorists are believed to have set off the series of massive explosions at rush hour Monday afternoon, which completely devastated several main London subway tunnels and stations. The blasts were apparently timed to coincide with the release of deadly toxic nerve gas at numerous key points throughout the downtown areas of the subway system.

The death toll is estimated to be in the thousands, with many tens of thousands more, including many who were above ground, seriously injured. Many of the victims were among the elite of the London business and financial community, which has now been virtually eliminated by this unprecedented act of mass terrorism.

Several groups have already claimed responsibility for the massacre, including two radical IRA splinter groups, a Syrian-sponsored terrorist organization called British Jihad, and several Christian, Muslim, and Hindu sects and other assorted Druidic or secular cults.

The London Stock Exchange, which had just closed shortly before the incident, is not expected to re-open for several months, and experts expect most local shares to open at a fraction of their last price when trading does eventually resume. Global stock markets, in New York, Tokyo, Paris and elsewhere briefly dropped sharply in sympathy with the catastrophic turn of events yesterday in London, before quickly recovering.

In Washington, Senator-for-Life Farquhar Q. Bluster opined that ""...That sort of thing could never happen here....""",,
event_war2,"MOROCCO, LAST BASTION OF MODERATE MUSLIMS, FALLS TO ADVANCING HORDE OF FUNDAMENTALIST REBEL MILITANTS

Triumphant rebel troops rolled into Tangier today, riding on tanks and other military vehicles, as the last vestige of opposition to fundamentalist radicalism in the Islamic world fell, without a shot being fired in defense by the loyalist Moroccan forces. Opposition to the fanatical ""Islamic State "" quickly collapsed throughout Morocco last week, following the assassination of King Hassan, whose personal helicopter was downed by a rebel-fired Stinger missile. The rebels, with their ranks swollen greatly by hundreds of thousands of ""volunteers"" from as far away as Pakistan and Indonesia, swept into the city at high speed, wildly firing their automatic weapons into the air in celebration, aware that all of Islam is now finally united under the ISIS banner in a single huge caliphate.

Stretching from Indonesia and the Phillipines in the Far East, across what was formerly northern India, throughout the Middle East, all of the southerly portions of the former Soviet union and all of the Balkans, and through all of Africa north of the Equator, the newly unified Islamic State (ISIS) encompasses nearly 2 billion, very well-armed, highly motivated people, and possesses over 88% of the world's oil reserves.

Beginning with the fall of the Assad regime in Syria in 2024, one Islamic nation after another has fallen, followed in succession by Libya, Iraq, Egypt, Turkey, Saudi Arabia, Indonesia, Pakistan, and all of the smaller nations of the Muslim world, as well as large parts of Slavic, Hindu, and other non-Islamic nations. The last major obstacle to ISIS in the Islamic world, was Shiite Iran, whose army fought to almost the last man, before Tehran capitulated to the Sunni forces of ISIS.

The balance of power has shifted drastically in favor of the new Islamic State, which now dwarfs the U.S., Russia, or China in military assets and resources. Emissaries of all three former superpowers are currently in Cairo, with hats in hand, negotiating over the amount of annual tribute that will be paid to the Caliphate, in order to maintain peaceful relations with, and a steady flow of oil from, the new, and now sole, reigning superpower.

On Wall Street and in London and Shanghai, share prices fell broadly on the news of the surrender of Morocco, which signalled, once and for all, the final chapter in the decline of the West.",,
event_war3,"LATEST ESCALATION IN THE WAR ON SMOKERS -- PRESIDENT ANNOUNCES A ""FINAL SOLUTION"" TO THE TOBACCO PROBLEM: INTERNMENT CAMPS FOR SMOKERS

The U.S. President, continuing the activist tone of his presidency, announced in a news conference today that he has just issued Executive Decree #48,972, stepping up the campaign against smoking in the U.S. Under the Decree Law, all smokers are to be rounded up and placed in internment camps, where they will receive political re-education and treatment for their smoking addiction, while incarcerated.

Announcing the new Decree Law, the President stated that, ""A year ago, I banned the sale of tobacco to U.S. residents, as a public health measure. However, millions of Americans have defied their government, and continue to smoke cigarettes, exported abroad and then smuggled back into this country from Canada and Mexico, countries which have refused to join us in making the smoking of tobacco illegal.

""Today's new Decree Law will show smokers that we are serious about ending the scourge of tobacco smoking in this country. By placing over eight million nicotine addicts in internment camps, not only will we punish and, hopefully, rehabilitate these anti-social individuals, but we will further protect non-smokers from exposure to secondary smoke, which is believed to be a major health hazard. The public's safety requires nothing less. As another public health measure, we will soon impose the death penalty, in all cases, on any person found to be in possession of tobacco, which will greatly reduce the number of deaths from lung cancer. I'll be issuing another Executive Decree on that tomorrow.

""I should also point out that, as a side benefit, our new anti-tobacco initiative will do much to create jobs and to stimulate our economy, as we build the prison facilities needed to house these eight million people under humane conditions....""

In a related story, the White House also issued Executive Decree #48,973 today, which calls for confiscation and forfeiture to the Federal government of all land and property used in the growing of tobacco, along with seizure of all money and other assets of the millions of smokers who are being interned, in part to pay for the cost of their internment and re-education.

The remaining proceeds of the seizures, expected to be in the hundreds of billions of dollars, are to be divided up among various tax-exempt and patriotic organizations, including the National Education Association and two profitsharing Trusts established for the benefit of the Newspaper and Television Industries and the Organization of Prison Construction Industries, as a reward to those advocacy groups for their moral and political leadership in strongly backing the President as he took this courageous action.

Tobacco stocks were mostly up in mixed trading today, as major tobacco companies, all supporters of the President, were not seriously affected by the new Decrees. In recent years, over 95% of their tobacco sales, aided by massive government export subsidies and tax breaks, have come from the booming overseas markets of China, India, and Russia.

The recent legalization of heroin, with opium poppies now grown and sold mainly by the tobacco companies, is expected to expand enough, as a result of the new tobacco ban, to make up for the loss of the small remaining domestic tobacco market in the U.S., according to Wall Street analysts.

The President's family, which has made its fortune over the years by raising tobacco, will also not be adversely affected by the internment of smokers or the confiscation of tobaccogrowing land. The President's tobacco properties were all converted to production of opium poppies last year, shortly before Executive Decree #27,351 legalized cocaine and heroin.",,
event_war4,"SOUTH KOREA INVADED, OCCUPIED BY THE NORTH!

In a lightning, Blitzkrieg assault that began with a massive artillery barrage at dawn yesterday, the huge North Korean military machine has obliterated much of the South Korean army and the small detachment of some 33,000 American troops that had been stationed along the DMZ. The huge and heavily armed North Korean army has quickly overrun and captured the South Korean capital, Seoul, and had captured much of the rest of the country before resistance ceased, and the South surrendered this evening.

In a brilliant tactical maneuever, the initial North Korean assault largely ignored the American army forces, except for firing a few artillery rounds into American positions, which lured the American commander into counterattacking through a lightly guarded area of the DMZ, and charging into North Korea. Once lured into the trap, almost the entire U.S. force was destroyed by the remote detonation of a nuclear device which had been planted in a tunnel beneath the invasion route taken by the unsuspecting U.S. troops.

The U.S. Seventh Fleet, which began steaming in the direction of the Korean Peninsula within minutes after the war began yesterday morning, was recalled after today's nuclear incident, and after a warning from the Supreme Leader of North Korea that North Korea had targeted Los Angeles and San Francisco with nuclear missiles that would be fired immediately, if the American fleet attempted to attack North Korea, or undo its ""liberation"" of South Korea.

The Seoul stock exchange was temporarily, perhaps permanently, closed, as tens of thousands of occupying North Korean troops looted, raped and pillaged the former capital of South Korea. Some large South Korean companies will survive the war, though in diminished form, since many had positioned substantial assets abroad, in view of the long-standing threat of invasion from their Northern cousins. Any assets left in Korea have been or will soon be destroyed or confiscated, as formerly prosperous and peaceful South Korea plunges into the same level of poverty and starvation that has long been endured by its hungry and jealous neighbors in the socialist ""workers' paradise"" to the north.

Meanwhile, in Beijing, the capital of North Korea's main ally and backer, the People's Republic of China, there were strong indications that the Chinese government was upset with and shocked by the reckless actions of their nextdoor neighbor, which devastated one of China's major trading partners. As night fell in southeast Asia, there were rumors that China might cease all military and food aid to Pyongyang, unless North Korean troops were quickly withdrawn from below the 38th Parallel, the former dividing line between the two Koreas.",,
event_war5,"JAPAN'S MAJOR CITIES LIE IN RUINS, AFTER NORTH KOREAN NUCLEAR MISSILE STRIKE

Three of the largest cities in Japan, Tokyo, Kyoto and Osaka, are smoldering ruins today, as the first country to ever suffer a nuclear attack, in 1945, was today the victim of an even more devastating attack, by three nuclear-tipped missiles, fired into Japan with great accuracy by the rogue nation of North Korea. The missile attack came just five days after the Japanese Diet had voted overwhelmingly to embark upon an ambitious program to build a ""Star Wars""-type missile defense shield for the nation, to fend off such attacks in the future.

The attack was unprovoked, and caught the sleeping nation completely by surprise at 3:00 a.m. this morning. Experts on North Korean military strategy speculate that the decision by Japan to build a missile shield, to protect itself from continuing nuclear blackmail threats from North Korea, may have precipitated the horrific attack, since Korean leaders may have feared that the successful construction of a missile shield would have taken away their ability to continue to extract massive amounts of food and financial aid from Japan. Such aid from Japan has kept Korea afloat and the Communist regime in power for the last two years, ever since the U.S. completed its own missile defense shield, and ceased paying nuclear blackmail to the rabid Pyongyang regime.

The loss of human life from the attack was in the millions, and the radiation from the ""dirty"" bombs is certain to cause millions of more casualties, while the economic and financial costs are almost incalculable, estimated to be in the range of tens to hundreds of trillions of yen.

However, most large Japanese multinational corporations are likely to survive the nuclear holocaust, since in recent years most have increasingly moved their manufacturing and other assets out of Japan, to China, Vietnam, Thailand, the Americas, and Europe.",,
event_war6,"PEACE ACCORD SIGNED IN MIDDLE EAST; LONG PERIOD OF CONFLICT ENDS

The unthinkable has occurred in the Middle East. After decades of frequent wars and constant conflict, peace appears to have broken out. Israel and six neighboring Arab states have, after years of negotiation, finally signed onto a regional security agreement, which is said to be satisfactory to all the parties.

This comes in the wake last week's signing of a new treaty of friendship and cooperation between former antagonists China and the USA.

Almost everyone has hailed the new peace accords, except, of course, for arms manufacturers, for whom the constantly warring Middle Eastern nations, the U.S., and China have been some of their best and most well-heeled customers. Oil companies were also none-too-enthusiastic about the changed political landscape in the oil-producing regions, where frequent wars and embargoes have often helped to keep oil prices at elevated levels.",,
event_war7,"VIRTUAL TRADE WAR HAS ERUPTED BETWEEN U.S., ASIA, AND EUROPE

International tensions have grown, stretching good relations almost to the breaking point, following the U.S. withdrawal from and repudiation of almost all of its trade agreements, and the enactment by the U.S. Congress of heavy tariffs on most kinds of imported goods. This has led to a chain reaction of retaliatory tariffs and other non-tariff trade barriers being erected by a number of European countries, Canada, Mexico, and much of Asia.

Initially, the retaliatory trade barriers were aimed only at the United States, which started this crisis, but many countries, already hurt by the loss of U.S. markets for their goods, have in recent weeks extended their tariff and other barriers to reduce imports from other countries as well, so that now a virtual trade war between all the major trading nations has resulted.

The current trading impasse is perhaps best symbolized by yesterday's actions of a battalion of U.S. Marines in Southern California, stretching barbed wire across the now-closed border entry gates between California and Tijuana, Mexico.

The situation was not helped by last month's attempted ""peace conference"" on global trade, which was to be held in San Francisco to try to head off an impending all-out trade war.  The conference was broken up before it could get started by massive violent demonstrations by the AntiFascist Anti-Capitalist Anti-Trade Anti-American Worker's Democratic Anarchy & Peace, Jihad and Social Justice Front, which put over 50 of the international delegates in the hospital with wounds from shootings, beatings or stabbings, and resulted in the deaths of three trade representatives, from the Ukraine, Brazil, and Angola, who were unlucky enough to get caught in a crossfire during a pitched battle between squads of sharpshooters from the San Francisco Police Department and the AFACATAAWDA & PJSJ Front.

The neo-Marxist, neo-Luddite Front's protests reached a crescendo after members of the Front captured an innocent businessman, whom they mistook for a Governor of the hated Federal Reserve Bank, as he walked into the San Francisco Federal Reserve Bank.

The unfortunate businessman, dressed in a pinstripe suit and vest, was, with great ceremony and reverence, flogged and then sacrificed on the front steps of the Federal Reserve Bank, which was accomplished by tying him to two large oxen that were then driven in opposite directions by whip-wielding, Birkenstock-shod political science professors from the nearby Berkeley campus of the University of California. They were cheered on in their ceremonial duties by hundreds of hooded, torch-carrying demonstrators from the Front and various other loosely related Druidic and Wiccan organizations. (The professors, according to government informers, were also the chief organizers of the violent protest/rally/riot/insurrection.)

Due to the considerable mayhem and anarchy, the scheduled trade war ""peace conference"" had to be canceled, as San Francisco was placed under martial law, and the various trade delegates who survived the ""peaceful protests"" had to return to their respective countries empty-handed.

In the wake of the San Francisco political protests, which seem to have succeeded beyond the fondest dreams of the Berkeley organizers, stock markets across the globe have been in full retreat, as a global recession now seems likely, now that most international trade, other than in weaponry, has come to a screeching halt, for the present. In the ""developed"" countries like the U.S. and Western Europe, the result of the coming economic convulsions will mainly be increased unemployment; in much of the rest of the world, the result will most likely be famine.",,
event_war8,"INVESTORS CELEBRATE, AS TRADE WAR ENDS

Jubilant investors bid up the prices of stocks and bonds on all major global bourses today, celebrating the early end to what had the potential of becoming a major trade war between the major Asian, European, Latin American and U.S. trading blocs. Fortunately, world leaders came to their senses, and, after months of difficult negotiations in Brussels, conducted amidst frequent violent demonstrations and several car-bombings by members of the Anti-Fascist Anti-Capitalist Anti-Trade Anti-American Worker's Democratic Anarchy & Peace, Jihad and Social Justice Front, they finally have hammered out a new global trade pact that will supersede the old global tariff agreement and former regional trade agreements.

Economists appear to be in general agreement that the world has narrowly averted what could have been a global economic disaster, if the trade war had been allowed to continue to escalate.",,
event_war9,"TRADE WAR CONTINUES TO ESCALATE; SMUGGLING GROWS TO BE A BIG BUSINESS, AS THE WORLD ECONOMY CONTINUES IN A TAILSPIN

No end seems in sight to the steady escalation of trade tensions between all the world's major trading blocs. All hopes of a breakthrough in trade negotiations in Geneva fell through last month when angry delegates from the U.S., China, and France walked out of the conference.  They were soon followed by walkouts by equally angry trade delegates from the U.K., Japan, Germany, and more and more other nations, so that after three hours had passed, the only remaining trade envoys in the large Geneva conference hall were the representatives from Belize, Ethiopia, and Nepal, who, after brief deliberations, decided to disband the trade talks and go home.

The trade war that has erupted is causing a wide range of economic dislocations in nearly every country. One of the less savory side effects of the trade war is the return of high levels of smuggling, with even large and supposedly reputable corporations and shipping companies engaging in smuggling activities, in an effort to somehow get embargoed goods into countries that have banned most kinds of nonessential imports of food, textiles, building materials and most types of consumer and capital goods.

The trade crisis was exemplified recently by the sinking of a British freighter by Korean gunboats, several kilometers off the coast of South Korea, as a Korean coastal patrol vessel caught the Brits redhanded, in the act of smuggling cola drinks into Korea, by anchoring offshore in the darkness and shuttling in cases of soft drinks in small, fast ""cigarette boats,"" to their waiting accomplices on the shore. The South Korean government has recently announced a ""zero tolerance"" policy regarding illegal imports, and the torpedoing and sinking of a British vessel has now signaled to the world that the South Koreans' ""get tough"" policy is not to be taken lightly.

In London, Whitehall has requested an explanation from the South Korean government, but Britain is not expected to do much more than lodge a formal protest, in light of the U.K.'s own sinking of a Chilean smuggling ship off the coast of Scotland last week, which regrettably was sent to the bottom with all hands lost, after a fierce bombing attack by Royal Air Force fighter-bombers....",,
event_war10,"WAR ERUPTS AGAIN ON THE INDIAN SUBCONTINENT!

Tensions increased in the latest India/Pakistani war, as Indian tanks and troops broke through Pakistani lines in Kashmir and rolled into Pakistan, moving in the direction of Islamabad.

The war between the two regional powers has not yet escalated into use of nuclear weapons, but Pakistan has threatened to 'obliterate' India if Indian forces don't halt their advance into Pakistan immediately.

Global stock markets tumbled on the latest war news, but shares of aerospace/defense firms were strong, as orders for aircraft, missiles and other military equipment are expected to rise to record levels in the near future....",,
event_war11,"LATEST MIDEAST CRISIS FLARES OUT OF CONTROL!

The situation has grown more critical in the latest Middle East war, as columns of Israeli armor broke through Arab lines and rolled unopposed into @TEXTSTRING. The war appears to be in danger of spreading, as @HUMOR launched several of its newest S.C.U.D. missiles, bearing chemical warheads, into heavily populated areas of Israel, while several of the Russian-made missiles fell into nearby Lebanon and Jordan, with devastating effect....

Global stock markets generally sold off on the latest war news, but shares of aerospace/defense firms were strong, as orders for aircraft, missiles and other military equipment are expected to rise to record levels in the near future....",,
event_war12,"SUBJECT:  INTERNATIONAL MARKETING OPPORTUNITY FOR OUR NUCLEAR MISSILE TECHNOLOGY CAPABILITIES

We have been discreetly approached by a Washington law firm, Arnold, Quisling & Benedict, who represent several Mid-Eastern political factions that are solidly supported by certain oilrich Islamic states. They are offering us a highly attractive business opportunity. The gentlemen in question are urgently in need of our sophisticated technology for attaching nuclear warheads to their SCUD missiles, as well as our guidance software, giving them the capability to deliver low-yield nuclear warheads to within a few hundred feet of targets, up to 8,000 miles away (using the new, improved versions of the SCUD that they have been able to acquire from former Soviet states).

The buyers, through their American legal representatives, will transfer @AMOUNT. in U.S. funds into the @MISC bank account we've set up for this purpose, within 24 hours after receiving verification from their attorneys that the ship carrying the equipment and computer software has sailed.

It should be noted that, with our technology, the SCUDs will be able for the first time to deliver nuclear payloads to the East Coast of the United States. If we sell these people the technology, the Company will, of course, need to pay the moving costs of our key executives who currently live on the East Coast, in order to quietly relocate them to the Midwest or West Coast or to non-U.S. locations, out of SCUD range.

Let it never be said that we don't look out for our employees at @CORPFULL!

QUESTION:  DO WE SELL THE FOREIGN BUYERS OUR MISSILE TECHNOLOGY?",,
event_war13,"U.S. COUNTERINTELLIGENCE CAPTURES SHIPMENT OF ADVANCED NUCLEAR MISSILE TECHNOLOGY ON ITS WAY TO ISIS, AL QAEDA

The U.S. Central Intelligence Agency today announced its recemt confiscation of a shipment of some of the U.S.'s most sophisticated nuclear warhead missile techology, on a small ship destined for ISIS. According to CIA sources, the ship, which the Coast Guard stopped and boarded 8 hours after it sailed out of a New Jersey port under cover of darkness, had been chartered by a major defense contractor, @CORPFULL.

Its destination, had the ship not been stopped, was the port city of Latakia, on the Mediterranean coast of the former nation of Syria, which is now part of the Islamic State, or caliphate, sometimes called ""ISIS,"" where the delivery of the missile guidance technology was eagerly being awaited by officials of ISIS and members of Al Qaeda, one of several major terrorist organizations that work closely with ISIS.

The missile guidance systems and software, had they reached the terrorists (jointly purchased by Al Qaeda and the wellfunded government of ISIS), would have enabled either of the two terrorist organizations to launch and guide nuclear missiles to targets as far away as Washington, D.C. or New York. Clandestine payments of some @FACT. were apparently made to @CORPFULL for this technology.

The company will be subject to fines of over @AMOUNT million, plus loss of future defense contracts for the next 5 years....",,
quotes_1,"""If you see a banker jump out a window, jump after him. There is sure to be profit in it."" -- Voltaire",,
quotes_2,"""The best way to rob a bank is to own one."" -- Economics Professor William Black",,
quotes_3,"""God must love the rich, or He wouldn't divide so much among so few of them."" -- H.L. Mencken",,
quotes_4,"""Behind every great fortune there lies a crime."" -- Honore de Balzac",,
quotes_5,"""If you ain't cheating, you ain't trying."" -- Barclays Bank employee, after several mega-banks were fined billions for currency manipulation",,
quotes_6,"""History will be kind to me. For I intend to write it."" -- Sir Winston Churchill",,
quotes_7,"""History would be a wonderful thing if only it were true."" -- Leo Tolstoy",,
quotes_8,"""Never trust a bookkeeper who comes to work in a chauffeured Rolls-Royce."" -- Dr. Coyote's First Law of Business Survival",,
quotes_9,"""Conscience is the inner voice that warns us that someone may be looking."" -- H.L. Mencken",,
quotes_10,"""A dollar borrowed is a dollar earned."" -- Dr. Coyote's Second Law of Business Survival",,
quotes_11,"""Steal only the best."" -- Dr. Coyote's Third Law of Business Survival and the Reverse Engineers' First Principle of Intellectual Property",,
quotes_12,"""A banker is a person who will only lend you an umbrella if the sun is shining."" -- Alan Abelson",,
quotes_13,"""The possession of gold has ruined fewer men than the lack of it."" -- Thomas Bailey Aldridge",,
quotes_14,"""Trust in Allah. But always tie your camel."" -- Arab proverb",,
quotes_15,"""All political power grows out of the barrel of a gun."" -- Chairman Mao",,
quotes_16,"""Don't forget your great guns, because they are the most respectable of arguments."" -- Frederick the Great, of Prussia (1712-1786)",,
quotes_17,"""Give a man a gun and he can rob a bank. Give a man a bank and he can rob everyone."" -- Anonymous",,
quotes_18,"""Trust no one. If it's important, always get it in writing up front. Your own mother will cheat you blind if you don't."" -- Dr. Coyote's Tenth Law of Business Survival",,
quotes_19,"""How can anyone govern a nation that has 246 different kinds of cheese?"" -- Charles DeGaulle",,
quotes_20,"""The LOVE of money is not the root of all evil. The LACK of money is the root of all evil."" -- The Reverend Ike",,
quotes_21,"""Work is the curse of the drinking classes."" -- Oscar Wilde",,
quotes_22,"""If you think health care is expensive now, wait until you see what it costs when it's free."" -- P.J. O'Rourke",,
quotes_23,"""The trouble with Socialism is that eventually you run out of other people's money."" -- Margaret Thatcher",,
quotes_24,"""Send us no interrogatories, and we'll tell you no lies."" -- The Litigators' Oath",,
quotes_25,"""Red meat is NOT bad for you. Now, blue-green meat, that's REALLY BAD for you."" -- Tommy Smothers",,
quotes_26,"""If you want a picture of the future, imagine a boot stamping on a human face forever."" -- Inner Party member O'Brien, in George Orwell's 1984",,
quotes_27,"""If you're going to sin, sin against God, not the bureaucracy. God will forgive you, but the bureaucracy won't."" -- Admiral Hyman G. Rickover",,
quotes_28,"""If you put the federal government in charge of the Sahara Desert, in five years there'd be a shortage of sand."" -- Milton Friedman",,
quotes_29,"""Now, now, my good man, this is no time for making enemies."" -- Voltaire, on his death bed, when asked by a priest to renounce Satan",,
quotes_30,"""When a friend dies, you gotta go to their funeral, or they won't go to yours."" -- Yogi Berra",,
quotes_31,"""Never forget that the bureaucrat who smiles when something goes seriously wrong has already found someone to blame it on."" -- Dr. Coyote's Ninth Law of Business Survival",,
quotes_32,"""The Chinese ideogram for 'crisis' is made up of two symbols, one for 'boss,' the other meaning 'very upset.'"" -- Christopher Buckley",,
quotes_33,"""It's too early to say."" -- Chinese Premier Zhou-Enlai's reply, shortly after President Nixon's visit to China in 1973, when asked what he thought of the French Revolution",,
quotes_34,"""I think I joined the wrong mob."" -- Lucky Luciano, after touring the trading floor of the New York Stock Exchange, and being shown the workings of the stock specialist system (a system not unlike a poker game in which the dealer gets to see your cards before he bets)",,
quotes_35,"""Quantity has a quality all of its own."" -- Lenin, referring to the value of tanks in warfare",,
quotes_36,"""If you can see them, they're not Apaches."" -- Capt. Kirby York - Ft. Apache, Arizona Territory",,
quotes_37,"""If your man keeps whining about feeling 'suffocated,' then you obviously aren't pressing down hard enough on the pillow."" -- Feminist saying",,
quotes_38,"""The only reason they say 'Women and children first' is to test the strength of the lifeboats."" -- Jean Kerr",,
quotes_39,"""There will be no nuclear war. There's too much real estate involved."" -- Frank Zappa",,
quotes_40,"""No man's life, liberty, or property are safe when the legislature is in session."" -- Gideon J. Tucker, 1860",,
quotes_41,"""You can't use tact with a Congressman. A Congressman is a hog. You must take a stick and hit him on the snout."" -- Henry Adams",,
quotes_42,"""To the child and the stockbroker, all things are possible."" -- Eric Hoffer",,
quotes_43,"""An investment is a trade gone bad."" -- Wall Street saying",,
quotes_44,"""When they call the roll in the Senate, the Senators do not know whether to answer 'present' or 'not guilty.'"" -- Theodore Roosevelt",,
quotes_45,"""I've been married to a communist and a fascist, and neither would take out the garbage."" -- Zsa Zsa Gabor",,
quotes_46,"""I am dying with the help of too many physicians."" -- Alexander of Macedon (Alexander",,
quotes_47,"""After one look at this planet any visitor from outer space would say 'I want to see the manager.'"" -- William S. Burroughs",,
quotes_48,"""If you hold an ashtray to your ear, you can hear Los Angeles."" -- Unknown",,
quotes_49,"""The L.A. Basin is God's idea of a place to stub his cigarettes."" -- Dennis Miller",,
quotes_50,"""Tolerance will reach such a level that intelligent people will be banned from thinking so as not to offend the imbeciles."" -- Dostoyevsky (1821-1881)",,
quotes_51,"""Morale still seems reasonably high -- and while the desertion rate has risen, it is still limited to those who can walk."" -- Woody Allen",,
quotes_52,"""Artificial intelligence is no match for natural stupidity."" -- Anonymous",,
quotes_53,"""I should have blown my brains out, but for the recollection that it would have given pleasure to my mother-in-law."" -- Lord Byron",,
quotes_54,"""Mixed feelings. That's what you experience when your mother-in-law drives your new Mercedes over a cliff."" -- Dr. Coyote",,
quotes_55,"""Despair of peace as long as your mother-in-law is alive."" -- Juvenal",,
quotes_56,"""We hang the petty thieves but appoint the great ones to public office."" -- Aesop (c600 B.C.)",,
quotes_57,"""Politicians are not born; they are excreted."" -- Cicero",,
quotes_58,"""I would not advise anyone to stay in the pool of mud [that is Washington, D.C.]....Save yourself from the criminal atmosphere and leave...."" -- Maharishi Mahesh Yogi, a guru not known for having a negative attitude",,
quotes_59,"""My husband and I have never considered divorce. Murder, sometimes, but never divorce."" -- Dr. Joyce Brothers",,
quotes_60,"""Hedge funds are not an investment. They are a compensation system for hedge fund managers."" -- Warren Buffett",,
quotes_61,"""I help other people with their investments until there's nothing left."" -- Woody Allen, in a role as a stockbroker",,
quotes_62,"""The difference between a 4-wheel drive vehicle and a rental car is that there are some trails where you can't go in a 4-wheeler."" -- Mike, back country guide, in Moab, Utah",,
quotes_63,"""In the long run, we are all dead."" -- Lord John Maynard Keynes",,
quotes_64,"""The economy comes in cycles. If you believe the economy is not cyclical, then buy-and-hold is for you."" -- Robert Soros",,
quotes_65,"""If something cannot go on for ever, it will stop."" -- Herbert Stein",,
quotes_66,"""Bonds are promoted as offering risk-free returns but are often priced to provide return-free risk."" -- Wall Street saying",,
quotes_67,"""A limited partnership is a business arrangement where, at the outset, the limited partners have the money, and the general partners have the experience, and at the end, the roles are reversed. Remember that before you invest."" -- Dr. Coyote's Eighth Law of Business Survival",,
quotes_68,"""If voting could really change things, it would be illegal."" -- Unknown",,
quotes_69,"""I am dying with the help of too many physicians."" -- Alexander of Macedon (Alexander the Great), 323 B.C.",,
quotes_70,"""You medical people will have more lives to answer for in the other world than even we generals."" -- Napoleon",,
quotes_71,"""Would I buy long-term government bonds now that rates are a bit higher? It's like walking in front of a steamroller to pick up a dime."" -- Legendary investor Leon Cooperman",,
quotes_72,"""When I was a lad of 15, a teacher of mine once told us that money could not buy happiness. I've dedicated my life ever since to proving him wrong."" -- Donald Tanner",,
quotes_73,"""Money can't buy you happiness, but it can buy you a yacht big enough to pull up right alongside it."" -- David Lee Roth",,
quotes_74,"""When we were kids, my sister was so fat, my folks had to hire a couple of rodeo clowns to distract her when they brought in the groceries."" -- Larry, the Cable Guy",,
quotes_75,"""He had the kind of house God would have built if he had had the money."" -- Said of John D. Rockefeller",,
quotes_76,"""The family that preys together, stays together."" -- Charles Manson",,
quotes_77,"""Paying creditors only encourages them."" -- Richard Brinsley Sheridan, in School for Scandal",,
quotes_78,"""I don't believe in astrology. I am a Sagittarius and we're very skeptical."" -- Sir Arthur C. Clarke",,
quotes_79,"""Millionaires do not use astrology, billionaires do."" -- J. P. Morgan",,
quotes_80,"""The difference between Marxism and Stalinism is the body count."" -- Unknown",,
quotes_81,"""You're not drunk if you can lie on the floor without hanging on."" -- Dean Martin",,
quotes_82,"""In wine there is wisdom, in beer there is freedom, in water there is bacteria."" -- Unknown",,
quotes_83,"""If you owe your bank manager a thousand pounds, you are at his mercy. If you owe him a million pounds, he is at your mercy."" -- Lord John Maynard Keynes",,
quotes_84,"""Getting a book published is sort of like giving birth; but, of course, as I'm not a female, perhaps it's more appropriate for me to aver instead that publishing a book is a rite of passage -- much like passing a kidney stone."" -- Dr. Coyote",,
quotes_85,"""Using a financial professional to help you invest is like getting open-heart surgery from a starving lion."" -- Scott Adams, ""Dilbert"" cartoonist",,
quotes_86,"""I was born in Nicaragua and I felt there wasn't enough political instability in my life. So I moved to Quebec."" -- Marta Chaves",,
quotes_87,"""Depend on it, Sir, when a man knows he is to be hanged in a fortnight, it concentrates his mind wonderfully."" -- Dr. Samuel Johnson (1709-1784)",,
quotes_88,"""A kind word and a gun goes farther than a kind word alone."" -- Al Capone",,
quotes_89,"""I used to get things done by saying please. Now I dynamite 'em out of my path."" -- Huey P. Long, Governor of Louisiana and U.S. Senator during the Depression",,
quotes_90,"""I'll represent anyone. I'd even represent the American Bar Association in a libel suit if someone accused them of believing in civil rights or due process of law."" -- Melvin Belli",,
quotes_91,"""You'll get a fair trial followed by a first-class hanging."" -- Judge Roy Bean",,
quotes_92,"""Possession is nine-tenths, as they say in law and exorcism."" -- Unknown",,
quotes_93,"""Life's tough.... It's even tougher if you're stupid."" -- John Wayne",,
quotes_94,"""I'm going to give my psychoanalyst one more year -- then I'm going to Lourdes."" -- Woody Allen, in Annie Hall",,
quotes_95,"""The universe is as close as the veins in your neck."" -- The Koran",,
quotes_96,"""Either we're not alone in the universe, or we are, and both are equally terrifying.' -- Sir Arthur C. Clarke",,
quotes_97,"""God made man and woman. Colonel Colt made them equal."" -- Old West saying",,
quotes_98,"""I'll see to it that prices remain stable. That's what I have my storm troopers for."" -- Adolf Hitler, explaining to Albert Speer and economic advisors why there would be no inflation in war-time Germany",,
quotes_99,"""I come from a family of writers....My sister wrote books nobody wanted to read; my brother wrote songs no one wanted to sing; I write checks no one wants to cash."" -- Unknown",,
quotes_100,"""Every normal man must be tempted at times, to spit on his hands, hoist the black flag, and begin slitting throats."" -- H.L. Mencken",,
quotes_101,"""Don't expect the government to protect you from bad and phony investments. The S.E.C. is toothless and clueless and it only shows up after the battle, in time to shoot the wounded."" -- Dr. Coyote",,
quotes_102,"""Before you sue someone, never forget that lawyers' houses are always roofed with the skins of litigants."" -- Lawyers' saying",,
quotes_103,"""The law, in its majestic equality, forbids the rich as well as the poor to sleep under bridges, to beg in the streets, and to steal bread."" -- Anatole France",,
quotes_104,"""I've known what it is to be hungry, but I always went right to a restaurant."" -- Ring Lardner",,
quotes_105,"""History is a pack of lies about events that never happened told by people who weren't there."" -- George Santayana",,
quotes_106,"""Capitalists are so greedy they will vie for the opportunity to sell you the rope to hang them with."" -- Lenin",,
quotes_107,"""History never repeats itself. Only historians do that."" -- History professor Burl Noggle",,
quotes_108,"""An armed society is a polite society."" -- Robert A. Heinlein",,
quotes_109,"""I don't like money actually, but it steadies my nerves."" -- Joe Louis",,
quotes_110,"""Religion is what keeps the poor from murdering the rich."" -- Napoleon",,
quotes_111,"""Death solves all problems. No man, no problem."" -- Josef Stalin",,
quotes_112,"""I've got all the money I'll ever need -- just so long as I die by four o'clock."" -- Henny Youngman",,
quotes_113,"""If the rich could hire people to die for them, the poor could make a wonderful living."" -- Yiddish proverb",,
quotes_114,"""After the game, the King and the pawn go into the same box."" -- Italian proverb",,
quotes_115,"""A man who will steal for me will steal from me."" -- Teddy Roosevelt",,
quotes_116,"""Before you criticize someone, you should walk a mile in their shoes. That way when you criticize them, you are a mile away from them and you have their shoes."" -- Jack Handey",,
quotes_117,"""Even a blind hog occasionally finds an acorn."" -- French proverb",,
quotes_118,"""Annual income twenty pounds, annual expenditure nineteen nineteen six, result happiness. Annual income twenty pounds, annual expenditure twenty pounds ought and six, result misery."" -- Mr. Micawber, in Dickens' David Copperfield",,
quotes_119,"""It is difficult to produce a television documentary that is both incisive and probing when every twelve minutes one is interrupted by dancing rabbits singing about toilet paper."" -- Rod Serling",,
quotes_120,"""Man is a thinking animal, a talking animal, a tool-making animal, a building animal, a political animal, a fantasizing animal. But in the twilight of a civilization he is chiefly a taxpaying animal."" -- Hugh MacLennan",,
quotes_121,"""Income tax has made more liars out of the American people than golf."" -- Will Rogers",,
quotes_122,"""The art of taxation consists in so plucking the goose as to obtain the largest possible number of feathers with the smallest possible amount of hissing."" -- Jean-Baptiste Colbert, finance minister to Louis XIV",,
quotes_123,"""Taxation without representation is tyranny."" -- Patrick Henry",,
quotes_124,"""Taxation with representation is worse."" -- Will Rogers",,
quotes_125,"""The hardest thing in the world to understand is the Income Tax."" -- Albert Einstein",,
quotes_126,"""The difference between a taxidermist and a tax collector is that the taxidermist leaves the skin."" -- American proverb",,
quotes_127,"""People who complain about taxes can be divided into two classes: men and women."" -- Unknown",,
quotes_128,"""Death is the sound of distant thunder at a picnic."" -- W.H. Auden",,
quotes_129,"""People never believe in volcanoes until the lava actually overtakes them."" -- George Santayana",,
quotes_130,"""I've always had a wild, slightly crazy streak in me. When I was just a lad of 16, I ran away from home and joined an accounting firm."" -- Dr. Coyote",,
quotes_131,"""The word 'genius' isn't applicable in football. A genius is a guy like Norman Einstein."" -- Joe Theisman, NFL football quarterback and sports analyst.",,
quotes_132,"""A cynic is a man who, when he smells flowers, looks around for a coffin."" -- H.L. Mencken",,
quotes_133,"""U.S. government debt is a safe haven [investment] the way Pearl Harbor was a safe haven in 1941."" -- Niall Ferguson",,
quotes_134,"""To understand the mathematical meaning of infinity, one must consider the extent of human stupidity."" -- Voltaire, contemplating religious history",,
quotes_135,"""Despite all the wretchedness of the human condition, I remain an incorrigible optimist -- at least until they start moving the animals in pairs to Cape Canaveral."" -- Unknown",,
quotes_136,"""I'm proud to be paying taxes in the United States. The only thing is -- I could be just as proud for half the money."" -- Arthur Godfrey",,
quotes_137,"""Every time I hear the word 'culture,' I reach for my Luger."" -- Hermann Goering",,
quotes_138,"""The Lawyer's Creed: A man is innocent until proven broke."" -- Anonymous",,
quotes_139,"""A .357 magnum beats a straight flush."" -- Dr. Coyote's Law",,
quotes_140,"""Friends help you move; real friends help you move bodies."" -- Sicilian proverb",,
quotes_141,"""The future is already here. It's just unevenly distributed."" -- William Gibson, ""cyberpunk"" science fiction writer, in 1990",,
quotes_142,"""In our society there are two paths to success: One is to be good at computers and the other is to be a sociopath.""  -- Jaron Lanier, Silicon Valley pioneer and neo-Luddite",,
quotes_143,"""Trying is the first step toward failure."" -- Homer Simpson, in The Simpsons",,
quotes_144,"""You have to choose between trusting to the natural stability of gold and the natural stability of the honesty and intelligence of the members of the government. And, with due respect to these gentlemen, I advise you to vote for gold."" -- George Bernard Shaw",,
quotes_145,"""The entire U.S. government is a Ponzi scheme."" -- Bernie Madoff (1938-2021), convicted con man, who knew a thing or two about Ponzi schemes",,
quotes_146,"""My goal is to cut government in half in 25 years, to get it down to the size where we can drown it in the bathtub."" -- Grover Norquist, of the National Taxpayers Union",,
quotes_147,"""My doctor gave me six months to live, but I couldn't pay the bill so he gave me six months more."" -- Walter Matthau",,
quotes_148,"""There are several good protections against temptations, but the surest is cowardice."" -- Mark Twain",,
quotes_149,"""When I left Louisiana for Harvard, I lowered the average IQ of both places."" -- Dr. Coyote",,
quotes_150,"""An observation, that in Boston is an accepted truth: If you can't count, you're from Harvard. If you can't read, from M.I.T."" -- Malcolm Forbes",,
quotes_151,"""There is no sweeter sound than the crumbling of your fellow man."" -- Groucho Marx",,
quotes_152,"""I don't know what's wrong with my television set. I was getting C-Span and the Home Shopping Network on the same station. I accidentally bought a congressman."" -- Bruce Baum",,
quotes_153,"""If you watch TV news, you know less about the world than if you just drank gin straight from the bottle."" -- Garrison Keillor",,
quotes_154,"""If you're not careful, the newspapers will have you hating the people who are being oppressed, and loving the people who are doing the oppressing."" -- Malcolm X",,
quotes_155,"""If you don't read the newspaper, you're uninformed. If you read the newspaper, you're misinformed."" -- Mark Twain",,
quotes_156,"""I'm far from a minimalist. I'm not a post-modernist. I'm not a modernist. I'm a dinosaur...."" -- Novelist John Irving, in an interview",,
quotes_157,"""A politician is a man who will double cross that bridge when he comes to it."" -- Oscar Levant",,
quotes_158,"""Show me a politician who doesn't steal and I'll show you a politician with hair growing out of his palms."" -- Dr. Coyote",,
quotes_159,"""The good part about dying is that it cuts down on expenses."" -- Woody Allen",,
quotes_160,"""You can never be too rich, too thin, or too cynical."" -- Dr. Coyote",,
quotes_161,"""Fact-checkers, n. Censors, of all facts that do not conform to official government disinformation campaigns."" -- From the Skeptic's Dictionary",,
quotes_162,"""The yuppie Nuremberg defense: I vas only paying ze mortgage."" -- Christopher Buckley",,
quotes_163,"""It had all the earmarks of a CIA operation; the bomb killed everybody in the room except the intended target!"" -- William F. Buckley, Jr.",,
quotes_164,"""Life is tough. Three out of three people die, so shut up and deal."" -- Ring Lardner",,
quotes_165,"""Economics is the only profession in which one can become rich and famous without ever once being right about anything."" -- William F. Buckley, Jr., referring to Nobel Prize winner John Kenneth Galbraith",,
quotes_166,"""I don't do favors -- I accumulate debts."" -- Old Sicilian saying",,
quotes_167,"""When the going gets tough, the tough gets an Uzi."" -- Axl Rose, of Guns N' Roses",,
quotes_168,"""Somebody get me a one-armed economist. All my economists say, 'On the one hand... On the other hand.'"" -- President Harry S. Truman",,
quotes_169,"""You want a friend in Washington? Get a dog."" -- President Harry S. Truman",,
quotes_170,"""Asking a working writer what he thinks about critics is like asking a lamppost how it feels about dogs."" -- Christopher Hampton",,
quotes_171,"""After the sensitivity training, I got so in touch with my feelings that I took my inner child outside and strangled it."" -- Dr. Coyote",,
quotes_172,"""All professions are conspiracies against the laity."" -- George Bernard Shaw",,
quotes_173,"""[Americans] are a race of convicts and ought to be thankful for anything we allow them short of hanging."" -- Dr. Samuel Johnson (1709-1784)",,
quotes_174,"""Facebook and the other social media networks have succeeded in bringing people closer together; close enough to grab each other by the throats."" -- Dr. Coyote",,
quotes_175,"""The four most dangerous words in investing are: 'this time it's different.'"" -- John Templeton",,
quotes_176,"""When the white man came, we had the land and they had the Bibles. Now they have the land and we have the Bibles."" -- Chief Dan George",,
quotes_177,"""I don't want any yes-men in this organization. I want people to speak their minds -- even if it does cost them their jobs."" -- Samuel Goldwyn",,
quotes_178,"""Those who trade headlines end up selling newspapers."" -- Wall Street saying",,
quotes_179,"""I sneaked a peek at my stock portfolio today. That was a big mistake. In this kind of market, I don't know whether I should stick my head in the sand, or in the oven."" -- Dr. Coyote",,
quotes_180,"""The ancient Egyptians built elaborate fortresses and tunnels and even posted guards at tombs to stop grave robbers. In today's America, we call that estate planning."" -- Congressman Bill Archer",,
quotes_181,"""Laws are like sausages. It is better not to see them being made."" -- Count Otto von Bismarck",,
quotes_182,"""Honesty is the best policy; unless, of course, you're selling life insurance."" -- Dr. Coyote",,
quotes_183,"""Advertising is the rattling of a stick inside a swill bucket."" -- George Orwell",,
quotes_184,"""When I told the people of Northern Ireland that I was an atheist, a woman in the audience stood up and said, 'Yes, but is it the God of the Catholics or the God of the Protestants in whom you don't believe?'"" -- Quentin Crisp",,
quotes_185,"""Book tour, n. That part of the modern American judicial process that immediately follows conviction for a capital crime."" -- From the Skeptic's Dictionary",,
quotes_186,"""There's nothing wrong with the way you look that $50,000 of plastic surgery wouldn't fix."" -- Advice from his mother to Dr. Coyote",,
quotes_187,"""If I had a dollar for every girl that ever found me unattractive, they'd eventually find me attractive."" -- Dr. Coyote",,
quotes_188,"""Contrary to what you may have heard, mathematics is not an exact science. An engineer will demonstrate in mind-numbing detail that 2+2=4. A trial lawyer, on the other hand, will prove to a jury, beyond a shadow of a doubt, that 2+2=37, while an accountant, when asked what 2+2 equals, will ask, 'What do you want it to be?'"" -- Anonymous",,
quotes_189,"""You can do anything with bayonets, except sit on them."" -- Napoleon",,
quotes_190,"""Troops are the only answer to democracy."" -- Count Otto von Bismarck",,
quotes_191,"""Before any task can be begun, some other task must first be completed; and so ad infinitum."" -- Dr. Coyote's First Law of Endless Disorganization and Maximum Entropy",,
quotes_192,"""My doctor is an eye, ear, nose and wallet man."" -- Johnny Carson",,
quotes_193,"""Never in the course of human history have so few earned so much for doing so little."" -- News account regarding Michael Milken and his junk bond cronies at the annual Predators' Ball",,
quotes_194,"""Making money in the market is easy. You buy a stock and when it goes up, sell it. And if it doesn't go up? Then don't buy it."" -- Stockbroker's advice",,
quotes_195,"""If my words seemed clear, then obviously I have been misunderstood."" -- Fed Chairman Alan Greenspan, testifying in Congress",,
quotes_196,"""Quantitative easing, n. Fedspeak code words for printing money and airlifting it to Wall Street and Washington."" -- From the Skeptic's Dictionary",,
quotes_197,"""Whiskey is for drinking and water is for fighting over."" -- Old saying in the West (U.S.)",,
quotes_198,"""Those who know, don't tell. Those who tell, don't know."" -- Buddhist proverb (and useful advice, when it comes to stock tips)",,
quotes_199,"""The world needs sociopaths. Who else ever gets anything done?"" -- Fake Steve Jobs",,
quotes_200,"""What will I do if I'm elected? Demand a recount."" -- William F. Buckley, Jr., when running for office in New York",,
quotes_201,"""Chicago has the best politicians that money can buy."" -- Al Capone (From the Some Things Never Change Department)",,
quotes_202,"""Instead of giving a politician the keys to the city, it might be better to change the locks."" -- Doug Larson (English runner and gold medal winner at the 1924 Olympic Games)",,
quotes_203,"""The first lady [Hillary Clinton] is in Amsterdam and visited the house of Anne Frank, where she, just out of habit, shredded the diary."" -- Bill Maher",,
quotes_204,"""When I played pro football I never set out to hurt anybody deliberately, unless it was, you know, important, like a league game or something."" -- Dick Butkus",,
quotes_205,"""I don't know. I only played there for nine years."" -- Walt Garrison, Dallas Cowboys fullback, when asked if coach Tom Landry ever smiled",,
quotes_206,"""There will always be death and taxes. But death doesn't get worse every year."" -- Anonymous",,
quotes_207,"""The wages of sin are death, but by the time taxes are taken out, it's just sort of a tired feeling."" -- Paula Poundstone",,
quotes_208,"""Gaffe: When a politician accidentally speaks the truth."" -- Michael Kinsley",,
quotes_209,"""You want loyalty, hire a cocker spaniel."" -- Salomon Brothers bond trader, quoted by Michael Lewis in Liar's Poker",,
quotes_210,"""Winning isn't everything, it's the only thing."" -- Legendary Green Bay Packers coach Vince Lombardi",,
quotes_211,"""An honest politician is one who, when he is bought, will stay bought."" -- Simon Cameron",,
quotes_212,"""What's the definition of a friend in Washington? Someone who stabs you in the chest."" -- Washington, D.C. saying",,
quotes_213,"""People in Washington aren't very compassionate. Without hesitating, they will unplug your life support machine, just to recharge their cellphone."" -- Senator John Kennedy (R-La.)",,
quotes_214,"""You don't own furniture. It owns you."" -- Henry David Thoreau",,
quotes_215,"""Alimony, n. The cash surrender value of a husband."" -- From the Skeptic's Dictionary",,
quotes_216,"""Money is the ultimate labor-saving device."" -- Anonymous",,
quotes_217,"""Kiss the hand you cannot sever."" -- Tuareg saying",,
quotes_218,"""Conspiracy theorist, n. One who refuses to follow the admonition from the government, the media, academia, and big business, that he should pay no attention to the man behind the curtain."" -- From the Skeptic's Dictionary",,
quotes_219,"""Now that I'm 80, there are two things I refuse to do any more -- wear a necktie or wear long pants; unless it's to a hanging, a funeral, a wedding, or some other somber occasion."" -- Dr. Coyote",,
quotes_220,"""The Eiffel Tower is the Empire State Building after taxes."" -- Anonymous",,
quotes_221,"""You can sleep when you die."" -- The Programmers' Credo (at Microsoft)",,
quotes_222,"""I don't vote any more, for the same reason I don't bet on Mexican wrestling matches."" -- Hunter S. Thompson",,
quotes_223,"""The best argument against democracy is a five-minute conversation with the average voter."" -- Winston Churchill",,
quotes_224,"""It is better to be a mouse in a cat's mouth than a man in a lawyer's hands."" -- Spanish proverb",,
quotes_225,"""Nothing is wrong with Southern California that a rise in the ocean level wouldn't cure."" -- Ross MacDonald",,
quotes_226,"""I do not care to speak ill of a man behind his back, but I believe he is an attorney."" -- Dr. Samuel Johnson (1709-1784)",,
quotes_227,"""It is almost never a good idea to build too much intelligence into selfreplicating machines."" -- Isaac Asimov",,
quotes_228,"""Programming today is a race between software engineers striving to build bigger and better idiot-proof programs, and the Universe trying to produce bigger and better idiots. So far, the Universe is winning."" -- Rich Cook",,
quotes_229,"""A cynic is a person searching for an honest man, with a stolen lantern."" -- Edgar Shoaff",,
quotes_230,"""Only mad dogs and Englishmen go out in the midday sun."" -- Saying in colonial India",,
quotes_231,"""It is difficult to get a man to understand something when his salary depends on his not understanding it."" -- Upton Sinclair, on government bureaucrats",,
quotes_232,"""Only painters and lawyers can change white to black."" -- Japanese proverb",,
quotes_233,"""Eat the rich!"" -- Radical slogan from the '60s, which may soon come back into vogue in the next economic crisis",,
quotes_234,"""In business, only the paranoid survive."" -- Intel CEO Andrew Grove",,
quotes_235,"""Experience is the best teacher."" -- Epitaph",,
quotes_236,"""I told you I was sick!"" -- Epitaph",,
quotes_237,"""Tax audit, n. A financial proctoscopic exam, performed by sadistic civil service types in a medieval setting, without benefit of anesthesia."" -- From the Skeptic's Dictionary",,
quotes_238,"""Joe Camel isn't dead. He's been deported."" -- Senator Joseph Lieberman, commenting on the supposed demise of America's favorite commercial cartoon character",,
quotes_239,"""As I mature, I've learned that you can keep vomiting long after you think you're finished."" -- Dr. Coyote",,
quotes_240,"""Whoever said the pen is mightier than the sword obviously never encountered automatic weapons."" -- General Douglas Macarthur",,
quotes_241,"""Convict, n.  An accused person who couldn't afford a well-connected lawyer."" -- From the Skeptic's Dictionary",,
quotes_242,"""Ambition is a poor excuse for not having sense enough to be lazy."" -- Milan Kundera",,
quotes_243,"""Exonerate. v., trans. To mount a successful public relations disinformation (""spin"") campaign, vilifying one's accusers, after having been caught red-handed with a hand in the cookie jar or a hind leg in the public trough."" -- From the Skeptic's Dictionary",,
quotes_244,"""Democracy is two wolves and a lamb voting on what to have for lunch. Liberty is a well-armed lamb contesting the vote."" -- Benjamin Franklin",,
quotes_245,"""All progress is based upon a universal innate desire on the part of every organism to live beyond its income."" -- Samuel Butler, 1912",,
quotes_246,"""Giving money and power to government is like giving whiskey and car keys to teenage boys."" -- P.J. O'Rourke",,
quotes_247,"""A democratic government is the only one in which those who vote for a tax can escape the obligation to pay it."" -- Alexis de Tocqueville (1835)",,
quotes_248,"""I contend that for a nation to try to tax itself into prosperity is like a man standing in a bucket and trying to lift himself up by the handle."" -- Sir Winston Churchill",,
quotes_249,"""Sometimes I get the feeling the whole world is against me, but deep down I know that's not true. Some smaller countries are neutral."" -- Robert Orben",,
quotes_250,"""Everyone has a plan until they get punched in the face."" -- Mike Tyson",,
quotes_251,"""I consider it the duty of every serious investor to suffer grievous losses with great equanimity."" -- Lord John Maynard Keynes",,
quotes_252,"""Bull markets are born on pessimism, grow on skepticism, mature on optimism, and die on euphoria."" -- David Skarica",,
quotes_253,"""There are three sides to every triangle."" -- According to the Greek philanderer, Isosceles",,
quotes_254,"""The masses have never thirsted after truth. Whoever can supply them with illusions is easily their master; whoever attempts to destroy their illusions is always their victim."" -- Gustave Le Bon, in ""The Crowd"" (1896)",,
quotes_255,"""There is great disorder under heaven. The situation is excellent."" -- Chairman Mao",,
quotes_256,"""When children start paying union dues, that's when I'll start representing the interests of school children."" -- Albert Shanker, president of the American Federation of Teachers union",,
quotes_257,"""My luck is so bad that if I bought a cemetery, people would stop dying."" -- Rodney Dangerfield",,
quotes_258,"""The Beverly Hilton is a great hotel. The towels are so fluffy you can barely close your suitcase."" -- Dick Gregory",,
quotes_259,"""Anything that is not prohibited, is mandatory."" -- Bureaucrats' Credo",,
quotes_260,"""Times of crusading spirit are times of unreality."" -- Mr. Johnson, founder of Fidelity Investments",,
quotes_261,"""Jesus saves. Confucius invests."" -- @REGION proverb",,
quotes_262,"""Every calculation based on experience elsewhere fails in New Mexico."" -- Lew A. Wallace, Governor of Territorial New Mexico, 1878-1881",,
quotes_263,"""As I mature, I have learned that you can never really make someone love you. All you can do is stalk them relentlessly and aggressively, and hope they will panic and give in."" -- Dr. Coyote",,
quotes_264,"""A mature person is one who agrees with you."" -- Malcolm Forbes",,
quotes_265,"""There is no Izvestiya in Pravda and no Pravda in Izvestiya."" -- Old Soviet Russian saying about the two leading Soviet newspapers, Pravda (""Truth"") and Izvestiya (""News"")",,
quotes_266,"""You shall know the truth, and the truth shall make you mad."" -- Aldous Huxley",,
quotes_267,"""Alimony -- the ransom that the happy pay to the devil."" -- H.L. Mencken",,
quotes_268,"""Gentlemen prefer bonds."" -- Wall Street saying",,
quotes_269,"""If you don't inherit it, you have to borrow it."" -- Motto of a junk bond financier, quoted in Liar's Poker, by Michael Lewis",,
quotes_270,"""Markets can remain irrational longer than you can remain solvent."" -- Lord John Maynard Keynes",,
quotes_271,"""Being right, but early, is the same as being wrong."" -- Howard Marks, on investing",,
quotes_272,"""Divorce is probably of nearly the same date as marriage. I believe, however, that marriage is some weeks more ancient."" -- Voltaire",,
quotes_273,"""Wall Street is replete with celebrity investors who are famous for having been right once in a row, having correctly predicted thirteen of the last two market crashes."" -- Dr. Coyote",,
quotes_274,"""Give a man a fish, and he will vote for you in the next election. Teach a man how to fish, and he may someday vote for the other party."" -- Dr. Coyote",,
quotes_275,"""Criminal: a person with predatory instincts who has not sufficient capital to form a corporation."" -- Howard Scott",,
quotes_276,"""Homeless person, n. A U.S. military veteran who has relied on the kindness and gratitude of strangers and the V.A."" -- From The Skeptic's Dictionary",,
quotes_277,"""Football combines the two worst features of American life; violence and committee meetings."" -- George Will",,
quotes_278,"""We were tipping off our plays. Whenever we broke from the huddle, three backs were laughing and one was pale as a ghost."" -- John Breen, Houston Oilers running back",,
quotes_279,"""Nothing in life is so exhilarating as to be shot at without result."" -- Sir Winston Churchill",,
quotes_280,"""New Yorker ('Noo Yawka'), n. A person who exists for the sole purpose of transferring funds from their employer to their landlord."" -- Unknown",,
quotes_281,"""The fellow who said that 'Patriotism is the last refuge of scoundrels' under-estimated the possibilities of compassion."" -- Old Tammany Hall saying",,
quotes_282,"""Revenge is a dish best served cold."" -- Sicilian proverb",,
quotes_283,"""I'm descended from a long line of barn burners in Mississippi. Naturally, I wanted to continue the family tradition, so I went to law school."" -- Dr. Coyote Snopes",,
quotes_284,"""Without education, we are in a horrible and deadly danger of taking educated people seriously."" -- G.K. Chesterton",,
quotes_285,"""The original point and click interface was by Smith & Wesson."" -- T-shirt slogan",,
quotes_286,"""'Of all the boils I've ever lanced, yours was definitely the worst,' commented Dr. James as he casually wiped off his glasses."" -- Bad prose award-winner from the annual Bulwer-Lytton Contest",,
quotes_287,"""Hard work never killed anybody, but why take a chance?"" -- Edgar Bergen",,
quotes_288,"""Cream usually rises to the top. So, unfortunately, does scum."" -- Dr. Coyote, in the Gonzo Chronicles",,
quotes_289,"""I looked him straight in the eye and did what lawyers do best, what we're trained for, what we're paid for. I lied."" -- Dr. Coyote, in the Gonzo Chronicles",,
quotes_290,"""Politics is a blood sport."" -- Aneurin Bevan, British Labor Party politician",,
quotes_291,"""I don't know a heck of a lot about taking care of animals. If I took my cat to the vet and he told me it needed new batteries, I'd pull out my check book and ask 'What kind?'"" -- Stand-up comic",,
quotes_292,"""Allowing me unlimited access to the Internet is the moral equivalent of taking a recovering drug addict to a Grateful Dead concert."" -- Wired Earp",,
quotes_293,"""Politics is the entertainment division of the military-industrial complex."" -- Frank Zappa",,
quotes_294,"""It is easier for a camel to pass through the eye of a needle, than for a lawyer to enter into the Kingdom of Heaven."" -- Philistines 3:22",,
quotes_295,"""It's no longer a mystery why Jesus was born in a manger, in a dirty stable -- Joseph and Mary were obviously enrolled in an HMO."" -- Dr. Joan Efinger, Ph. D.",,
quotes_296,"""Third parties have never gotten much traction in America. The American two-party system seems to be deeply embedded in the body politic -- the Plutocrats versus the Kleptocrats -- and always will be."" -- Dr. Coyote",,
quotes_297,"""Politics is the art of looking for trouble, finding it everywhere, diagnosing it incorrectly, and applying the wrong remedies."" -- Groucho Marx",,
quotes_298,"""Never pick a fight with anyone who buys ink by the barrel."" -- Tommy Lasorda",,
quotes_299,"""Anyone who thinks that money can't buy happiness is shopping in the wrong places."" --Malcolm Forbes",,
quotes_300,"""Accept who you are. Unless you're a serial killer."" -- Ellen DeGeneres",,
quotes_301,"""Apathy, n.  That quality a politician finds most endearing in the typical voter, after gullibility."" -- From the Skeptic's Dictionary",,
quotes_302,"""In Louisiana they skim the cream, steal the milk, hijack the bottle and look for the cow."" -- FBI Special Agent James Bernazzani, after arresting another corrupt New Orleans politician in 2007",,
quotes_303,"""Show me a man that gets rich by being a politician and I'll show you a crook."" -- President Harry S. Truman",,
quotes_304,"""The Pharisee stood and prayed thus with himself, 'God, I thank thee that I am not like other men, extortioners, unjust, adulterers, or even like this tax collector.'"" -- New Testament",,
quotes_305,"""Be wary of strong drink. It can make you shoot at tax collectors -- and miss."" -- Robert Heinlein",,
quotes_306,"""Plagiarism is the sincerest form of flattery."" -- Joe Biden",,
quotes_307,"""If you pick up a starving dog and make him prosperous, he will not bite you; that is the principal difference between a dog and a man."" -- Mark Twain",,
quotes_308,"""I don't know why they tell me I have to wear a mask; I didn't bite anyone. Although I must admit, friends tell me I look much better wearing a mask."" -- Dr. Coyote",,
quotes_309,"""Lawyer, n. The larval form of a politician."" -- From the Skeptic's Dictionary",,
quotes_310,"""The whole aim of practical politics is to keep the populace alarmed (and hence clamorous to be led to safety) by menacing it with an endless series of hobgoblins, all of them imaginary."" -- H.L. Mencken",,
quotes_311,"""Punctuality is the thief of time."" -- Oscar Wilde",,
quotes_312,"""Imitation is the sincerest form of flattery."" -- Oscar Wilde",,
quotes_313,"""Plagiarism is the better part of creativity."" -- Dr. Coyote, in The Gonzo Chronicles",,
quotes_314,"""We are only three meals from anarchy."" -- French saying",,
quotes_315,"""We are all addicts of fossil fuels in a state of denial, about to face cold turkey."" -- Kurt Vonnegut",,
quotes_316,"""We will defend you to your last dollar."" -- The Attorneys' Oath",,
quotes_317,"""Attorneys get a bad rap. Not all of them are lying, bill-padding, witness-suborning ambulance chasers. It's a real shame that 99% of all lawyers give the other 1% a bad name. "" -- Dr. Coyote, in The Gonzo Chronicles",,
quotes_318,"""It's immoral to let a sucker keep his money."" -- Canada Bill Jones, 19th century poker player",,
quotes_319,"[Goldman, Sachs is] ""... a great vampire squid wrapped around the face of humanity, relentlessly jamming its blood funnel into anything that smells like money."" -- Matt Taibbi, in Rolling Stone",,
quotes_320,"""Trust everyone, but brand your cattle."" -- Hallie Stillwell",,
quotes_321,"""I'm not offended by all the dumb blonde jokes because I know I'm not dumb... and I also know that I'm not blonde."" --- Dolly Parton",,
quotes_322,"""Nothing is confirmed until it is officially denied."" -- Count Otto von Bismarck",,
quotes_323,"""Once is happenstance. Twice is coincidence. Three times is enemy action."" -- Ian Fleming",,
quotes_324,"""Everywhere I go, I'm asked if I think the universities stifle writers. My opinion is that they don't stifle enough of them."" -- Flannery O'Connor, (1925-1964)",,
quotes_325,"""Beggar. One who has relied on the assistance of his friends."" -- Ambrose Bierce",,
quotes_326,"""Politics is the gentle art of getting votes from the poor and campaign funds from the rich, by promising to protect each from the other."" -- Oscar Ameringer",,
quotes_327,"""I figure if the children are alive when he gets home, I've done my job."" --- Roseanne Barr",,
quotes_328,"""They say marriages are made in heaven. But so are thunder and lightning."" -- Clint Eastwood",,
quotes_329,"""Freedom is the right to use handcuffs for friendly purposes."" -- Aerosmith guitarist Joe Perry",,
quotes_330,"""You can never be too rich, too thin, or too paranoid."" -- Dr. Coyote",,
quotes_331,"""Deplore. v., trans.  To publicly condemn some unspeakable, utterly heinous act of a political ally, while privately applauding it."" -- From the Skeptic's Dictionary",,
quotes_332,"""There's an old saying among psychiatrists that neurotics build castles in the air and that psychotics live in them. My mother cleans them."" --Rita Rudner",,
quotes_333,"""One mass is not too much for Paris."" -- Henry of Navarre, who converted to Catholicism, not once but TWICE, in order to retain the crown of France",,
quotes_334,"""Being on a ship in the navy is exactly like being in jail, but with a much better chance of drowning."" -- Naval saying",,
quotes_335,"""The taxpayer: That's someone who works for the federal government but doesn't have to take the civil service examination."" -- Ronald Reagan",,
quotes_336,"""Activist, n. One who acts, as opposed to thinking, and whose intensity of devotion to a particular cause or issue is inversely proportional to his or her knowledge or understanding thereof."" -- From the Skeptic's Dictionary",,
quotes_337,"""As an adolescent I aspired to lasting fame, I craved factual certainty, and I thirsted for a meaningful vision of human life -- so I became a scientist. This is like becoming an archbishop so you can meet girls."" -- Matt Cartmill",,
quotes_338,"""Bigamy is having one wife too many. Monogamy is the same."" -- Oscar Wilde",,
quotes_339,"""I had some words with my wife, and she had some paragraphs with me."" -- Sigmund Freud",,
quotes_340,"""There is no difference between men who eat too little and see Heaven, and those who drink too much and see snakes."" -- Bertrand Russell, referring to mystics",,
quotes_341,"""'Organizationally impaired' -- A 'misfit,' who does not fit in well with any organization. In fact, if you look in the dictionary under the definition of 'misfit,' you'll see my picture there."" -- Dr. Coyote",,
quotes_342,"""The situation is hopeless, but not serious."" -- Karl Klaus",,
quotes_343,"""My father rode a camel. I drive a car. My son flies a jet airplane. His son will ride a camel."" -- Saudi saying",,
quotes_344,"""There's many a pessimist who got that way by financing an optimist."" -- Unknown",,
quotes_345,"""My daddy was half-Mexican, half-Jewish. He was a migrant stockbroker."" -- Unknown",,
quotes_346,"""My grandpa came from a family of very poor coal miners. They would send him down into the mine to make sure it was safe for the canaries."" -- Dr. Coyote",,
quotes_347,"""A gold mine is a hole in the ground with a liar on top."" -- Mark Twain",,
quotes_348,"""The meek shall inherit the earth, but not the mineral rights."" -- J. Paul Getty",,
quotes_349,"""Moses took us 40 years through the desert to bring us to the one spot in the Middle East that has no oil."" -- Golda Meir",,
quotes_350,"""If you don't know who you are, the stock market is an expensive place to find out."" -- Adam Smith (Jerry Goodman)",,
quotes_351,"""Find the premise that is false and invest against it."" -- George Soros",,
quotes_352,"""The Americans will always do the right thing. After they've exhausted all the alternatives."" -- Sir Winston Churchill",,
quotes_353,"""Political dissident, n. In America, a person who is about to have his or her income tax returns audited by the I.R.S., all the way back to 1913. In China, a person who is about to become an organ donor."" -- From the Skeptic's Dictionary",,
quotes_354,"""Any ship can be a minesweeper... once."" --  Naval brass saying",,
quotes_355,"""Cluster bombing from B-52s is very, very accurate. The bombs are guaranteed to always hit the ground."" -- U.S. Air Force literature",,
quotes_356,"""All that happens [in a tax audit] is, you take your financial records to the IRS office and they put you into a tank filled with giant, stinging leeches. Many taxpayers are pleasantly surprised to find that they die within hours."" -- Dave Barry",,
quotes_357,"""Taxes, n. Voluntary contributions to benefit the common weal, made by patriotic, civic-minded citizens, under maximum duress, at gunpoint if necessary."" -- From the Skeptic's Dictionary",,
quotes_358,"""The more the state plans, the more difficult planning becomes for the individual."" -- Friedrich von Hayek",,
quotes_359,"""In economics, the majority is always wrong."" -- Noted economist John Kenneth Galbraith (who famously predicted that the centrally planned Soviet economy would soon leave the U.S. economy in the dust bin of history)",,
quotes_360,"""A government which robs Peter to pay Paul can always count on Paul's support."" -- George Bernard Shaw",,
quotes_361,"""In general, the art of government consists of taking as much money as possible from one party of the citizens to give to the other."" -- Voltaire (1764)",,
quotes_362,"""It's not important who votes, but who counts the votes."" -- Josef Stalin (who, contrary to what some may have suspected, was from Georgia, the country, not Georgia, the state)",,
quotes_363,"""I'm glad to see we're finally taking life-and death medical decisions out of the greedy hands of lawyers, and putting them where they belong -- in the hands of accountants."" -- Dr. Coyote",,
quotes_364,"""Asking an incumbent member of Congress to vote for term limits is a bit like asking the chicken to vote for Colonel Sanders."" -- Rep. Bob Inglis, (R - South Carolina)",,
quotes_365,"""Election, n. That part of the political process by which we eliminate all the scoundrels, cads, fools, mountebanks, liars, frauds, and scalawags but one."" -- The Skeptic's Dictionary",,
quotes_366,"""While there may not be anyone worth voting for in some elections, there is always someone worth voting AGAINST."" -- Sir Winston Churchill",,
quotes_367,"""Democracy is the theory that the common people know what they want, and deserve to get it good and hard."" -- H.L. Mencken",,
quotes_368,"""Democracy must be something more than two wolves and a sheep voting on what to have for dinner."" -- James Bovard, Civil Libertarian",,
quotes_369,"""Politics, n. As practiced in America, a civil war in a leper colony."" -- From The Skeptic's Dictionary (with thanks to Terence McKenna)",,
quotes_370,"""Campaign contribution, n. bribe; value given for favors received."" -- From the Skeptic's Dictionary",,
quotes_371,"""Government is a broker in pillage, and every election is a sort of advance auction in stolen goods."" -- H.L. Mencken",,
quotes_372,"""Uncommitted, adj. In politics, one whose asking price has not yet been agreed to."" -- From the Skeptic's Dictionary",,
quotes_373,"""America is the only country that went from barbarism to decadence without civilization in between."" -- Oscar Wilde",,
quotes_374,"""If only God would give me a clear sign! Like making a deposit under my name in a Swiss bank account."" -- Woody Allen",,
quotes_375,"""...scientific theories change... one funeral at a time."" -- John Dobson",,
quotes_376,"""The missionaries came to Hawaii, intending to do good, but instead wound up doing well."" -- Hawaiian saying",,
quotes_377,"""The first generation of missionaries who came to Hawaii were into religion. The second generation went into real estate."" -- Hawaiian saying",,
quotes_378,"""We are asked by science to believe that the entire universe sprang from nothingness, and at a single point and for no discernible reason. This notion is the limit case for credulity. In other words, if you can believe this, you can believe anything."" -- Terence McKenna (the ""mushroom philosopher"")",,
quotes_379,"""Modern science is based on the principle: 'Give us one free miracle, and we'll explain the rest.' The one free miracle is the appearance of all the mass and energy in the universe and all the laws that govern it in a single instant from nothing."" -- Terence McKenna",,
quotes_380,"""The great thing about Glasgow is that if there's a nuclear attack it'll look exactly the same afterwards."" -- Billy Connolly",,
quotes_381,"""The state pretends to pay us, and we pretend to work."" -- Workers' saying in the old Soviet Union",,
quotes_382,"""A dog who thinks he is man's best friend is a dog who obviously has never met a tax lawyer."" -- Fran Lebowitz",,
quotes_383,"""When I was younger I made it a rule never to take a strong drink before lunch. Now it is my rule never to do so before breakfast."" -- Sir Winston Churchill",,
quotes_384,"""Charisma, n. The ability of a politician to correctly anticipate the feelings of the mob and pander to them. Cf., focus groups."" -- From the Skeptic's Dictionary",,
quotes_385,"""Contrite, adj. Exposed."" -- From the Skeptic's Dictionary",,
quotes_386,"""Deficit spending, n. Leaving our descendants the sleeves of the vest."" -- From the Skeptic's Dictionary",,
quotes_387,"""Graft, n. A rarely mentioned fringe benefit of a career in public service."" -- From the Skeptic's Dictionary",,
quotes_388,"""Paranoia means having all the facts."" -- William Burroughs",,
quotes_389,"""Woe unto you also, ye lawyers."" -- Luke 11:46",,
quotes_390,"""Mortician, n. A professional person with a compelling financial interest in seeing a government bureaucracy take over the health care system."" -- From the Skeptic's Dictionary",,
quotes_391,"""The difference between tax avoidance and tax evasion is the thickness of a prison wall."" -- Denis Healey",,
quotes_392,"""Poor Mexico. So far from God, so close to the United States."" -- Porfirio Diaz (President of Mexico, 1876-1911)",,
quotes_393,"""Top secret, n. An important fact, classified information known only to the NSA and other high government officials, the Internal Revenue Service, and the enemy."" -- From the Skeptic's Dictionary",,
quotes_394,"""If you keep banging your head against the wall long enough, eventually a few cracks will appear. Not in the wall, necessarily."" -- Dr. Coyote",,
quotes_395,"""The more I read him, the less I wonder that they poisoned him."" -- Thomas Babington Macaulay, on Socrates",,
quotes_396,"""You can't tell the people the truth. If you tell them the truth, they will become fearful and unable to sleep at night. If they can't sleep at night, they will get up the next morning and vote you out of office."" -- Unknown politician, in a rare moment of candor",,
quotes_397,"""Self-determination, n. The unalienable right of a people to select their own oppressors. One man, one vote, one time."" -- From the Skeptic's Dictionary",,
quotes_398,"""Taxes, n. The price we pay as citizens, so our government can make our lives more difficult and stressful."" -- From the Skeptic's Dictionary",,
quotes_399,"""Taxes grow without rain."" -- Jewish proverb",,
quotes_400,"""The L.A.P.D. finally got around to filing charges against Rodney King after his little videotaped run-in with the law -- the charge was 'impersonating a pinata.'"" -- Dennis Miller",,
quotes_401,"""Man is basically a party animal."" -- St. Thomas Aquinas",,
quotes_402,"""Assault weapon, n. A hunting rifle, generally used to hunt two-legged deer."" -- From the Skeptic's Dictionary",,
quotes_403,"""Never trust pessimistic forecasts from people who make a living selling more government."" -- Congressman Dick Armey",,
quotes_404,"""I always advise people never to give advice."" -- P.G. Wodehouse",,
quotes_405,"""Peace is that brief glorious moment in history when everybody stands around reloading."" -- Attributed (incorrectly) to Thomas Jefferson",,
quotes_406,"""If God had intended us to fly he would have made it easier to get to the airport."" -- Jonathan Winters",,
quotes_407,"""Just because the river is quiet does not mean the crocodiles have left."" -- Malay proverb",,
quotes_408,"""Life is short. Always eat dessert first."" -- Snoopy (Charles Schulz)",,
quotes_409,"""The secret of immortality is to pick an age you like and stick with it."" -- Snoopy",,
quotes_410,"""Cocaine is the most mindless, pathetic drug.... It's God's way of telling you you've got too much money."" -- Sting",,
quotes_411,"""I hate to advocate drugs, alcohol, violence, or insanity to anyone, but they've always worked for me."" -- Hunter S. Thompson",,
quotes_412,"""Happiness is an arms merchant selling to both sides in a holy war."" -- Anonymous",,
quotes_413,"""Rock 'n' roll might best be summed up as monotony tinged with hysteria."" -- Vance Packard",,
quotes_414,"""GE and Whirlpool spent billions of dollars trying, but they still weren't able to put little Maytag out of the appliance business. You see, Maytag was clever. They segmented their market. That is, they shrewdly went after that segment of the appliance-buying market that wanted appliances that actually work."" -- Tom Peters",,
quotes_415,"""Fall is my favorite season in Los Angeles, watching the birds change color and fall from the trees."" -- David Letterman",,
quotes_416,"""I have a rock garden. Last week three of them died."" -- Richard Diran",,
quotes_417,"""In politics, never let a good crisis go to waste."" -- Rahm Emanuel",,
quotes_418,"""There is nothing more reliable than a man whose loyalty can be bought for hard cash."" -- Rahm Emanuel",,
quotes_419,"""He who sells what isn't his'n, must buy it back or go to prison."" -- Daniel Drew, legendary 19th century stock speculator and short seller",,
quotes_420,"""The time to buy is when there is blood in the streets ... even if the blood is your own."" -- 18th century British banker Baron Nathan Meyer Rothschild",,
quotes_421,"""There is nothing in this world quite so sweet as positive cash flow."" -- Dr. Coyote",,
quotes_422,"""If there is one thing I learned on Wall Street, it's that when an investment banker starts talking about principles, he is usually also defending his interests and that he rarely stakes out the moral high ground unless he believes there is gold under his campsite."" -- Michael Lewis, in Liar's Poker",,
quotes_423,"""Life is a game. In order to have a game, something has to be more important than something else. So, life is a game in which what isn't is more important than what is. Let the good times roll."" -- Werner Erhard",,
quotes_424,"""Money is the mother's milk of politics."" -- Jesse Unruh, California political godfather",,
quotes_425,"""I have never killed a man, but I have read many obituaries with great pleasure."" -- Clarence Darrow",,
quotes_426,"""As the camel falls to its knees, more knives are drawn."" -- Bedouin proverb",,
quotes_427,"""Tyranny begins in the nursery."" -- Disraeli",,
quotes_428,"""Thy sin's not accidental, but a trade."" -- William Shakespeare",,
quotes_429,"""And it came to pass in those days, that there went out a decree from Caesar Augustus, that all the world should be taxed."" -- Luke 2:1 (From the ""Were It Ever Not So?"" file)",,
quotes_430,"""We didn't starve, but we didn't eat chicken unless we were sick, or the chicken was."" -- Bernard Malamud, writing of his childhood",,
quotes_431,"""Once, the bears were our food. Now we've become the food."" -- Inuit Naujaat elder Donat Milortok, on the recent proliferation of polar bears in northern Canada",,
quotes_432,"""There is only one cure for gray hair. It was invented by a Frenchman. It is called the guillotine."" -- P.G. Wodehouse",,
quotes_433,"""Lawsuit: A machine which you go into as a pig and come out as a sausage."" -- Ambrose Bierce",,
quotes_434,"""Cowardice is Mother Nature's gentle way of sorting out the weak and craven from the congenitally stupid."" -- Dr. Coyote",,
quotes_435,"""We are all born ignorant, but one must work hard to remain stupid."" -- Benjamin Franklin",,
quotes_436,"""In Silicon Valley, being nouveau is not a problem if one is sufficiently riche."" -- Dr. Coyote, in the Gonzo Chronicles",,
quotes_437,"""You can fool all of the people some of the time, and some of the people all of the time... but now I am sure you can fool all of the people all of the time with a big enough budget and a really slick ad campaign."" -- Sean David Morton",,
quotes_438,"""Last year I had trouble with my income tax. I tried to take my analyst off as a business deduction. The government said it was entertainment. We compromised -- we made it a religious contribution."" -- Woody Allen",,
quotes_439,"""It's another mediocre year -- worse than last year, but better than next year."" -- Russian saying, during the Soviet years",,
quotes_440,"""The search for someone to blame is always successful."" -- Robert Half",,
